Positive,من از محصولات اوریکو زیاد استفاده میکنم و ازشون راضی هستم دقیقا به واسطه همین مورد هم به ایراداتی که دوستان گفته بودن توجه نکردم و این محصول رو خریدم ! محصول کیفیت ساخت نرمالی داره تمام کدی ها باید همراهشون یک پیچگوشتی داشته باشن چون پیچ های ریز این محصول به هیچ عنوان یه مورد عادی نیست که بشه پیچگوتیش رو همه جا پیدا کرد ! پس داشتن یه پیچگوشتی همراهش به هیچ عنوان مزیت محسوب نمیشه ! اما مدل پیچگوشتی به شدت دست رو اذیت میکنه و با وجود رزوه های به شدت کوچیک که از اندازه پیچ ها کوچیکتر هستن و اصلا جا زدنشون راحت نیست ، شما به هیچ وجه نمیتونید با این پیچگوشتی پیچارو محکم ببندید ! من همین الان هم برای یه لپ تاپ دیگه میخوام SSD ببندم که چون دیجی مدل دیگی ای از این کدی نداره ( مثلا HDD Caddy ) مجبورم هارد و کدی و رم رو باهم از یه فروشگاه دیگه خریداری کنم ! برای موارد بعضی از دیجی درخواست دارم مدل بهتر این کدی ( HDD Caddy ) رو موجود بکنه که ما خریداران به مشکلی نخوریم !
Positive,دستگاه خیلی خوبیه و کیفیت خوبی داره و کاملا کاربردیه و اصلا مو داخلش گیر نمیکنه . مگه اینکه اشتباهی از جهت مخالف موها رو وارد دستگاه کرده باشین ! چون منم این اشتباهو کردم و میدونم ممکنه برای همه پیش بیاد . اگه دسته موهایی که جدا کردین بیشتر از حد معمول باشه دستگاه بوق میزنه و هشدار میده تا دسته موی باریکنری انتخاب کنید . من کاملا راضی بودم از خریدم . فقط با قیمتش مشکل داشتم . و اینکه اگه تنهایی باهاش کار کنید زمان بره و حوصله میخواد و ممکنه دستتون خسته بشه چون برای دست خانوما یه مقدار ممکنه سنگین باشه . اما اگه کسی باشه که بهتون کمک کنه تو خریدش شک نکنید . قبل از استفاده هم حتما موهاتون رو شسته باشین و از هیچ اسپری و یا ماسک مویی استفاده نکنید . با موهای تمیز نتیجه خیلی بهتری میگیرین . اصلا قابل مقایسه با دستگاهای فر موی غیر اتوماتیک نیست از لحاظ سادگی کار کردن باهاش .
Positive,بوی فوق العاده ای داره،ماندگاریشم عالیه
Positive,ما هم این مودمو داریم ازش راضی هستیم .
Positive,من الآن یک هفته هست که این تبلت رو خریدم و به نظر من برای کسی که اندازه و سایز تبلت براش آنقدر مهم نیست میتونه بهترین انتخاب باشه .
Positive,سلام ممنون از این کالاتون من این جنس رو خریدم و کاملا راضی هستم
Positive,طراحی خوب و کار باهاش راحته
Positive,عالیه.مرسی که اوردینش.خیلی منتظرش بودم
Positive,سلام من تا حالا 4 مدل از گوشی اسکای . لاستر.جی 5 . اسپایدر 1 را برا اقوام خریدم و دیروز یه اسپایدر 1 دیگه برا خودم خریدم چون واقعا ازش راضی بودند حقیقتش خودم سامسونگ داشتم بعضا هنگ می کرد و خوش تماس می گرفت ولی حرفی نمیزدم و نمیدونم چرا ما بخاطر برند معروف عیب ها را نمیبینیم هر دو گوشی را مقایسه کردم صدای بسیار بلند . نور فلاش بیشتر.حافظه داخلی مناسب با قیمت مناسب و کیفیت پخش فیلم عالی . . خیلی عالی بود تنها در قسمت دوربین انتظار داشتم بهتر باشه که اینطور نبود ولی راضی کننده است . .
Positive,خیلیی خووبه ، خیلی راضیم ازش
Positive,این طرح روش یه برچسب و من گول خوردم . یه اتود معمولی و برا کار های معمولی مناسب هست .
Positive,کلا سری های انر هواوی از میت و پی خیلی بهتر و خوش قیمت تر اند . . من خودم انر 6 دارم 3 بار ضربه ی خیلی شدید وارد شده که موقع برداشتن از زمین کلا نا امید شده بودم ولی انگار که هیچی نشده . . در کل سری های انر بهترینن . روز خوش
Positive,مدل 40 اینچ این تلویزیونم موجود هست اگه بتونید بیارید . این تلویزیون برای گیم بهترین گزینست . .
Positive,در کل راضی هستم
Positive,من خربزه شکل همین اسپیکرو دارم بسیار راضیم ازش همه چیش خوب و کارآمد هستش
Positive,اگرچه مدت خیلی کوتاهی از این محصول استفاده کردیم در همین دوره کوتاه به نظر خیلی محصول خوب و با کیفیتی هستش
Positive,خودرو خیلی خوبیه از نظر مصرف کم و اندازه مناسبش
Positive,چند سالی هست که از محصولات برند تی پی لینک استفاده میکنم بخاطر همین تردیدی تو خرید این محصول نداشتم . از خریدم بسیار راضی ام چون علاوه بر قیمت مناسب و کیفیت خوب ، مشکلی در اجرای انواع بازی و نرم افزارهای کاربردی تا الان نداشتم . از امکانات بسیار خوب این گوشی ، اسکرین شات عریض و قابلیت توربو دانلود هستش که خیلی به کار من میان .
Positive,آقای ولی اللهی من یه ساله که این گوشیو دارم و از باتریشم راضیم . البته موقع کار کردن با نرم افزارهایی که وایرلس زیاد میکشن یا بازی های سنگین طبیعیه که زود خالی میکنه چون ال سی دیش نسبتا بزرگه و کارت گرافیکش قویه . اما با این که یک سال تموم با این گوشی کلش بازی کردم بعضی وقتا روزی دوبار پر و خالی میشد ولی هنوز باتریش سالمه
Positive,من z2 داشتم و بعد از کلی تحقیق این گوشیو گرفتم همه موبایلی ها میگفتن سامسونگ بگیر که واقعا همه گوشی هاش شبیه هم هستند ولی اخر کار خودم کردم و htc گرفتم داغ کردن گوشی وقتی اتفاق میفته که برنامه سنگین باز کنید که طبیعیه و تازه اونقدری نیست که اذیت کننده باشه اینترنت خط قطع و وصل میشد که علتش تنظیمات apn بود و درست شد اصدا سپیکرش تیز نیست هدفون حرفه ای دوربین عالی رم 4 تو نظر سنجی اشتباهی ارزش خرید کم زدم حتما پیشنهاد میکنم بخرید
Positive,واقعا این گوشی یه غول رقابتی به نظر میاد و خیلی زیبا و قدرمنده . واقعا چشمگیر و جذابه طراحیش.نمیشه هیچ هیچ ایرادی ازش گرفت . فوق العاده س .
Positive,"با سلام اونایی که قصد خرید این گوشی رو دارن حتما بخونن این گوشی برای بازی عالیه و توی هیچ بازی ای کم نمیاره من بازی های مدرن کمبات 4و5 ، ریل ریسینگ 3 ، مورتال کمبت x ، اسفالت 8 ، gta sa ، nova 3 , گانگستر وگاس و گانستر ریو وخیلی چیز های دیگه رو روی این گوشی بدون لگ و با آخرین کیفیت اجرا میشن پس خیالتون از بابت بازی راحت باشه میرم سراغ بحث بعدی یعنی باطری من موقعی که این گوشی مثلا شارژش 4 % باشه میزارم پیشم و میخوابم و انتظار دارم تا صبح خاموش بشه ولی صبح که گوشی رو چک میکنم ببینم خاموش شده یا نه میبینم با همون درصد شارژ روشن مونده که واقعا عالیه گزینه بعدی دوربین هستش که فقط یک کلمه میگم عالیه شارژ کاملش هم دو ساعت طول میکشه تا صد در صد بشه چیز دیگه ای که خیلی مهمه طول عمر گوشیه که من به حرات میتونم بگم که واقعا خوب و مقاومه مثلا همین گوشی ای که دست منه دپسال دست بابام بوده بعدش به دست من رسیده که منم یک ساله دارمش خودتون حساب کنید میبینید که واقعا طول عمرش عالیه و هنوزم مثل روز اول سرپاست در مورد غیب شدن مخاطبین هم بگم که با اپدیت گوشی همه مشکلات حل میشه الانم بیلد نامبر گوشی من 310 هستش که واقعا خوبه و توصیه میکنم دوستان اپدیتش کنن"
Positive,سلام.اگه امکانش هست یه فیلیب کاور واسه این تبلت بیارین.من همین تبلتو از دیجی خریدم ولی فیلیب کاورشو پیدا نکردم.اگه ممکنه موجود کنید واسه خرید.ممنون از سایت خوبتون.در ضمن تبلت بسیار خوبیه.خوشدست قدرتمند و زیبا
Positive,هدست همین امروز رسید دستم با یک طراحی شیک،جاگیری رو سر کاملا مناسبه و میکروفونش هم که حرف نداره . فقط تنها چیزی که منو زیاد راضی نکرد صداش بود که زیاد عالی نیست ولی قابل قبوله
Positive,سلام من چند هفته ای میشه که این گوشی رو خریدم واقعا عالیه
Positive,ارزش خرید بالا
Positive,من دیروز این گوشی از بازار خریدم - - واقعا سخت افزار فوق العاده ای داه - - رم 2 که عالیه - - رابط کاربری خیلی خوبی داره و سبک بودن و در عین حال یه پرستیژ خاصی داره
Positive,صدای واضح و خوبی داره کیفیت ساختش هم خوبه
Positive,سلام من به ویندوز 10 آپدیت کردم واقعا عالی شده ، تاچش خیلی خوب شده همینطور کارایی قلمش .
Positive,سلام.من این دستگاه رو پارسال زمستان از دیجی کالا خریدم.تا امسال که داره راحت و بدون دردسر کار میکنه.بسیار بسیار عالی ، شیک و باکیفیت اصل آلمان میباشد.بدون صدا،بدون بو،مصرف برق پایین،مصرف آب کم(اگه شب موقع خواب مخزنش پر کنید و روی درجه ماکزیمم روشن بزارید بمونه حتی تا صبح هم مخزنش خالی نمیشه ) . واسه یه اتاق 12 متری خیلی عالیه.بسیار مناسب برای سرماخوردگی و سرفه.پارسال هم من حدود همین قیمت خریدم.در خریدش شک نکنید که چیز خوبیه .
Positive,آقا بی هیچ حرفی اگه لپتاپی توی این قیمتا میخاین قبل ازین که تموم بشه بگیرین ، نسبت به قیمتش برای کار با برنامه های گرافیکی عالیه .
Positive,حدود 6 ماه پیش این تبلت رو خریدم . دیجی کالا موجود نبود و از بیرون به همراه کیبورد signature type تهیه کردم . میتونم بگم که خیلی از خریدم راضیم و حتی از چیزی که انتظار داشتم بهتره . البته قبل از خرید انتظاری از باتری دستگاه نداشتم . در حالت اجرای فیلم تخمینم 6 و7 ساعته ولی اگر کارای پردازشی انجام بگیره فکنمیکنم بیشتر از 2و3 ساعت دووم بیاره . از لحاظ ظاهری خیلی قشنگه و بدنش با کیفیت به نظر میاد.پایه دستگاه هم محکم و قابل تنظیمه . طوریکه هنگام نوشتن روش تقریبا ثابته . کاور صفحه هم براش نگرفتم چون به نظرم لازم نبود و پشیمونم نیستم . برای خوندن pdf و استفاده از نرم افزار های آفیس واقعا مناسبه . قلمی که داره هم به کار میاد و با onenote هماهنگه قبل از خرید انتظار مشکلاتی ازش داشتم ولی میتونم بگم هیچ کدوم پیش نیومد . اگر به شارژ نباشه داغ کردن دستگاه واقعا کمه و اصلا قابل توجه نیست . مشکلات ریز شدن هم مربوط به همه صفحات با کیفیت بالاست و فقط در نرم افزار های قدیمی یا با پشتیبانی بد اتفاق میفته .
Positive,سلام بر دیجی کالا ؛ واقعا که مادره من از این جارو برقی راضیه قیمتش هم عالیه ! دمتون گرم
Positive,الیه من اینو ازبیرون خریدم خیلی خوبه تواین رنج قیمت عالیه
Positive,با سلام و تشکر از تیم دیجی کالا . من این کاور رنگ آبیشو دارم . بسیار شیک و کاربردی هست . به همه دوستان که این گوشیو دارن پیشنهاد میدم بخرن.عاایه
Positive,"همه چیز این گوشی عالیه,از ارزشش نسبت به خرید بگیر تا نوآوری هاش"
Positive,کیفیت تصویرش خوبه برامن که بیشتر فیلم میبینم بازی های سنگین رو توش تاحالا اجرا نکردم شارژ خوب نگه میداره ولی دوربینش خیلی بده
Positive,من این گوشی رو 4 یا 5 ماه خریدم ازش راضیم عالیه کندی نداره فقط کمی باطریش ولی نسبت به قیمت عالیه پیشنهاد میکنم نه سامسونگ ن اپل ن سونی فقط همین با این قیمت فقط اینو یا x power بخرید ممنون میشم اگر به نظر لایک هم بدید با تشکر
Positive,خیلی خوبه من راضی بودم
Positive,عشق عطر وجود نداره که با این عطر خاطره نداشته باشه . . دیجی لطف کن شگفت انگیز بزار
Positive,من این هدفون رو تقریبا یه ماهه پیش خریدم . به نظر من حرف نداره . حیف که دیجی ناموجودش کرده ، من میخواستم یکی دیگه هم بگیرم . در هر صورت اگه یه هدفون بی سیم ، با کیفیت خوب و usb خور میخواید و نمیخواید بیش تر خرج کنید ، این هدفون حسابی به دردتون میخوره .
Positive,واقعا عالی و زیبا و کار امد دیگه به دوربین گوشی تون فکر نکنید
Positive,تبلت جالبیه.با این قیمت 1100 هم نمیدن
Positive,سلام من 6پلاس 64 گیابایت گلد دارم ودر یک کلام عالیه ولى با توجه به اینکه شهریور آیفون6اس و آیفون6اس پلاس میان صبر کنین تا اونا بیان من میخوام نوت 5 و اس 6 ادج بگیرم و واسه تولدم آیفون 6اس پلاس ولى میدونم کیفیت و قدرتى که 6پلاس داره عالیه لطفا لایک کنید
Positive,من این کیبورد رو از دیجی کالا گرفتم که به موقع به دستم رسوند . . کیبورد خوبیه اما رنگش فرق میکنه . . این کیبورد دورنگه پایه رنگ طوسیه و کلیدهاش سفیده . . اگه فکرمیکنین کلا سفیده اشتباه میکنین . . عکس خیلی واضح نیست . . ابعادشم دیجی جان زحمت کشیده و ننوشته طولش تقریبا 45سانت و عرضش 10سانت . . تازه حروف فارسی هم داره که تو عکس نیست درکل چیزخوبیه . . موس هم خوش دسته . .
Positive,با سلام من ازتون خیلی خرید کردم ، از خدماتتون هم راضی ام.حالا این پخش رو میخوام ، لطفا تو پیشنهاد شگفت انگیز قرار بدین .
Positive,من این سرویس رو از دیجی گرفتم . طراحی قشنگی داره و سبک هست . در کل ازش خیلی راضی م
Positive,حدودا 4ماه میشه این گوشیو دارم،واقعا عالیه همه چی خوب اثر انگشت قوی صفحه نمایش خیره کننده سرعت بالا رابط کاربری خوب طراحی واقعا زیبا شارژ دهی عالی فست شارژینگش خیلی خوبه،تنها مشکل فقط یخورده تو تایپ کردن داخل تلگرام نمیدونم واس چی کند میشه ک اونم صد در صد تو آپدیت اندروید6 برطرف میشه،در کل ارزش خرید داره .
Positive,بدون شک جزو بهترین،شیک ترین و با امکانات ترین گوشی هایی هست که برای افراد مسلط به کامپیوتر و زبان انگلیسی موجوده . کیفیت صدا و قطعات کاملا عالی هست .
Positive,یه گوشی جدید از htc با طراحی نو . باطری برای فیلم دیدن و وب گردی تا 1 روز به طور کامل جواب میده . چون فلزی هستش وقتی تو دستتون هستش یه حس خوبی بهتون دست میده اگر با اندروید کار میکنید و گوشی دوسیم مورد نظرتونه این گوشی میتونه یه انتخاب خوب باشه
Positive,سلام جناب سهیل ابراهیمی ( 1394 / 1 / 2 ) خیر عزیز من نمیسوزه ، وقتی دود میکنه یعنی تونر ( پودر جوهر ) داره روی کاغذ می پزه ، هیچ مشکلی هم ایجاد نمیشه موفق باشید ☺
Positive,الان دیگه با این قیمت قطعا ارزش خرید بالایی داره و ارزون شده با این قیمت راحت سامی j5 رو میخوره
Positive,عاالیه من که ازش راضی ام گوشیم باطریش300میلی 5بار کامل شارژش کرد
Positive,خوشدست و عالی و سرعت عمل مناسب . تو پیشنهاد شگفت انگیز هم خریدم با قیمت مناسب کلی هم راضیم ازش تا اینجا
Positive,هزینه ی هر مخزن رنگش حدودا کم هست و بسیار با صرفه تر از کارتریج هست . کیفیت چاپش هم عالیه .
Positive,در اینکه بسیار عالیه هیچ شکی نیس ولی قیمتش . .
Positive,به نظر من که خیلی وسیله ی خوبیه و به درد بخور قدرتش هم خوبه
Positive,سلام من این گوشیرو خریدم البته اج گوشی خوبیه اما قیمت بالایی دارد ومن برای افرادی که علاقه زیادی به دوربین مناسب برای سلفی یا عکاسی از ان استفاده کنن
Positive,خیلی خوبه کیفیتش عالیه من که خیلی خوشم اومد وسیله ی خوبیه برای هر خونه ای ولی برای استفاده حتما دفترچه رو خوب بخونید بدید به کسی که اگگلیسی بلده البته از عکساش هم یه چیزایی متوجه میشین
Positive,در یک کلام مفت عالی
Positive,خوشبوترین رایحه ای که میشه تصورش رو کرد متعلق به این ادکلن هست . از بس بوش خوبه آدم دلش نمیاد زیاد استفاده بکنه . ماندگاریش هم عالیه تا دو روز راحت آدم بوشو احساس میکنه . میکن
Positive,دوستان دقت کنید تو جیب جا میشه که واقعا منحصر ب فرده در دنیا
Positive,بهترین تبلت دنیاا بعد از آیپد ایر 2
Positive,با سلام من تا همین چند هفته پیش این گوشی و داشتم ، ، البته من حدود دو سالی میشد خریده بودمش،دوربین 8 از 13 خیلی گوشیهای الان بهتره،دوربین جلو واقعا خوبه،فقط توی شب فیلم و عکس خصوصا جای تاریک خوب نمیشه وزنش هم سنگینه ، ، من مشکل خاص دیگه ای ندیدم،البته من چون اویلش خریدم برام گرون در اومد ،
Positive,سلام من این اتو رو خرید واقعا از دیجی راضی هستم.پشتیبانی خوب محصول رو خیلی قشنگ میفرسته تازه با گارانتی و دفترچه فارسی واقعا ادم لذت میبره اتو رو توی دستش میگیره . امیدوارم روزی دیجی کالا امازون ایران بشه که تا حالا هم شده محصولات عالی با کیفیت و قیمت مناسب با تشکر
Positive,عالیه من 2 ساله دارمش . ولی خب برا الآن قدیمی محسوب میشه با این لپتابای خفنی که تازه اومده فقط یه ایراد اساسی داره اونم اینه که دقتی سی دی میزاری توش صدا هلیکوپتر میده ! ! کلی هم جون میکنه تا سی دی رو بالا بیاره در ضمن کارت گرافیکش از همون اول مشکل داشت که با آپدیت درایورش و آپدیت ویندوزم به 10 اونم درست شد .
Positive,سلام.این محصول همین الآن گرفتم.در خریدش شک نکنید.ولی یرای ارسالش از پست پیشتاز استفاده کنیدچون با تیپاکس حدود سه روز طول کشید دستم برسه ولی محصولات دیگه با پیشتاز همیشه کمتر از 48 ساعت دستم میر سید .
Positive,کیفیت صدای خیلی خوبی داره ، و صدای خروجی ام واقعن خوبه ، ظاهرش زیباس ولی تنها عیبی که داره تو گوشی نارنجیش بعد یه مدت شل میشه و هی میفته
Positive,حرفی نداره
Positive,از دجی کالا خواهش میکنم رنگ قرمز این گوشی رو بیارن من نزدیک ی ساله منتظرم بخرمش خارق العادس خواهش میکنم بیارید رنگ قرمزش رو
Positive,سلام من این گوشی رو دارم فوق العاده است باکیفیت عالی و تصویر واضح وخوب مخصوصاکیفیت عکس زیرآبش
Positive,خیلی عالیه و کلی امکانات داره . مشکیش رو خریدم خیلی قشنگه
Positive,ساعت خوبیه ولی فقط 1ماه اولش . . ارزش خرید نداره نسبت به قیمتش فقط هم به گوشی های سامسونگ pair میشه . . من از بازار گرفتم ولی دیجی کالا قیمتش بهتره نسبت به سایر فروشگاه ها
Positive,قوی ترازهمه حتی ایفون وسامسونگ
Positive,همه چیزش حرف نداره و عالیه . . ای کاش رمش 3 گیگ بود . .
Positive,من نزدیک دوماه این گوشی رو دارم ، واقعا عالیه ! ! مخصوصا باتریش . . اصن تو خریدش شک نکنید . .
Positive,سلام به همه من این گوشی رو اسفند پارسال گرفتم تو این یه سال خدایی فقط یکی دو بار هنگ کرده . . که بعد از چند دقیقه برطرف شده دوربینش راضی کنندست ( البته برای من ) با رایتل 3G وصل میشه . . سرعتش از لپ تاپ بیشتره . . ( چند تا سایت رو تست گرفتم ، 2 - 3 ثانیه زودتر از لپ تاپ باز شد - اینترنت 8Mb ) صداش زیاد نیست . . حافظه ی داخلیش هم یه خرده کمه ولی مدیریت داشته باشین به مشکل بر نمیخورین . اصلا داغ نمیکنه . . در کل گوشی خوبیه و راضی کنندست . البته نسل جدیدش یعنی C3 هم به نظر گوشی خوبی میاد . . باسپاس
Positive,قاب فوق العاده ای هستش - من این رو وقتی دیجی کالا موجود داشت خریدم و خیلی جنس خوبی داره مثل قاب ژله ای نرم نیست ولی خیلی محکم و دقیقا قالب گوشی هستش هیچ محدودیتی هم در استفاده از کلیدهای کنار گوشی ایجاد نمی کنه
Positive,در شگفت انگیز مقرون به صرفه هست خریدش مخصوصا برای هدیه
Positive,سریعا موجود کنید خیلی دنبال این مارک محافظ تو بازار بودم پیدا نکردم
Positive,با توجه به قیمت بهترین گزینه موجود در بازاره به نظرم.از دیجی کالا خریدم و از خریدم راضیم.اتصال به گوشی یه کم مشکله برای اولین بار ولی اگه طبق راهنمای موجود عمل کنید هیچ مشکلی نخواهید داشت.کیفیت صدا بهتر از چیزی بود که انتظار داشتم .
Positive,من الان حدود 6 ماه این گوشی رو دارم.گوشی خوبیه هنگ تو کارش نیست . دوربینش عالی . رابط کاربری راحت و زیبا دونقطه ضعف نسبتا بزرگ داره : در زیر آفتاب نورش کمه و باتریش قوی نیست یعنی اگر شارژش از ساعت 9 صبح 100 % باشه ، با استفاده زیاد و دیتا عصر حدود ساعت 7 شارژش تموم شده . امیدوارم استفاده کرده باشید .
Positive,این گوشی واقعا در این رنج قیمتی با توجه به مشخصاتی که داره خوب هست . سخت افزار این گوشی چه پردازنده و چه رم و پردازنده گرافیکی خوب و قوی هستن و برای بازی کردن هم مناسب هستن . سایز این گوشی هم خوب هست و یه نمایشگر 5 . 2 اینچی با تراکم پیکسلی مناسبی داره که برای استفاده از برنامه ها و بازی مناسب هست و چشم رو خسته نمی کنه . دوربین 16 مگاپیکسلی این گوشی هم در بین رقبای هم قیمتش جزو بهترین هاست . و قابلیت هایی مثل حسگر اثر انگشت ، fast شارژ ، فیلمبرداری 4k ، یو اس بی type C و قیمت مناسبی که داره می تونه انتخاب خیلی ها باشه عملکرد باتری هم با توجه به اندازه صفحه نمایش و تراکم پیکسل و پردازندش متوسط رو به خوب هست . اما خب خیلی ها نسبت به این برند ترس دارن چون یه جورایی تو ایران تازه وارد هست در مقایسه با سایر رقبا . ولی این اطمینان رو داشته باشید که شیائومی جزو بهترین سازنده های تلفن همراه در چین ( و جهان ) هست و محصولاتش کیفیت بالایی داره که تعداد محدودی از اونا در کشور ما موجود هست ( داخل اینترنت ویدئوهای بررسی محصولات شیائومی و سایر برندها رو ببینید ) از لحاظ لوازم جانبی هم ، الان نسبت به چند ماه پیش بهتر شده و در بازار و به خصوص در اینترنت می تونید لوازم جانبیش رو به راحتی تهیه کنید . در کل این گوشی شیائومی از همه نظر خوب و کاربردی هست و اگر تعصب روی برند خاصی نداشته باشید و انتخابش کنید از خریدش پشیمون نمی شید موفق باشید ! سال نو هم مبارک
Positive,سلام من این گوشی را یک سالیه دارم البته جایزه بردم واقعا گوشیه خوبیه ازهمه امکانات این گوشی را دارم استفاده می کنم هیچ مشکلی نداره اندرویدشم 5 . 2 شده بدون ایراد کار می کنه دوربینش رو با چندتا گوشی شرکتهای دیگه که هم قیمتی خودشه مقایسه کردم واقعا عالیه
Positive,من اپل4 داشتم بعدش چندسال بود سونی z1 داشتم الانم ال جی v10 خریدم ولی تازه الان میفهمم سونی یعنی چی میزان شارژ دهی سونی و با هیچ گوشی نمیشه مقایسه کرد و کیفیت قطعات به کار رفته داخلش یعنی انقدر این گوشی خراب نمیشه تا ازش خسته بشید هرکی میخواد یه پرچمدار بخره تو این گوشی شک نکنه بی نظیره البته در مقایسه با رقبا وگرنه هنوز گوشیه بی عیب ساخته نشده
Positive,کفش مورد نظر را برای همسرم خریدم خیلی عالی هست ، البته از دی جی نخریدیم و 90 تومن بیشتر دادم . الان دیدم دی جی تخفیف گذاشته متاسفانه . البته از دی جی می خوام GO Ultra Road را موجود کنه . اونو واسه خودم خریدم واقعا محشره
Positive,من که راضیم
Positive,فوق العادست شک نکنید
Positive,من عاشق این عطرم . فوق العادس .
Positive,واقعا تکمیله از وقتی خرید کردن موبایلم رو با این فقط شارژ می کنم ساخت کره اس پریز ها رو محکم نگه می داره اگر محکم پریز رو فشار بدیم کامل چفت می شه و دیگه تکون نمی خوره این به خاطر امنیت بالای این محصول هستش
Positive,یه کنسول بازی رو هیچ وقت نمیشه با یکpc مقایسه کرد . چون معلومه که یک pc gaming قوی تر از یه کنسوله . در جواب دوست عزیزی که گفته بودن pc به صرفه تره و بازی هاش ارزون تره : اون بازی های 16 تومنی کرک شدس اصل بازی قیمتش با بازی های این کنسول فرقی نداره و از اونجایی که شرکتای بازی سازی دوست ندارن بازیشون کرک شه با استفاده از قفل میان کرک کردنو سخت میکنن که حتی ممکنه دیگه هیچ بازی کرک نشه . پس میشه فهمید که این کنسول نسبت به pc به صرفه تره
Positive,عالیه و واقعا گرافیک خوبی داره
Positive,در کل زیباست و درعین حال بینظیر .
Positive,من خیلى راضیم واقعا از همه لحاظ بدون ایراده
Positive,این گوشی تو این رنج قیمت عالیه بعضیا هی ایراد میگیرن هی میگن اینجوریه اونجوریه آخه شما تو این رنج قیمت دیگه چی میخواین واقعا این گوشی عالیه و من این گوشی رو با این قیمت پیشنهاد میکنم . .
Positive,"حدود 3 هفته پیش من این کالا را خریدم نقاط مثبت : کارایی خوبی داره , امکانات جالبی به کاربرش می دهد نقاط منفی : پشتیبانی خارجی اون بسیار ناکارامد هست . سرعت کپی اطلاعات خیلی کنده ( حتی بصورت RAID 0 , SPAN ) . با اینکه پورت USB3 داره ولی وقتی از روی اون در هارد خودش کپی می کنه بسیار بسیار کند عمل می کنه . عملا صرف با کپی از روی شبکه است . فن سیستم کمی پرصداست . دیگر توضیحات : فقط باید هارد شرکت سی گیت برای محصول استفاده بشه . ضمن اینکه برای من فقط یک هفته کار کرد و دیگه روشن نشد . البته بوت اون به مشکل خورد نه قسمت برق . حدود 10 روزه که رفته برای گارانتی و هنوز باز نگشته . در مورد اطلاعات خوشبختانه تونستم اونها را برگردونم . در مجموع انتظار من از این سیستم خیلی بیشتر بود . ولی در مورد دسترسی و مجتمع سازی اطلاعات واقعا داشتن اون خیلی ارزش داره . من حدود 3 ترابایت اطلاعات را در شبکه منزل به اشتراک گذاشتم و همه می تونیم با سطوح دسترسی مخصوصی از آنها استفاده کنیم ."
Positive,با توجه به اتصال با سیم و بی سیم و نیز فلش و مموری جهت پخش هیچ کمبودی احساس نمیشه و کامله رادیو هم که داره . . عالیه ولی برای آنتن حتما باید سیم aux وصل باشه که دوباره آنتن دهی خوبی نداره . . و کیفیت صدای رادیو پایینه که برای حل این مشکل . . سر دیگه سیم aux رو به یه فلز دیگه وصل کردم درست شد و شفاف . . در مجموع توصیه میکنم بخرید خصوصا شکفت انگیزز
Positive,سلام دوستان ، من دیروز این تبلت رو خریدم از دیجی کالا و غروب به دستم رسید ، ممنونم از دیجی کالا تبلت خیلی خوبیه ، اینترفیسش خیلی خوب و باحاله ، همه چیش خوبه هیچ مشکلی نداره واقعا پشیمون نمیشید از خریدتون . .
Positive,سلام من یک ساله این تبلتو خریدم خیلی خوبه راضی هستم بازی هارو با کیفیت میاره دوربین نسبتا خوبی داره خیلی باتری خوبی داره ولی شارژ شدن آن کمی طولانی هست ولی وقتی شارژ میشه یه روز تمام باهاش بازی میکنم . آپدیتشم ورژن اندروید 5 . 0 اومده خیلی خوب شده فقط برای آپدیت باید 30 دقیقه ای صبر کنید تا تنصب شود . در کل تب لت خوبیه .
Positive,سلام خوبین دوستان این تفنگ خیلی زیباست شیکه صدای باحالی داره اما شبیه تفنگ های قدیمیه ولی خوبه دوستان واسه دکوری هم قشنگه ممنونم سپاس
Positive,خیلی شیکه و عالی
Positive,تو خریدش شک نکنید عالیه
Positive,ماهیتابه یا قابلمه ی سرامیکی همیشه عالی هستن . این ماهیتابه تک نفره بسیار عالی و کاربردی اما فکر نمیکردم انقدر دیگه کوچیک باشه ولی در کل خوبه
Positive,سلام دوستان در این شک نکنید که هر چی آیفون 5s هسته همش رفه اصلا نخرید ویاکار کردشو بخرید من از خودم نمی گم غز نمایندگی اپل در بازار یوال کردم . سال خوشی را برای شما آرزومندم *
Positive,خیلی عالیه . با خیال راحت بخریدش . کیفیت ، کارایی ، همه چی ش عالیه
Positive,خیلی گوشی خوبیه من میخام بخرمش از باتریش خیلی خوشم اومد و قیمت خیلی مناسبی داره .
Positive,برای تنقلات خوبه و خیلی شیک هستش .
Positive,میخوام نقد قبلیم رو کامل تر کنم پیشنهاد میکنم به اندروید هفت ارتقاش بدین چون هم دوربینش با کیفیت تر میشه هم قوی تر و ظاهرش دلربا تر میشه من چند تا بازی دیتا دار حجیم مثل real racing 3 و چند بازی دیگه ریختم که این گوشی به راحتی بازش کرد و با بالا ترین کیفیت اجرا کرد فقط بعضی قسمت های بازی رو که خیلی سنگین میشد با کمی افت فریم اجرا میکرد ولی در کل عالی اجرا میکنه موقعی که اندرویدش رو ارتقاء بدین اثر انگشتش سریع تر هم میشه به طوری که با انگشت روش ضربه بزنین باز میشه موقعی که اندرویدش رو ارتقاء بدین قابلیت چند اکانت ساختن توی گوشی رو بهتون میده ( ( به جورایی شبیه ویندوز ) ) پشتش خیلی قشنگه ولی اگه خش بیفته بد میشه که برای من این اتفاق افتاد ولی با خریدن قاب این مشکلم حل شد با تشکر که وقتتون رو بمن دادید
Positive,بایدبگم درسطح ظروف حرفه ای هستش ازهمه نظرکامل وعالیه من توشگفت انگیزخریدم کلا بگم مفت خریدم حتی به قیمت اصلی هم ارزش خریدداره فقط جهت ارسال باتاخیرچندساعته روبروشدم که باتوجه به خریدخوبم گلایه نگردم دیجی توفوق العاده ای ممنون
Positive,این محشره واقعا عالیه
Positive,سلام.اول باید از دی جی کالا تشکر کنم که این گوشی رو ظرف دو روز برام فرستاد.گوشی کاملا سالمه و از اونی که تو عکسا دیدم خیلی لوکس تر و زیبا تره . رنگ مشکیش نبود واسه همین رنگ خاکستری یا همون نقره ایشو انتخاب کردم ولی وقتی گوشی به دستم رسید دیدم این رنگ خیلی زیبا تر از رنگ مشکیه . بالاخص که تو این رنگ کلیدهای جانبیش هم کرومی رنگه.همه ی امکاناتش نسبت به پولی که دادم عالیه اما ایراداشم باید گفت اول اینکه دوربینش به طرز باورنکردنی تو شب بی کیفیت میشه.دوم شارژشه که مصرفش زیاده البته نسبت به هم رده هاش خیلی هم زیاد نیست ولی برای من که با گوشیه کوچیک کار میکردم این قضیه راضی کننده نبود . و سوم سه تا کلیده پایینیشه که یه هفته طول میکشه تا یاد بگیرید که چطور باید لمسش کنید تا همون بار اول عمل کنه . . اما محسنات باید بگم تو روز دوربینش معرکست اونقدر عکسا زیبان که بقیه فکر میکنن استعداد عکاسی حرفه ای دارین.گوشی خیلی روونه و سی پی یوش واقعا سریعه . بلوتوثش سریعتر عمل میکنه و ال سی دیش مستندهای اچ دی رو اونقدر زیبا نشون میده که دلتون رو میبره . یه امتیازم اینکه سونی تنها کمپانیه که گوشیاش مجوز و تواناییه استفاده و ساپورت بازی های فروشگاه پلی استیشن رو دارن.خلاصه اگه به معایبش بعد یه هفته عادت کنید به هیچ عنوان ازش دل نمی کنید.در ضمن بچه ها رو جعبه ی این گوشی سونی نوشته بود سی پی یو یکو نیم که خیلی ناراحت شدم ولی وقتی نرم افزاری برای شناساییه قدرت سی پی یوش نصب کردم دیدم واقعا عدد یکو هفت رو نشون میده . احتمالا جعبش مال سونی اس هست و سونی فقط یه ال جلوی اس گذاشته و به سایر مشخصات روی جعبه دست نزده . . دیجی کالا ممنون که گوشی رو برام فرستادی
Positive,بی صبرانه منتظرش هستم حتما میخرم
Positive,من خودم یکماه هست سامسونگ galaxy s8 plus گرفتم . قبلش هم آیفون 6 داشتم . اما خانومم این گوشی رو داره . در یک کلام بگم ، عکاسی که با این گوشی میتونید بکنیم هیچ گوشی حتی گوشی سامسونگ اس 8 نمیتونه بکنه که بماند ، حتی دوربین های عکاسی هم واقعا شاید خیلیهاشون نتونند همچین کیفیتی رو داشته باشند . سلفیهای بی رقیبه . در کل این گوشی یک دوربین بسیار حرفه ای و پیشرفته در کنار امکانات دیگه هست . خانوم من دو ساله داره و تابحال یکبار هم هنگ نکرده . در کل از نظر من بی نظییره
Positive,سلام . من این لپ تاپ را از جایی دیگه گرفتم . من رنگ سفید را گرفتم . به نظر من رنگ سفدش خیلی زیباست . از قدرت سخفزاری که نمی خواد بگویم . به نظر من تنها صفحه ی نمایش و بدنه ی پلاستگی این لپ تاپ می توان عیب گرفت
Positive,8 . 9 میلی متر فقط ! ! حرف نداره .
Positive,نمونه زنانه این ادکلن بسیار بسیار خوشبو هست.دوستانی که میگن عطر گرمی این ادکلن موجود هست سخت در اشتباهن.خودم عطر فروشم ولی نمونه گرمی این عطر اصلا تو بازار موجود نیست.این محصول نسبت به قیمتش خوبه
Positive,من 2سال این لپ تاپ رو دارم.بی نظیره
Positive,واقعا فوق العادست نسبت به قیمتش بی نظیره و تمام بازی های جدید رو با بالاترین کیفیت اجرا میکنه من خودم assassins creed syndicate رو کیفیت ultra high بازی کردم کوچکترین گیری ندیدم پاور 530 وات هم براش کافیه
Positive,من این گوشی رو چندین سال پیش خریدم،اما صداش خیلی قوی نبود،باتریش زود خراب شد،نمیدونم شاید به خاطر درست شارژ نکردنش بوده،باتری جدید خریدم اما بازم راضی کننده نبود.شاید شانسیه
Positive,این جارو امروز ب دستم رسید خیلی خوبه و کار امد مکشش واقعا قویه در مورد شارژدهیش فعلا نظری ندارم ولی در کل بهترین انتخابه .
Positive,من این دو روز پیش خریدمدیجی کالا دمش گرم 1 روز اونو رسوند دست من شهرستان ! خودمم کپ کردم : O گیرنده خوبی داره برا من آنتن دهیش خوبه چون فاصله که می خواستم 3 4 تا دیوار بزرگ داشت در کل نمی دونم قویتر هم هست یا نه ولی نسبت به قیمتش خوبه انصافا
Positive,با این قیمت عالیه حرف نداره هدیه خوبی هم همراهش گذاشتن .
Positive,سلام اره داداش تبلت خوبیه منتها نباید انتظار یه تبلت استثنایی رو داشته باشی ازش!در رنج قیمت خودش واقعا خوبه!راضی کننده س!اگه بیشتر میخوای پول بدی پیشنهاد میکنم یه تبلت برند بخر مثله لنوو یا ایسوس !
Positive,پیانو دارای چندین صدا می باشد و با جای کمی که می گیره خیلی به دردآپارتمان می خوره در کل طراحی زیبایی داره و صنذلی که روش داده می شه هم باهاش هم خونی داره کیفیت صندلی با توجه به اینکه روش هست خوبه اما نسبت به خرید جداگانه پایین تره دکمه ها ضربرو خوب تشخیص میدن و با ضربه های محکم تر به همون نسبت صدا بیشتر میشه پدال ها هم خوب کار می کردن
Positive,کیفیت تصویرش خیلی عالیه
Positive,سلام دیجی جان لطفا اینو موجودش کن و شگفت انگیز قرارش بده خوشم اومد ازش هم اندازه اش خوبه هم قیافه خوبی داره
Positive,این دستگاه هم اکنون بهترین مدل کنسول جهان است و قابل مقایسه با ps4 و ps4 s است و به نظر من خرید ps4 یک عمل ناشیانه است
Positive,ظاهر شیک تر و جذابتر از مدلهای مشابه در این رنج قیمت
Positive,باسلام خدمت دوستان بزرگوار . دریک کلام عالیست . فقط توجه داشته باشید که طبق مشخصات ، عایق رطوبتی ندارد . با تشکر فراوان از دیجی کالا
Positive,این کیف با تخفیف خود سایت و دیجی خریدم کیف مدرن و جالبیه کیفیت ساختش خوبه من واقعا از خریدم راضیم
Positive,در یک کلام عالی خاک برگ این از خاک برگ جداگانه گیلدا هم بهتره هر کس نخره از دست داده . من وزن کردم 6 . 5 کیلو هست . اندازش یه گونی متوسط هست در تصویر به کیسه ها پلاستیکی کوچک شبیه هست . از هر خاکی قشنگ مخلوط کردن گیاهتون از هر کدوم خواست میل میکنه
Positive,من چند روزی هست این دوربین رو خریدم کیفیت عکسش حرف نداره من که واقعا ازش راضیم
Positive,من اینو گرفتم واقعا خوب ( عالی ) بود . .
Positive,من دیروز سفارش دادم از قسمت پشنهاد ویژه واقعا قیمتش عالی بود هنوز به دستم نرسیده با خوندن نظرات کاربران فهمیدم که خرید خوبی دارم میکنم . با تشکر
Positive,از مدلش خوشم اومد خریدم به موقع هم رسید بدستم
Positive,"وزنه ای که وزنش رو میدونستم , با این ترازو هم امتحان کردم : نتیجه یکی بود . پس دقتش مشکلی نداره و خرید این محصول رو بهتون پیشنهاد میکنم"
Positive,چقدر خوشگله واقعا زیباس باید منتظر بود دید قیمتش در چه حد
Positive,سلام . بنده این شیکر رو برای باشگاه بدنسازی تهیه کردم و انتظاری نداشتم که آب رو برای مدت طولانی خنک نگه داری کنه . کیفیت خوبی داره چند بار به صورت عمدی اونو رها کردم و مشکلی پیش نیومد خداروشکر . روی موزاییک ، روی وزنه ، از بالای پله و انداختن وزنه 5 کیلویی روی اون خلاصه مقاومت خوبی نشون داده و نگرانش نباشید . به هیچ وجه نشتی آب نداره ، حتی در شرایط بد . قابلیت خوبی که داره اینه که میتونید از دو طریق استفاده کنید . یکی از طریق مکیدن و دیگر از طریق بازکردن درپوش در . ارزش خرید بالایی داره حتما پیشنهاد میکنم .
Positive,صدا وتصویراین تلوزیون رو از نزدیک دیدم فوقالعادس بینظیره صداش محشره رقیب نداره البته مونتاژ داخل نخرین
Positive,من از پاساژ پایتخت گرفتم فقط میتونم در یه کلمه بگم فوق العادس.واسه کار های گرافیکی و ادیت عکس و فتومونتاژ گرفتم خیلی مناسبه.صفحه نمایش با کیفیت عالی هم سطح رتینا مکبوک پرو.سرعت مناسب.فقط کمی داغ میکنه که نسبت به پردازنده ایده آل هست.قلم هم فوق العاده کاربردیه.در کل واسه کسایی که برای کار با فتوشاپ و لایت روم میخوان لپ تاپ بگیرن پیشنهادش میکنم .
Positive,بعد از چند روز کار کردن اینها رو میگم : نسبت به پولی که دادم راضیم . . بسیار خوب عمل کرده . . احتمال میدادم سریع بذارمش کنار . . ولی الان دیگه بعید میدونم . . اما یه مقدار تاچش مشکل داره . . تو کار کردن عادی هیچ مشکلی نیست ، اما بعضی وقتا ، خیلی به ندرت شاید دوبار مجبور به فرمان دادن بشین . . حاشیه دور . . بیشتر حاشیس : | و فلشش رسما اصن وجود نداه . . ! اما نسبت به قیمت مقبوله . . دوربینش هم بیشتر از انتظار من از جی ال ایکس عمل کرد . .
Positive,نورش خیلی بیشتر از اون چیزی بود که فکر میکردم بسیار عالی و ملایم
Positive,برای بالای سه-چهار سال مناسبتره.داخلش تمرینهای مشابه کتابهای کودکستان داره .
Positive,حدودا یک ماه است که از این پرینتر استفاده می کنم . برای دانشجو ها و مصارف خانگی بسیار مناسب است . کیفیت چاپ بالاست و سر و صدای کمی تولید می کند . کابل USB اتصال به کامپیوتر در جعبه موجود نیست که جداگانه باید تهیه کنید البته زیاد قیمتی ندارد . در مجموع نسبت به پول پرداخت شده کیفیت قابل قبول است .
Positive,لطفا موجودش کنید و پبشنهاد ویژه هم براش بزارید تا سریع بخریمش
Positive,من این تبلت رو دارم . کیفیت صفحه نمایشش واقعا عالیه . خیلی خوبه انصافا کیفیت صفحه نمایش . ویدیوهای 720 رو در تمام فرمت ها من با mx player به راحتی اجرا میکنم بدون لگ و گیر ( البته یه تنطیم کوچیک و ساده واسه یه بار باید انجام بدید که اصلا مسئله مهمی نیست - این نکته رو گفتم که اگه کسی نتونسته اجرا کنه بدونه باید کدک استفاده کننده برنامه رو تغییر بده - خود برنامه 3تا کدک داره که فقط یکیش خوب اجرا نمیکنه و 2تای دیگه به بهترین نحو ویدیوها رو اجرا میکنن - فقط باید یه بار کدک های دیگه رو انتخاب کنید از تنطیمات برنامه ) صداش خیلی با کیفیت هستش ولی خیلی بلند نیست اما کم هم نیست که اذیت کنه اگه سروصدا دوروبرتون نباشه ، اما اگه تو شلوغی بخواید صداش رو مقایسه کنید خوب اونقدر بلند نیست . البته مثلا واسه فیلم دیدن با mx player امکان این وجود داره که به صورت نرم افزاری صدا رو بیش از حد استاندارد خود تبلت بلند کرد که خیلی عالیه - کیفیت صدا با هدفون هم بسیار مناسب بلند و با کیفیت هستش . تاچ بسیار روان هستش انصافا و به خوبی انجام میشه . یه مقدار اثر انگشت روی ال سی دی میمونه که البته به خاطر این هست که بیشتر از اونی که لازمه انگشت رو برای تاچ روی ال سی دی فشار میدیم . تاچش با کوچکترین اشاره ای عکس العمل نشون میده . پردازنده خوب تک هسته ای هستش و انتظار اجرای همه بازی های اچ دی رو نداشته باشید ممکنه تو بعضی بازی های اچ دی اذیت کنه ولی پردازنده گرفیکیش Mali - 400 هستش که خوب پردازنده استاندارد و پشتیبانی شده از سوی بازی های اچ دی هستش . اما به خاطر پردازنده ممکنه تو بعضی بازی ها اذیت کنه ولی تو بازی ها و برنامه های معمول به هیچ عنوان نه دیر باز میکنه نه اذیت میکنه . بازی های پر حجم هم من ریختم و به چند ثانیه هم کمتر میرسه که اجرا میکنه . دوربین جلو که داره کیفیت خوبی داره ولی دوربین پشت نداره . بلوتوث نداره که ممکنه به کارتون بیاد واسه بازیهای چند نفره ( البته انگار میشه از وای فای با نرم افزارهای خاص برای ارتباط با دیگر تبلت ها استفاده کرد اما من تجربش رو ندارم . کیفیت و جنس خود تبلت خوبه . برند ایسوس هم که متفرقه نیست و برند قابل احترام و با کلاسی هستش . اندروید 4 . 1 . 1 هم مزیتی هست واسه خودش - به هیچ عنوان در داخل منوها و خود سیستم عامل گیر و هنگ وجود نداره به هیچ عنوان . بسیار روان هستش در کل تو این رنج قیمت بسیار بسیار ارزنده هستش و من کاملا ایسوس رو به برندهای متفرقه ترجیح میدم
Positive,عالی معرکه فوق العاده من یکی از این مداد نکی هارو وقتی کلاس 3بودم خریدم الان ک دوم دبیرستانم هنوز داره واسم کار میکنه نسبت به قیمت مفته و اصلا ضرر نمی کنید در خریدش
Positive,پیشنهادم به شمادوست عزیز اینه که کرم دور چشم مورد رو مصرف کنید . معجزه مى کنه
Positive,فوق العاده زیبا و خوش ساخت و با کیفیت،ساعت بسیار زیبا و شکیل هستش و هر جا رفتم نظر همه رو جلب کرده
Positive,هر کی اینو نخونه خداوکیلی از دستش رفته .
Positive,بسیار عالیست .
Positive,در کل من این محصول را مطابق با نیاز روز کاربر متوسط به بالا ارزیابی میکنم و البته این محصول در قبال قیمتش توقات کاربر را برآورده می سازد
Positive,سالهاست که ازش استفاده میکنم و فقط میتونم بگم بی نظیره .
Positive,عالییه قدرتش خیلی زیاده . محکمه.خوشدسته و . . تفنگ عالییه ایه پیشنهاد میکنم بخریدش
Positive,یکی از چشم نواز ترین هدست ها هستش و انتظار یه ارگونومیک مطلوب برای طولانی مدت داشتم . ولیکن گویا مناسب گروه سنی تینیجر هستش و بالای سر منو اذیت میکنه . از نظر فاصله ، بسیار عملکرد مطلوبی داره .
Positive,یه کار زیبا و فوق الاده هستش . . تو هر خونه میتونه یکی باشه - مناسب برای هدیه دادن - با نگاه کردن بهش انرژی میگیرید . . لطفا سریعتر موجود کنید و پیشنهاد ویژه بزارید
Positive,برای تلفن بیسیم پاناسونیک گرفتم . انصافا از باتری های اصلی پاناسونیک که روی تلفن بود هم با کیفیت تره . واقعا ارزش خرید داره . خیلی وقت بود عبارت Made in Japan رو روی یه محصول ندیده بودم .
Positive,لطفادوباره شگفت انگیزش کنید یلی عالی بود من چند تا دیگه می خوام شفارش بدم
Positive,نسبت تصویر عالی در عین اینکه من عاشق صفحه نمایش های الجی ام
Positive,اگه یک بار سالامون بپوشید ، احتمالا کفش دیگه ای رو نمی تونید بپوشید .
Positive,مودم خوبیه و بر خلاف دوستانی که میگن خیلی داغ میکنه واقعا خییلی داغ نمی کنه . البته من زیرش در 4 طرف چند تیکه چوب گذاشتم که از میز فاصله بگیره و زیاد داغ نشه . حدود 1 ساله که دارمش و تا االان نشده انتن دهیش کم بشه یا بی دلیل و مدام قطع شه . کاملا ازش راضیم . کانفیگش هم خیلی اسونه . یه سی دی هم داخلش هست که کافیه بذاریدش روی سیستم و خودش نصب رو انجام میده .
Positive,قیمتش بی نظیره با این امکانات و قیمت حرف نداره
Positive,با تشکر از دیجی کالا بابت انجام بررسی تخصصی این محصول،که باعث میشود مشتریان با چشم بازتری خرید کنند ، من ده روز پیش این تلویزیون را خریدم،راستش در ابتدا در خریدش دو دل بودم ولی بعد از خرید تجربه ام را با شما در میان میگذارم : 1 - این تلویزیون بسیار شیک و زیبا و ظریف طراحی شده به طوری که در نگاه اول نظر هر بیننده ای را جلب میکند،و تقریبا در حد پرچمداران 2016 سامسونگ دیزاین شده است . 2 - کیفیت تصویر فوق العاده ای دارد،بطوریکه تصویر را حتی از برخی تلویزیونهای بالاتر از خودش هم بهتر نمایش میدهد و تصویر بسیار شفاف و روشنی را به نمایش میگذارد . 3 - کیفیت صدا واقعا عالیست،من با چندین تلویزیون از برندهای مختلف در خانه اطرافیان کار کرده ام،بدون اغراق صدای بسیار با کیفیتی ارائه میدهد . 4 - رابط کاربری و کنترل بسیار شیک و زیبایی دارد،که کار کردن با تلویزیون را لذت بخش میکند . ، در ضمن صفحه نمایش خمیده اش،نمای بسیار زیبا و مدرنی به این تلویزیون بخشیده است . امیدوارم به دوستانی که قصد خرید دارند،کمک کرده باشم،یا علی
Positive,سلام با تشکر از دیجیکالا به خاطر خدمت رسانی به موقع و با کیفیتش خرید این گوشی رو حتما پیشنهاد میکنم . بسیار زیبا و با کیفیت هستش . هیچ مشکلی نداره و امکانات و کیفیت تماس خوبی داره . از خرید اون راضی هستم . رنگ مشکی با صفحه کلید نقره ای زیباست .
Positive,بسیار عالی بسیار مقاوم
Positive,بسیار زیبا و ساده و نصب راحت . حتما پیشنهاد میکنم
Positive,واسه گوشی دوم عالیه
Positive,بسیار عالى و زیبا . . من که خوشم اومد
Positive,سلام در این بازه قیمتی بهترین گوشی که پیشنهاد می کنم huawei honor 8 هستش چرا که در حد یک پرچم دار ظاهر شده است و بعد از یک هفته استفاده از آن کاملا راضی هستم و در خریدش شک نکنید
Positive,سلام این هدفون عالیه .
Positive,یه کتاب صوتی بینظیر ، که شنیدنشو به تمامی دوستان توصیه میکنم . عالیست بابت انتخابهای هوشمندانه ات ، ممنونم دی جی کالا .
Positive,نسبت به قیمتش عطر خیلی خوبیه با موندگاری خیلی بالا
Positive,من این تلوزیون رو یک هفته اس خریدم و ازش راضیم ولی هنوز نتونسم از قابلیت ای شیر اون استفاده کنم خیلی خیلی عالیه من به همه پیشنهاد میکنم بخرن قیمتی هم که دیجی.کالا میده از قیمت بازار هم کمتر تو کیفیت حرف نداره
Positive,با توجه به قیمت مناسب،این محصول میتونه خرید مناسبی باشه چرا که کیفیت مناسبی رو در کنار لطافت الیافش ارائه میده اما در برخورد اول بعد از لمس پتو اولین چیزی که حس میشه ضخامت کمش هست که برای سرمای زیاد به نظر مناسب نمیاد ولی برای استفاده ی معمولی کاملا مناسبه برخلاف بعضی از دوستان من مشکلی از بابت انتخاب رنگ نداشتم و در نهایت همون رنگ هایی رو که درخواست دادم تحویل گرفتم
Positive,باسلام خیلی خوبو عالی هست فقط مال ما یخچال وفریزر رنگشون با هم یه شماره فرق داره
Positive,این گوشی یکی از بهترین و عالی ترین هاست من خودم یک ماه که خریدمش و واقعا ازش راضیم هیچ مشکلی نداره به شما هم میگم از این گوشی بخرین
Positive,سلام به دوستان عزیز خسته نباشید ویندوز 10 واقعا عاالی ترین ویندوز تو تمام ویندوز ها است سرعتش عاالی واکنش عاالی بخرید اگه نخرید واقعا پشیمون میشوید . با تشکر
Positive,در نقد و برسی هایی که من از سایت های مختلف دیدم میشه گفت تا این لحظه گوشی به خوبی note 7 وجود نداره
Positive,با سلام امروز کالا به دستم رسید . هیچ مشکلی نداشت و از تمام قابلیت ها تست گرفتم . با تشکر از دیجی کالا
Positive,به نظر من برای دوستانی که میخواهند از شر وزن زیاد و شارژدهی پایین لپتاپ هاشون راحت شوند و لذت استفاده از محیط کامل ویندوز را در یک دستگاه ایده آل داشته باشند بدون شک بعد از سرفیس 3 یکی از بینظیرترین گزینه هاست . . فقط دو نکته : ممکنه ابتدا از گرم شدن بدنه دستگاه نگران بشوید ! همونطوری که من میشدم اما نگران نباشید اتفاقی بجز اندگی گرم شدن دست خودتون نخواهد افتاد ! مورد دیگه اینکه بایستی مواظب رنگ بدنه دستگاه خیلی باشید چون در برخورد با وسایل فلزی مثل اتصال مگنت کیبورد و شارژر رنگ تیره روی آلیاژ بدنه آسیب میبینه ! مطمئن هستم این دسته از دوستان از خریدشون پشیمون نخواهند شد ! و بعلاوه به زودی تجربه استفاده از قلم دستگاه براتون به یک اعتیاد غیر قابل ترک تبدیل خواهد شد !
Positive,دیروز دستم رسید قطعات و اتصالات کامل راحت روهم سوار کردم صدای کم وقدرت خوبی دار از دیجی کالا هم تشکر میکنم
Positive,من با کابل قبلی که کابل معمولی بود و روکش طلا نبود وقتی بدون موزیک ولوم اسپیکر رو روی آخر میبردم یه مقدار نویز داشت ولی با این کابل اصلا نویزی وجود نداشت که نشون دهنده کیفیت ساخت بالای این کابله . همچنین به خاطر نوع سری فیشی که داره کمتر امکان خراب شدن و کشیدگی اون وجود داره . در کل کابل خیلی خوبیه و حتما بهتون پیشنهاد میکنم .
Positive,بسیار خوش بو ، اما پخش کنندگى نسبتا کمى دارد
Positive,این گردنبند دیروز ب دست من رسید ب نظرم برخلاف نظر دیگر دوستان،گردنبندی ساده و بی نهایت چشمگیر است . . ک در نگاه اول نظر همه را ب خود جلب میکند من سادگی این گردنبند را واقعا دوس داشتم و از گردنبند های پر زرق و برق ک هیچ جذابیت خاصی هم ندارند متنفر . . ! !
Positive,سلام راجب گوشی و قابلیت هاش و روش حل مشکلاتش گفتم این گوشی عالیه اگه می ترسید درگاه جادویی خراب بشه یا ماژول اسیب ببینه یک باطری جدا هم بخرید تا ماژولاش خراب نشن عالیه
Positive,حتما خریدش رو پیشنهاد میکنم . الان با این پول باید میان رده بعضی برند ها رو بخرید . این گوشی که همه جوره پرچم داره . شک نکید در همه زمینه ها راضیتون میکنه . باور بفرمایید گوشی قبلیم اس 7 بود منتهی دادمش به پدرم چون گوشیش شیکست . رفتم جی فایو خریدم که یه تنوعی بشه و واقعا فاجعه بود . از فروش پایینش هم معلومه . خواستم دوباره اس هفت بگیرم که یهویی گرون شد ! این و خریدم که الان میگم کاش از همون اول میخریدمش.اس 7 گوشیه خوبیه ولی در حال حاضر خیلی قیمتش رفته بالا که نمی ارزه . الانم با پی9 موقع کار کردن باهاش هیچ کمبود و لگی احساس نمیکنم . بخرید حالشو ببرید .
Positive,بعد از باز کردن جعبه دستبند روشن نمی شد . حدس زدم مشکل از شارژ باشه.زدم به شارژر آیپد ولی شارژ نشد ! بعد از کلی نگرانی با کامپیوتر شارژ شد . سنسور اثر انگشت ضربان قلبو توی بازه ی زمانی یکی دو دقیقه با حدود 20 تا اختلاف نشون می ده که خب اصلا جالب نیست . شدیدا هم به موقعیت دست و سفت یا شل بودن بند حساسه.سنسور قدم شمار هم یجوری تقریبیه . دستتونو الکی تکون بدین 10 تا قدم اضافه می کنه ! از موارد بالا که بگذریم با یک دسبند با قیمت فوق العاده مناسب مواجه هستیم که کارهای زیادی انجام می ده.یه تجربه ی ارزون قیمت برای ورود به دنیای گدجت های پوشیدنی هستش که ارزش تجربه کردنشو داره.مخصوصا با این اوضاع باتری کم ظرفیت فعلی که نهایتا 2 - 3 روز باتری نگه می دارن 30 روز شارژ این ساعت نشانه از مهندسی خوب سازنده داره .
Positive,کتابی فوق العاده . مرسی دیجی کالا ! !
Positive,خیلی شیک و تمیز و به موقع دیروز به دستم رسید . در یک جمله حرف نداره و از دیجیکالا به خاطر این همه مشتری مداریش سپاسگذارم
Positive,حدودا یک سال هست که این تبلت رو خریدم . به نسبت قیمتش ارزش داره . در کل راضی هستم .
Positive,این کاور اسمارته . خیلی هم عالیه
Positive,این گوشی بهترین گوشیه تا خودتون تو دستتون نگیرین متوجه نمیشین بیشتر از اون چیز هایی که داره کار میکنه اگه میخاین سامسونگ بگیرین به نظر من بجاش اینو بگیرین
Positive,من الان یه هفته هست این گوشی رو خریدم،بسیار عالی هست بدون هنگ و . . کیفیت دوربین هم بالاست.کسایی که دو دل هستن شک نکن چون هیچی نباشه گوشی برند دست شون هست
Positive,به طور کلی خوبه می ارزه که بخریش
Positive,دوستان اول اینکه تو این قیمت بهترین انتخاب هس که میتونید داشته باشید.دوما ، در پاسخ به سوال دوستمون که عنوان کرده بودند هنگام شارژ گوشی هر چهار چراغ چشمک میزنه،این حالت کاملا طبیعی بوده و جای نگرانی نیست .
Positive,اصلا ابن قیمت رو دیدم هنگ کردم به خدا مفته اگه قصد خربد گوشی تو این رنج قیمت داشته باشید حتما بگیرید
Positive,کیفیت عکس تقریبا خوب ، و کیفیت فیلم بسیار عالی و نسبت به قیمت و رقبای سایر برندها خریدی به صرفه محسوب می شود .
Positive,این تلویزیون واقعا در این قیمت فوق العاده است
Positive,دستگاه خیلی خوبی است از خریدش پشیمون نمیشید .
Positive,من پیشنهاد میکنم بخرید چون نسبت به راکت های دیگر بهتر است .
Negative,سلام این کیف رو با اینکه چند ماه صبر کردم تا موجود شه امروز به دستم رسید،تو ذوقم زد چون کوچیکه و نمیدونم اصلا چی بگم
Negative,این گوشی خیلی ظریفه دوبار بخوره زمین چیزی ازش نمی مونه قیافشم خوبه من از نزدیک دیدم ولی رمش پایینه ( نسبت به گوشی های هم رده ) ضد ابمشم که ده ثانیه بیشتر دووم نمی یاره و می سوزه جنسیت مقاومی هم نداره سیستم عاملش خوبه ولی به درد ادمای معمولی نمی خوره قاباشم ماشالا تا قاب با عکس لاکپشتم داره دوربینش ضعیفه ( نسبت به رقابایه اندرویدی ) هیچ گوشی به پای xperia z3 نمی رسه
Negative,بنظرم GLX و امثالهم یک فرصت طلایی برای تبدیل شدن به یک برند وطنی رو از دست دادن . اکثر کسانی که من دیدم این گوشی ها رو در دست دارن ( خصوصا مدلهای بالای 300 تومن ) یکی از دلایل شون خرید جنس ایرانی و حمایت از تولید داخلیه ! من فکر میکنم بیشتر این افراد حتی اگه گوشی ایرانی از مشابه خارجی گرونتر هم باشه ، ایرانی رو انتخاب میکنن ، اما این شرکتها با تمرکز روی مدلهای ارزونتر ( واحتمالا کسب سود بیشتر ) نتونستن اون جلب اعتماد رو انجام بدن و اعتبار لازم رو کسب کنن . الآن برخی از گوشی های سامسونگ و دیگر برندهای مطرح کیفیت لازم و در حد قیمتشون رو ندارن ، اما با وجود اعتباری که کسب کردن این موارد هیچ لطمه ای به اسمشون نمیزنه ! ! برعکس این قضیه اینه که اگر برندهای داخلی الآن و در میانه راه برن سراغ ساخت گوشی های باکیفیت ، هیچ کس اعتماد نمیکنه بهشون پول بیشتری پای گوشیهاشون بده . چون نامشون در ذهن مشتری با کیفیت پایین حک شده . .
Negative,پول ی موبایل خوبو میگیره ولی ی کارایی داره بنظر من یدونه هدست مجازی ساده که موبایل بش وصل میشه تهیه کنین به صرفه تره
Negative,من این دستگاه رو امروز خریداری کردم . از اومجایی که برای خرید هر وسیله ای درباره اش کلی تحقیق میکنم و بعد خرید میکنم ، نظرم در مورد این دستگاه اینه : مزایا : 1 - بخور سرد و گرم خوبی دارد 2 - تنظیم شدت بخار خروجی 3 - تنظیم سردی و گرم بودن ( 4 حالت بین سرد و گرم ) 4 - داشتن فیلتر یدکی ضد رسوب 5 - چرخش 360 خروجی بخار با 2 خروجی مجزا نسبت به هم 6 - قابلیت خاموشی خودکار بعد از اتمام آب 7 - داشتن چراغ اعلان کم بودن آب مخزن 8 - بسیار کم صدا معایب : 1 - کیفیت بدنه و قطعات داخلی از پلاستیک معمولی بوده و کیفیت ایده الی ندارد 2 - نداشتن راهنمای فارسی
Negative,واقعا حیف باتریش ضعیفه : (
Negative,من خریدم بوش همون همیشگیه ولی اصلا قدرت نداره پخش بشه یا بمونه اصلا واقعا از دیجی توقع نداشتم حس میکنم اصل نیست . .
Negative,کارم بنده با دوربین و مستند سازی آزمایشات صحرائی است و . این دوربین برای کار من فوق العاده بود تا اینکه فقط و فقط بعد از ده روز دیگه روشن نشد . هنوز هم نمیدونم برای تعمیر کجا ببرم . فقط و فقط دنبال کالای با کیفیت باشید پول خودتونو برای این جو ر محصولات دور نریزید
Negative,متاسفانه سرعتش اونقدر پایینه که در انجام کارهای روزانه نیز کفر آدمو درمیاره
Negative,محافظ روی صفحه نمایش خوب جا نمیگیره از خریدم خیلی نا رازیم واقعا به درد نخوره
Negative,به نظرم htc10 خیلی بهتره از این تا وقتی که با htc10 کار نکردین سراغ این نرین
Negative,به نظر من بعد از 2 الی 3 ماه قیمتش باید پایین میومد به نظرم قیمتش بالاست .
Negative,دوربین بسیار ضعیف که در حد vga هست
Negative,با توجه به قیمت ان و معایبی که دارد برای خریدن مقرون به صرفه نمی باشد .
Negative,بهتون پیشنهاد میکنم برید سراغ نسخه اصلیش این نسخه ی اسپرتش ماندگاری و پخشش کمتره
Negative,از نظر قیمتی خوبه ولی سرعت پردازش پایینی داره دوتا سیمش با هم فعال نمیشه در کل تب متوسط رو به پایینه
Negative,من 3 ساله این گوشی رو دارم خیلی گوشی ضعیفه پیشنهاد می کنم huawei g 8 رو بخرید
Negative,سلام / من تازه سفارشش دادم ولی حالا که کامنت ها رو میخونم پشیمون شدم حالا نمیدونم چچیکار کنم
Negative,سلام دوستان . این پک چند تا مشکل داره . از جمله بسته بندی کاغذیش و نداشتن کارت پشتیبانی از سریال اختصاصی آنتی ویروس و دفترچه راهنمای سیاه و سفید و کم حجم و مختصر و اتوران ضعیف . در کل اگر تو پیشنهاد ویژه نگیری ضرر کردی .
Negative,کفش بدی نیست،ولی نسبت کیفیت به قیمت بخوای حساب کنی اصلا ارزش خرید نداره،رنگ کفش زود از بین میره و زشت میشه
Negative,سلام خدمت دوستان یک سال این رو دارم . دیگه عوضش میکنم نوت 5 یا اس 6 . به هیچ کس پیشنهاد نمیکنم بخره . نوکیا معمولی بهتره ازش
Negative,چند وقتی این گوشیه رو دارم.از لحاظ ظاهر و صفحه نمایش عالیه و همینطور به خاطر رم3 و 32گیگ حافظش نسبت به قیمتش خیلی خوبه ولیی دوربینش بی کیفیت و اصلا در سطح13 مگاپیکسل نیست . به هر حال پیشنهادم اینه اگه دوربین گوشی واستون مهم نیست حتما بخرید و از رم 3و 32گیگ داخلیش و ظاهر زیباش لذت ببرید اما اگه دوربین گوشی براتون مهمه نخرید که پشیمون میشید .
Negative,ارزش خرید کم در برابر پول زیاد
Negative,زیبا و خوش دشته اما متاسفانه بعد از مدتی استفاده رنگش میره
Negative,"دیجی کالا لطفا وقتی میبینی این کالا و همینطور سری هاش اینهمه طرفدار داره , موجودی رو بیشتر کنید خوب.خدمت رسانیتون ضعیف تلقی میشه چون باید انواع مختلف و به اندازه کافی موجود باشه تا خریدار سر فرصت انتخاب و خرید بکنه نه اینکه در محدودیت تنوع و تعداد قرار بگیره !"
Negative,من دارمش وقتی باد میشه خیلی سنگین میشه بطوری که از تیر اول توپ بیشتر بلند نمیشه و وقتی هم که بخای باهاش بازی کنی چون سنگینه کل انرژی شوتو میگیره برا اینکه از زمین بلند شه
Negative,یه نقطه ضعف بسیار بزرگ ور این مدل نداشتن خروجی هدفونه که نمیتونید به بلند گو یا سینما خانگی وصلش کنید .
Negative,من خریدم این مدلو ولی لمسی بودنش زیاد کاربرد نداره چون تو حالت لب تاپ صفحه تکون می خوره و تو حالت تبلت خیلی سنگینه
Negative,درود ، به نظر من پولتونو برای خرید دوربین از برند فوجی فیلم هدر ندهید . به قول دوستمون در یکی از کامنت ها یا دوربین نخرید یا دوربین میخرید از فوجی نخرید . نتیجه خریدتون میشه اعصاب خوردی . این مدل هم یکی از بی کیفیت ترین دوربین های ساخته شده در این صنعته .
Negative,بنده هم خرید کردم زود جوهر تمام میکنه و هزینه جوهر هم به صرفه نیست در کل راضی نیستم
Negative,به نظر من XPERIA V از این خیلی بهتره . .
Negative,این لباس جنس خیلی خوبی داره ولی متاسفانه اکلیل های روی اون به سر و صورت و دست بچه میچسبه . حتی با شستن هم پاک نمیشن . .
Negative,بدرد نمی خوره فقط حوله رو سرد میکنه با آب خودتون هم میتونین این کار رو بکنین
Negative,محمد میلاد زرینه ( 1393 / 8 / 7 ) : سلام ، دوستان کسی می دونه دستگاه های اپل چرا به باند 5 گیگاهرتز این مودم تا وصل میشن ، قطع میشن ؟ و برای رفع این مشکل باید چه کرد ؟ من فریم ویر هم به آخرین نسخه آپگرید کردم درست نشد ! ! دوست عزیز تو قسمت وایرلس کشور بزار امریکا
Negative,به نظر من گوشی خوبی نیس با این قیمت
Negative,سلام اگر می خواهید اینقدر هزینه کنید یک persson excusive و دو تا liga بخرید بهتره فرقشون یه دنیاست این پرسیه ولی اونو جمع کردید .
Negative,کلا دو بار باهاش رفتم زیر بارون و بار سوم موش آب کشیده شدم بی دلیل دکمش قفل کرده و چتر باز نمیشه اونقدری هم قیمت نداره که بخوایم بفرستیمش گارانتی . . حمایت از جنس ایرانی خیلی خوبه ولی به شرطی که ارزشش رو داشته باشه
Negative,باسلام صفحه تاچ گوشی هواوی جی 8 به دلیل انحنای اطراف آن ، محافظ با پوشش کامل صفحه ندارد زیرا اطراف آن هوا جمع می گردد و به راحتی از صفحه جدا میشه .
Negative,نخرید آقا نخرید بعد یه هفته چسبش باز میشه و دیگه به دوربین نمیچسبه
Negative,سلام من 1 هفته هست که این تبلتو خریدم ولی نامیدم کرد ! کیفیت دوربین به هیج وجه 5 مگاپیکسل نیست و این ادعا لنوو خنده داره ! تاچ دستگاه بد نیست ولی گهگاهی قاطی میکند سرعت تبلت نیز سرعت عالیی نیست در حد متوسط ! باتری در حد متوسط کیفیت صدا متوسط تبلت من که الان تو گارانتی سازگار به سر میبره : ( تو گارانتی سازگار طرز برخورد وپاسخگویی اصلا مناسب نیست سعی کنید کمی بیش تر هزینه کنید و گارانتی بهتری انتخاب نمایید من طرفدار 2 آتیشه لنوو بودم ولی نامیدم کرد . . امیدوارم انتخاب مناسب تری از من داشته باشید - یاحق
Negative,خب تقریبا خیلی جالب نیست و برای من بوی شامپو خیلی مهمه که این محصول اصلا خوب نبود اما از نظر تمیزکنندگی موهارو خوب تمیز میکنه .
Negative,من این باتری رو به اعتبار دیجی خریدم ! اما کاملا پشیمون شدم فقط 4 ماه اول خوب کار کرد ، بعدش دیگه شارژ رو درست نگه نمیداشت این اواخر که دیگه گفتم حتما مشکل گوشیه ! باتری نمیتونه اینقدر زود خراب بشه گوشی رو فلش کردم و بعد دیدم هنوز مشکل داره که متوجه شدم از باتریه هرچی هم بیشتر میگذشت بدتر میشد و چندجا هم کامل منو از کارام انداخت ! حالا دنبال یه باتری دیگه هستم برای خرید
Negative,من سه ماه هس خریدم فقط بدرد فیلم نگاه کردن و اینترنت گردی میخوره . . اصلا نخرید دوستان
Negative,به نظر من اگر کسی مکالمه زیاد تو روز داره اصلا طرف این گوشی نیاد.واقعا صدای مکالمه آزار دهنده هسا.من واقعا پشیمونم از خریدش .
Negative,سلام من ماتشو خریدم . اگرچه لمس کردنش لذت بخش تر از شفافه ولی کیفیت صفحه نمایش افت میکنه این یکی خراب بشه سری بعد شفافشو میخرم
Negative,کلاه سه تیکه هست و با دوخت به هم وصل شده جای سوزن خیاطی سوراخ هست و موقعی که روی سر قرار میگیره در اثر کشش سوراخها بزرگتر میشن و به راحتی کلاه پر از اب میشه روی گوش رو به هیچ وجه نمیپوشونه از دیجی انتظار یه همچین جنسی با این قیمت نمیرفت
Negative,با سلام و خسته نباشید خدمت شما . . لطفا تئاتر { کابوس های خنده دار برای شب و چندتایی هم برای روز } بی زحمت بزارید . . تشکر
Negative,ولی در جای باز وشلوغ برای موزیک گوش دادن جالب نی چون سری هدفون جوری هست که صدا بیرون شنیده میشه و در شب صدای موزیک به بیرون پخش میشه دیگه مشکلی نداره
Negative,متاسفانه بعد از یک هفته بدون تماس جدی با چیزی چندین ترک براداشته . .
Negative,سرعت چرخش فن ها بسیار پایین هست و عملا تاثیری در خنک کنندگی لپ تاپ نداره
Negative,اصلا ارزش خرید نداره قیمتش بالاست کیفیت ساخت نداره من 3 تا خریدم و ناراضیم .
Negative,سلام من دنبال یک تبلت خوب و با کیفیت بودم اما نظرم بیشتر رو این تبلت بود بعد نظرات کاربردی اش را خوندم پشیمون شدم چون اغلب از باطری و نداشتن چشمک اعلان و هنگ کردن و ریست شدن خودکار نا راضی بودن
Negative,متاسفانه از روز اول که دوتا خریدم کلیک چپش گهگاهی کار نمیکرد یا دابل کلیک میکرد ، حالا بعد سه ماه این ایراد زیاد شده و رو اعصابم . ولی طراحی و دقتش خیلی خوبه مخصوصا برا دستای بزرگ .
Negative,درب کتری یکماه نشده خراب شده و به سختی باز میشود برای گارانتی و یا تعمیر تماس گرفتم در پاسخ اعلام شد این خرابی شامل گارانتی نمیشود یدک درب کتری هم موجود نیست و کاری نمیتوان کرد فلزی بودن بدنه باعث چسبیدن املاح آب به بدنه ( بجای معلق بودن در آب جوش ) و از طرف دیگر باعث سرو صدای زیاد هنگام جوش آمدن آب میشود در مجموع از خریدم راضی نیستم
Negative,P8lite بهتره
Negative,متاسفانه اصلا پخش و ماندگاری نداره ، ولی بوی خیلی محشری داره
Negative,با سلام بنده این ریش تراش و اصلاح سر رو اسفند 94 خریدم که تو پیشنهاد شگفت انگیز بود اصلا از خریدم راضی نیستم و پشیمونم بابت هزینه خیلی بالایی که برای این ریش تراش کردم ریش تراش زیر گردنم رو خیلی بد میزنه و ریش به پوست میچسبه و ریش تراش نمیتونه موی های زیر گردن رو از روی پوست بلند کنه و بزنه و قرمز میشه زیر گردنم تا 2 روز اینجوری میمونه با وجود فشار کم و استفاده از ژل ریش به هیچ عنوان استفاده خشک پیشنهاد نمیشه با ژل ریش اصلاح تمیز تری دارید نسبت به خشک
Negative,سلام دوستان تجربه خودمو میخام براتو بگم اسپیکرش وقتی صدا رو بالا میبری از کیفیتش فاصله میگیره و موقع بازی کردن یه مقدار داغ میکنه تاچشم بعضی مواقع عمل نمیکنه که اینو تو چنتا مدل دیگه هواوی دیدم یه مشکل بزرگ دیگه ای هم که داره اینه که ضبط صداش اصلا خوب نیس اصلا مثلا اگه تو جای شلوغ یا جای باشی که اهنگ با صدا بلند باشه و بخای فیلم بگیری یا صدا ظبط کنی صدای اهنگ خیلی ضایع میشه و اصلا واضح نیست . از بقیه چیزاش راضی ام
Negative,تیز نیست تیغش غیر این مگه جنس آلمان میشه نقص داشته باشه
Negative,سلام من این هدفون رو دو ماه پیش خریدم.بعد از چند روز باطریش خراب شد و فقط چند دقیقه کار میکرد البته خدارو شکر گارانتی داره
Negative,تنها عیبی که از این مودم میشه گرفت کیفیت پایین ساخت بدنش هست که بسیار خش پذیر میباشد ! !
Negative,آقا از من میشنوید نخرید الا من تو سه هفته گوشیم 2 بار هنگ کرده الن دیگه باید فلش کنمش
Negative,فقط می تونم بگم این محصول صرفا برای قابلیت های نرم افزاری و دوربین و صفحه ی عالی طراحی و ساخته شده و خریدن اون برای افرادی که از وضعیت مالی خوبی برخوردارند توصیه نمی شود
Negative,من این شارژر رو خریدم و مشکلی که داره اینه که فقط یه بار میتونید باهاش شارژ کنید.یعنی اگه گوشی باتریش 200 میلی آمپر باشه یه بار شارژش میکنه یا اگه 400 میلی آمپر هم باشه یه بار کامل شارژ میکنه . دفعه بعد که بخواید شارژ کنید دیگه نمیشه و باتریش تموم شده . با گارانتی هم صحبت کردم همینو گفتن
Negative,تازه خریده بودم یه بار پوشیدم.دیدم . نخ کش شده
Negative,اول سوکت شارژرش خراب شد . بعد دودش در اومد من از باطری کملیون هم استفاده کردم . بسیار بی کیفیت
Negative,وقتی که تازه اومده بود از همین دیجی کالا گرفتم اونموقه و حالا بعد حدود دو سال و نیم ( هنوز به عنوان گوشی خونگی که خیلی کم استفاده میشه موجوده ) تو یه کلام بهتون بگم مزخرف ! من که از طرفدار های سونی بودم و همیشه متعصبانه از این برند طرفداری می کردم دیگه هرگز مارک سونی نمیخرم نه گوشی نه هیچ چیز دیگه ای ! اولا در مورد اپدیت جدید نرم افزاری ( 5 . 0 . 2 ) واقعا شرم آوره و گوشی شما بعد این که داغ میکنه به سرعت خاموش میشه و هیچ راهیم برای جلوگیری ازش نیست ! ینی عملا غیر قابل استفاده میشه هنگام شارژ ! بازیم نمیشه باهاش انجام داد و مورد بعدی افتضاح این شرکت در همین آپدیت در مورد خالی کردن ناگهانی شارژ باتریه گذشته از اینا من وقتی برای اولین بار گوشیمو باز کردم کلا سولفات زده بود ! ! ینی نفوذ آب ! با اینکه جیز یک بار دیگه گوشی خیس نشده هنگ سیستم - هنگ تاچ - و . . مشکلات برند سونی رو بگم تا صبح تموم نمیشه ! این مشکلات تو جدیدترین مدل گوشی های سونی هم موجوده واقعا سونی نخرید چون پشیمون میشید : ) سونی دیگه اون سونی نیست .
Negative,من این گوشیو گرفتم توی ماه اول گوشی توی شارژ سوخت و دیگه روشن نشد بردمش گارانتی یه بورد دست دو اندااخت روش و سی تومن هزینه گرفت بازهم یه ماه کار کرد و دوباره همونجور شد و باز هم گارانتی گردن نگرفت در کل زیاد راضی نیستم
Negative,نخرید مدل های دیگر را بگیرید سرعتش خوب نیست
Negative,قیمتش مناسب نیست گزینه های بهتری هستند که از همین سایت هم میتونید تهیه کنید
Negative,من این محصول رو واسه دخترم تو پیشنهاد شگفت انگیز گرفتم ، خیلی عالی بود ، اما اگه شگفت انگیز نمی شد شاید نمیخریدم
Negative,اصلا گوشی خوبی نیست
Negative,کیفیتش خیلی معمولیه ذزضمن جلوی خروج حرارت سیستم رو میگیره . . حرفه ای نیس
Negative,ملت از من به شما چنین نصیحت گوشی با حافظه کمتر از 8G بود مصیبت کابل OTG را نیز پشتیبانی نمی کند واشاره ای به تعداد پیکسل های صفحه نمایش نیز نشده است .
Negative,جنسش پارچه خوب نیست
Negative,نیاز شما را برای راحتی ارتباط برآورده نمیکند !
Negative,اصلا اونجوری که تو مشخصاتش ذکر شده نیست . . نه حجم دهندست،نه نگهداریش خوبه . . در کل ارزش خرید نداره . . ممنون از دیجی کالا . .
Negative,بنده کالا رو خریداری کردم و این نقد رو راجع به مشکل زبان ش بعد از بیش از 12 روز بررسی جامع مینویسم : زبان اصلی دستگاه چینیه و نه به راحتی کانفیگ میشه و نه میشه ازش سر درآورد . . دوستانی گفتن به راحتی میشه زبان رو اینگلیسی کرد . . خیر ! به هیچ وجه درست نیست ! ! مسیری که توی یوتیوب نوشته موجوده اما زبان انگلیسی نیست جزو گزینه هاش فقط گزینه های جمهوری چین / تایلند و هنگ کنگ موجوده ! دوستانی گفتن باید فریم ورک آپدیت بشه تا درست بشه . . بلهدرسته اما متاسفانه توی سایت اصلی سازنده وجود نداره ، توی سایت گارانتی ایرانی ش هم که برید همه جاش درشت نوشته : گارانتی شامل آپدیت فریم ور نمیشود ! ! همین ! خیلی راحت ! ! دستگاه من فریم ورک ورژن 2 . 9 . 4 روشه . . فایل 10 رو گرفتم ولی بازم آپدیت نمیشه . . کلا ساخت همچین کالای با این ضعف جای تاسف داره و اون شرکتی که توی ایران گرانتی ش کرده هم که دیگه گل کاشته حسابی ! !
Negative,بعد از یه مدت کارکرد اسکرول گیج میزنه ! !
Negative,من این دوربین رو تهیه کردم بعد از یک هفته هنوز نتونستم نصبش کنم به شرکت گارانتیش زنگ زدم اونا هم گفتن ما راهنمایی نمیتونیم بکنیم ، میتونید زنگ بزنید نصاب دوربین بیاد نتظیمش کنه و هزینش بین 40 تا 60 تومن میشه من که هنوز موفق به استفاده نشدم و اصلا از این وضعیت راضی نیستم
Negative,این سری که دیجی کالااورده درجه یک نیست متاسفانه و ازکیفیت پایینی برخورداره
Negative,باطری نمیخوره ! این سره یک مسواکه برقیه .
Negative,یه کم گرونه
Negative,دوستان من خودم طرفدار شرکت سونی هستم ولی از نظر من معرفی این کنسول یک شوک و ضربه بزرگ برای طرفداران بود و صرفا فقط برای پول و کم نیاوردن در برابر اسکورپیو بود ( که البته معرفی اکس باکس وان اسلیم و همین اسکورپیو هم به خاطر بازار بسیار بد کنسول اکس باکس وان بود که فروش پایینی داشت ) وگرنه نه سونی و نه ماکروسافت باقدرت های پایین شان توانایی رقابت با کامپیوتر های قوی را ندارند جالبه بدونید منتقدهای صنعت گیم هم چه در ایران و چه درخارج ایران هم میگن خود سونی و ماکروسافت هم نمیدونن دارن چیکار میکنن و با این قدرت اضافه قصد انجام چه کاری را دارن ! چون بازی انحصاری جدیدی ندارن که بتونه از این قدرت اضافه استفاده کنه نکات ضعف : 1 . کیفیت مواد موجود در بدنه و دسته نسبت به پلی استیشن 4 خوب نیست 2 . فر کی این محصول هم اصلا واقعی نیست بلکه رزولیشن از 2k اپسکیل یا تبدیل میشه به 4k . درضمن بگم اگر دنبال فرکی هستید حتی دنبال اسکورپیو هم نرید چون کارت گرافیک جدید شرکت انویدیا یعنی GTX1080 با قدرتی برابر 9 ترافلاپس مخصوص 4کی میباشد و این قدرت ها تجربه خوبی را برای شما فراهم نمیکنند . 3 . قدرت این کنسول 4 . 3 ترافلاپس است ولی فقط تا کنون 30 بازی توانسته اند از قدرت ان جهت افزایش رزولیشن و یا نرخ فریم استفاده کنند ( این کنسول فاقد درایور 4کی میباشد پس بازی ها با دریافت یک اپدیت می توانند از قدرت این کنسول استفاده کنند)که البته این لیست درحال افزایش است و در بین ان بازی هایی مثل کال اف دیوتی انچارتد و بازهم د لست اف اس ریمستر به چشم میخورد که البته نبود ویچر3 و فالوت را میتوان نقطه ضعف دانست 4 . هر کنسولی در چند ماه ابتدایی دچار مشکلاتی است پس بهتر است به محض امدن به بازار ان را نخرید نقاط قوت 1 . رزولیشن فرکی و نرخ فریم بالاتر 2 . قیمتی ارزان تر از قیمت کامپیوتر . 3 . ممکن است پشتیبانی از ان یک الی سه سال بیشتر از ps4 معمولی طول بکشد 4 . دیسک ها با دیسک های پلی استیشن 4معمولی تفاوتی ندارند و فقط اپدیت رزولیشن و یافریم را بالاتر میبرد که این خود باعث دردسر کمتر در پیدا کردن بازی میشود 5 . ممکن است پلی استیشن VR روی ان بهتر و بافریم بالاتر اجرا شود درنهایت بهتر است درصورتی که گیمر حرفه ای نیستید و یا پلی استیشن 4 را قبلا خریده اید عطای این کنسول را به لقایش ببخشید ولی در صورتی که قبلا پلی استیشن 4 نخریدید و یک گیمر عادی هستید خودتان درباره خرید این کنسول تصمیم گیری کنید .
Negative,من خریدم ولی خیلی بد در اومد
Negative,کیفیت لیوان و بسته بندی قابل قبول بود ولی اصلا ار کیفیت چاپ راصی نبودم خیلی بی کیفیت بود
Negative,دوستان لطفا تعصبی فکر نکنید من خودم 3 ونیم سال پیش Xperia z گرفتم که در زمان خودش عالی بود ولی بعد یه سال خیلی افت کرد حتی دوربینش باطریش سرعتش من خودم طرفدار سونی بودم و هستم ولی xz روی کاغذ خوبه ولی باهاش کار نکردم
Negative,من خریدم نه کیف سفری داشت و نه خط زن چرا باید سایتی مثل دیجی کالا مشخصات فنی رو ناقص درج کنه ؟ ؟ ! !
Negative,از سرعت باد و قدرتش راضی نیستم . فک می کردم قوی تر باشه .
Negative,من تست کردم با سامسونگ s7ولی متاسفانه دیرتر از شارژ اصلی شارژش کرد نمیدونم چرا تو ی مشخصات نوشته شارژ سریع 3 ولی اینجوریه ! !
Negative,ارزش خرید نداره با همین هزینه گالکسی اس 3 بگیرید خیلی بهتره . .
Negative,من دو ساله خریدم ، باطری هاش رو هم عوض کردم ولی بازم مشکل داره وسط مکالمه قطع میشه از دکمه آیفونش که اصلا نمیشه استفاده کرد بلافاصه گوشی ریست میشه و هزاران عیب دیگه اصلا به کسی پیشنهاد نمیکنم پاناسونیک بخره . .
Negative,با توجه به تعاریف خرید کردم ولی اصلا بوی خوبی نمیداد بوی گل می داد که فوق العاده سر درد آور و غیر قابل تحمله . کاملا یک عطر سلیقه ای هستش و همه پسند نیست .
Negative,واقعا هارده بدیه ، 5ساله دارمش به هر جا وصلش میکنم قطع میشه،سوکتشو دوبار عوض کردم که باعث شد کاورش از بین بره
Negative,به تیپ 2 نمیخوره . اشتباه نخرین
Negative,گوشی جالبی نیست تقریبا با اکسپریا پی هم رده ولی من هرچه قدر گشتم دلیل بالاتر بودن قیمتش رو نسبت به پی نفهمیدم
Negative,خیلی نامردین ! همین که خریدمش ، هنوز به دستم نرسیده گذاشتین پیشنهاد شگفت انگیز ! !
Negative,به هیچ دردی نمیخوره انگار یه تیکه شیشه بگیری جلو دوربین هیچ تغییری تو تصویر نمیبینی
Negative,عیب این دستگاه اینه که فاصله حدود 10 متر که باشه یه دیوار اطاقم بینش باشه به حالت limit درمیاد در صورتی که نزدیک مودم می بریمش آنتن میده . نمیدونم چرا این همه ازش تعریف شده . من که پشیمونم
Negative,کالای بی کیفیتی که بوی پلاستیک و مواد نفتی میده . بعدش میگن چرا از کالای ایرانی حمایت نمیشه .
Negative,کیفیت ساخت این گوشی به هیچ وجه به ام9 نمیرسه صداشم که در مقایسه با ام9 هیچه
Negative,با سلام متاسفانه این زیر پایی کیفیت خوبی نداره توصیه میکنم نخریدش بعد از چند بار استفاده شکست و دیگه قابل استفاده نیست . با تشکر
Negative,سلام دوستان عزیز من این گوشی رو یک سال و نیم خریدم از لحاظ مقاومت بدنه خیلی عالی بود چون بار ها و بارها زمین خورده و اتفاقی نیفتاده بود ولی از لحاظ نرم افزاری مشکلات بسیاری برام ایجاد کرد تا اینکه این اواخر خود به خود هنگ می کرد و ریست میشد حتی با فلش زدن و رام زدن هم مشکل گوشی برطرف نشد و مشکل رو از هارد گوشی دانستند و فقط تونستم به قیمت پایین ال سی دی شو رو بفروشم . ( البته نا گفته نماند گوشی من یک بار آب خورده بود و برد اصلی تعمیر شده بود شاید مشکلات ایجاد شده به این خاطر هم بوده باشد )
Negative,من یه دونه X2 گرفتم بعداز یه هفته استفاده تو بلندگوی سمت چپ صدای نویز می داد که دادم نمایندگی با پرداخت مبلغ اضافه با x3 عوض کردم که اونم بعد از یه مدتی همون ایراد قبلی رو گرفت . به نظر من اگه دنبال هدفون خوب و باکیفیت هستین سراغ این مدل نرین
Negative,18 روز هست که این دوربین را خریداری نمودم مشکلی که سیستم وای فای این نوع دوربینها دارند اینه که گوشی اندروید را نمیشه بهش شناساند تا بعنوان کنترل ازش استفاده بشه یا عکسها را از طریق وای فای به گوشی انتقال داد فقط حتماباید آنلاین باشی که بتونی از طریق وای فای عکسها را به کامپیوتر انتقال بدی . کیفیت عکسها برایم راضی کننده نیست عکسها بنوعی تقریبا شبیه نقاشی میمونه جزییات عکسها مشخص نیست پشیمانم از خریدش نزدیک به 2 میلیون با رمو و 3 پایه و کیف برام هزینه برداشته الان میگ کاش یک دوربین slr میخریدم که بشه جزییات عکس را مشاهده کرد حیف که به این زودی دیگه نمیتونم دوربین slr بخرم حداقل 2 سال زمان میبره دوستان دیگری هم اگر از این دوربین دارند برای پرنده نگری یا ماکرو اگه عکس گرفتند در اینجا از تجربیات خود در مورد این دوربین نظر بدن تا استفاده بشه و تجربه ای بشه برای بقیه افراد
Negative,صداش انقد ضعیفه که من گوشی کنارمه ولی نمیشنوم که داره زنگ میخوره ایفون هم نداره موقع مکالمه هم یک دقیقه یه بار بوق میزنه انگار پشت خطی داری پیشنهاد نمیشود
Negative,در موقع فیلم برداری مصرف باتریش نسبتا زیاده و باتری را سریع خالی میکنه یا عکاسی با فلاش پی درپی
Negative,از خریدش پشیمانم و توصیه میکنم نخرید .
Negative,هیچ تاثیری ندارد بی این خاطر که بی کیقیت است و پیشنهاد نمی کنم
Negative,در طراحی این مادربرد خیلی از امکاناتی که شاید خیلی جاها استفاده نشود حذف شده است و میشود گفت امکاناتی که برای یک سیستم خانگی و یا اداری برای کارهای روزمره موردنیاز است کاملا پیش بینی شده است . پرکاربردترین درگاه های ارتباطی از جمله USB3 . 1 رو هم پشتیبانی میکنه .
Negative,سلام مث اینکه این ناکامی های من در خرید از دیجیکالا تمومی نداره تا خواستم بخرم ناموجود شد ینی خیلی بدشانسم من از دیجیکالا تقاضا دارم هرچه زودتر موجود بشه این محصول مرسی
Negative,من عاشق این گوشی هستم . ولی متاسفانه یکی از ایراداش که خیلی به چشم میاد کیفیت پایین ضبط صدا زمان فیلم برداری هس که متاسفانه خیلی ناراحت کنندس . . : (
Negative,من این گوشیو 1 ماهه که خریدم ولی مشکل من داغ کردنشه ، خیلی داغ میکنه . کس دیگه ایم این مشکل و داره ؟
Negative,اینو کادو واسه خانومم خریدم ولی هربار بوش بهم میخوره خودم خجالت میشم واقعا بوش بده
Negative,محل اتصال پایها که پلاستیکی می باشد زود می شکند برای من که شکسته .
Negative,70 درصد کسایی که این گوشیو خریدن پشیمون هستند . من دادمش یک ایسوس گرفتم . یعنی از هاوایی هم بدتر این گوشی ال جی . همش مشکل داره
Negative,برخلاف نظرات دوستان که میگفتن لرزشش از موزر کمتره ، متاسفانه لرزشش بیشتر هم هست
Negative,من تب 7 . 7 رو بیشتر قبول دارم چون داداشم تب 7 . 7 داره و من اینو دارم واقعا اینترنتو فیلم دیدن تو تب 7 . 7 یه چیز دیگست خدایی رنگها خیلی شفاف و سرعت اینترنت بسیار بالا هستش تنها این چهار هسته ای همین
Negative,جاوا نداره . . !
Negative,سلام دوستان من 1سال میشه زد 1 خریدم الان به مشکله کوچیک خوردم لطفا راهنمای کنید 1 _ جند وقتی میشه وقتی گوشیمو میخوام شارج کنمش مدام قعطو وصل میشه فکر میکردم ایرد از کابل باشه ولی با چند شارجره دیگه امطهان کردم قعطو وصل میشه با بدبختی 100 % شارجش میکنم راستی شارجرم بقیه گوشی راحت شارج میکنه قعطو وصل نمیشه
Negative,من الان 8 ماهه این گوشیو دارم . کلا پشیمون شدم از خریدش . وقتی حدود یه ساعت با گوشیم کار میکنم خیلی خیلی داغ میشه و زمانی ک داغ میشه تاچش بهم میریزه .
Negative,حدود 9 ماهه خریدم کلیک چپش خراب شده و باید یه موس دیگه بخرم
Negative,سلام عجیبه که دوستان با این قیمت از این گوشی تعریف میکنن.یکم بررسی بد نیست
Negative,من تو پیشنهادویژه خریدم وخیلی پشیمونم اصلا ازش استفاده نمیکنم چون هیچ بویی نداره ماندگاری هم صفره کلا چیز جالبی نیست
Negative,گوشی خوبی نیست . . من خریدم زود خراب شد . . سخت افزلر ضعیفی داره . . اینو جدی میگم
Negative,مشکلی که میبینم در اینترنتش قسمت چت های فلش و جاوا را باز نمیکند
Negative,به نسبت مدل قدیم همین کیبورد بسیار بی کیفیت و غیر قابل تحمل است ! از همین جا هم خریدم گل اسم فراسو رو نخورید از ناف چین اومده !
Negative,با سلام دوستان من 2 روزه خریدم واقعا راضی ام
Negative,حیف شد . حافظه داخلی ش کمه
Negative,چراباتریش تو100ثانیه خالی میشه
Negative,متاسفانه طراحی بدنه ی این اتوی مو به صورتیه که مدام موقع استفاده دست به دکمه خاموش روشنش میخوره یا به دکمه های درجه بندی حرارت
Negative,گرون است خیلی بد و گرون
Negative,1 - ابعاد بسیار کوچکتر از انتظار 2 - جنس ضعیف 3 - ساخت چین 4 - کیفیت لعاب پایین و اعوجاج در سطح ظرف 5 - کیپ نشدن درب ظرف
Negative,سلام.من این گوشیو 8 ماهه دارم باتریش اصلا خوب نیست شارژ نگه نمیداره خود به خود شارژش کم میشه بدون استفاده حتی ! ! اگه باتری براتون مهمه پشیمون میشین از خریدش
Negative,من یک جفت خریدم که بلافاصله بعدازاینکه بدستم رسید پسش دادم خیلی کوچیکه و زیاد هم قشنگ نبود اصلا قابل استفاده نیست به اندازه یه قندون کوچیکه
Negative,من چند تا عروسک گرفتم . گوسفند و شهر موشا عالی بودن اما این کیفیتش پایین بود .
Negative,محمد رضا جان اگه واست تنوع نرم افزاری مهمه اینو بخر چون ویندوز فون تنوع نرم افزاری زیادی نداره .
Negative,سریع شارژ نمیکنه چون قابلیت شارژ سریع نداره . . وزنش به نسبت زیاده . . خیلی هم داغ میکنه . . موفق باشید
Negative,Optimus 4X HD از همه نظر از این بهتره
Negative,با این اوصاف فکر کنم که LG G4 تک سیم هم به سرنوشت Motorola Nexus 6 گرفتار می شه و جایی در digikala نداره .
Negative,با سلام چیزه خوبیه ولی خیلی گرونه من آیفونم را به بدبختی خریدم دیگه پوله اینو ندارم بزن لایکو ( نزنی ناراحت میشوما )
Negative,از خرید این ظرف پشیمون شدم.خیلی بی کیفیته . رنگ چینی به کار رفته اصلن سفید نیست و به طوسی نزدیکه
Negative,مدلlet بهتر
Negative,دوستان این دستگاه فقط قابلیت ارسال اس ام اس دار ه توانایی دریافت نداره علتشم ناهماهنگی با مخابراته و مشکل از مخابرات ایرانه
Negative,من هم این محصول هم خاک گلباران رو خریدم که قیمت اون نصف این بود اما حجم خاک گلباران دوبرابر بود . در کل نسبت به قیمت و حجمش اصلا ارزش خرید نداره و بهتره دوتا گلباران با همین پول بخرید و دوبرابر خاک داشته باشید
Negative,راضی نیستم
Negative,کیفیت پایین محافظ صفحه نمایش باعث میشه لبه ها نچسبند و ظاهرا اصلاخوبی ایجاد نمی کنه
Negative,یکی از اینها داشتم از روز اول ایراد داشت اخر هم زود خراب ولی بعدش رفتم یک سه راهی سیم دار مارک ایران گرفتم واقعا عالیه و از این خیلی با کیفیت تره از دیجی میخواهم کالاهای با کیفیت ایرانی را بیشتر حمایت کند و محافظ های ایرانی با کیفیت را به لیستش اضافه کند البته نه مارک رابط القا بلکه مارک های بهتر و با کیفیت تری که در بازار موجود است
Negative,قرار بود 29 بیام خبر هارد رو بدم نشد.بعده گارانتی ردست شده فعلن.این هارد یه مسئله داره دورش قوی و مستحکمه ولی همونجایی که اسم هارد رو نوشتن مشکل داره یه فشار کوچیک بدین میره تو
Negative,متاسفانه هر چی تلاش کردم نتونستم درایوری ( af9015 ) برای ویندوز 8 . 1 پیدا کنم و با صفحه آبی یا کرش برنامه ها مواجه شدم . دوستان کسی تونسته روی ویندوز 8 . 1 اجراش کنه ؟
Negative,تنها ایراد این گوشی صفحه نمایشTFTهست که تصاویرش چنگی به دل نمیزنه و فناوری قدیمی هست.از سامسونگ بعیده که با داشتن فناوری امو ال ای دی هنوز TFTرو روی گوشیهاش پیاده میکنه .
Negative,بسیار ضعیف . هر اپشنی بخوای داره ولی خروجی بسیار ضعیف برای خرید اول canon nikon دوم سونی الیمپوس بعدفوجی پاناسونیک بقیه هیچ . .
Negative,در کل از چیزی که فکر میکردم خیلی ضعیف تره
Negative,ظرفیت و میزان شارژدهی واقعی به اندازه 1200 نیست .
Negative,خیلی بده
Negative,آقا من اینو البته مشکیشو از بیرون خریدم صداش خش خش میکنه حالا شاید مشکل از گوشی من باشه
Negative,من این گوشی رو یک هفته است که خریدم و به نظر من گوشی خوبی نیست معایب همچون صدای ویز ویز هنگام مکالمه داره و جنس قاب پشتش هم باعث میشه دست عرق کنه کلیدهای پایین صفحه اش در شب خواسته باشی کار کنی نمیتونی چون نور نداره دوربین هم کیفیتی نداره و لوازمش خیلی سخت گیر میاد رم پایین گوشی که بعضی موقع ها گوشی به شدت کند میشه به نظر من یک کم بیشتر هزینه کنید و یک گوشی بهتر بخرید
Negative,به نضرم اگه j32017هم بخرید خوبه فقط هواوی نخرید
Negative,یکی از بهترین های سامسونگ . البته اگر نوت هفت به فنا نمیرفت این تک خال نمیماند . بپردازیم به بحث اصلی . در عنوان نقد و برسی نوشته بودم بسیار مستعد شکستن . بله تعجب نکنید . یکی از اقوام بنده تازگیها از خجالت یکیشون در اومد و در حالی که یه نمکدون رو داشت برمیداشت که به غذا خوردن چاشنی اضافه کنه . ماجرا پیچیده شد و ظرف نمک با کناره زیبا و البته شکننده صفحه نمایش نسبتا محکم برخورد کرد و به فنا رفت . به هر حال پیش میاد . اما امیدوارم خدا برای دشمن ادم هم به دور نگه داره که خیلی دردناکه . موفق باشید
Negative,سلام خیلی زود داغ میکنه بعضی وقتا هم هنگ میکنه
Negative,این گوشی کیفیت ساخت خیلی پایینی داره .
Negative,فیبر نوریش چند میل زده بود بیرون با تیغ بریدمش جنسش انقدر سفت و خشک هست که اصلا انعطاف نداره کابل سومو که تو همین سایت هست ازین بهتره قیمتشم کمتره
Negative,به چه امیدی این گوشی رو بخریم.به اضای قیمتی که داره هیچ امکانات نرم افزاری و سخت افزاری نداره
Negative,من این تبلت را حدود 6 ماه پیش از دی جی کالا خر یدم بزرگترین مشکل آن باتری هست حداکثر 5 ساعت شارژ نگه می دارد بعضی مواقع علیرغم داشتن شارژ ناگهان خاموش می شود و باید حتما ' به برق متصل شود تا روشن شود کلا ' روی باتری آن نمی توان حساب کرد و آدم را کلافه می کند
Negative,من گرفتم یه بار و نصف بیشتر شارژ نمیده
Negative,بر اساس نظر مثبت کاربران تو فروش شگفت انگیز 2 تا خریدم . در کمتر از 10 روز هر 2 تا خراب شد . به نظر من بر روی یک برند دیگه فکر کنید .
Negative,اصلاح باهاش خیلی وقت گیره
Negative,به هیچ عنوان ماندگاری و پخش بو ندارد . ارزش خرید ندارد .
Negative,تنها اشکالش روانی بیش از حد تیغه است که باعث می شود خیلی راحت و به صورت سحوی در بیاید
Negative,به نظر من این دوربین اصلا ارزش خرید نداره ، 20 مگاپیکسل فقط برای دوربین حرفه ای مناسبه،برای یه کامپکت فقط حدود 10 مگاپبکسل کافیه،کمترین نسبت کانونی این لنز 3 . 5 که عدد زیادی و باید 2 . 0 باشه،شما فقط پول زوم این دوربین رو میدید که اصلا در حالت زوم کیفیت خوبی نداره،به شما یه سوپر زوم 20X پیشنهاد میکنم
Negative,افتضاهه تمام جاهای خونه رو تست کردم ، فقط یه کانا ' نسیم ' رو گرفت پشیمونم ازخریدنش
Negative,واقعا گوشیه ضعیفیه
Negative,من طرح 3 این محصول را از دیجیکالا خریدم که مثلا ضد آب است . در ظاهر قرار است رویه پارچه ای داشته باشد ولی هر دو طرف این پارچه عملا پلاستیک است و نشستن روی آن بسیار آزاردهنده است . بنظر بنده نشستن روی یک تکه پلاستیک حباب دار ضد ضربه خیلی خیلی راحت تراز این است .
Negative,صداش ضعیف هست و اون کیفیت لازم رو نداره تنظیماتش هم صدا رو به حالت های غیر معمول و ناخوشایند تبدیل میکنه ارزش خرید بسیار پایین
Negative,اصلا بدرد نمیخوره یک ماه استفاده کردم ازش پاره شد
Negative,سلام خدمت دوستان من یه ماهه این گوشی رو از دیجی گرفتم که همه چیزش عالی بود میخواستم تجربه یه ماهه اخیر رو بهتون بگم بلکن بدردتون بخوره،همه نرم افزارا رو خیلی راحت میتونین از خود اپ استور بگیرید و هیچ مشکلی نداره،کیفیت دوریبین عالیه،خفنترین چیزش تصویر برداری اسلوموشن با 240 فریم بر ثانیست که خیلی عالیه ، سرعت گوشی خیلی خوبه خبری از هنگ اینا نیست،سیستم عامل فوق العاده روونه و کار کردن باحاش لذت بخشه،بزرگترین مشکل اینه که نمیتونید موزیک رو مستقیم دانلد کنید حتما باید از ایتونز بخرید . . در مورد کیفیت ساختم که عالیه ولی حتما یه قاب اسپیجن براش بگیرید انقد گوشی ضخامتش کمه که قاب اصلا به چشم نمیاد . . در کل از پولی که دادم راضیم
Negative,من که خیلی خوشم نیومد به نظر شما گلکسی نوت 2 یا گلکسی اس 3 بهتر نیست
Negative,با تشکر از ناظرمحترم جهت تایید این نظر به واسطه اطلاع رسانی به سایر مشتریان همونجوری که توی عنوان گفتم بازه حساسیت سنسور ها بسیار کم است و دقت قابل قبولی هم ندارد در هنگام بارندگی سنسور ها اصلا درست عمل نمیکنند ضعیف بودن کلید قطع و وصل صدا و احتمل شکستن آن و در نهایت اعداد روی نمایشگر به صورت معکوس و قرینه نشان داده میشوند یعنی اگر بخواهین اعداد روی نمایشگر رو بخونین باید نمایشگر رو به صورت واژگون جلوی آینه نگه دارین و از داخل آینه بهش نگاه کنین
Negative,من این گوشی رو 1 سال و 7 ماه درم . اندرویدش رو ارتقاع ندین که خیلی کم می یاره . من برنامه سنگینی اصلا ندارم ولی همین که به اینترنت وصل می شم و کسی بهم زنگ می زنه هنگ می کنه که اصلا نمی شه حرف زد ، و تازمانی که ریست نکنم گوشی رو خوب نمی شه . خیلی هنگ می کنه .
Negative,سلام من خریدم این دوربین رو . اصلا ازش راضی نیستم . نصبت به قیمتش هیچی نداره
Negative,با سلام خدمت دوستان عزیز . چند نکته رو لازم دونستم که در باره این محصول بنویسم 1 - این موبایل منو برنامه ندارد و آیکون همه ی برنامه های جدید به صورت پراکنده در صفحه نمایان می شوند که این موضوع برای من واقعا نامطلوب بود 2 - لاک اسکرین خیلی نامطلوب است بطوری که گاهی به هنگام روشن کردن صفحه لاک اسکرین ظاهر نمی شود مثلا فرض کنید برای موبایلتان رمز گذاشتید ولی گاهی اوقات رمز گوشی کار نمی کند 3 - کسانی که به خاطر هشت هسته ای بودن این موبایل می خواهند آن را بخرند در اشتباه اند.cpu به خوبی از عهده برنامه های شما بر می آید ولی دقت کنید که چیپست این محصول هایسیلیکون است و نمی توان آن را برتر از اسنپدراگون A5 یا گزینوس J7 دانست در کل من با کار کردن با این گوشی لذت نبردم و به همین دلیل آن را فروختم ولی اگر شما با موارد بالا مشکل ندارید آنر 6 گوشی مطلوبی است .
Negative,این گوشی خیلی گرونه ولی چه کاری تا چند روزدیگه چینشم میادمیریم اونومیگیریم
Negative,گوشی خوبیه.ولی به نظرم توی این رنج قیمت M4 Aqua هم یه نگاهی بندازین بد نیست . درسته M4 یک سال قبل از K10 معرفی شده ولی نسبت به این گوشی کم نداره ، حتی بهتر هم هست .
Negative,من خریدم همش ریست میشه ، اصلا راضی نبودم . جز اعصاب خوردی چیزی نداره . کلا تی پی لینک جدیدا خیلی آشغال شده . یه دی لینک 2730 از فروش فوق العاده دی جی کالا گرفتم فوق العاده است
Negative,vpn روی این تبلت کار نمی کند .
Negative,با سلام آه خسته شدم از بس با ریموت این گوشی کار کردم . اولش باید به اینترنت وصل بشی بعدا هیچ مدلی رو پیدا نمی کنه ! خیلی سخت و خسته کننده است کار کردن باهاش . این هم شد ریموت ! حیف این گوشی با این ریموت . فکر کنم غیر فعاله . دوستان میشه یکی راهنمایی کنه ؟
Negative,منم این گوشی رو گرفتم . ولی بعد 3 ماه بدون دلیل هاردش ایراد پیدا کرد . هنوز تو تعمیر گاهه گوشیه من . میگن اگه هارد جواب دیگه گوشی درست بشو نیست . گوشی اچ تی سی ریسک داره . الان تو خانواده ما این چهامین اچ تی سی هستش که خراب شده .
Negative,در برابر ضربه های نه چندان سخت مقاوم بوده و از قابلیت جلوگیری از خط وخش برخوردار است وضوح و شفافیت بالایی دارد عدم مقاومت در مقابل اثر انگشت و چربی دست
Negative,دوستانی که مشکل صفحه نمایش دارند به طوریکه رنگها تغیر میکنند به گارانتی ارسال کنند ، من بعد از شش ماه استفاده فرستادم گارانتی ، بعد از بررسی یک ماهه گارانتی بالاخره تبلتو تعویض کردند با مدل جدیدتر یعنی زنپد 8 موفق باشید . .
Negative,یعنی چی آخه.انتظار داشتیم از دیجی عیدی بگیریم.خیلی چشم براه موندیم تا برا عید موجودش کنه.اما متاسفانه همین عیدی رو هم از ما گرفت.آقا دستت درد نکنه.ازت انتظار نداشتیم
Negative,بیش از یک ماه است استفاده می کنم . متاسفانه باطری افتضاح است . در حالت استندبای 20 ساعت ! !
Negative,این رو قبلن دیجی گذاشته با اسم یه مارک دیگه کیفیت صفره
Negative,با سلام دستگاه نسبتا دستگاه خوبیه هم راحت نصب میشه هم از کاربردهاش به خوبی میشه استفاده کرد پرینتر خوبه و سرعت انتقالش هم مناسبه اسکنر خوبی داره و قلبایت ایکن دسته جمعی اسناد رو هم داره کپیش هم تقریبا خوبه و برای یک دستگاه با این قیمت و با توجه به اینکه دیتگاه تخصصی کپی نیست راضی کنندس ولی تو قسمت فکی واقعا ضعیف ظاهر شده با توجه به اینکه همیشه باید روشن باشه تا فکس بیاد و اینکه حتما باید خطتلفن بهش مستقیم وصل باشه و زمانیکه از خروجی اسپلیتر ایتفاده میشه عمل فکس انجام نمیشه ولی در کل با توجه به قیمتش میشه نمره 8 از 10 رو بهش داد ممنون
Negative,ب گوشی من نخورد گوشیم هواوی g610
Negative,سلام من این گوشی رو یه سالی میشه دارم من اصلا ازش راضی نیستم ولی برای کسایی خوبه که زیاد از گوشی انتظار ندارن
Negative,واقعا از خریدم پشیمونم.من واسه حمایت از کالای ایرانی خریدم ولی جنس بی کیفیت که حمایت گرفتم و اعتمادمم از دست دادم.کاش گرونتر بود ولی جنسش بهتر بود.من از دیجی کالا گرفتم اینقد داغون بود که عوض کردن یکی دیگه اوردن
Negative,با این قیمت اصلا بصرفه نیست در مقایسه باپرچمدارهای الجی که قیمتی به مراتب پایین تر دارن اصلا حرفی برای گفتن نداره دوستان باید دقت کنند دیگه عدد مگا پیکسل برای بیان کیفیت خیلی وقته نخ نما شده و اصلا این مگا پیکسل برای سنسور موبایل یعنی نویز بسیار بالا برای مقایسه رجوع کنید به دوربینهای فول فریم که هنوز روی 24 مگا پیکسل دارن کار میکنن اونهم با سنسور 35 میلیمتری صفحه نمایش برای 3سال قبله باطری زیر 300 اصلا جایی برای ادعا نداره رم گوشی زیر 4 اصلا برای این رده قابل قبول نیست
Negative,این گوشی موقع مکالمه یکم نویز داره که قطع و وصل میشه . . برا بقیه هم اینجوریه ؟
Negative,از ته نمیزنه ، یکی دو ماهی که کار کرده دیگه داغ میکنه ، فکر کنم به زودی بسوزه
Negative,این لپتاپ با توجه به استفاده از هارد ssd بد نیست . اما پردازنده سری u بزرگترین دلیلی بود که از خریدش منصرف شدم
Neutral,سلام لطفا آمپلی فایر مچ با این معرفی کنین
Neutral,سلام دوستان خسته نباشید فرق slim با pro چى هست و اینکه مى ارزه 600 / 00تومن اضافه بپردازیم براى pro
Neutral,سلام . دو تا ازش خریده بودم که خیلی راضی کننده بود . دوباره سفارش میدم .
Neutral,با سلام خدمت دوستان عزیز ، پس از دریافت این محصول و استفاده از آن باید خدمت شما عرض کنم که از کیفیت بالایی برخوردار است و به راحتی به آیپد متصل شد . تنها مشکلی که بنظر من وجود داشت ، نبود اطلاعات کافی درون دفترچه راهنما بود ، پس از مطالعه کامل راهنما ، هنوز در بعضی مواقع سوالاتی باقی مانده بود که به اینترنت مراجعه کردم و دیدم با کمال تعجب این مشکل برای کاربران زیادی وجود دارد که برای چنین محصول با کیفیتی عچیب بود . مورد بعدی که باید به آن اشاره کنم موضوعی بود که دوستان راجع به خدمات پس از فروش این محصول فرموده بودند ، اما من در این خصوص مشکلی ندیدم چون با یک تماس به شرکت حسان طب که این محصول را گارانتی کرده توانستم هم نوار تست و هم سوزن تست را به راحتی تهیه کنم ، حتی در صورت لزوم به کالیبره کردن دستگاه با مراجعه به آن شرکت میتوانید به طور رایگان این کار را انجام دهید . در آخر باید عرض کنم که درون مشخصات فنی ، دیجی کالا اشتباها 20 عدد سوزن را ثبت کرده اما درون پکیج تنها 10 عدد موجود است . لطفا در هنگام خرید به این موضوع دقت کنید .
Neutral,بلاخره این دوستانی که گوشیشون مشکل داشت و خاموش میشد مشکلشون بر طرف شد ؟ از همه چی این گوشی خوشم اومده ولی این مسئله خاموش شدنش رو اعصاب راه میره و ریسکش رو میبره بالا و در مورد خریدش دو دل شدم میشه بگید درست شده یا نه ؟
Neutral,الان به دستم رسید . . وصل کردم دیدم متاسفانه تو گوشیم کار نمیکنه گوشی من xperia neo l هست .
Neutral,ممنون که موجودش کردی داشتم میرفتم از بیرون بخرم ممنون
Neutral,با این ماشین میشه صورت رو اصلاح کرد؟امکان گرفتن خط ریش دقیق رو داره ؟
Neutral,دیحی کالا این تبلت رو در پیشنهاد شگفت انگیز قرار بده
Neutral,اگه قیمتش مناسب باشه به محض اینکه بیاد میخرمش .
Neutral,سلام ببخشید گلکسی آلفا از usb otg هم پشتیبانی میکند یا نه ؟
Neutral,من این پخش رو برای 206 خریدم . از اونجایی که این پخش آمپ داخلی داره طبق دستور العملش یک سیم برق مثبت مستقیم از باطری ( با نصب فیوز 15 آمپر در مسیر ) براش کشیدم . دو جفت کامپوننت براش گرفتم . یه جفت برای درهای جلو ( JBL gx600c ) و یه جفت هم برای طاقچه عقب ( JBL gto609c ) . بلندی و کیفیت صداش برای داخل ماشین عالیه و نیازی به نصب آمپلیفایر نمیبینم . فقط یه پورت یو اس بی داره ( تو پنل جلوشه ) و پورتی برای خواندن از روی مموری کارت نداره . تنظیمات صدای خوبی داره و تعدادی از تنظیماتش از طریق اپلیکیشن music center قابل انجامه . وقتی از روی فلش داره میخونه میشه از طریق app لیست آهنگای فلش رو مشاهده کرد و آهنگ در حال پخش رو عوض کرد . برای راه اندازی کنترل پشت فرمان از اینترفیس استفاده کردم . کنترل ها به راحتی کار میکنن فقط تنها مشکلش اینه که دکمه pause کنترل پشت فرمان کار نمیکنه و باید از روی پخش آهنگ رو pause کرد ( دکمه 6 ) و اینکه بعد از نصب اینترفیس ، فرمان illumination به پخش فرستاده نمیشه و تو شب dimmer به صورت خودکار فعال نمیشه ( قبلا dimmer رو حالت auto بود و با روشن کردن چراغای ماشین به صورت خودکار فعال میشد ) . به وسیله ی nfc به راحتی گوشی ( گوشی من xperia z5 هست ) با پخش pair میشه فقط کافیه تو تنظیمات گوشیتون nfc رو فعال کنین . موقع اتصال صفحه گوشیتون رو روشن کنین و گوشی رو به علامت nfc که روی دکمه volume قرار داره نزدیک کنین بلوتوث به صورت خودکار روشن میشه و با پخش pair میشه .
Neutral,سلام من این گوشی رو از دیجی کالا خریدم ولی نمیدونم چرا حافظه داخلیش چهار گیگه ! ! نه 8 گیگ ! کسی اطلاع داره ممنون
Neutral,با سلام خدمت دوستان دیجی کالا لطف کنید فهرست کتابهایی که در سایت عرضه شده اند را هم در قسمت معرفی آن قرار دهید تا حداقلهای لازم برای ارزیابی یک کتاب فراهم شود . متشکرم
Neutral,ببخشید دیجی لطف کن مدل فدراسیونیش رو موجود کن
Neutral,رایحه و ماندگاری متوسط
Neutral,سوخت این فندک چیه ؟ گاز ؟
Neutral,دوستان این گوشی 4G نداره ؟
Neutral,اگه پیشنهاد ویژه بشه می خرمش
Neutral,دو ساعت میمونیم و چند تا موزیک انتخاب میکنم میریزم تو Nero بعدش همه چی به سلامتی پیش میره تا آخرش اررور میده که دیسک خرابه دیسکهای دیگه که تست میکنم سالم هستن این فستیوال مشکل داره ! !
Neutral,خواهشا رنگ مشکی این قاب رو هم بیارین . . ممنون میشم دیجی کالا
Neutral,سلام دوستان لطفا بیشتر از نقاط ضعف و مثبت این لب تاپ بگین لطفا در این رنج قیمت راهنمایی کنید چه لب تاپی بگیرم که سی پی یو قوی و صفحه نمایش مات باشه و کلا لب تاپ خوبی باشه لطفا راهنمایی کنید
Neutral,سلام تو رو خدا شگفت انگیز بذار من میخواام
Neutral,لطفا موجودش کن دیجی
Neutral,چرا موجود نمیکنین ؟ ؟
Neutral,کی موجود میشه ؟ ارزش صبر کردن داره ؟
Neutral,دیجیکالا میگم این دستگاه هدستم داره همراهش ؟ ؟
Neutral,سلام مشکل پرش انتن رو برید تو قسمت اپراتور شبکه روی 2g قرارش بدید ممکنه 3g محمدوده شما نباشه
Neutral,سلام دوربینش وختی میخوای عکس بگیری خیلی شفاف و خوشکل نشون میده ولی عکس که میگیری عکسه تار میشه کسی میدونه چرا ؟
Neutral,ترخدا زود بیارین لازم دارم
Neutral,سلام کیفیت دوربین این گوشی چطوریه ؟ میشه یه اطلاعاتی بهم بدین
Neutral,دی جی لطفا این مدل کاور رو خیلی زود موجود کنید گوشی رو از دی جی گرفتم اما هنوز محافظی نداره و نمیتونم استفاده کنم . متشکرم
Neutral,چند وقت پیش نیاز پیدا کردم به تهیه یه جاروسطلی . . یه مقدار گشتم توی اینترنت رو یه مقدارم رفتم توی بازار دیدم . از چندتا از دوستانم هم که قبلا به خاطر کارشون از جارو برقی سطلی استفاده کرده بودن پرس و جو کردم . . خلاصه دردسرتون ندم که خیلی شک داشتم توی انتخاب و خرید که چی بخوام بخرم که هم عمری کارکن باشه برام هم اینکه قدرتش خوب باشه و سر و صداش هم تا جایی که میشه کم باشه . . راستشم بگم قیمتا خب یه مقدار اختلاف زیادی داشتن با هم . . منم از اونجایی که نمیخواستم زیاد هزینه کنم ، انتخابای خیلی زیادی نداشتم . این مدل جاروبرقی سطلی زیرووات رو بعد از یه مدت دیدم که هم اسمش باحال بود ! هم اینکه قیمتش خیلی مناسب به نظر میومد ، با پرس و جو فهمیدم که برندشم ایتالیاییه و گفتم پس احتمالا باید جنس خوبی باشه . خلاصه دردسرتون ندم که همین مدل رو گرفتم از طریق یکی از دوستانم البته و الان خیلی وقته که با کاری که ازش میکشم آخ نگفته . . البته خب انتظار یه محصول چند میلیونی هم نباید ازش داشت ، اما در این حد قیمت واقعا به نظر من خیلی عالیه . فروشندش که میگفت گارانتی و خدمات پس از فروششم خیلی خوبه ، حالا درست یا غلطش رو نمیدوم چون خداروشکر نیازی نشده پیگیرش بشم ایشالا که درست گفته ببخشید که طولانی شد می خواستم تا جایی که میتونستم کمک کنم به دوستان گرامی دیجی کالاییم و امیدوارم تونسته باشم
Neutral,پیشنهاد ویژه بزارید یکی دیگه میخام برای تولد داداشم بگیرم
Neutral,سلام خسته نباشید لطفا شگفت انگیزش کنید من چند عدد میخام با تشکر
Neutral,دوستانی که این محصول رو خریدن چقدر برای خریدش هزینه کردن ؟ ممنون میشم که اگه قیمتشو بگین با تشکر
Neutral,لطفا این محصولا موجودش کنید میخوام سفارش بدم
Neutral,سلام دوستان . دو تا سوال دارم و خواهش میکنم بدون تعصب و فنی به من جواب بدین چون اطلاعات خودم کمه . من به یک لپ تاپ برای کارهای گرافیکی و رندرگیری نیاز دارم با تایم کاری بالا . حالا به نظر شما 1 - آیا این لپ تاپ به نظر دارندگان آن توانایی انجام این کارها و نرم افزارهای مربوطه مثل 3Dmax و . . را دارد ؟ 2 - بین این لپ تاپ و لپ تاپ Lenovo Y5070 2015 - A کدام یک را مناسب تر برای هدف من میدانید ؟ پیشاپیش سپاس از جوابهای فنی دوستان
Neutral,سلام این تبلت سرعتش توی اندرید 4 . 4پایین میاد اما دوباره تو اندروید پنج خوب میشه ولی مدت زمان آپدیتش زیاده من خودم اینو مهر ماه پارسال گرفتم و تا همین چند روز پیش داشتم و به خاطر اینکه به یه گوشی خوب برا انجام کارهای سنگین نیاز داشتم فروختمش آقای خلیلی امیدوارم بهتون کمک کرده باشم
Neutral,دوستان ، اگر میخواهید میتونید گوشیتون رو روت کنید و OTG آن فعال میشه ولی خب از گارانتی خارج میشه . که اون رو هم میتونید un-root کنید تا مشکلی پیش نیاد من که روت کردم حداق 200 مگابایت از برنامه های رم رو که بی خود بود غیر فعال کردم . واقعا روت برای گوشی ها لازمه
Neutral,اگر امکان داره سایز 43 از این مدل را موجود کنید .
Neutral,سلام وخسته نباشید به دوستان میخواستم ببینم کسی اطلاع داره وقتی یه هارد اکسترنال رو به مودم وصل میکنی تو گوشی یا تبلت های اندرویدی آدرس هارد چیه چون من هر چی با نرم افزار Es file manager گشتم نتونستم هارد رو پیدا کنم ممنون میشم کسی راهنمایی کنه باتشکر
Neutral,با سلام ، در مشخصات این گوشی منظور از فلاش یعنی فلاش LED دوربین نه فلاش USB ، اگر زمانی که در قسمت مشخصات USB آن نوشته شود دارای قابلیت Otg یا ( On-the - go ) اونوقت یعنی میتونین فلاش USB را به آن وصل کنید ! !
Neutral,دوربینش از جی4 ال جی بهتره یعنی ؟
Neutral,دیجی جون این مدل دیگه قدیمی شده قربونت اون مدل جدیدش هم بیار که ازت بخریم مرسی
Neutral,بله هاردش قابله تعویضه و کافیه هارد مورد نطرتو خریداری کنی و به جایی که در پشت دستگاه جاسازی شده وارد کنی و فقظ حواست باشه که هارد خریداری شده به دستگاه بخوره و برای حل این مشکل میتونی دستگاه رو با خودت ببری .
Neutral,از خط زنش میشه برای اصلاح گونه استفاده کرد ؟
Neutral,سلام خدمت دوستان این گوشی محافظ صفحه داره یا باید براش گرفت
Neutral,Digi جان برچسب با برند printec تو بازار هست موجود کنی ممنون میشیم .
Neutral,خوب اگر این ساعت فقط پیغام میده که : ' یکی تماس گرفته یا اس ام اس داده یا ایمیل زده و متن و شماره تلفنی نشون نمی ده ' خوب به چه دردی می خوره پس ! باز که برای خوندن پیامها باید تبلت و گوشیت رو دربیاری که . خوب به جای خرید این ساعت بهتر نیست برای ایمل و پیامک و تماستون یه زنگ متفاوت انتخاب کنید ؟ ! و صدای گوشی رو زیاد بگذارید ، اینطوری هم می فهمید که یکی تماس گرفته یا پیام فرستاده ، نه !
Neutral,سلام دی جی کالا این گوشی کی موجود میشه . . چند هفته است دنبالشم ولی ندارن هیجا آکشو
Neutral,خواهشا رنگ گلدشو موجود کنید
Neutral,چطوری میتونم کیت بلوتوث را تهیه کنیم ؟ آیا در سایتتان موجود است ؟
Neutral,"سلام , کارتون خیلی درسته همگی خسته نباشید ازتون خواهش میکنم که این قاب رو برای iphone 5s هم موجود کنید قاب های 5s هم خیلی کمه و هم اینکه زیاد خاص و جوان پسند و باحال نیست لطفا قاب های 5s رو هم رسیدگی کنید جدید بیارید ممنون ."
Neutral,"سلام,بچه ها کمکم کنید,گوشیم دوروزه وای فای داره ولی حتی صفحه گوگلم باز نمیکنه تو استور نمیره.چیکار کنم خواهشن زود جواب بدید"
Neutral,با سلام لطفا خواهشا استدعا دارم تقاضا مندم رنگهای دیگر رو هم موجود کنید لطفا سپاس از مشتری مداری شما دیجی جان
Neutral,لطفا این محصول رو موجود کنید خیلیها منتظرند
Neutral,با سلام این گوشی رو تقریبا یه ماهه دارم یه بار از دستم افتاد از نیم متری رو زمین تقریبا گوشش ترک خورد ( واقعا استحکام نداره ) کلا نخریده برین قاب و محافظشو جور کنین اگه موقع کار کردن حتی کار با اینستا یا برنامه های دیگه گوشی رو روی حالت پرفورمنس نزارید از هنگ کردنش کلافه میشین ( گوشی سریعی نیست کلا در حالت بالانس ) دوربین خوبی داره و قابل قبول هست صفحه نمایش کیفیت بسیار خوبی داره همونطور که بقیه گفتن نداشتن امکان اضافه کردن رم هم خودش داستانیه ولی باید ببینین که چی از گوشی میخواین واسه من مثلا کافیه موفق باشین
Neutral,جاش توی پیشنهاد شگفت انگیز خالیه !
Neutral,دیجی جون لطفا موجودش کن . مرسی
Neutral,"سلام , نظراتو خوندم و دیدم اکثرا راضی ان و میگن خوبه از دیجی کالا خواهش دارم با این همه متقاضی یه بار دیگه تو پیشنهاد ویژه قرارش بدین خیلی ممنون"
Neutral,من یه مشکلی که تو این رابط کاربری تاچ ویز دارم اینه که گزینه ای نداره که وقتی گوشی رو به کامپیوتر وصل میکنی به عنوان یه درایو بشناسه و فقط SD کارتو بشناسه . این ویژگی تو گوشی های سونی تو قسمت connectivity وجود داره ولی تو تاچ ویز سامسونگ هنوز من پیداش نکردم . دوستانی که بلدن بگن ممنون میشم .
Neutral,مشکیش رو موجود کنید تا بخرم . از سفید خسته شدم . مشکی آوردین بهم خبر بدین
Neutral,لطفا رنگ سفیدشو موجود کنید .
Neutral,لطفا رنگهای دیگه هم بیارین تا بخریم ! !
Neutral,دوستانی که این گوشی رو داشتن لطفا نظرشونو در مقایسه با گلکسی اس تری نئو بگن
Neutral,بله تا قبل از پایان فوریه.اندروید 5 رو دریافت خواهد کرد چراغ نوتیفیکشن داره و با نرم افزارهای جانبی میشه رنگش رو تغییر داد باطری هم در شرایط استفاده معمولی 1 تا 1 . 5 روز جواب میده ولی با استفاده از نت 3جی در حدود 8 ساعت
Neutral,از نقاط قوت اون میشه به این موارد توجه کرد : 1 . بدنه ای خوش دست و عالی 2 . سایز صفحه نمایش مطلوب و کیفیت تصویر عالی 3 . بهره گیری از فناوری Beats Audio 4 . سخت افزار قدرتمند با بهره گیری از جدیدترین نسل چیپست های شرکت Qualcomm 5 . بهره مندی از اندروید 4 و بزودی اندروید جیلی بین 4 . 1 6 . دوربین 8مگاپیکسل با عکسهای عالی 7 . رابط کاربری Sense 4 . 0 و اما از نقاط ضعف میشه به موارد زیر اشاره کرد : 1 . نداشتن شیار کارت حافظه 2 . عدم ساپورت از فلش مموری ها 3 . باطری نسبتا ضعیف ( البته ضعف نیست ولی میتوانست بهتر باشد ! ) در کل One S گوشی فوق العاده ایه که از هر نظر انتظاراتتون رو برآورده میکنه و در آخر حتما برای این گوشی قاب یا کیف تهیه کنید .
Neutral,ماکه مودممون دایم وصله آیا نویز میندازه ؟
Neutral,سلام می خواستم بدونم مشکل رم نداره این گوشی
Neutral,نکات رو در بالا نوشتم من نمیدونم چرا باید یه مقاله در مورد یه کالا اون هم به زور بنویسم . از نظر دادن پشیمان شدم.خلاصه نویسی بالا در مورد نکات مثبت و منفی کفایت میکرد
Neutral,تورو خداا بدون گارانتی اینو موجود کنید بهش نیاز دارم بشدت رنگش فرقی نداره 1 . بدون گارانتی 2 . رنگ هر چی بود
Neutral,لطفا موجودش کنید .
Neutral,آلکاتل یک شرکت فرانسوی و آمریکایی که البته تو چین مونتاژ میشه و البته گوشی عالیع
Neutral,دیجی موجود کن پیشنهاد ویژه کن . تورو خدا فقط زودتر . منون
Neutral,دوستانی که این گوشی رو خریدن لطفا نظرشون رو در مورد دوام باطری ابراز کنن .
Neutral,سلام لطفا از همین مدل برای آیفون 6 هم موجود کنین . تنها مدلیه که هم باریکه هم شفاف.خواهشا موجود کنین .
Neutral,من ایفون 6 خریدم وقتی با دوربین جلو یا عقبش عکس می گیرم بعد از این که عکسو زوم می کنم می بینم که عکس یه حالت آبرنگی داره پیکسل پیکسل نیست مثل دوربین فایو اسم می خواستم ببینم برا شما هم همین طوره ؟
Neutral,راهنمایی اشتباه دادن به سایرین ، ممکن است اونها رو به اشتباه انداخته و موجب ضرر و زیانشان بشود ! اول این که این دوربین از سری BA8 و ساخت شرکت United Optics کشور چین است و برخلاف فرمایش آقای مسعود خدایی ، ساخت آمریکا نیست ! متاسفانه این شرکت چینی براساس درخواست سفارش دهنده ، دوربین ها را با کیفیت اپتیک و کوتینگ ( پوشش اندود قطعات اپتیکی ) متفاوت و با هزینه مختلف مونتاژ می کند و لوگوی سفارش دهنده را نیز روی دوربین چاپ می کند . یعنی اینکه همین مدل دوربین ، ممکن است در سری مونتاژهای مختلف و برای سفارش دهنده های مختلف ، کیفیت متفاوتی داشته باشد . بسیاری از محصولات Celestron ، William Optics ، Delta Optics و Night Sky در واقع تولید همین شرکت چینی است و در بسیاری موارد با توجه به قیمت مناسب ، نسبت به سایر دوربین های هم قیمت ، کیفیت خوب و قابل قبولی نیز دارد . من این دوربین را از نزدیک دیده ام . روی آن لوگو و برند NightSky چاپ شده بود ( لوگوی موسسه آسمان شب ) و دست کم لنز چشمی آن فاقد کوتینگ و با کیفیت پایین بود . در حالی که در یک دوربین دیگر از همین سری ، لنز چشمی آن به وضوح دارای کوتینگ سبز بود و کیفیت خوبی داشت . در مورد منشور و سایر قطعات نیز ممکن است چنین چیزی وجود داشته باشد .
Neutral,سلام انگلیسی به فارسیه ؟ یا انگلیسی به انگلیسی ؟
Neutral,کابل OTG پشتیبانی میکنه ؟
Neutral,سلام دوستان من 5400دارم اولا زود شارژ میشد بعد یه مدت ی روز میکشید که فهمیدم از کابلشه کابلشو عوض کنین حله
Neutral,باکیت 18 - 135 رو موجود کنید بی زحمت
Neutral,سلام یه سوال ؟ این دستگاه همون مدل WDBHG700NBK هستش ؟ اگه نیست مدلش چیه ؟ ممنون
Neutral,سلام اگه میشه پیشنهاد شگفت انگیزشو بذارید بدجور منتظرم که بخرمش
Neutral,سلام.اندروید مارشمالو براى این گوشى منتشر شد.لطفا گوشى خود را آپدیت کنید .
Neutral,سلام من یه سوال داشتم تو سایت زده رمش 1 . 5 گیگه ولی تو مجله ها که خوندم دیدم نوشته s4 مینی 4 مدل دارد-I 9195 - I9198 I9190 - I9192 و I9195 رمش را 2 گیگ زده بود ولی نمیدونم چرا دیجی کالا رمش را 1 . 5 گیگ زده اگه کسی میدونه بگه
Neutral,سلام چند روزی هست که خریداری کردم اما پشت مودم نوشته V1 . در صورتی که قرار بود U1 باشه.همچنین با گوشی بد وصل میشه و قطعی هم داره.دوستان میتونن راهنمایی کنن ؟
Neutral,من این لپ تاپو از دیجی کالا خریدم تازه امروز دستم گرفت ولی این سی دی یا دی وی دی درایوراش همراهش نبود .
Neutral,لطفا بیارینش دیگه.خسته شدم اینقد صبر کردم.میخام تا قبل عید یه گوشی بخرم
Neutral,آب جوش بو پلاستیک میگیره و چربی روی اب میبنده پول دور ریختنه ، به نظر من از مدلهای شیشه ای بخرید
Neutral,من دارم.ساب فوق العاده قوی و خوش کیفیتیه.قبلشم 304 داشتم قابل مقایسه نیست . JBl 1600 P1020 هم داشتم که 10 اینچه مقایسشون درست نیست.اما این قوی تره باز هم
Neutral,میلاد میرنجاتی برادر رو دکمه های F1 تا f12 یکدوم روش عکس لپ تاپ هست من الان تو عکس ها دیدم فکر کنم برای شما f5 باشه برای سویچ تصویر از اون استفاده میشه
Neutral,دوستان کسانی که پی اس بازن فیفا نخرن نمیتونن بازی کنن خیلی باید بازی کنن تا عادی بشه
Neutral,من فکر میکنم دیجی کالا باید یه قسمت ایجاد کنه توضیح درمورد ' نقش کاربری ' و به این ملت فرهیحته و تحصیل کرده و فرزانه یاد بدهد که ملت وقتی توی یه نظری اسم شخص نوشته میشه مهمان اون اسم یه شخص نیست اون نام کاربری پیشفرض کسایی هستش که مشخصات کاربریشون رو کامل نکردند . یه پیشنهاد واسه دیجی کالا واسه رفع این مشکل : به برنامه نویس هاتون بگین این قابلیتی رو که میگم اضافه کنن . که وقتی کاربر مشخصات خودش رو کامل نکرده ، به عنوان پیش فرض اسم اون شخص ( همراه دیجی ، یا دیجی من ، یا دوست دار دیجی کالا ، مهمان دیجی کالا و . . ) قرار داده بشه و بعد از اون باتوجه به تعداد شخصی که این نام بهشون تعلق گرفته یک عدد بهش اضافه بشه مثلا مهمان دیجی کالا 1 ، مهمان دیجی کالا 2 و . . اینجوری دوستانی که نظر میدهند هم نیاز به مصرف کردن فسفر سرشار مغزشون ندارند . این کار با برنامه نویسی asp.net خیلی کار راحتیه پس اگر صلاح دیدید عملیش کنید
Neutral,دیجی لطفا،حتما موجود کنید .
Neutral,منتظریم برای موجود شدنش برای خرید !
Neutral,دوستان سلام لطفا یاری کنید ! ! بنده بین 1320 و 640xl شک دارم ! ! برام بیشتر از همه عمر باتری ( بعد از یه مدت استفاده زود شارژ خالی نکنه ) و استحکام بدنه مهمه.و این که تو نور آفتاب صفحه قابل رویت باشه ! ! به نظرتون کدوم بهتره؟همینطور در موقع مطالعه و خوندن نوشته ها آیا این 0 . 3 اینچ اختلاف اندازه تاثیر محسوسی داره ؟
Neutral,20 روز میشه دارمش کیفیت صفحه بسیار بالا البته براقه تاچ پدش بسیار عالی و روان کار میکنه cpu و ram بسیار ایده آل برای کارهای روزمره و نرم افزارهای اداری و مهندسی ولی گرافیکش برای بازی مناسب نیست و در حد کارهای روزمره میباشد با تشکر از سایت محبوب دیجی کالا
Neutral,با توجه به نظرات دوستان بهترین بانده،لطفا به تعداد زیاد موجود کنید،هردفعه که موجود میشه تا به اینترنت دسترسی پیدا کنیم تموم شده؛با تشکر از دیجی کالا
Neutral,سلام خسته نباشید من مییخواهم این کالا رئ بخرم فقط لطفا رنگ مشکی و طلاییش رو موجود کنید ترو خدا موجودش کنید
Neutral,آخه من نمی دونم من می تونم با این پول یه smart tv full HD بخرم با یه ps4
Neutral,سلام دوستان یه سوال من قبلا گوشی g600 داشتم.بعد از کمی کار کردن متوجه شدم گاهی وقتا تو نصب برنامه ها گزینه install غیر فعال میشه و هرچی روش میزنی اثری نداره حالا بعد از یک سال این گوشی رو خریدم و امروز دیدم تو این گوشی هم گاهی وقتا این اتفاق میفته(تو نصب برنامه یا بازی گزینه install غیر فعال میشه ) دوستان کسی این مشکل رو داره اگه شما هم این مشکل رو دارین لطفا + بدید تا دوستانی که راه حلشو میدونن کمکمون کنن با تشکرات فراوان از دیجی کالا
Neutral,لطفا رنگ سبز شو بیارین برای s6 هست ولی برای این هم بیارین خیلی قشمگه
Neutral,اقا من میخوام این ضبطو بخرم ولی ی راهنمایی از دوستانی که خریدن میخوام این درپوش فلش جنسش چیه ؟ و چجوری باز میشه ؟ از ایناییه که به بدنه ضبط با ی تیکه پلاستیک وصل شده ممنون میشم راهنمایی کنید
Neutral,سلام شارژر من خواب شده از کجا میتونم یه دونه شارژر رو بخرم خواهشا جواب بدین
Neutral,خیلی واضح هستش . سری A درواقع نامی هست که دیجی کالا خودش برای دسته بندی گذاشته وگرنه رسمی شرکت لنوو نیست.سری A همونطور که مشخصه پردازنده اش هفت هسته ای یا همون i7 هستش و رم 8 و گرافیک NVIDIA جیفورس M840 اگه سیستم شما این مشخصات رو داره . همین سری A دیجی کالا میشه ! این لب تاپ از نظر من به عنوان کسی که یک ساله داره استفاده میکنه عالیه . خصوصن کسی مثل من که سنگین ترین کارهای گرافیکی رو شبانه روز دارم انجام میدم . کیفیت صفحه نمایش به قدری فوق العادست که بعد از کار باهاش دیگه نمیتونید به صفحه نمایش لب تاپ های دیگه نگاه کنید . طبق انچه در سایت های رسمی دیدم بهترین و طبیعی ترین کنتراست رنگی رو داره صفحه نمایشش ! کیفیت صدای بلندگوها فوق العادست ، همچنین کیفیت ضبط صداش که من چندین بار برای ضبط پروژه صداگذاری فیلم ازش استفاده کردم . از هر جهت دیگه عالیه . دو نکته منفی هم یکی این که تاچ پدش اوایل خیلی سفت بود!اما الان نرم شده ! که البته خب چون صفحه لمسی هست شاید زیاد مهم نباشه یه مورد دیگه هم این که بعد یه مدت اگر یکی مثل من باشید که مدام در حال حمل لب تاپ هست . این که وقتی لب تاپ رو میبندید کاملن چفت نمیشه.یعنی بسته میشه کامل ولی یه کم شل میشه ! و نکته اخر هم این که جنس بدنه پشت مانیتور(وقتی لب تاپ رو میبندی)یعنی روی لب تاپ رو من نپسندیدم.به شدت حساسه به لکه گرفتن و خش ! ( رنگ مشکی)که البته میشه کاور انداخت روش ! در کل : مزایا و سخت افزار قدرتمندش اینقد بهم حال داده که هرگز این نکات منفی منو ازش دل زده نکرده !
Neutral,لطفا موجودش کنین !
Neutral,"سلام,دیجیکالا موجود کن ."
Neutral,سلام لطفا هرچه سریعتر گلدش رو بیاریدمیخوام بخرم
Neutral,سلام دوستان به این مدلم میشه کیبورد وصل کرد ؟
Neutral,دیجی جان لطفا رنگ سفیدشو موجود کن
Neutral,سلام لطفا بفرمایید که قطعات japan است و مونتاز مالزی یا کلا ساخت japan می باشد(قطعات و ساخت ) ؟
Neutral,سلام اگه میشه خاکستری ش رو موجود کنید .
Neutral,چرا اندروید 4 . 2 . 2 به بالا آخه : ( ؟
Neutral,سلام دوستان . . به نظر شما این هارد بهتره یا Adata Nobility NH03 USB 3 . 0 External Hard Drive - 3TB که در دیجی کالا موجوده ؟ ؟ لطفا دلایلتون رو هم بگید . . ممنون
Neutral,دیجی شوخی شوخی با JL Audio شوخی عکس کاور زدی فکردم موجود کردی
Neutral,لطفا رنگ سفید اینو موجود کنین.ممنون
Neutral,سلام . نمی دونم چرا هیچیک از این دوربینها پیشنهاد شگفت انگیز نمیشن ؟ ضمنا ای کاش دیجی کالا کاری می کرد که مثلا ایمیل افرادی که نظر می دن رو حداقل نمایش داده بشه(در صورت تمایل کاربر ) تا بتونیم بیشتر در مورد خصوصیات کالاها با اونایی که خریدن تعامل داشته باشیم .
Neutral,خروجی کنار دکمه on و off همان خروجی 2 امپرا است . مدل 100 mah که خیلی شبیه این هست ولی یک صفحه نمایش داره که درصد شارژ و ولتاژ و امپر خروجی را نشان می دهد را خریدم و صرفا برای اطلاع دوستانی که به حق نمیتوانند خروجی 1 و 2 امپر را تشخیص بدهند این نظر را ثبت میکنم .
Neutral,این همه وقت گذشته هنوز کسی نخریده بزاریدش شگفت انگیز حتما میخریمش منتظر شگفت انگیزیم
Neutral,سلام دوستان گوشیه من یه مشکل پیدا کرده.باطریه گوشیمو یه عنوانی به اسمه gpsd داره میخوره به هیچ عنوان هم از بین نمیره.البته این مشکل تو خیلی از گوشیهای دیگه سامسونگ هم دیده شده.خواستم بپرسم کسی میدونه چجوری میشه این مشکل رو حل کرد ؟ ؟
Neutral,سلام به دوستان . دیجی جاان خواهش میکنم کیفا بیشتر بیارید یا موجود کنید . آخه این چیه ؟ ازمدلا قبلی بیار . همه میخان . ، مرسی
Neutral,این مدل که فقط با 16 ، 17 تا از گجت های سامسونگ سازگاری داره ولی Samsung Gear Live و LG G Watch و Moto 360 با تمامی دستگاه های اندرویدی سازگاری دارند چون از پلتفرم Android Wear Google استفاده میکنن
Neutral,در پاسخ به این نظر دوستان که به دقت این ترازو ایراد گرفتند بگم که سیستم این ترازو بر اساس عبور جریان الکتریکی از میان کف دو پا است و قطعا رطوبت بین کف پا و سطح فلزی ترازو حرف اول دقت را میزند . همیشه پای بدون جوراب و کمی مرطوب شده با دستمالی خیس را روی ترازو بگزارید تا نتیجه بهتری بگیرید . هرچند بازهم میگویم این ترازو یک آنالیزگر چربی و استخوان نیست و موارد را بر اساس میزان ولتاژ و جریان عبوری بین دو پا میسنجد که آن هم حدودی است .
Neutral,ای کاش رنگ مشکی اش موجود بود
Neutral,قیمت تبلت دیمو700 رو ببینید
Neutral,سلام دیجی جان اگه بذاریش تو پیشنهاد ویژه خیلی ازت ممنون میشیم . پس منتظرما دمت گرم .
Neutral,میخواستم این مدل را بخرم ، فقط میخوام بدونم آلمانیه یا چینی ؟ لطفا اطلاع بدید
Neutral,میشه بگید سیستم قرار گیری led ها Full array هست یا نه ؟ و اینکه زیر نویس فارسی رو ساپرت میکنه یا نه ؟ آقای تقوی نوشتن در مورد زیرنویس ولی مفهوم نیست حرفشون
Neutral,دوستان من میخوام اینو بخرم . . منتها از شکل آنتنش که پیداست فکر کنم باید نسبت به محصولات دیگه آنتن قوی داشته باشه . . منتها یه سوال . . اونایی که همه کانال ها رو بدون پارازیت دریافت کردن آیا آنتن دهی این دستگاه بستگی به موقعیت مکانی داره یا نه ؟ چون من یه مدل دارم متنها آنتنش تکی هست و مثل این دو شاخ نیست . . با آنتن خودش درست کار نکرد ولی با آنتن هوایی درست کار کرد . . نمیدونم این محصول با آنتن خودش کانال دریافت میکنه یا نه ! ؟ لطفا جواب بدید
Neutral,منتظر پیشنهاد ویژه برای خرید این محصول . دفعه قبل تا به خودمون جنبیدیم تموم شدش . ممنون از وقتی که میگذارید
Neutral,دی جی کلا عاجزانه التماس میکنم بیارش
Neutral,سلام من گوشیم افتاده تو آب و آب رفته داخلش چطوری میتونم این گوشیه ضدآب رو درست کنم ؟
Neutral,دوستانی که میخواند این گوشی را تازه بخرند بهتره بدونند تقلبی این گوشی تو بازار خیلی زیاد شده . یکی از دوستان من گرفته بود هم وزنش خیلی زیاد بود هم ضخامتش دائم هنگ میکرد صفحه نمایشش هم مشکل داشت . البته خرید از دی جی کالا مطمئنه
Neutral,دیجی جون هر ابزاری با موجود بودن قطعات مصرفی اش طرفدار داره خواهشمندم قطعات مصرفی این دستگاه از قبیل سنباده و . . موجود کنید تشکر
Neutral,سلام من نقدهای زیادی راجع به این دوربین خوندم و از اونجایی که برند Logitech معتبر هست و قبلا هم محصولات دیگه اش رو استفاده کردم تا حدود زیادی بهش اعتماد دارم ، اما تو نظراتی که خودنم تعدادی از کسایی که ناراضی بودن راجع مشکل نصب دانلود و نصب نرم افزار اعتراض کرده بودن و یه نفر که دو بار این وبکمو خریده بود و هر دو بار بعد از 30 - 40 روز از کار افتاده بود ، دوستان تو ایران که از این وبکم استفاده کرده ان ، نظری ، پیشنهادی ، انتقادی اگه دارن ، ممنون میشم راهنمایی کنن
Neutral,سلام من قصد دارم بعد از عید این تلوزیون و یک عدد گوشی لنوو a526 بخرم { خواهشا بعد از تعطیلات این دو کالا را فروش ویژه بزارید}ممنون
Neutral,بالاترین سرعتی که من روHTC 10 گرفتم این بود : Write 77mb/s Read 87mb/s
Neutral,درود بر شما . . اگه میشه یک نما از بخش کاغذکش اسکنر ش رو اینجا بذارین که ببینم . از دوستانی هم که این دستگاه رو خریدن ، می پرسم که آیا بخش کاغذکش اسکنرش همسان با کاغذکش 1536 ست یا نه ؟ ؟ دمتون گرم
Neutral,این محصول پلاستیکی نیست سیلیکنیه و ضرری نداره . لطفا موجود کنید
Neutral,با سلام وخسته نباشید لطفا این لبتاب را در پیشنهاد شگفت انگیز قرار دهید قصد خرید تعدادزیادی دارم با تشکر از زحمات شما
Neutral,من قصد تهیه گوشی تاشو با ویژگی های مهم زیر برای مادرم دارم.دوستانی که این گوشی را دارند راهنمایی ام کنند 1 . گوشی با باز شدن قابلیت جواب دادن داشته باشد 2 . تماس سریع داشته باشه 3 . قابلت گذاشتن عکس مخاطب داشته باشه تا موقع زنگ خوردن عکس مخاطب نمایش داده بشه ممنون
Neutral,من باطری گوشیم 300 هست دوبار گوشیم شارژکردم هنوز یک چراغی خاموش نشده . سه روز هست دارم تستش میکنم از ازمایشاسربلند بیرون اومده
Neutral,سلام عزیز عرض کنم که این گوشى دکمه هومش مجازیه و براى القا کردن حس دکمه از سیستم تپتیک انجین گوشى استفاده میشه و واقعا قسمت پایین گوشى تو نمیره و فقط شما حس میکنید که این اتفاق میفته
Neutral,دیجی من میخوام بخرم-شگفت انگیزش کن
Neutral,میشه بیارید کیف برای این مدل . .
Neutral,من میخواستم این باند از دیجی بخرم ولی به نسبت قیمت های دیجی قیمتش بالاتره پخش 8650 و امپیلی3602 رو از دیجی گرفتم منتظرم قیمت این باند هم مناسب بشه بگیرم ببندم انشالله زودتر شگفت انگیز بشه قیمتش . تا بخرمش
Neutral,یکی کمکم کنه باتریش اذیت نمی کنه
Neutral,من iPhone 5s 32 silver میخوام ولی هیچ جا پیدا نشد که داشته باشه
Neutral,دیجی تو رو خدا بیار این لپتاپو
Neutral,سلام دوستان من این گوشی رو دو روزه خریدم مدلg850a امروز عکس این گوشی رو دیدم پشتش ارم سامسونگه ولی مال من ارم att&tهست پایینش همش نوشته galaxy alpha این میتونه تقلبی باشه ؟ ولی نتایج بنچمارکش درسته نمیدونم چه کار کنم راهنماییم کنید تورو خدا
Neutral,سلام تو پیشنهاد ویژه خریدم . ته لامپ داغ میکنه . روی کارتن نوشتهPRC که میشه ساخت چین ! ! وایرانی نیست روش اسم شرکت گارانتی کننده رو نوشته اولش ادم فکر میکنه ایرانیه . ولی ظاهرش خوبه
Neutral,سلام دیجی عزیز لطفا با همین قیمت ویژه نوروز موجودش کنید امروز می خواستم بخرم ولی دیدم ناموجوده لطفا . .
Neutral,ترابی . سلام.آیا منوی این دستگاه فارسیه یا میشه اون رو فارسی کرد ؟
Neutral,سلام مجدد تو نقاط ضعف عدم وجود کلیک راست رو با مالتی تاچ رو نوشته بودم که اشتباهه ، با قرار دادن سه انگشت و تنظیم تاچ پد روی Pop up menu عمل کلیک راست صورت میگیره کماکان هیچ فانکشنی برای دو انگشت نمی شه تعریف کرد حتی با تغییر رجیستری من نتونستم چیزی فعال کنم که چندان مهم هم نیست . فرصت رو غنیمت میشمارم و چند مورد دیگه در مورد این لپ تاپ که تو نظر قبلی ندادم رو بیان میکنم . مقایسه Cpu با مدل i7 : خوبه که اشاره کنم که تمامی ویژگی های مدل I7 رو این مدل هم ساپورت میکنه مثل Virtualization و . . و حتی واحد پردازش گرافیکی مجتمع در دو پردازنده یکسانه قدرت گرافیکی لپ تاپ : اساسا این لپ تاپ برای بازی کردن و کار 3D ساخته نشده ، خیلی به وجود گرافیک مجزای 920 هم توجه نکنید ، در حقیقت اگه گرافیک مجزایی هم وجود نداشت تفاوت چندانی با وجود گرافیک مجتمع ایجاد نمی شد و 920 عملکردی در حد همون گرافیک مجتمع داره ، به شخصه اگه مدل بدون گرافیک مجزا داشت همون رو میگرفتم چون ارزش افزوده خیلی کمی ایجاد کرده . PWM در صفحه : اگه به کیفیت صفحه نمایش و خسته نشدن چشماتون خیلی اهمیت میدین صفحه ای باید بگیرید که از این متد برای کاهش نور صفحه استفاده نمی کنه گرچه من باش مشکلی ندارم ، تو برندهای مختلف و رده های قیمتی میزان استفاده از این متد متفاوته . مثلا Y900 خود لنوو ازین متد استفاده نمی کنه ولی قیمتش هم خیلی بیشتره ولی برخی از برندها تو رنج قیمت پایین تر هم ازین متد استفاده نمی کنن دمای کاری لپ تاپ : اول از همه بگم که تو بحث دمای لپ تاپ دو تا مساله مطرحه ، یکی اینکه سیستم خنک کننده تا چه اندازه قطعات داخلی رو خنک نگه میداره ، دوم اینکه دمای خود سیستم انتقال گرما تا چه اندازه به محفظه لپ تاپ سرایت میکنه و به طور بالقوه باعث ناخوشایندی کاربر میشه که مشخصا این دو تا مساله یکسان نیستن . دمای کاری این لپ تاپ کاملا وابسته به میزان کاری هست که ازش می کشید . در قسمت خنک نگه داشتن دمای قطعات داخلی تو سنگین ترین استفاده ای که من کردم با نرم افزار Real Temp و Speccy دماها رو مانیتور میکردم و به نظرم همه دماها توی رنج بودن و مشکلی ازین بابت نبود . تو استفاده سبک که دماها خیلی پایین تر هم میان و مثلا الان که فقط یه Firefox بازه دمای پردازنده ماکزیمم 40 مادربودر 40 و هارد 36 درجه است . تو لود بالای Cpu هم دمای ماکزیمم 64 درجه ثبت شده بود که پایدار هم نبود و باز هم با TJ max فاصله زیادی داره . ولی دمای سیستم انتقال حرارت وقتی کار سنگین تر باش بکنید تا حد محسوسی روی بدنه لپ تاپ حس میشه . بالای لپ تاپ داغ میشه و چون لوله انتقال حرارت سمت راست هستند قسمت سمتت راست کیبورد هم گرمای محسوسی میشه حس کرد که با افزایش لود رو لپ تاپ این گرما هم بیشتر و بیشتر میشه . تو استفاده من با کاردن با شبیه ساز اندروید و چند فایل ورد و چندین تب در فایرفاکس قسمت بالای لپ تاپ داغ میشه و قسمت راست کیبورد هم گرم ، گرچه تو استفاده سبک تر هم داغی قسمت بالا رو میشه حس کردحتی اگه رو کول پد هم بذارید این گرما باز هم وجود داره ولی کمک کننده است . البته لپ تاپ کاملا از پس کاری که من باش میکردم بر میومد . در مجموع تو استفاده وب گردی و . . گرمای قابل ملاحظه ای تو لپ تاپ ایجاد نمیشه ولی با بالابردن لود این دما بالاتر میره . مقایسه با مدل Asus : قبل از حرید میتونید نگاهی به مدل نبدیل پذیر Asus هم بندازید متاسفانه بررسی انلاینی ازون مدل وجود نداره و باید به نظرات کاربران اکتفا کنید . در حالت کلی ممکنه که ایسوز نور صفحه ماکزیمم بالاتری داشته باشه و موفق باشید
Neutral,خواهش می کنیم موجود کن تمنا داریم موجود کنید
Neutral,دیجی جان لطف کن پیشنهاد ویژه بذار بتونیم بخریم .
Neutral,سلام به دوستان . بالاخره شرایط جور شد تا این تبلتو بگیرم و بعد چندروز کار کردن نظرمو بگم . در مورد ظاهر تبلت که به نظر من بسیار شکیل و خوشگله . هر چند شاید توی زیبایی لنوو میکس 2 و توشیبا WT8 قشنگتر باشند . صفحه نمایش تبلت بسیار مناسب و قابل قبوله . تراکم و رزولوشن اون شاید یکم از نظر عددی جالب نباشه ولی توی عمل هیچ مشکلی باهاش ندارین و تمام نیازای بصری رو پوشش میده . عملکرد صفحه نمایش هم عالیه و تاچ بسیار خوبی داره . دکمه ویندوز پایین تبلت یکم منو نگران میکرد که نکنه خوش ساخت نباشه . ولی الان میبینم دکمه هم بسیار روون و بیصداست . عملکرد دستگاه رو فعلا وقت نکردم با نرم افزارای سنگین چک کنم که البته فک نکنم اصلا نرم افزار سنگین روش بریزم مگه MSP و Access و بقیه آفیس . در ابتدا که ویندوز 8 . 1 روش بود و با اولین اتصال به نت خودبخود اکتیو شد . بلافاصله با توصیه دوستمون امیر طهماسبی ، یه بک آپ ازش گرفتم برای روز مبادا که تقریبا 7 گیگ فضای فلش میگیره . بعد از طریق فایل ایزو و نرم افزار Clone drive شروع به نصب ویندوز 10 کردم . پس از نصب 10 باید آپدیت ها انجام میشد . نکته عجیب اینکه با اینترنت سیم کارت ایرانسل نمیتونست آپدیت کنه و مجبور بودم با همراه اولم هات اسپات کنم . در هر حال حدود 400 مگم دانلود آپدیتشه که بعد از اون کارت گرافیکم نصب میشه . کار با ویندوز 10 بسیار خوبو عاالی پیش میره من که راضیم . تمامی امکاناتش مناسبه فقط صدای تبلت اونم فقط در حد بعضی Notificationهای داخل ویندوز کمه . وگر نه هیچ آهنگیرو نمیتونین با صدای بلندش گوش کنین ! در مورد متعلقات ، لیبل فعلا همون A5500 رو یکم برش بدین و بزنین . کاور هم همونطور که دوستان گفتن با کمی فشار و بیخیال شدن تمامی ورودی خروجی ها ( سیم کارت ، مموری ، هدفون ، دوربین ، و . . ) ، A5500 جواب میده . هرچند من از این فری سایزا گرفتم . یه مموری SP Elite class 10 64 گذاشتم روش که به نظرم سرعتش خیلی خوبه . راستی مموری 32 گیگه داخلی هم الان 11 گیگ خالی داره که به نظرم کافیه و نگرانیم بابت فضای کمش حل شد . mobile broadband sms toolkit رو هم دانلود کردم و الان میتونم با تبلت اسمس هم بفرستم و دریافت کنم . به معنای واقعی از خریدم راضیم و نمیدونم چرا بعضیا انقدر اصرار دارن در کنار موبایل اندرویدیشون ، تبلتم اندرویدی بگیرن ؟ ؟ ! ! تنها مشکلم الان لیبل اسکرین و کاور مخصوص خودشه که ایشالا زودی وارد کنن .
Neutral,گوشی های هوآوی قبلا از cpuهای شرکت مدیاتک استفاده میکردن که برخی از اونها پرتی کارخانه بود و خیلی زود ضعیف میشدن و پاسخگوی حتی ساده ترین کارها هم نبودن به همین خاطره که سامسونگ به ندرت ویا اصلا از سی پی یو های مدیا تک استفاده نکرده و کارخانه هایی مثل اچ تی سی و سونی هم فقط در گوشی های ارزانو عامی پسند از نمونه ها وکدهای معتبر مدیاتک استفاده میکنن اما سی پی یو های هایسیلیکون شرکت هوآوی به خاطر بنچمارک عالی و کیفیت نسبتا مناسبتر احتمالا عمر و کارکرد بهتری خواهند داشت منم یه زمانی از هوآوی و سامسونگ خوشم می اومد اما الان از وقتی که ال جی دیدم عاشق رابط کاربری روان و سادش شدم و بیشتر دوست دارم ال جی بخرم تا دیگر برند ها اگر دنبال دوربین خوب هستید ال جی رو خیلی توصیه نمیکنم اما سونی وسامسونگ در ساخت دوربین خیلی از ال جی و هوآوی سر هستن چون خودشون سازنده دوربینهای برتر دنیا هستن مثل دوربینهای سری nx سامسونگ و دوربینهای سری آلفای شرکت سونی که در زمره دوربین های خوب قرار دارن
Neutral,حیف که اون لبه های تراش خورده زیبا رو گرد و معمولی کردن ، بنظرم نباید توی شکل بدنه و طراحی لبه هاش دست میبردن وقتی مدل قبلیش به این زیبایی بود
Neutral,دیجی جان بزار تو پیشنهاد ویژه د بزاارر
Neutral,بنده 1 هفتس که این گوشیو خریداری کردم از دیجی کالا با گارانتی . . زنگ زدم شرکت گارنتی کننده میخواستم بینم شرایط گارانتیش چیه . . 3 ماه گارانتی تعویض + 12 ماه گارانتی خدمات یعنی 15 ماه ! ! حرف نداره با این شرایط . . کلی خیالم راحت شد . تا الان هیچ مشکلی با گوشی نداشتم نه هنگ ( آسفالت 8 ) نه وایفای نه هیچ چیز دیگه . . سریال گوشی هم تو سایت چک کردم آنلاک فکتوری زده بود نه از اینایی که تحت سیم کارتای مختلف بودن و آنلاک شدن . یعنی بی نظیر از خریدم راضی هستم . و اما باتری . . کی میگه باتریش ضعیفه ؟ ؟ ! ! 1 روزو 14 ساعت فیکس از 100 % به 4 % رسید . . تازه لا کلی کلش بازی کردن - مکالمه - وایبر - چندتا هم ویدیو دیدم . . فقط از دیجی کالا بخرین . دی جی یدونه باشی .
Neutral,میشل شیون از برجسته ترین تئوریسین های صدا در سینما و استاد دانشگاه در این زمینه ست . وقتی شنیدم کتاب بسیار معتبر و مفید شیون به فارسی ترجمه شده ، لحظه ای برای خریدن و خوندنش درنگ نکردم . اما متاسفانه ترجمۀ کار اصلا خوب از کار درنیومده . حالا این امر یا بخاطر متن سنگین کتاب هست و یا بخاطر کم تجربه بودن مترجم . . بهرحال بهشون خسته نباشید میگم . همینکه به سراغ مقوله ای رفتند که خیلی خیلی کم بهش پرداخته شده ( صدا در سینما ) و این کتاب رو برای ترجمه انتخاب کردن ، جای تقدیر داره .
Neutral,مال من هم وصل نمیشد باید دکمه رو 2 ثانیه نگهداری تا بلوتوث روشن شه
Neutral,سلام من از این عکس سر در نیاوردم ببینم این محصول چی هست . توی هر بسته چند تاست ?
Neutral,بچه ها دوباره یه آپدیت 35 مگی اومده . خودم هنوز انجام ندادم . بعد انجامش حتما نتیجه رو میگم . لطف بقیه دوستانم نتیجه رو میگفتن .
Neutral,خیلی شاخه دمش گرم سونی
Neutral,سلام کارت شبکه های WiFi USB مثل این URL آیا می تونن به عنوان Access Point عمل کنن و یا اینکه فقط صرفا گیرنده اینترنت هستند ؟ با تشکر
Neutral,دیجی خواهش میکنم با پیشنهاد ویژه موجودش کن نذار بیشتر بابتش از جای دیگه پول بدم خواهش
Neutral,میخواستم ببینم ( چراغ 3 خط چشمک زن رو موس ) که برای باطریش هست چطوری خاموش میشه.ایا برای شما هم چشمک میزنه .
Neutral,با عرض سلام خدمت دوستان تو رو خدا کمک کنید یه پخش کنوود x700 دارم و یه آمپلی 5203 کنوود 350 w مونو میخوام این باند رو جاگزین باندای قبلی بکنم آیا آمپلی بنده توان این باند رو داره یا نه ؟ خواهش میکنک کمک کنید دوستان
Neutral,سلام از کسانی که این گوشی رو خریدن میخواستم بپرسم این درسته که قابلیت پشتیبانی همزمان از دو تا سیمکارتو نداره ؟ یعنی سیم یک فعال باشه سیم دو در دسترس نیست ؟ ؟
Neutral,این همه زور میزنه گوشی باریک بسازه ، نتیجه ش هم میشه این ؛ اینقدر باریک کرده که زده فاتحه باطری رو خونده ؛ این کاور فوق العاده زشت رو اومده طراحی کرده براش ، فاتحه باریک بودن هم خونده
Neutral,سلام ، full hd هم پخش میکنه ؟
Neutral,آیا برند هواوی با نوکیا قابل قیاس هست ! ؟ اوناییکه مقایسه میکنن مفهوم گوشی موبایلو درک نکردن هنوز
Neutral,من این فلش رو چند روز پیش از دیجی کالا خریدم امروز به دستم رسید عالیه حرف ندارم هم خیلی خوشگله هم سرعت انتقال اطلاعاتش شدیدا بالاست!امتحانی یه فایلی رو از روش ریختم رو کامپیوتر 249 mb بر ثانیه سرعتش بود ! قسم میخورم!به شما هم پیشنهاد میکنم این فلش رو از دست ندید .
Neutral,فعلا که به نظر میرسه که پلی استیشن اوله ایکس باکس دومه و نیتندو سومه و به نظر میرسه درسال دیگر هم همینطور باشه بهتره بگم پلی استیشن از نظر اینکه اینترنتی نیست و یکم گرافیکش و قیمت بهتر از ایکس باکسه ولی کینتکت ایکس باکس و قیمت بازی یکم بهتر از پلی استیشن و نیتندو هستش و نیتندو از نظر حرکتی بودنش از همه بهتره هرکی مواف+
Neutral,سلام من این گوشی رو الان یک هفته ای میشه که دارمش انداره و سبکی خوبی داره ، آنتن دهی خوب ، کیفیت تصویر متوسط دوربین ضعیف ، سی پی یو خوبی داره ولی رمش 44 هستش نه 512 ، حافظه داخلی 371mb نه 4 gb ، هیچ سنسوری نداره و از همه مهمتر اینکه کلا هنگه یعنی اگه بخاین یه تماس بگیرین باید یه 10 ثانیه ای صبر کنین تا لود بشه و اینکه هیچ بازی رو اجرا نمی کنه فیلم های hd رو با هنگ فراوان پخش میکنه و . . یه جمله کلی بگم : اگه فقط ابعاد و اندازه و سبکی گوشی براتون مهمه خوبه ولی برای اندروید بودنش نه ، نابوده
Neutral,موجودش کنین لطفا . .
Neutral,سلام من امروزاین گوشیرو خریدیم میشه گفت پرچم دار های گوشی های میان رده و حتی بالاتر هستش سخت افزار و صفحه نمایش:اولین چیزی که روش نصبکردم antutu بود ورزن 5 . 6 بود که امتیاز عالی 34762 رو بدست آورد امتیاز htlm5 هم6142 بود که اینم عایه ولی یه چیز که منو خیلی خیلی ناراحت کرد تو information نوشته بود پنلش TFT هستش ولی تو برنامه ی الکسر نوشته بود Ips:HD 720 * 1280 320 ppi خیلی عجیب بو اینجا تراکم پیکسلی نوشته که 267 و این هم جای تعجب هستش در کل صفحه نمایشش امتیاز 9 از 10 به سخت افزارش امتیاز 10 از 10 میدم . دوربین : دوربین اصلیش خیلی ها میگن در حد 13 نیست نمیگم درست نیگن ولی کیفیتش عالیه و آپشن های زیادی رو در دسرتون قرار میدهه و باید خودتون نسبت به محیط عسبرداری تنظیمش کنید که دیگهنور علا نور میشه فیلمبرداریش FULLHD هستش من حدود یک دقیقه فلیم گرفتم تو فضای باز و شرایط نوری مناسب 243 مگابایت شد و عکسش هم 5 . 17 مگابایت گرفت در نتیجه باید حتما واسش یه مموری 32 یا 64 بخرید من از 10 بدور بین اصلی اینگوش 9 . 5 میدم دوربین وبک این گوشی 4 . 9 مگاپیکسل هستش و میتونید باهش عکس های بی نظیری بگیرید در ضمن با دوربین وبکمش متونید به صورت paranoma . 360 3D . beauty face . sound shot . و یه قابلیت دیگه هم داره که میتونید بر روی عکس گرفته شده به مدت ده ثانیه صدا ظبت کنید و با دوربین جلوش میتونید به صورت hd و سرعت 30 فریم بر ثانیه فیلم برداری کنید و من به دوربین وبکمش از 10 / 10 میدم . کیفیت صدا:کیفیت صداش یه کم پاینن تر از حد انتظاره من گوشیه قبلیم هواوی g510 بود کیفیت صداش از این بالا تر بود در ضمن من منظورم از کیفیت صدا بلندی صدا هستش و من در این قسمت به کیفیت صداش از 10 / 7 میدم خافظه داخلی و حافظه ی مجازی : این گوشی هشت گسیگابایت حافظه ی داخلی داره که 5 . 14 اون در دسرس کاربر هستش و 16 گیگابایت به صورت مجازی از سایت هواوی داره که باید اول ثبت نام کنید و تا 64 gb مموری ساپورت میکنه در ضمن گوشی های هواوی ی قابلیت دارن که حافظه پیشفرض گویشیرو به sd card تغییر بده و از 10 / 10 میدم نتیجه گیری : هواوی در عرض دو سال بازار جهانی رو بدست اورد این گوشییه میان رده دراری سخت افزاری قذرتمند صفحه نمایشی بی نظیر و دوربین های عالی هستش که از نظر سخت فزاری و دوربین با پرچم دار های سال 2013 و2014 کمپانی های مختلفی مانند lg samsung و htc برابری میکه ( lg g3 galxy s4 htc one one m7 ) و ارزش خرید بسیاری داره امید وارم مفید باشه لطفا لایک فراموش نشه
Neutral,سلام دوستان عزیز کسی میدونه آپدیت این گوشی کی میاد یا اینکه اومده ممنون میشم اگه کسی میدونه جواب بده آخه من یکی دیدم که نوشته بودش آپدبت 4 . 2 . 2 براش اومده ولی من نتونستم پیداش کنم . .
Neutral,با سلام خدمت دوستان عزیز که همگی متخصص دوربین های دیجیتال هستند . ببخشید میخواستم اگه میشه این دوربینو با دوربین fujifilm xf1 مقایسه کنید و ببنید کدوم بهتره . و اینکه آیا تفاوت ها و شباهت هاشون در واقعیت هم همینجوره چون ایجور که من گشتم و میبینم فوجی خیلی بالاتر هست که البته با اندکی اختلاف ارزانتر هم هست . مدلش هم تو همین سایت دیجی کالا هست . تورو خدا اگه میشه بررسی کنید و نظرات مهمتون رو تو همون صفحه فوجی یا همینجا واسم ثبت کنید . خیلی خیلی ممنون میشم .
Neutral,برای نصب مخزن روی این چاپگر نیازمند چیپ هایی هستید که با مدل تولید آن سازگاری داشته باشد ، نمونه های موجود در بازار سازگاری با مدل های جدید این چاپگر را ندارد ، از این رو نمی توان کیت مناسب و تضمیننی آن را پیدا کرد ، البته گروه فارس اچ پی اخرا اقدام به واردات چیپ های بروز این چاپگر نمونده است و احتمالا از ماه آینده کیت های آن را به بفروش می رساند ، این چاپگر ها قیمت بسیارم ناسبی در مقایسه با نمونه های مشابه دارد ، و نصب مخزن روی آنها توام با کاهش هزینه مواد مصرفی بوده که گزینه مناسبی برای کاربران هست . البته با توچه به نوع پیگمنت برای جوهر مصرفی مناسب چاپ عکس نیست .
Neutral,مدل های قبلی آیفون من معمولا ایرادم این بود که اپل پول مارکشو میگیره ولی این اپل از اون اپلا نیست ، . . واقعا وقتی دستت میگیری از سامسونگ و اچ تی سی و سونی دلزده میشی . .
Neutral,سلام خیلی از دوستان سوال کرده بودند که چرا مدل gpu دستگاهشون mali t624 هست در حالی که طبق اعلام اکثر سایت ها gpu این گوشی باید mali t628 - mp4 باشه . جالبه بدونید که در زمان تولید این گوشی شرکت arm جی پی یو mali t628 رو در دو مدل t628 - mp4 با چهار هسته و t628 - mp6 با هشت هسته تولید می کرد . اما اخیرا اقدام به تغببر نام این دو محصول کرد و مدل هشت هسته ای رو t628 و مدل چهار هسته ای رو t624 نامگذاری کرده . پس در حقیقت mali t624 همون mali t628 - mp4 هست که تغییر نام پبدا کرده و چون اکثر سایت ها اطلاعاتشون رو به روز نکردند مدل gpu گوشی های جدید با اونچه که در سایت ها اومده متفاوته . با تشکر
Neutral,جواب به سوال سرکار آقا یا خانم رمضانی رمضانی : سلام دوست عزیز منم این گوشیو حدوده یه ماهه خریدم راستش منم از باتریش راضی نیستم ، دیر شارژ میشه و زود خالی میکنه در مورد شارژش ، میشه با تعویض شارژر مشکلو حل کرد و در مورد اصلی بودن باطریش باید گفت به احتمال زیاد اکثرشون اصلین اما ' دلیل اصلی ' زود به زود خالی کردن باتری ، پردازنده ی هشت هسته ای همیشه فعالش و صفحه نمایش بزرگ و پر نورشه پس مصرف باطریش منطقیه و جای نگرانی نیست
Neutral,رنگ سبز شو موجود کنید لطفا
Neutral,سلام سرعت پرینتش پایینه و یکی یکی پرینت میگیره . . تنظیماتشو چطورباید درست کنم ؟
Neutral,در جواب آقای مجدی نسب باید عرض کنم که اصلا این طوری نیست حتما مال شما خراب است
Neutral,با سلام ، ، ممنونم از پاسخ دادن به تقاضاى من اینجا نوشته شده که براى خرید نوزده هزار تومان تخفیف داده میشه میخواستم اگه براى خرید مراجعه کنم بشما قیمت این کیف چقدر هستش در ضمن من این کیف را براى اى پد ایر میخواستم
Neutral,درضمن دوستان اگه کسی لوازم جانبی این گوشی رو گیر نیاورد توی گوگل سرچ کنین لوازم جانبی الجی جی3بیت فروشگاهایی که لوازمشو دارن نشون میده سفارش بدین هم خشگیر و انواع قاب ورم هستش که براتون پست میکنن . .
Neutral,درود ضمن عرض خسته نباشید خواهشی که دارم در صورت امکان در بخش کتاب های صوتی به خصوص نوشته های آقای برایان تریسی یک مقدار حراج و فروش فوق العاده در نظر بگیرید تا بتونیم کتابهای صوتی بیشتری خریداری کنیم . با سپاس
Neutral,ابعادش چه قدر دیجی جان
Neutral,دیجی لطفا دسته های الایت بیار
Neutral,به نظرتون اینو بگیرم یا a7 مدل f?لطفا جواب بدید.ممنون
Neutral,سلام به همه دیجی کالایی ها موس خیلی خوب و خوش دستیه اما دکمه وسط یا همون لغزندش مشکل داره چکار کنم ؟ ممنون
Neutral,موجود شه
Neutral,تو فاصله 7 8 متری با مودم هس pc ولی انتن نمیده
Neutral,دیجی جان لطفا تو پیشنهاد ویژه ی شب یلدا بزارش
