سامسونگ با عرضه‌ی گلکسی اس ۶ در سال یییی توانسته بود که با تولید اولین موبایل هوشمند اندرویدی با تمرکز بر طراحی آن، روند تولید محصولات مشابه در بازار را تغییر دهد. روندی که به امروز نیز تاثیراتش را مشاهده می‌کنیم اما اکنون پس از گذشت ی سال از تاریخ عرضه این موبایل به نظر می‌رسد که سامسونگ دیگر قصد ندارد برایش به روز رسانی جدیدی عرضه کند و به شکلی به عمر گلکسی اس ۶ پایان داده است. البته گلکسی اس ۶ تا به امروز توانسته عمری ی ساله داشته باشد که در بازار امروز تلفن‌های هوشمند، و عمر ی دوساله‌ی موبایل‌های سامسونگ زمان مناسبی است. در نظر داشته باشید که آخرین به روز رسانی برای این گجت در اسفند ماه سال گذشته عرضه شد و بدین ترتیب تا به حال دو نسخه‌ی کامل سیستم عامل برای این موبایل عرضه شده است. بعلاوه اینکه مشکلات امینتی بسیاری نیز با این آپدیت‌ها رفع شده است. بر اساس این به روزرسانی، این موبایل هوشمند قادر خواهد بود حتی عمر بیشتری هم داشته باشد اما به هر حال دیگر به روز رسانی جدیدی توسط کمپ-ن- کره‌ای برای آن منتشر نخواهد شد. درست است که اعلام رسمی سامسونگ، بدین معنی است که گلکسی اس ۶ عمر خود را با پشتیبانی از سیستم عامل اندروید ۷ به پایان خواهد برد اما باز هم ممکن است به روز رسانی ‌های امنیتی جدید و حتی قابلیت‌هایی از سیستم عامل اندروید ۸-۱ نیز برایش عرضه شود. البته سامسونگ اعلام کرده که هنوز از گلکسی اس ۶ اج و اکتیو پشتیبانی خواهد کرد و این تلفن‌های هوشمند توسط این شرکت چند ماه دیگر نیز به روز رسانی خواهند شد. این اتفاق می‌تواند بدین علت باشد که موبایل‌های مذکور چند ماه دیرتر از گلکسی اس ۶ به بازار عرضه شده بودند و طبیعی است که عمرشان نیز قدری بیشتر باشد اما با این حال بعید است که این موبایل‌ها بتواند تا پایان تابستان امسال به زندگی خود ادامه دهند.,علمی فناوری,4,320
به نظر می‌رسد که گوگل قصد دارد که نحوه ارتباط خود با تولید کنندگان موبایل‌ اندرویدی را تغییر دهد و شرکت‌های اروپایی برای در اختیار کذاشتن امکانات خود پول دریافت کنند. پیش از این تولیدکنندگان دیوایس‌های اندرویدی هیچ گونه هزینه‌ای برای قراردادن سرویس‌ها و اپلیکیشن‌های گوگل در گجت هایشان دریافت نمی‌کردند. حال قضیه کمی فرق کرده و گوگل قصد دارد تولید کنندگان اروپایی موبایل‌ اندرویدی را مجبور کند، هزینه‌ی استفاده از اپ‌هایش را پرداخت نمایند. پیشتر به گوگل تذکر داده شد که نباید به صورت غیر قانونی گوگل کروم خود را با اپ‌های جستجوی دیگر سیستم عامل اندروید همگام سازی کند. بدین ترتیب کمپ-ن-‌های سازنده، اکنون مجبورند کروم، پلی استور و اپلیکیشن‌های موبایلی گوگل را تک تک دریافت نمایند. بدین ترتیب همگی آنها ممکن است به صورت بسته‌ای در دسترس کاربر قرار نگیرد. تا به حال گوگل هزینه‌ای بابت استفاده از اپلیکیشن‌های یاد شده درخواست نکرده بود چرا که می‌توانست از سرچ‌ها و گوگل کروم درآمد زیادی کسب کند. حال که این قابلیت را ندارد، مجبور شده که روش دیگری برای درآمدزایی خود پیدا کند. البته هنوز مشخص نیست که گوگل قصد دارد چه مقدار هزینه برای لیسانس کدامیک از اپلیکیشن‌هایش دریافت کند. هیروشی لاکهایمر سرپرست اندروید با انتشار پستی در این باره گفت: پیشتر، سرچ گوگل و مرور کروم به همراه دیگر اپلیکیشن‌های ما روی سیستم عامل اندروید نصب شده بود. بدین شکل ما می‌توانستیم هزینه‌ی لازم برای توسعه و توزیع مجانی آن را تامین کنیم. حال تصمیم گرفته‌ایم سیستم جدیدی برای قرارداد مجوز استفاده از اپلکیشین‌هایمان روی تلفن‌های هوشمند و تبلت‌های اندرویدی منطقه‌ی اقتصادی اروپا درنظر بگیریم. البته گفتنی است که سیستم عامل اندروید به طور کلی مجانی خواهد بود و هیچ تولید کننده‌ای برای استفاده از آن در موبایل‌ اندرویدی خود مجبور نیست هزینه‌ای پرداخت نماید. بدین ترتیب کاربران مجبور خواهند بود در صورت نیاز به اپلیکیشن‌های دلخواه شرکت گوگل، آنها را یکی یکی دانلود کرده و از آنها استفاده نمایند.,علمی فناوری,4,314
شرکت Starkey که یک شرکت نامی در زمینه تولید سمعک‌های پیشرفته محسوب می‌شود امسال نیز با سمعک جدید خود در نمایشگاه CES یییی درخشید. این شرکت از حسگرها و فناوری هوش مصنوعی به منظور بهبود کیفیت صدا در توسعه سمعک‌ها استفاده می‌کند. برخی از سمعک‌های Starkey نامریٔی هستند و کاملا در داخل کانال گوش قرار دارند، در حالی که دیگر سمعک‌ها قابل شارژ می‌باشند و می‌توانند با گوشی هوشمند، تلویزیون یا سیستم صوتی ماشین ارتباط برقرار کنند. در نمایشگاه CES یییی این شرکت از سمعک Livio AI خود رونمایی کرد. این سمعک همانند یک ردیاب بدن برای نظارت بر مغز و سلامت جسمانی عمل می‌کند. این سمعک با یک برنامه گوشی هوشمند همراه است که کاربران توسط آن می‌توانند اطلاعات درباره سلامت خود را مشاهده کنند. این سمعک به دلیل حسگرهای حرکتی و مانیتور ضربان قلب که درون آن تعبیه شده است می‌تواند این اطلاعات را برای کاربر فراهم آورد. علاوه بر اطلاعات درباره سلامت کلی فرد، سمعک Livio AI همچنین بر روابط کاربران نیز نظارت داشته و می‌تواند اطلاعاتی درباره میزان ارتباط کاربر در محیط‌های اجتماعی را نیز به وی ارایٔه دهد. یکی از ویژگی‌های خاص این سمعک این است که قابلیت ترجمه را نیز دارد، این به آن معنا است که این سمعک می‌تواند مکالمات افراد با بیش از یی زبان مختلف را به صورت مستقیم و بلافاصله برای کاربر ترجمه کند. این ویژگی به حدی خاص است که حتی افرادی که مشکل شنوایی ندارند نیز مشتاقند تا آن را امتحان کنند. ۵۶۵۶,علمی فناوری,4,245
آسیب پذیری‌های ملت داون و اسپکتر در ماه‌های اخیر هیاهوی زیادی به پا کردند. هکرها می‌توانستند به سادگی تنها با هدایت قربانیان به وبسایت آلوده، اطلاعات را به سرقت ببرند. به روز رسانی هایی که برای رفع اسپکتر ارایٔه شد کارایی کامپیوترها را به میزان قابل توجهی پایین آورد و حتی برخی از سیستم‌ها کاهش کارایی ۵ تا ۳۰ درصدی را تجربه کردند. اما ظاهرا تأثیر آسیب پذیری اسپکتر بر کارایی قرار است در به روز رسانی آتی ویندوز ۱۰ به میزان زیادی کاهش یابد. نسخه پیش نمایش آپدیت ۲۰۱۹ ویندوز ۱۰ (به اصطلاح ۱۹H۱ مربوط به نیمه اول سال آتی میلادی) که اخیرا برای کاربران اینسایدر مایکروسافت عرضه شده در کنار بهبودها و قابلیت‌های جدیدی که با خود دارد ظاهرا شامل رفع حمله مبتنی بر نسخه دوم اسپکتر است و مشکل کاهش سرعت سیستم‌ها را حل خواهد کرد. به نظر می‌رسد با آپدیت جدید، پردازنده‌های قدیمی دیگر قرار نیست با سرعت پردازنده‌های ۱۰ یا ۱۵ سال پیش کار کنند. به گفت یکی از اعضای تیم کرنل ویندوز، به روز رسانی آتی مرتبط با اسپکتر تنها یک تا دو درصد روی کارایی سیستم تأثیر منفی خواهد داشت و به عبارتی در بیشتر شرایط را به حدی کاهش پیدا می‌کند که تنها می‌توان آن را مشابه یک نویز در نظر گرفت. از آنجایی که مایکروسافت قصد ندارد این به روز رسانی را تحت یک آپدیت کوچک ارایٔه دهد به این ترتیب کاربران مجبورند سیستم عامل خود را به نسخه جدید به روز کنند تا مشکل کاهش کارایی سیستمشان حل شود. این موضوع احتمالا گله کاربرانی را به همراه خواهد داشت که برای دریافت آخرین نسخه صبر می‌کنند تا از پس دادن امتحان و بی عیب و نقص بودن آن مطمیٔن شوند. تماشا کنید: پلان؛ آشنایی با حفره‌های امنیتی اسپکتر و ملتداون در پردازنده‌ها,علمی فناوری,4,292
طراحی، ساخت و آزمایش این لباس‌های چندین لایه که نیم تنه بالایی آن حتما دارای لایه فلزی از آلیاژ بسیار سختی است مراحل مختلفی دارد که یک به یک در کارخانه سازنده و محل آموزش فضانوردان بررسی می‌شود. جدا از همه این آزمایش‌ها، هر فضانورد خود نیز باید لباس را ساعت‌های متمادی بپوشد و به شکل‌های مختلف از جمله ایجاد شرایط بی وزنی به مدت چند ثانیه که در شرایط پروازی خاصی بوجود می‌آید، داخل استخرهای مخصوص در مراکز آموزش فضانوردان و اتاقک خلاء آن را بیازماید و با آن تمرین کند تا در زمان استفاده در فضا با مشکل مواجه نشود. اتاقک خلاء در کارخانه سازنده چیزی شبیه به یک تانکر بزرگ است که لباس در آن قرار دارد. فضانورد بعد از ورود به اتاقک این لباس را می‌پوشد. بعد از آزمایش اولیه لباس و اطمینان از کارآیی درست آن، در اتاقک بسته شده و هوا تخلیه می‌شود. در این زمان فضانورد باید از زاویه‌های مختلف از جمله میزان چالاکی- در فضا بسیار مهم است- کارکرد لباس را امتحان کند و از طریق رادیویی همچنین دوربین موجود در اتاقک به کارشناسان اطلاع دهد. دلیل این حساسیت‌ها، تجربه است که الکسی لیٔونف نخستین کسی که در فضا راهپیمایی کرد به دست آورد. لباس راهپیمایی فضایی لیٔونف قبلا در زمین و شرایط خلاء آزمایش شده بود اما بعد از آن که او به راهپیمایی فضایی خود پایان داد و می‌خواست به سفینه برگردد، متوجه شد درجه خلاء بوجود آورده شده در زمین کمتر از شرایط واقعی در فضا است و لباسش باد کرده و نمی‌تواند از دریچه سفینه عبور کند و به داخل ناو برگردد. لیٔونف دست به عمل خطرناکی زد و فشار داخل لباس را پایین آورد تا بتواند از دریچه عبور کند. این تجربه تلخ و خطرناک باعث شد در سال‌های بعد، کارشناسان در طراحی و ساخت لباس و بعد از آن در زمان آموزش و تمرین فضانوردان دقت بیشتری به خرج دهند. ۵۶۵۶,علمی فناوری,4,315
محققان Desney Research روی هر وسیله جالبی که تصور کنید کار می‌کنند. از کتی به نام Force گرفته که تجربیات واقعیت مجازی در ارتفاع را محقق می‌کند تا ربات آکروباتی در ابعاد مشابه به انسان، این تیم هر ایده جاه طلبانه و جالبی که به ذهنش می‌رسید را به محصولی واقعی تبدیل می‌کند و درصد اندکی از آنها در مسیر توسعه هرچه بیشتر قرار می‌گیرند. اما تازه‌ترین ایده‌ای که از آزمایشگاه‌های دیزنی بیرون آمنده بیشتر از آنکه سرگرمی محور باشد، به درد کارهای نگهداری از بناها و وسایل سرگرمی می‌خورد. PaintCopter همانطور که از نامش بر می‌آید پهپادی با قابلیت اسپری کردن رنگ است که به خاطر هوشمندی اش، نه تنها در رنگ آمیزی سطوح تخت، بلکه در طراحی اشیای سه بعدی هم کاربرد دارد. ایده کلی اینست که با سپردن رنگ آمیزی یک سطح به پهپادها، دیگر نیازی به داربست‌های فلزی نیست، وقت کمتری صرف می‌شود و امنیت کارکنان نیز به خطر نمی‌افتد. این پهپاد چهار پره -که در واقع مدلی دستکاری شده از پهپاد DJI Matrice ۱۰۰ است- به جای باتری به صورت مستقیم و با کابل به یک منبع انرژی روی زمین متصل می‌شود و تا زمانی که رنگ آمیزی به پایان نرسد، فرود نخواهد آمد. به همین ترتیب، به جای پر کردن دایٔمی مخزن رنگ، پهپاد دیزنی به صورت مستقیم به کانتینری بزرگ متصل می‌شود. اما موضوع فقط درباره فرستادن پهپادها به نقطه‌ای مرتفع و فشردن دکمه رنگ آمیزی نیست. تکنولوژی محققان دیزنی ساخته شده تا پهپاد قادر به انجام کارهای خود به صورت خودکار باشد. بنابراین قبل از آغاز رنگ آمیزی، دوربین پهپاد از محیط نقشه برداری می‌کند. سپس با استفاده از اطلاعات جمع آوری شده، طراح قادر به تعیین چگونگی اعمال رنگ بر سطح است؛ که می‌تواند بین رنگ آمیزی سنتی یا رنگ آمیزی با جزییات بیشتر متغیر باشد. هنوز مشخص نیست که دیزنی قصد دارد یک روز از این تکنولوژی در جذاب‌تر کردن هرچه بیشتر پارک‌های تفریحی خود استفاده کند یا آن را به عنوان محصولی تجاری به بازار بفرستد. اما فارغ از این‌ها، ایده‌ای که دیزنی در ذهن داشته بدون شک مجددا بر پتانسیل‌های نهفته پهپادها صحه می‌گذارد.,علمی فناوری,4,346
به گزارش خبرآنلاین، محققان دانشگاه زوریخ می‌گویند تجویز داروهای کاهنده کلسترول / Statins برای افراد عادی که ناراحتی قلبی هم ندارند، مؤثر نیست. {لینک} تحقیقات مذکور درباره افرادی صحبت می‌کند که ناراحتی قلبی نداشته و پزشکان در حالت موسوم به Primary Prevention برایشان استاتین تجویز می‌کنند. این حالت یعنی قبل از اینکه بیماری رخ دهد، جلوی آن گرفته می‌شود، درست مانند واکسیناسیون در بدن که حالت پیشگیری دارد. اما داروهای استاتین یا کاهنده کلسترول یکی از پرتجویزترین داروها در جهان است که توسط پزشکان نسخه‌پیچ می‌شود. این دارو با مسدود کردن آنزیم موسوم به HMG-CoA مانع از ساخت کلسترول توسط کبد می‌شود. اغلب پزشکان برای افراد عادی که ممکن است ظرف ۱۰ سال آینده با مشکل قلبی روبرو شوند، استاتین تجویز می‌کنند که به گفته محققان سویٔیسی ممکن است این تجویز مفید نباشد، اما آن‌ها شواهدی دال بر فرضیه خود نمی‌آورند. دو نهاد ACC و AHA در آمریکا در سال ۲۰۱۳ بر اساس اختلاف‌نظر میان متخصصین، راهنمای جدیدی برای مصرف استاتین منتشر کردند. در نظر جدید گفته‌شده است که افرادی که ممکن است ظرف ۱۰ سال آینده با ناراحتی قلبی روبرو شوند، اگر درصد خطر بالاتر از ۷-۵ درصد باشد، پزشکان می‌توانند استاتین تجویز کنند. در تحقیق محققان زوریخ آمده است که خطر مصرف استاتین برای مردان ۷۰ تا ۷۵ سال برای افرادی که ناراحتی قلبی نداشتند، خطرناک‌تر از عدم مصرف بوده است. (با میزان خطر ۲۱ درصدی) در زنان ۷۰ تا ۷۵ ساله رقم خطر ۲۲ درصد ذکرشده است. ۵۶۵۶,علمی فناوری,4,241
انویدیا پیش از این هشدار داده بود که پایان پشتیبانی از نسخه‌های ۳۲ بیتی درایورهای کارت گرافیک این کمپ-ن- نزدیک است. اکنون زمان دقیق این تصمیم مشخص شده است. بر اساس اعلام انویدیا پشتیبانی از درایورهای یاد شده در انتهای ماه آوریل سال جاری (۱۰ اردیبهشت ماه) پایان خواهد یافت- به این ترتیب کاربران پس از آن دیگر قابلیت‌های جدیدی را در قالب به روز رسانی هایی برای برنامه GeForce Experience دریافت نخواهند کرد- البته این کمپ-ن- اعلام کرده که همچنان تا ژانویه سال ۲۰۱۹ (دی تا بهمن ماه سال ۱۳۹۷) به عرضه به روز رسانی‌های امنیتی ادامه خواهد داد- در نتیجه استفاده از درایورهای ۳۲ بیتی پس از این تاریخ می‌تواند ریسک‌های امنیتی را برای کاربران به دنبال داشته باشد- طبیعتا این موضوع شامل تمامی کاربرانی که روی کامپیوتر بهره مند از سخت افزار ۶۴ بیتی خود، نسخه‌ای ۳۲ بیتی از سیستم عامل را نصب کرده‌اند نیز خواهد شد- تصمیم اخیر انویدیا شامل تمامی مدل‌های کارت گرافیک قدیمی سری فمینی و نیز مدل‌های جدیدتر سری GTX این کمپ-ن- می‌شود- بنا بر گفته این شرکت درایورهای نسخه ۳۲ بیتی سیستم عامل‌های ویندوز ۷، ۸، ۸-۱ و ۱۰، لینوکس و FreeBSD شامل موضوع عدم پشتیبانی مورد بحث خواهند بود- این مسیٔله احتمالا بسیاری از کاربران را مجبور خواهد کرد کارت گرافیک خود را تعویض کنند، سیستم عامل نسخه ۶۴ بیتی را (در صورت امکان) نصب نمایند، یا در نهایت ریسک خطرات امنیتی ناشی از درایورهای قدیمی یا احتمال ناسازگاری آنها با برنامه‌ها یا بازی‌های جدید را بپذیرند. از سوی دیگر از آنجایی که نرم افزار‌های ۱۶ بیتی روی سیستم عامل‌های ۶۴ بیتی قابلیت اجرا ندارند، بسیاری از کاربران برای این منظور از نسخه‌های ۳۲ بیتی سیستم عامل‌ها استفاده می‌کنند. بدین ترتیب تصمیم اخیر انویدیا می‌تواند این گروه از کاربران را نیز تحت تأثیر قرار دهد.,علمی فناوری,4,294
به تازگی سیارکی صد متری که برخورد آن با زمین یک شهر را به طور کامل تخریب می‌کرد، با فاصله نزدیکی از بیخ گوش ما عبور کرده است. این سیارک که ۲۰۱۸ GE۳ نام گرفته و نخستین بار شنبه گذشته توسط دو مؤسسه رصد اجرام فضایی در آریزونا شناسایی شد، نصف فاصله بین کره زمین و ماه تا برخورد فاصله داشته است. قطر ۲۰۱۸ GE۳ بین ۴۷ تا ۱۰۰ متر و سرعت آن ۱۰۶۴۹۶ کیلومتر در ساعت برآورد شده که برای نابود کردن یک شهر به صورت کامل کفایت می‌کند. این سیارک کمتر از ۲۴ ساعت پس از شناسایی از فاصله ۱۹۲ هزار کیلومتری رد شده؛ هرچند شناسایی سیارک در فاصله نزدیکی با زمین چندان تازگی ندارد اما ۲۰۱۸ GE۳ یکی از بزرگترین اجرام فضایی است که تا این حد به زمین نزدیک شده و بر اساس اطلاعات پایگاه داده ناسا تنها در سال‌های ۲۰۰۱ و ۲۰۰۲ سیارک هایی بزرگتر از ۲۰۱۸ GE۳ در فاصله‌ای مشابه از کنار زمین رد شده‌اند. سیارک ۲۰۱۸ GE۳ در حال رد شدن از کنار زمین در صورت ورود ۲۰۱۸ GE۳ به جو زمین بخشی از آن پیش از برخورد از بین میرفت اما بر اساس زاویه ورود، سرعت و ترکیبات آن قسمتی از آن به سطح زمین می‌رسید و خسارت بزرگی را به بار می‌آورد. برای مثال در سال ۲۰۱۳ شهاب سنگی چندین برابر کوچکتر از ۲۰۱۸ GE۳ پس از ورود به آسمان روسیه و بر اثر برخورد با جو متلاشی شده بود اما با این وجود هم در اثر شکستن و خرد شدن پنجره‌ها به مجروح شدن ۱۵۰۰ نفر منجر شد. یکی از خطرناک سیارک هایی که بر اساس برآوردهای صورت گرفته در سال‌های آتی از کنار زمین رد خواهد شد ییییی آپوفیس نامیده شده که با ۳۲۵ قطر رکورد بی سابقه‌ای را از خود به جای خواهد گذاشت. پیش از این دانشمندان از احتمال ۳ درصدی برخورد آپوفیس با کره زمین خبر داده بودند که در سال ۲۰۱۳ و بر اساس تحقیقات جدید احتمال آن رد شد.,علمی فناوری,4,325
جان مک آفی، بنیانگذار آنتی ویروس مک آفی که در انتخابات ریاست جمهوری سال ۲۰۱۶ از قصد خود برای کاندید شدن خبر داده بود و البته کناره گیری کرده بود، در سال ۲۰۲۰ و با هدف خدمت به جامعه ارزهای مجازی کاندید خواهد شد. مک آفی در طول دوران زندگی خود راه پر فراز و نشیبی را طی کرده؛ او که در انگلستان متولد شد و به آمریکا مهاجرت کرد. پدرش که با اعتیاد دست و پنجه نرم می‌کرد خودکشی کرد. سپس خود مک آفی در دوران تحصیل به مصرف مواد مخدر روی آورد. در ادامه شرکت امنیتی مک آفی را تأسیس کرد و سپس سهام خود در این کمپ-ن- را فروخت و به کشور بلیز نقل مکان کرد. مدتی بعد به قتل همسایه خود متهم شد و در نهایت به آمریکا باز گشت. مک آفی اکنون اعلام کرده اگر از او درخواست شود، در حزب آزادیخواه فعالیت خواهد کرد و در غیر این صورت حزب خود را به راه خواهد انداخت. مک آفی در ماه سپتامبر سال ۲۰۱۷ (شهریور تا مهر سال ۹۶) گفته بود: شما بیت کوین را کلاه برداری می‌خوانید. من بیت کوین استخراج می‌کنم. ما بیت کوین را می‌سازیم. تولید هر واحد بیت کوین هزینه‌ای بیش از ۱۰۰۰ دلار دارد. هزینه تولید هر دلار آمریکا چه قدر است؟ کدام یک کلاه برداری است؟ چون تولید دلار [تنها] به اندازه هزینه کاغذ، هزینه بر می‌دارد. او همچنین در مورد احتمال برنده شدن خود در انتخابات اظهار نظر کرده: تصور نکنید که من شانسی برای برنده شدن دارم. یکی از دنبال کنندگان اکانت توییتر مک آفی ادعا کرده که حتی اوپرا وینفری، مجری مشهور می‌تواند او را در انتخابات ریاست جمهوری شکست دهد. مک آفی در پاسخ به او اعلام کرده که تقریبا هر شخصی می‌تواند او را شکست دهد. با این حال او اعتقاد دارد که مسیٔله مهم این است که صرف نظر از اینکه چه کسی انتخاب شود، او در هر صورت روی صحنه خواهد بود.,علمی فناوری,4,320
این که سد بزرگ مرجانی استرالیا، در معرض خطر جدی قرار دارد، موضوع مشخصی است و راههای بسیاری برای کنار آمدن با این مشکل پیشنهاد شده‌اند. آخرین راه حل پیشنهاد شده برای این مشکل، استفاده از ربات‌هایی است که می‌توانند نقش طوفان را بازی کنند و با پخش لاروها میان صخره‌های مرجانی، به رشد دوباره آنها کمک کنند. سد بزرگ مرجانی در سال‌های ۲۰۱۶ تا ۲۰۱۷ در معرض رخدادهای بزرگی قرار گرفته است. شرایط غیرمعمول دریا مانند آب‌های گرم‌تر از حد معمول، می‌توانند به رشد جلبک روی مرجان‌ها، سفید شدن و از بین رفتن آنها منجر شوند. پیش از این، پژوهشگران دانشگاه فناوری کویٔینزلند (QUT) استرالیا، نوعی ربات خودکار موسوم به رنجربوت (RangerBot) ابداع کردند که می‌توانست شیرماهی‌ها را از بین ببرد و به این شکل، از صخره‌های مرجانی محافظت کند- اکنون پژوهشگران دانشگاه کراس جنوبی (SCU) و دانشگاه فناوری کویٔینزلند در پروژه جدیدی، نسل جدیدی از رنجربوت موسوم به لاروال‌بوت (LarvalBot) ارایٔه داده‌اند که می‌تواند هنگام تخم‌ریزی سالانه، لاروها را در سرتاسر تپه‌های مرجانی پخش کند- انتظار می‌رود با این کار، هم تعداد مرجان‌های کوچک تا ۱۰۰ برابر افزایش یابد و هم مرجان‌ها بیشتر در قسمت‌هایی که به آنها نیاز است، قرار بگیرند- در این روش جدید، میلیون‌ها لارو از صخره‌های مرجانی جمع‌آوری می‌شوند و پرورش آنها تا مرحله تبدیل شدن به مرجان‌های کوچک، در مخزن‌های بزرگ صورت می‌گیرد- گفته می‌شود این مخازن که در حال حاضر در مرحله ساخت هستند، ۳۰ متر قطر دارند و قرار است بزرگترین آنها نیز در آینده ساخته شود- پروفسور پیتر هریسون (Peter Harrison)، استاد دانشگاه کراس جنوبی گفت: پرورش لاروهای بزرگ و انتقال آنها با کمک لاروال‌بوت، به ما امکان می‌دهد به بازگشت دوباره بسیاری از لاروهای مرجانی به چندین تپه کمک کنیم. وی افزود: آزمایش‌های مورد نظر برای نخستین استفاده از لاروال‌بوت، در ماه نوامبر صورت خواهد گرفت. ما امیدواریم لاروال‌بوت، ابزار موثری برای نجات سد بزرگ مرجانی از تغییرات اقلیمی باشد. ۵۶۵۶,علمی فناوری,4,312
پژوهشگران از نوعی سیستم جدید هوش مصنوعی رونمایی کرده‌اند که می‌تواند با بررسی تصویر چهره افراد، سن آنها را حدس بزند. این روش جدید، روی بیش از هشت هزار عکس آزمایش شد و توانست راه را برای پیش‌بینی دقیق‌تر سن حتی با دیدن قسمت کوچکی از تصویر فراهم کند. پژوهشگران شرکت هاوت ای‌ال () که فعالیت آن، در حوزه مراقبت‌های پوستی با کمک هوش مصنوعی است، ۸۴۱۴ تصویر بدون نام را به صورت تصادفی مورد بررسی قرار دادند تا دقت این سیستم را بررسی کنند. آنها در این بررسی دریافتند که پوست گوشه‌های چشم و ناحیه کلی پلک، موثرترین قسمت‌های بدن در تعیین سن هستند. آناستازیا جورجیوسکایا (Anastasia Georgievskaya)، مدیرعامل شرکت هاوت ای‌ال گفت: آینده این تجارت، در شخصی‌سازی است و من امیدوارم که این پژوهش، پایه‌ای برای مراقبت‌های مربوط به پوست و سلامت با کمک هوش مصنوعی شود- شاید درک بسیاری از فرآیندهای زیستی پوست با کمک هوش مصنوعی، نتایج غیرمنتظره‌ای را در این زمینه رقم بزند- به گفته پژوهشگران، این فناوری، گامی به سوی ابداع ساعت‌های بررسی روند پیری مبتنی بر هوش مصنوعی محسوب می‌شود که می‌توانند همه مراحل فرآیند افزایش سن را مورد بررسی قرار دهند- دکتر الکس ژاوورونکوف (Alex Zhavoronkov)، مدیرعامل شرکت زیست‌فناوری اینسیلیکو مدیسین (Insilico Medicine) گفت: این پژوهش نشان می‌دهد که کدام ناحیه از چهره، در بررسی سن مهم‌تر است اما هنگامی که داده هایی مانند بیان ژن یا پروتیٔین را بررسی می‌کنید، بررسی ژن‌های مهم‌تر امکان‌پذیر می‌شود. براساس نتایج این پژوهش، افرادی که مایل هستند جوانتر به نظر برسند، باید مراقب سلامتی پوست گوشه چشم خود باشند. از این اطلاعات می‌توان برای ارزیابی عوامل متفاوت موثر بر افزایش سن از جمله سبک زندگی، مراقبت‌های پزشکی و یا لوازم آرایشی استفاده کرد. شاید این روش تشخیص، به ابداع درمان‌های شخصی‌سازی شده برای پوست در آینده منجر شود. ۵۶۵۶,علمی فناوری,4,294
به گزارش خبرنگار گروه علمی و دانشگاهی خبرگزاری فارس، یک موشک ژاپنی حامل ماهواره‌ای برای تحویل نخستین شهاب سنگ مصنوعی به فضا پرتاب شد. براساس گزارش خبرگزاری فرانسه، این ماهواره نخستین آزمایش خود را در اوایل سال آینده با نام سرویس تقاضای بارش ستاره‌ای انجام می‌دهد. این ماهواره توپ‌های کوچکی را که تابش درخشانی دارند به فضا پرتاب می‌کند و هنگامی که این توپ‌ها درون اتمسفر قرار بگیرند به صورت نمایش شهاب‌سنگی مشاهده می‌شوند. گفتنی است؛ ژاپنی‌ها اعلام کرده‌اند از این ماهواره می‌توان دربرخی جشن‌ها و مهمانی‌ها یا رویداد‌های ویژه استفاده کرد و قابلیت تنظیم محل بارش شهابی نیز وجود دارد. انتهای پیام/,علمی فناوری,4,103
"فضانوردان ایستگاه فضایی بین‌المللی هم‌اکنون در حال آزمایش دستگاه‌ها و ابزارهای جدیدی در فضا هستند. از میان این ابزارهای فناورانه می‌توان به پیراهن هوشمندی اشاره کرد که می‌تواند ضربان قلب، درجه حرارت و فشار خون را اندازه‌گیری کند. دیوید سنت-ژاک (David Saint-Jacques) فضانورد کانادایی آژانس فضایی کانادا در تماس اخیر خود با دانش‌آموزان کانادایی در موزه هوا و فضای این کشور، راجع به شرایط زندگی در فضا اظهار کرد، میکرو گرانش مشکلی است که فضانوردان در فضا با آن مواجه هستند. فضانوردان باید تقریبا ۲ ساعت در روز را به ورزش سیستم قلبی و عروقی و عضلانی خود اختصاص دهند تا ضعف و آسیب‌های ناشی از زندگی در فضا گریبان آن‌ها را نگیرد. وی ادامه داد، هم‌اکنون چندین فناوری خلاقانه در ایستگاه فضایی بین‌المللی وجود دارد. به عنوان مثال، پیراهن هوشمند یکی از آن‌ها است. هدف از تولید این پیراهن این است که چندین دستگاه با یکدیگر ترکیب شود و در عین حال به اندازه‌ای راحت باشد که فضانوردان بتوانند آن را به هنگام خواب و یا ورزش به راحتی به تن کنند. این پیراهن به طور خودکار علایٔم حیاتی فضانوردان را نظارت می‌کند و نتایج را به زمین ارسال می‌کند. دیوید سنت-ژاک"" افزود، ما امیدواریم که این پیراهن به یک محصول رایج تبدیل شود و تنها در فضا استفاده نشود زیرا این پیراهن بسیار کاربردی است و مردم می‌توانند بدون مراجعه به پزشک، از وضعیت سلامت خود آگاهی یابند. سنت ژاک گفت: ما روش‌ها و ابداعات جدید را در فضا آزمایش می‌کنیم و در صورت مطلوب بودن، آن‌ها را برای استفاده در زمین به خانه بر می‌گردانیم. قرار است این فضانورد کانادایی محصولات دیگری را نیز در فضا آزمایش کند. ۵۶۵۶",علمی فناوری,4,272
اگرچه ال جی هنوز تصمیمی قاطع درباره طراحی مدل بعدی سری G خود و نیز تاریخ رونمایی از آن اتخاذ نکرده، اما به نظر می‌رسد که کره ای‌ها می‌خواهند به جای یک پرچمدار، دو موبایل تازه روانه بازار کنند. در کنگره جهانی موبایل ۲۰۱۸، ال جی علاوه بر موبایل جی ۷، دو اسمارت فون دیگر را نیز پشت درهای بسته به نمایش درآورد که Q۷ و V۳۵ نامیده می‌شوند. بعد از اتمام این رویداد، تصاویری از مدل پروتوتایپ جی ۷ فاش شد اما تا به این لحظه هیچ مدرکی دال بر حقیقی بودن دو موبایل دیگر وجود ندارد. اما این کمپ-ن- کره‌ای اخیرا نام LG Q۷ را ثبت تجاری کرده است که نشان می‌دهد برای عرضه این اسمارت فون طی سال جاری میلادی آماده می‌شود. با درنظرگیری اینکه سری Q ال جی، کار خودش را از سال پیش با موبایل‌های Q۶ و Q۸ آغاز کرد، عرضه یک موبایل دیگر از این خانواده جای تعجب چندان ندارد. موبایل‌های Q۶ و Q۸ از نظر سخت افزاری تفاوت‌های قابل توجهی با یکدیگر داشتند و به نظر می‌رسد Q۷ تمام آن چیزی باشد که در این دو موبایل از قلم افتاده بودند. بنابراین احتمالا باید منتظر موبایلی میان رده با قیمتی متناسب با خانواده Q باشیم. تا به این لحظه، اطلاعات موجود درباره Q۷ به همین میزان محدود می‌شود اما قطعا طی هفته‌های آتی خبرهای بیشتری درباره آن خواهیم شنید.,علمی فناوری,4,226
از ابتدای اختراع وسایل نقلیه تا به حال پلاک‌های آنها دستخوش تغییرات مفهومی زیادی نبوده و پلاک‌های فعلی شاید تنها در جنس، شکل، طرح یا برخی قابلیت‌های کوچک با اولین پلاک‌های موجود تفاوت داشته باشند. اکنون به نظر می‌رسد زمان آن فرا رسیده که با ظهور پلاک‌های دیجیتال، تغییرات شگرفی در این زمینه ایجاد شود چرا که قرار است این پلاک‌های دیجیتال در شهر دبی آزمایش شوند. گزارش شده که شهر دبی از ماه آینده میلادی میزبان پلاک‌های دیجیتال هوشمندی خواهد بود که به گفته‌ کارشناسان با استفاده از آنها، نیروهای امدادی و پلیس قادر خواهند بود واکنش‌های ضروریشان در حوادث، تصادف‌ها یا دزدی‌ها را سرعت ببخشند. با پلاک‌های دیجیتال، سرویس‌های دیگری نظیر تمدید مدارک، پرداخت عوارض اتوبان و پارکینگ‌ها نیز آسانتر شده و ارگان‌ها قادر خواهند بود بلافاصله مبلغ مورد نیاز خود را از حساب مالک وسیله‌ی نقلیه کم کنند. پلاک‌های دیجیتال هوشمند خالی از اشکال نیستند چرا که در آنها چیپ‌های GPS تعبیه شده و به همین دلیل نگرانی‌هایی درباره حفظ حریم شخصی میان کاربران ایجاد شده است. علاوه بر این می‌توان شماره‌های این پلاک‌ها را از راه دور تغییر داد و خطر هک شدن نیز آنها را تهدید می‌کند. کارشناسان معتقدند که آب و هوای بیابان، گرما و شن نیز چالش‌های پیش روی این تکنولوژی جدید در شهر دبی هستند. پیش از این ایالت کالیفرنیا در سال یییی، لایحه‌ی استفاده آزمایشی از پلاک‌های دیجیتال هوشمند را تصویب کرد اما این مسیٔله‌ی سال به طول انجامید تا بالاخره امسال شهروندان کالیفرنیا، بتوانند این مدل پلاک‌ها را روی وسایل نقلیه‌شان نصب کنند. با اجرای طرح آزمایشی پلاک‌های دیجیتال موسسات دولتی و اجرایی نظیر ادارات پلیس، مالیات، شهرداری‌ها و … قادر خواهند بود عملیات اجرایی خود را با بهره گیری از ویژگی‌ ردیابی آنها سرعت داده و بازدهی خود را بالا ببرند. حال سوال اینجاست که پلاک‌های دیجیتال هوشمند به غیر از ویژگی‌های مفیدی که برای این ارگان‌ها به ارمغان می‌آورند، چه فوایدی برای صاحبانشان خواهند داشت؟,علمی فناوری,4,317
به گزارش خبرنگار بهداشت و درمان باشگاه خبرنگاران، ساعات بسیار کم خواب سبب افزایش وزن همراه با فشار خون بالا، دیابت و حمله قلبی می‌شود. در تحقیق انجام شده ۷ داوطلب با سلامتی کامل، ‌۴ شب را با ساعات خواب عادی ۸-۵ ساعت گذرانده و یک ماه بعد ۴ شب با ۴-۵ ساعت خواب داشتند. پس از این ۴ شب کم خوابی، سلول‌های چربی این افراد حساسیتبسیار کمی در مقابل هورمون انسولین که به کنترل قند خون کمک می‌کند، نشان دادند؛ و حساسیت به انسولین مستقیمأ با چاقی و دیابت در ارتباط است. بسیاری تصور می‌کنند با ۴ یا ۵ ساعت خواب در شبانه روز قادر به زندگی عادی هستند بدون اینکه بع تأثیرات متابولیک کم خوابی توجه داشته باشند. این تحقیق به خصوص در مورد تأثیر کم خوابی بر سلول‌های چربی تمرکز کرده و ازاینرو منحصر به فرد است. پیش از این تصور می‌شد با ساعات بیشتر کم خوابی منجر به کم خوابی، افراد وقت بیشتری برای خوردن داشته و روز بعد نیز خسته بوده و تمایل کمتری به تحرک دارند و ازاینرو چاق می‌شوند. ۸ ساعت خواب شبانه برای فعالیت عادی روزانه بدن لازم است که پرداختن به آن آسان نیست؛ اما چرت زدن و خواب کوتاه روزانه نیز به دلیل اینکه بی خوابی را جبران نمی‌کند، کافی نیست. /ع ل,پزشکی,7,213
دکتر سکینه محمد علی زاده، استادیار دانشکده پرستاری و مامایی دانشگاه علوم پزشکی تبریز درخصوص تحقیقی در خصوص کیفیت زندگی در مردان ساکن در شهر ایلام در گفتگو با خبرنگار بهداشت و درمان باشگاه خبرنگاران افزود: فرآیند افزایش سن در مردان اغلب با بروز مشکلات جسمی و روحی همراه است که در صورت بی توجهی و عدم درمان به موقع می‌توانند منجر به کاهش کیفیت زندگی مردان میانسالان شود. وی گفت: با توجه به این موضوع مطالعه‌ای برای تعیین کیفیت زندگی مردان در سنین ۶۹-۵۰ سال در شهر ایلام انجام شد در این مطالعه ۳۵۶ مرد از لحاظ سلامت جسمانی، سلامت عمومی، سلامت روان و نشاط مورد ارزیابی قرار گرفتند. محمد علی زاده اظهار داشت: نتایج این مطالعه نشان داد که مردان در این محدوده سنی بی سواد، با سطح درآمد ناکافی، دارای تعداد فرزند زیاد و با گزارش اختلال خواب از سلامت جسمانی، عمومی، سلامت روان و نشاط پائین برخوردار بودند. وی خاطرنشان کرد: بنابراین با توجه به اینکه در چند دهه آینده این گروه سنی درصد بالایی از جمعیت را به خود اختصاص می‌دهند لازم است که در زمینه ارتقای سلامت این افراد برنامه ریزی شود. شایان ذکر است، نتایج این مطالعه در همایش هفته سلامت مردان ارائه شد. /ح,پزشکی,7,202
به گزارش خبرنگار حوزه بهداشت و درمان گروه علمی پزشکی باشگاه خبرنگاران جوان، بسیاری از افراد برای کاهش وزن سریع و بی‌زحمت ترجیح می‌دهند از وسایل و پوشیدنی‌های لاغری و تناسب اندام استفاده کنند و از مضرات آن آگاه نیستند و نمی‌دانند که با استفاده از این گن‌ها چه آسیبی را به بدن خود وارد می‌کنند. تبلیغات این وسایل قانع‌کننده و بسیار وسوسه‌کننده هستند و هیچ اشاره‌ای به معایب آن‌ها نمی‌کنند. خانم‌ها و آقایان قبل از استفاده از گن‌ها بهتر با آسیب‌هایی که به بدنتان وارد می‌کنند آشنا شوید. علاوه بر این اینکه گن‌ها موجب درد و گرفتگی عضلات بدن می‌شوند، اندام‌های شما را تحت فشار قرار می‌دهند و سلامتی اجزای داخلی بدن را به خطر می‌اندازد. گن‌ها موجب فشرده شدن شکم، روده، معده و دستگاه گوارش شما می‌شوند و می‌توانند سبب تهوع، سوزش سر دل، نفخ، دل درد، باد گلو، مشکلات تنفسی، تضعیف عملکرد سیستم گردش خون، تحلیل ماهیچه‌ها، عفونت، آسیب به ستون فقرات و کمر، آسیب به پاها و مشکلات گوارشی شوند. استفاده طولانی مدت از گن‌ها می‌تواند آسیب‌هایی جدی به بدن شما وارد کند. به طور کلی استفاده مداوم از لباس‌ها و پوشیدنی‌هایی که بدن شما را تحت فشار قرار می‌دهد از جمله پوشاک‌های چسبان، تنگ و گن‌ها می‌تواند شما را پشیمان کند. منبع: The Science of Eating,پزشکی,7,211
به گزارش خبرنگار علمی باشگاه خبرنگاران؛ پژوهشگران در آکسفورد واکسنی را برای مقابله با بیماری ابولا به آزمایش می‌گذارند که ۶۰ فرد سالم داوطلب شده‌اند تا این واکسن به آنها تزریق شود. گفته می‌شود که تنها بخش کوچکی از ساختار ژنتیکی ویروس ابولا در این واکسن وجود دارد و به همین دلیل تزریق آن نمی‌تواند موجب بروز بیماری شود. ساخت واکسن برای هر بیماری معمولا سال‌ها طول می‌کشد، با این حال وضعیت اضطراری کنونی که با شیوع ابولا در غرب آفریقا به وجود آمده باعث شده که تلاش‌ها برای ساخت واکسن ابولا سرعت بگیرد. اگر آزمایش‌های این واکسن موفقیت‌آمیز باشد، نخست از آن برای ایمن‌سازی پرستاران، پزشکان و امدادگران در مناطق شیوع ابولا استفاده می‌شود. در این آزمایش واکسن باید دو شرط را برآورده کند: یکی ایمن‌سازی مطلوب داوطلبانی که واکسن به آنها تزریق شده و دیگری عوارض جانبی اندک. برای ساخت واکسن از نوعی ویروس سرماخوردگی شامپ-ن-ه‌ها برای انتقال پروتئین ویروس ابولا به داخل بدن انسان استفاده می‌شود و پس از دو تا چهار هفته خون داوطلبانی که واکسن به آنها تزریق شده آزمایش و سطح پادتن ترشح‌شده اندازه‌گیری می‌شود.,پزشکی,7,181
به گزارش خبرنگار کلینیک باشگاه خبرنگاران؛ پزشکان با مطالعه بر روی شخصیت ۱۸۴ فرد غیر سیگاری در بازه‌ی سنی ۱۸ تا ۴۵ سال دریافته‌اند که از بین این افراد، کسانی روحیه‌ی ماجرا جو و جستجو‌گر داشته‌اند بیشتر تمایل به خوردن غذاهای تند و پر ادویه داشته‌اند و در مقابل افراد با روحیه‌ی ملایم‌تر بیشتر تمایل به خوردن غذاهای شیرین داشته‌اند. گفتنی است، آنگاه به هر دو گروه از افراد دارای روحیه ملایم و روحیه‌ی ماجراجو غذایی با درصد بالایی از فلفل و ادویه‌های تند دادند و به طور دوره‌ای درصد تندی مواد را بالا بردند، این نتیجه بدست آمد که افراد جستجو‌گر و ماجراجو علاوه بر علاقه مندی به غذاهای تند، توانایی بیشتری برای تحمل تندی دارند و راحت‌تر می‌توانستند غذاها را مصرف کنند در مقایسه، افراد دارای روحیه‌ی ملایم نتوانستند پس از مدتی دیگر غذاهای تند را بخورند. پزشکان این نوع روانشناسی شخصیت افراد از طریق سبک انتخاب طعم غذا را تحولی جدید در راستای علم روانشناسی قلمداد کرده‌اند.,پزشکی,7,160
به گزارش خبرنگار بهداشت و درمان باشگاه خبرنگاران، دکتر سراجدین وحیدی دبیر هفدهمین کنگره اورولوژی و ریاست شاخه جنوب شرقی انجمن اورولوژی ایران در خصوص نکات مهم در این برنامه گفت: این برنامه‌ها شامل به اشتراک گذاری مهارت‌های جراحی با تشکیل میز گردهای مبتنی بر فیلم و سخنرانی‌های بسیار مهم افراد با تجربه و نیز اساتید خارج از کشور است. وی در ادامه گفت: در این برنامه بیش از ۲۰۰ مقاله به دبیرخانه ارسال که حدود ۱۰۰ مقاله پذیرفته شده است و از این تعداد ۷۵ مقاله به صورت سخنرانی و ۳۵ مقاله به شکیل پوستر ارائه می‌شود همچنین دو کارگاه آموزشی برگزار می‌شود. وی اظهار داشت: در پایان کنگره مقاله برتر نیز انتخاب می‌شود.,پزشکی,7,115
به گزارش خبرنگار علمی پزشکی باشگاه خبرنگاران، ترکیب پیاز و نخود با هم و افزودن کمی گوشت به آن ترکیب باعث بوجود آمدن معجونی می‌شود که سلامت پوست و مو افزایش می‌یابد و خستگی و کسالت به کلی دور می‌شود. طبق تحقیقاتی که انجام شد ترکیب پیاز و نخود و با هم انرژی را چندین برابر می‌کند و سولفور موجود در آن باعث جذب آهن بیشتر می‌شود. این غذا ایمنی بدن را افزایش می‌دهد و بدن را در برابر بیماری سرطان مقاوم می‌کند. ترکیب ماست و شیر یا ماست و بادمجان که باعث افزایش سوخت و ساز بدن می‌شود آنتی اکسیدان‌ها را تقویت می‌کند و به سلامت هرچه بیشتر بدن کمک می‌کند. /ح,پزشکی,7,113
به گزارش خبرنگار حوزه بهداشت و درمان گروه علمی پزشکی باشگاه خبرنگاران جوان؛ در تابستان آب میوه‌های فراوانی وجود دارد از جمله آب طالبی که رفع عطش می‌کند. گاهی هم مشاهده می‌کنیم که در آبمیوه فروشی‌ها چند نوع میوه را با هم آبگیری می‌کنند تا یک مزه جدید و خوبی را ترکیب دهند. از این رو در فصل سرما هم نوشیدنی‌ها و میوه‌های مخصوص خود را دارد که باعث می‌شود آب بدن کم نشود، ویتامین‌ها به بدن برسد و از همه مهم‌تر این نوشیدنی‌ها گرم می‌باشند و از سرما خوردگی جلوگیری می‌کنند. این یک تصور غلطی است که در تابستان بدن ما نیاز به آب بیشتری دارد. چون در فصل سرما احتمال سرما خوردگی بیشتر است پس مصرف زیاد مایعات موجب دفع ویروس‌های بدن می‌شود. بدین منظور در این گزارش سه نوشیدنی رایج و پرطرفدار فصل سرما را به شما توصیه می‌کنیم. این نوشیدنی‌ها طی تحقیقات دانشگاهی برای مصرف روزانه در روزهای سرد پیشنهاد می‌شود. علاوه بر این که آب بدن را تامیین می‌کنند موجب چربی سوزی و بالا بردن سوخت و ساز بدن هم می‌شوند که منجر به گرم شدن بدن می‌شود. نوشیدنی: اسموتی سیب و کرن بری نصف فنجان کرن بری یخ زده یک عدد سیب کوچک شیرین نصف فنجان شیر دو قاشق غذاخوری عسل یک چهارم فنجان آب پرتقال دو قاشق چای خوری پودر نارگیل این مواد را در مخلوط کن ریخته و همه را باهم مخلوط می‌کنید. نوشیدنی: اسموتی گردو و خرما یک دوم موز متوسط دو قاشق غذا خوری پودر نارگیل دو قاشق غذا خوری پودر گردو یک قاشق چای خوری عصاره وانیل نصف قاشق چای خوری دارچین نصف فنجان شیر نوشیدنی اسموتی خرما و کدوتنبل فنجان پوره کدو تنبل فنجان قهوه دم کرده سرد ۲ قاشق غذاخوری ادویه شاهدانه ۱ قاشق غذاخوری شربت افرا یک قاشق غذا خوری پودر نارگیل فنجان تکه‌های یخ برای آگاهی از آخرین اخبار و پیوستن به کانال تلگرامی باشگاه خبرنگاران جوان اینجا کلیک کنید.,پزشکی,7,315
به گزارش خبرنگار بهداشت و درمان باشگاه خبرنگاران، دانشمندان می‌گویند که موفقیت آنها در بیرون راندن ویروس اچ آی وی از مخفیگاه‌هایش در بدن گام مهیج تازه‌ای به سوی معالجه بیماری است. اچ ای وی می‌تواند خود را در دی ان ای بیمار پنهان کند و برای چند دهه در بدن مخفی شود بی آنکه علایم ایدز ظاهر شود. همین وضعیت است که درمان این بیماری را غیرممکن می‌کند. اکنون در مطالعه‌ای که در کنفرانس ۲۰۱۴ ایدز عرضه شده تحقیقات اولیه در شش نفر نشان می‌دهد که شیمی درمانی در حد خفیف می‌تواند ویروس را به اصطلاح بیدار یا ظاهر کند. کارشناسان می‌گویند که این شروعی نویدبخش است اما بعید است به تنهایی برای نابود کردن اچ آی وی کافی باشد. داروهای ضدویروسی می‌تواند شمار ویروس اچ آی وی در جریان خون را به یک سطح پایین و غیرقابل ردیابی تنزل دهد به این معنی که افراد آلوده به ویروس می‌توانند یک زندگی تقریبا عادی داشته باشند. اما یک مشکل هست. اچ‌ آی وی می‌تواند دی ان ای خود را در دی ان ای انسان جا دهد و دور از دسترس داروها و سیستم ایمنی پنهان شود. وقتی معالجه دارویی متوقف شد ویروس از این مخفیگاه بیرون می‌آید و دوباره حمله را شروع می‌کند. مسئول تیم تحقیق گفت علیرغم شک و تردیدهای زیادی که از سوی شماری از دانشمندان ابراز می‌شد تیم او توانسته ویروس را از سلول بیرون بکشد. قدم بعدی نابود کردن ویروس خواهد بود. وی افزود: مطالعه اکنون وارد یک مرحله تازه می‌شود که رومیدپسین را با دارویی برای تقویت سیستم ایمنی - که در مورد کار ما واکسن اچ آی وی است، ترکیب می‌کند. عوارض جانبی این شیوه همان است که معمولا با شیمی درمانی ظاهر می‌شود که از جمله آن می‌توان به خستگی مفرط، کسل شدن اشاره کرد.,پزشکی,7,293
همه ما از تاثیر بسیار مثبت ویتامین‌ها و مواد معدنی در سلامت بدن خود با خبر هستیم و اگر مقدار این ویتامین‌ها در بدن کم و زیاد شود شاید اتفاقات ناگواری مانند بیماری‌های مختلف در بدن ما رخ دهد به همین منظور همواره باید میزان این ویتامین‌ها را در بدن خود بررسی کنیم. به تازگی مخترعان برای انجام این کار قلم هوشمندی را طراحی کرده‌اند که قادر است ویتامین و مواد معدنی بدن را اندازه‌گیری کند و میزان کم و زیاد بودن آنها را مشخص کند. این قلم هوشمند به تلفن همراه متصل می‌شود و از همین راه سلامت بدن را اندازه‌گیری می‌کند. این قلم با بهره‌گیری از تکنولوژی پزشکی طب سوزنی کار می‌کند و از همین راه بدن را مورد بررسی قرار می‌دهد. محققان میزی را طراحی کرده‌اند که به افراد اعلام می‌کند که چه زمانی هنگام نشستن است و چه زمانی هنگام ایستادن؛ این نرم‌افزاری که بر روی میز متصل می‌شود وضعیت مطلوب نشستن را مشخص می‌کند و از همین رو سبب کاهش وزن می‌شود. همه ما با اشکال مختلف گوشواره‌ها در جهان آشنا هستیم اما به تازگی محققان موفق به ساخت گوشواره‌ای شد‌ه‌اند که به صورت هوشمند ضربان قلب، ‌کالری و انواع فعالیت‌های بدنی را اندازه‌گیری می‌کند. این گوشواره هنگامی که بر روی گوش قرار می‌گیرد به دلیل تماس مکرر با پوست بدن می‌تواند به اطلاعات مورد نظر خود دست یابد.,پزشکی,7,224
دکتر بیرنگ معاون بین الملل معاونت علمی و فناوری ریاست جمهوری در گفتگو با خبرنگار علمی باشگاه خبرنگاران در خصوص حمایت از شرکت‌های دانش بنیان گفت: ‌برنامه‌ای که معاونت علمی دارد و موضوعی که در سیاست‌های ابلاغی مقام معظم رهبری چه در حوزه‌های علم و فناوری و چه در سرعت اقتصاد مقاومتی روی آن تاکید شده، بحث اقتصاد دانش بنیان است. وی گفت: ما باید گذاری از اقتصاد مبتنی بر منابع بر اقتصاد دانش بنیان کنیم. وی گفت: در این فرآیند گذار از یک سری اقداماتی باید صورت گیرد که یکی از اصلیترین بازیگرهای در گذار، خود شرکت‌های دانش بنیان هستند که انواع زیر ساخت‌ها و مکانیسم‌ها را برای توسعه و توانمند سازی این شرکت‌های دانش بنیان در مرحله اول در داخل و در مرحلهٔ دوم برای بین المللی شدن این شرکت‌ها و ورود و حضور در عرصه‌های بین المللی فراهم کنیم. وی در پاسخ به گام برداشتن و تحقق به این موارد گفت: ‌ما ابتدای راه هستیم و این یک فرآیند زمان بری است و گذر از اقتصاد مبتنی بر منابع تبدیل به اقتصاد دانش بنیان شود. وی گفت: من آمار دقیقی ندارم اما به عنوان مثال پارک‌های فن آوری یکی از بسترهای لازم برای توسعه شرکت‌های دانش بنیان و یا مراکزی شد که در اکثر دانشگاه‌ راه اندازی شده برای کمک به کارآفرینانی که در حوزه فناوری می‌خواهندسرمایه گذاری نمایند. وی افزود: در بحث راه اندازی صندوق نوآوری و شکوفایی، قوانین مختلفی که در حال تدوین است و یا تدوین شده و آیین‌نامه‌های حمایتی که برای شرکت‌ها است. وی گفت: ‌تمام این موارد اقداماتی است که برنامه ریزی و انجام شده و ان شاءالله در سال‌های آینده نتایج آن را خواهیم دید. وی در خصوص زمان رسیدن به شرایط دلخواه گفت: نمی‌توان زمانی را تصور کرد چرا که یک فرآیند است و تنها به یک عامل وابسته نیست و به عوامل مختلف بستگی دارد.,پزشکی,7,306
به گزارش خبرنگار حوزه بهداشت و درمان گروه علمی پزشکی باشگاه خبرنگاران جوان؛ رامش عمرانی‌پور متخصص جراحی سرطان انیستیتو کانسر اظهار کرد: ۱۰ درصد سرطان‌های سینه مربوط به ارث و ژنتیک افراد است و آن را نمی‌توان اصلاح کرد اما کلیه عوامل محیطی و سبک زندگی قابل اصلاح است. وی بیان کرد: ‌ اگر سه بار در هفته به طور مرتب ورزش کنیم و تپش قلبتان افزایش یابد احتمال بروز سرطان کاهش پیدا می‌کند؛ تا باوری ایجاد نشود نمی‌توان راه اصلاح آن را به درستی پیش برد و آگاهی بخشی در درمان سرطان بسیار موثر است. عمرانی‌پور افزود: متأسفانه در جامعه کنونی قلیان کشیدن در بین خانم‌ها رو به افزایش است، غافل از اینکه بسیار تأثیرات منفی روی بدن آنها خواهد شد. در ادامه مراسم محمدعلی محققی رئیس مرکز تحقیقات سرطان انیستیتو کانسر بیان کرد: تمام عوامل خطر در بروز سرطان قابل پیشگیری است؛ متأسفانه در شرایط کنونی جامعه با توجه به اینکه ازدواج دشوار شده است سن ازدواج نسبت به گذشته تغییر کرده است و باعث ایجاد مشکلاتی در زندگی افراد شده است. محققی افزود: سن اولیه حاملگی باید هرچه زودتر باشد چرا که اگر افراد دیر حامله شوند مشکلات زیادی برایشان به وجود خواهد آورد. رئیس مرکز تحقیقات سرطان انیستیتو کانسر بیان کرد: زایمان طبیعی باعث می‌شود مادران در آینده بدن سالم‌تری داشته باشند؛ شیر دادن مادر به کودک از بروز بسیاری از بیماری‌ها در مادران پیشگیری می‌کند. وی اظهار کرد: متأسفانه رفتارهای مخاطره انگیز در جامعه کنونی رو به افزایش است و مضرات زیادی برای فرد به همراه دارد؛ مصرف مواد روان گردان در ایجاد زندگی بی‌کیفیت بسیار موثر است و متأسفانه در جامعه ما کنترل نمی‌شود و نسل جوان ناسالم را تحویل جامعه می‌دهد. محققی یادآوری کرد: در سوم آبان از ساعت ۱۰ الی ۱۶ در پارک شهر همایشی تحت عنوان آموزش، معاینه و غربالگری رایگان سرطان پستان برگزار می‌شود، همچنین در صورت نیاز ارجاع رایگان به ماموگرافی، مشاوره تغذیه و پیاده روی مردمی در حمایت از پویش ملی سرطان انجام می‌شود.,پزشکی,7,326
به گزارش گروه علمی باشگاه خبرنگاران به نقل از (وب دا)؛ دکتر طباطبایی معاون بهداشتی دانشگاه علوم پزشکی زاهدان در مراسم آغاز برنامه واکسیناسیون در مرکز سید الشهداء زاهدان گفت: فلج اطفال یک بیماری عفونی حاد ویروسی است که می‌تواند سبب فلج دائمی در اندامها و باعث مرگ شود و در هر سنی می‌تواند اتفاق بیفتد ولی احتمال فلج شدن در کودکان و نوجوانان بیشتر است. به گفته وی خوراندن قطره فلج اطفال موجب قطع انتقال چرخه ویروس وحشی این بیماری و پیشگیری از ابتلاء کودکان می‌شود. معاون بهداشتی دانشگاه علوم پزشکی با بیان این که ریشه کنی فلج اطفال یکی از برنامه‌های مهم بهداشتی در جهان است، گفت: تنها مخزن این بیماری انسان است وگردش این ویروس در جهان کاهش یافته و امکان ریشه کنی آن وجود دارد. وی تصریح کرد: بیش از ۴۵۰ هزار کودک زیر ۵ سال استان در مرحله اول طرح واکسیناسیون فلج اطفال توسط تیم‌های بهداشتی استان بر علیه ویروس فلج اطفال واکسینه خواهند شد. دکتر طباطبایی در ادامه از همکاری خوب داوطلبان سلامت و همیاران واکسن در برنامه‌های بهداشتی تقدیر کرد و ادامه داد بیش از ۶۸۰ همیار واکسن و ۵۰۰۰ داوطلب سلامت درحوزه تحت پوشش دانشگاه زاهدان در این طرح به تیم‌های سلامت دانشگاه در اجرای تهیه برنامه واکسیناسیون همکاری خواهند کرد. گفتنی است این طرح از شنبه ۴ بهمن ماه بصورت همزمان در سراسر کشور آغاز شده است و تا ۷ بهمن ماه ادامه خواهد داشت و تمامی تیم‌های سلامت برای تکمیل چرخه واکسیناسیون بصورت خانه به خانه این طرح را پوشش خواهند داد. آخرین مورد بیماری فلج اطفال سال ۷۹ در استان گزارش شده است و هم اکنون این استان عاری از بیماری فلج اطفال است.,پزشکی,7,275
علی‌محمد لطیفی رییس کارگروه بیوتکنولوژی محیط زیست ستاد توسعه زیست‌فناوری معاونت علمی و فناوری در گفت‌وگو با خبرنگار حوزه فن‌آوری‌های نوین گروه علمی پزشکی باشگاه خبرنگاران جوان؛ با اشاره به مشکلات زیست فناوری اظهار داشت: وجود ریزگردها، آلودگی هوا، خشک شدن تالاب‌ها و دریاچه‌ها، از بین رفتن جنگل‌ها و منابع طبیعی و غیره از مواردی است که می‌توان به عنوان معضلات زیست محیطی کشور نام برد. وی ادامه داد: تغییر اقلیم و آب و هوا نیز که یک معضل جهانی است، در ایران نیز مشکلات زیادی ایجاد کرده است که از نهادهای بین المللی فعال در حوزه محیط زیست می‌خواهیم برای رفع این مشکلات به ایران کمک کنند. لطیفی یادآور شد: تخریب جنگل‌ها موضوعی بین المللی و به نوعی پایمال کردن حق همه مردم است و در اسلام نیز بر حفظ منابع طبیعی و درختان تاکید شده است به همین دلیل از نهادهای بین المللی می‌خواهیم برای احیای جنگل‌ها در سراسر دنیا دست به دست هم دهند. وی گفت: اگر معضلات زیست محیطی ایران به عنوان اولویت‌های تحقیقاتی موسسات فعال در حوزه محیط زیست دنیا قرار گیرد قطعا برای کشورمان عواید خوبی دارد و کشورمان می‌تواند با کمک‌های بین المللی معضلات زیست فناوری را حل کند.,پزشکی,7,196
به گزارش گروه علمی باشگاه خبرنگاران به نقل از وبدا؛ حضرت آیت الله خامنه‌ای در این دیدار افزودند: مسئولان و دلسوزان باید به نحوی برنامه ریزی کرده و مسائل را در عرصه اجرایی دنبال کنند که خیال مردم از مسئله درمان آسوده شود. رهبر انقلاب اسلامی حفظ ساختار مردمی در این‌گونه مجامع خیریه را مهم و ضروری برشمردهو یادآور شدند: نباید با غلبه دادن ساختارهای بسته اداری، پویایی و نشاط را از مجامع مردمی سلب کرد. حضرت آیت الله خامنه‌ای در بخش پایانی سخنان خود، بزرگ‌ترین مشوق برای خیرین را، به ثمر نشستن و بروز آثار عینی کارهای خیر خواندند و تصریح کردند: این فعالیت‌های خیرخواهانه، رضای خداوند متعال را نیز بدنبال خواهد داشت و هر کار خیری در میزان الهی محفوظ است و از نظر دور نخواهد ماند. ایشان اظهار داشتند: اصل انقلاب اسلامی متکی به همین حضور مردمی بود و چنانچه مردم به میدان نقش آفرینی وارد نمی‌شدند، کاری از سیاستمداران و جریان‌های سیاسی ساخته نبود. بر اساس این گزارش به نقل از پایگاه اطلاع‌رسانی مقام معظم رهبری، حضرت آیت‌الله خامنه‌ای در دیدار اعضای مجمع خیرین سلامت کشور با اشاره به نقش تعیین کننده مردم در تمام صحنه‌های مهم اعم از سیاست، اقتصاد، سلامت، فرهنگ و آموزش و پرورش خاطرنشان کردند: اصل انقلاب اسلامی نیز متکی به همین حضور مردمی بود و چنانچه مردم به میدان نقش آفرینی وارد نمی‌شدند، کاری از سیاستمداران و جریان‌های سیاسی ساخته نبود. شایان ذکر است در ابتدای این دیدار، آقای سید رضا نیری دبیرکل مجمع خیرین سلامت کشور، گزارشی از ساختار، فعالیت‌ها و خدمات، برنامه‌ها و نیازهای این مجمع بیان کرد و اظهار داشت: اساس تشکیل و مبنای رویکرد مجمع خیرین سلامت کشور در طول سه سال فعالیت آن، بر اساس توصیه رهبر انقلاب مبنی بر استفاده از ظرفیت‌های مردمی در حوزه سلامت بوده است. /ع۲,پزشکی,7,294
تاریخ وقوع زلزله: یکشنبه، ۲۵ خرداد ۱۳۹۳ در ۰۹:۴۰:۵۸ (وقت محلی - تهران) ۲۰۱۴-۰۶-۱۵ ۰۵:۱۰:۵۸ (UTC) بزرگی زلزله: ۲-۰نوع بزرگی: MNموقعیت رومرکز زلزله: ۳۵-۹۷ شمالی و ۵۲-۱۴ شرقیعمق: ۱۲ کیلومترعدم قطعیت مکانی: ۲-۶۱+/- کیلومتر در جهت شمالی - جنوبی۳-۳۳+/- کیلومتر در جهت شرقی - غربیمنطقه: استان تهرانفاصله‌ها: ۲۷ کیلومتری دماوند، تهران ۳۳ کیلومتری رودهن، تهران ۳۴ کیلومتری بومهن، تهران منبع: موسسه ژئوفیزیک، دانشگاه تهرانعکس ماهواره‌ای منطقه (توسط Google maps) تاریخ وقوع زلزله: یکشنبه، ۲۵ خرداد ۱۳۹۳ در ۰۹:۴۰:۵۸ (وقت محلی - تهران) ۲۰۱۴-۰۶-۱۵ ۰۵:۱۰:۵۸ بزرگی زلزله: نوع بزرگی: موقعیت رومرکز زلزله: ۳۵-۹۷ شمالی و ۵۲-۱۴ شرقی عمق: ۱۲ کیلومتر عدم قطعیت مکانی: ۲-۶۱+/- کیلومتر در جهت شمالی - جنوبی ۳-۳۳+/- کیلومتر در جهت شرقی - غربی استان تهران ۲۷ کیلومتری دماوند، تهران ۳۳ کیلومتری رودهن، تهران ۳۴ کیلومتری بومهن، تهران موسسه ژئوفیزیک، دانشگاه تهران عکس ماهواره‌ای منطقه (توسط Google maps),پزشکی,7,140
به گزارش خبرنگار حوزه تجارت گروه اقتصادی باشگاه خبرنگاران جوان، بر اساس آمار گمرک در سه ماهه نخست سال جاری ۲۵ میلیون و ۶۱ هزار تن کالا به ارزش ۱۰ میلیارد و ۸۶۷ میلیون دلار از ایران صادر شد. این میزان صادرات در مقایسه با مدت مشابه سال گذشته از نظر وزنی درصد و از نظر ارزشی درصد کاهش را در مقایسه با مدت مشابه نشان می‌دهد. بر اساس این گزارش؛ در مدت یاد شده ۵ میلیون و ۶۲۶ هزار تن کالا به ارزش یک میلیارد و ۹۲۸ میلیون دلار از ایران به چین صادر شد و چین اولین مقصد کالاهای صادراتی شد. این میزان صادرات در مقایسه با مدت مشابه از نظر وزنی درصد و از نظر ارزشی درصد کاهش را نشان می‌دهد. عراق دومین مقصد کالاهای صادراتی ایران در فصل بهار است که ۳ میلیون و ۹۸۸ هزار تن کالا به ارزش یک میلیارد و ۵۰۹ میلیون دلار کالا به عراق صادر شد. این میزان صادرات در مقایسه با مدت مشابه سال گذشته از نظر وزنی درصد کاهش و از نظر ارزشی درصد افزایش را نشان می‌دهد. این گزارش می‌افزاید؛ امارات متحده عربی مقصد بعدی کالاهای صادراتی ایران است که در مدت یاد شده ۲ میلیون و ۱۵۱ هزار تن کالا به ارزش یک میلیارد و ۳۱۷ میلیون دلار از ایران به امارات متحده عربی صادر شد. این میزان صادرات در مقایسه با مدت مشابه از نظر وزنی درصد و از نظر ارزشی درصد افزاش را نشان می‌دهد. گفتنی است؛ هند و افغانستان مقصد بعدی کالاهای صادراتی ایران در فصل بهار هستند. بر اساس این گزارش؛ متوسط هر تن کالای صادراتی در فصل بهار ۴۳۷ دلار است که نسبت به مدت مشابه سال گذشته درصد افزایش را از نظر ارزش نشان می‌دهد.,اقتصادی,1,284
به گزارش گروه اقتصادی باشگاه خبرنگاران جوان، بنابر خبر دریافتی، حسن رکنی معاون امور تولیدات دامی وزارت جهاد کشاورزی تأکید کرد: هرگز عرضه گوشت قرمز گرم در برنامه کار هیچ دولتی نبوده است اما امسال برای نخستین بار بیش از ۵۰۰ راس لاشه گوسفندی به صورت گرم در تهران با قیمت ۳۱۰ هزار ریال در تهران عرضه شد. رکنی افزود: در برخی استان‌های کشور نیز به واسطه شرایط مطلوب عرضه دام و پوشش نیاز استان، گوشت گرم با همین قیمت عرضه شده است. وی اضافه کرد: در نظر داریم در بلندمدت برای متعادل سازی بازار گوشت قرمز هر شقه گوشت گوسفندی گرم با نرخ ۳۰۰ هزار تا ۳۱۰ هزار ریال عرضه شود که در صورت رسیدن به این هدف به ادامه فعالیت شرکت پشتیبانی امور دام در عرضه گوشت منجمد نیازی نخواهد بود. معاون وزیر جهاد کشاورزی گفت: اکنون شرکت پشتیبانی امور دام نزدیک به ۱۵ هزار تن ذخیره گوشت قرمز منجمد دارد که در عرضه هیچ مشکلی نداریم. وی افزود: گوشت قرمز منجمد باید با قیمتی بین ۲۲۰ هزار تا ۲۳۰ هزار ریال بدون هیچ محدودیتی در فروشگاه‌های زنجیره‌ای سراسر کشور عرضه شود.,اقتصادی,1,184
محمد عبداللهی رئیس اتحادیه فروشندگان صنایع دستی و اشیا قدیمی در گفت وگو با خبرنگار صنعت، تجارت و کشاورزی گروه اقتصادی باشگاه خبرنگاران جوان، اظهار کرد: همه محصولات صنایع دستی، تولید داخل است و در بازار محصول خارجی یافت نمی‌شود. وی در ادامه در خصوص وضعیت صادرات این محصولات گفت: صادرات صنایع دستی به کشور‌های عربی، آسیای میانه و کشور‌های اروپایی صورت می‌گیرد اما به علت ضعف در بسته بندی، صادرات به اروپا ضعیف است. عبداللهی، درخصوص راهکار‌هایی که باعث رونق در این صنایع می‌شود، اظهار کرد: با حمایت دولت، بسته‌هایی آماده شده که می‌توان به عنوان هدایا در مراسمات ملی، مذهبی به کارکنان و همچنین به سیاستمداران داده شود که این امر می‌تواند به رونق فرهنگ صنایع دستی کمک کند. رئیس اتحادیه فروشندگان صنایع دستی و اشیا قدیمی، با اشاره به اینکه صنایع دستی با نماد‌ها و امکانات روز دنیا همخوانی ندارد تصریح کرد: به همین دلیل کاهش انگیزه خرید این محصولات از سوی اتباع کشور‌های خارجی وجود دارد. وی در ادامه بیان کرد: مهمترین مشکلات ما در زمینه صنایع دستی آن است که کالاهای ساخته شده را استانداردسازی و برندسازی نکردیم. متولیان صنایع دستی اگر می‌خواهند از هنرمندان صنایع دستی حمایت کنند و بازار صنایع دستی رونق پیدا کند باید سلیقه شناسی صورت بگیرد. از سوی دیگر هم بازار مناسب برای فروش محصولات ایجاد شود. به گفته عبداللهی، چند سالی است که شاهد حضور گردشگران خارجی در کشور هستیم، اما بسیاری از این افراد توان مالی خوبی برای خرید ندارند به همین دلیل خریداران خوب صنایع دستی به حساب نمی‌آیند.,اقتصادی,1,252
به گزارش گروه اقتصادی باشگاه خبرنگاران جوان به نقل از پایگاه خبری بلتا، ایگور بریلو، معاون وزارت کشاورزی و مواد غذایی بلاروس اعلام کرد: ایران نسبت به واردات گوشت گوساله از بلاروس ابراز تمایل کرده است. وی افزود: ما با نمایندگان خدمات دامپزشکی ایران و معاونان وزرای ۲ کشور، در مورد عرضه گوشت گوساله در ایران مورد بحث قرار دادیم. معاون وزارت کشاورزی و مواد غذایی بلاروس توضیح داد: بسیاری از شرکت‌ها مشغول دریافت مجوز برای محصولاتشان هستند تا در بازارهای غرب آسیا و آسیا و اتحادیه اروپا فعالیت خود را شروع کنند. مینسک روز گذشته میزبان چهارمین نشست تولیدکنندگان دام بلاروس بود.,اقتصادی,1,103
قیمت نفت با ۶ سنت کاهش به دلار در هر بشکه کاهش یافت که کمترین رقم در ۱۷ ماه گذشته به شمار می‌رود. به گزارش گروه اقتصاد بین‌الملل فارس به نقل از رویترز، قیمت نفت در معاملات امروز بازارهای جهانی به کمترین رقم در ۱۷ ماه گذشته کاهش یافت. هر بشکه نفت برنت با ۶ سنت کاهش دلار معامله شد که کمترین رقم از آوریل ۲۰۱۳ به شمار می‌رود. قیمت این نوع نفت روز گذشته تا دلار نیز کاهش یافته بود. قیمت نفت برنت در روز دوشنبه برای نخستین بار در ۱۴ ماه گذشته کمتر از ۱۰۰ دلار فروخته شد. قیمت نفت برنت در سه ماهه کنونی نزدیک به ۱۲ درصد کاهش یافته که بیشترین کاهش از سه ماهه دوم ۲۰۱۲ به شمار می‌رود. هر بشکه نفت خام آمریکا نیز ۱۰ سنت کاهش یافت و دلار فروخته شد.,اقتصادی,1,138
به گزارش خبرنگار اقتصادی باشگاه خبرنگاران جوان، متاسفانه برخی از فروشندگان با سوء استفاده از عدم آگاهی خریداران کالاهای اساسی را که معاف از مالیات بر ارزش افزوده‌اند از مصرف کننده دریافت می‌کنند. بنابراین مسئولین و سازمان امور مالیاتی باید با اطلاع رسانی شفاف در این زمینه از سوء استفاده برخی از افراد که مشکلاتی را برای مصرف کنندگان به وجود می‌آورند جلوگیری کنند. براساس این گزارش؛ از چند سال گذشته اصناف باید اقدام به نصب ترازو‌های الکترونیکی می‌کردند که همواره این دستگاه‌های الکترونیک از اقدامات غیر قانونی فروشندگان جلوگیری کرده و از طرفی برای دولت میتوانند درآمد بیشتری دشته باشند. طبق ماده ۱۲ فصل دوم مالیات بر ارزش افزوده آرد خبازی، نان، گوشت، برنج، حبوبات، قند، شیر، پنیر، روغن نباتی، شیر خشک تغذیه کودکان، انواع دارو و لوازم مصرفی، خدمات درمانی و بسیاری از اقلام دیگر معاف از مالیات هستند. در این راستا سید ناصر موسوی لارگانی عضو کمیسیون اقتصادی مجلس شورای اسلامی در گفتگو با باشگاه خبرنگاران جوان، دراین خصوص اظهار داشت: مصرف کنندگان در بحث مالبات بر ارزش افزوده هزینه‌های سنگینی به دلایلی اعم از صحیح اجرا کردن قانون مالیات و عدم نظارت مسئولین مربوطه و اجرای مالیات بر ارزش افزوده سبب سوء استفاده برخی از فروشندگان و اصناف از بی‌اطلاعی خریداران شده که کالاهایی اساسی را که معاف از مالیات است از خریداران دریافت کنند. وی افزود: با توجه به رکود و تورم حاکم بر جامعه مسئولین مربوطه با اطلاع رسانی در خصوص کالاهای معاف از مالیات می‌توانند از اقدامات غیر قانونی اصناف در این زمینه جلوگیری کنند. موسوی بیان کرد: با اجرایی شدن قانون نصب ترازوهای الکترونیکی می‌توان از فرار مالیاتی اصناف جلوگیری کرد و از سویی مسبب درآمد بیشتر برای دولت خواهد شد. براساس این گزارش؛ عدم نظارت مسئولین بر اجرای مالیات منجر به پرداخت هزینه‌های سنگین برای مصرف کنندگان می‌شود که از سویی با اجرایی شدن نصب ترازوهای الکترونیکی می‌توان از اقدامات غیرقانونی برخی از فروشندگان جلوگیری به عمل ‌آورد. انتهای پیام/,اقتصادی,1,319
مهدی غضنفری وزیر صنعت، معدن و تجارت در گفتگو با خبرنگار اقتصادی باشگاه خبرنگاران، گفت: ‌ برخی از خودروسازان خواهان افزایش قیمت خودرو هستند که قرار شده بعد از ارائه مدارک به سازمان حمایت از مصرف کنندگان و اثبات دلایل خودروسازان مبنی بر افزایش ضرر ناشی از کاهش سود حاشیه در صورت موافقت سازمان حمایت از مصرف کنندگان قیمت خودرو افزایش یابد. وزیر صنعت، معدن و تجارت در ادامه افزود: بحث جدی که الان بین سازمان حمایت از مصرف کنندگان و خودروسازان وجود دارد مربوط به نحوه قیمت گذاری خودروها براساس قیمت تمام شده خودرو یا براساس حاشیه بازار است. غضنفری ادامه داد: سازمان حمایت حق ندارد با افزایش غیرقانونی قیمت خودرو یا هر کالای دیگری کنار بیاید و وظیفه دارد با همکاری سازمان تعزیرات جلوی افزایش قیمت خودرو را بگیرد. وی درباره تحویل و افزایش قیمت خودرو از سوی خودروسازان بزرگ گفت: ‌ موضوع جریمه شامل همه خودروسازان از جمله خودروسازان بزرگ است. /ق۲,اقتصادی,1,155
عنوان شغلی مسئول تضمین کیفیت با مدرک کارشناسی- دارای ۵ سال سابقه کاری- خانم/ آقا- مسلط به پیاده سازی سیستم‌های مدیریت کیفیت با مدرک کارشناسی/ کارشناسی ارشد- دارای ۳ سال سابقه کاری- خانم/ آقا با مدرک کاردانی/ کارشناسی- دارای ۱ سال سابقه کاری- خانم با مدرک دیپل/ فوق دیپلم- دارای ۲ سال سابقه کاری- آقا مسئول ایمنی با مدرک دیپلم/ فوق دیپلم- دارای ۲ سال سابقه کاری- آقا- آموزش دیده دوره بهگری یا بهداشت کارشناس مکانیک با مدرک کارشناسی/ کارشناسی ارشد- دارای ۲ سال سابقه کاری- آقا کارشناس روابط عمومی با مدرک کاردانی/ کارشناسی- دارای ۱ سال سابقه کاری- خانم ارسال رزومه تا تاریخ ۱۳۹۵/۱۰/۲۴ به ایمیل: info@,اقتصادی,1,108
حبوبات، برنج و خشکبار نخود ۹۰۰ (بسته‌ای/ریال) - (قیمت میدان میوه وتره بار) لوبیا چیتی ۹۰۰ گرمی (بسته‌ای/ریال) (قیمت میدان میوه وتره بار) لوبیا قرمز جگری ۹۰۰ گرمی (بسته‌ای/ریال) (قیمت میدان میوه وتره بار) لوبیا سفید ۹۰۰ گرمی (بسته‌ای/ریال) (قیمت میدان میوه وتره بار) لوبیا چشم بلبلی ۹۰۰ گرمی (بسته‌ای/ریال) (قیمت میدان میوه وتره بار) لپه آذر شهر ۹۰۰ گرمی (بسته‌ای/ریال) (قیمت میدان میوه وتره بار) ماش ۹۰۰ گرمی (بسته‌ای/ریال) (قیمت میدان میوه وتره بار) عدس درشت ۹۰۰ گرمی (بسته‌ای/ریال) (قیمت میدان میوه وتره بار) لیمو عمانی ۳۰۰ گرمی (بسته‌ای/ریال) (قیمت میدان میوه وتره بار) آلو بخارا درجه یک (کیلویی/ریال) (قیمت میدان میوه وتره بار) پسته اکبری (کیلویی/ریال) (قیمت میدان میوه وتره بار) تخمه آفتابگردان دورسفید (کیلویی/ریال) (قیمت میدان میوه وتره بار) تخمه جابانی شور (کیلویی/ریال) - (قیمت میدان میوه وتره بار) تخمه کدو درشت مرمری (کیلویی/ریال) - (قیمت میدان میوه وتره بار) کشمش پلویی (کیلویی/ریال) - (قیمت میدان میوه وتره بار) مغز گردو (کیلویی/ریال) - (قیمت میدان میوه وتره بار) رطب مضافتی بم (کیلویی/ریال) - (قیمت میدان میوه وتره بار) برنج هاشمی (کیلویی/ریال) - (قیمت میدان میوه وتره بار) برنج طارم اصل (کیلویی/ریال) - (قیمت میدان میوه وتره بار) برنج پاکستانی (کیلویی/ریال) (قیمت میدان میوه وتره بار) برنج هندی (کیلویی/ریال) (قیمت میدان میوه وتره بار) شکر فله (کیلویی/ریال) (قیمت میدان میوه وتره بار) قند کله فله (کیلویی/ریال) (قیمت میدان میوه وتره بار) قند شکسته کارتنی (کیلویی/ریال) (قیمت میدان میوه وتره بار),اقتصادی,1,232
به گزارش گروه اقتصادی باشگاه خبرنگاران جوان، براساس گزارش انجمن جهانی فولاد، میزان تولید فولاد ایران در فاصله ماه‌های ژانویه تا می‌به میلیون تن رسیده که حدود ۹۴۴ هزار تن نسبت به مدت مشابه سال گذشته با افزایش همراه بوده است. علاوه بر این، آمارهای انجمن جهانی فولاد حاکی از این است که تولید فولاد خام ایران در ماه می‌میلیون تن بوده که در مقایسه با ماه قبل از آن که میلیون تن بود، افزایش داشته است. بر اساس آمارهای انجمن جهانی فولاد سال گذشته تولید فولاد خام ایران میلیون تن بوده که نسبت به سال ۲۰۱۵، به میزان۱۱ درصد افزایش داشته است.,اقتصادی,1,103
به گزارش خبرنگار اقتصادی باشگاه خبرنگاران، امروز بازار تهران با نظر به اونس ۱۲۶۵ دلاری و افت دلار تا سطح ۳۱۷۹ تومان، ارزش فلزات طلایی را کاهش و هر مثقال طلای ۱۷ عیار را با قیمت ۴۱۵ هزار و ۵۰۰ تومان به فروش رساند که نسبت به روز گذشته ۵۵۰۰ تومان کاهش داشت. در همین راستا ارزش هر گرم طلای ۱۸ عیار بدون احتساب اجرت ساخت با افت ۱۳۱۶ تومانی بر بهای ۹۵ هزار و ۸۷۲ تومان قرار گرفت. قیمت جهانی طلا که روز گذشته در پی تشدید نگرانی‌ها نسبت به بحران عراق به بیش از ۱۲۸۴ دلار رسید، بار دیگر در آستانه نشست دو روزه فدرال رزرو و در آخرین لحظات مبادلات روز دوشنبه با افت ۰-۴ درصدی روبرو شد. تداوم روند نزولی قیمت طلا در روز سه شنبه هر اونس طلا را به ۱۲۶۵ دلار و ۳۰ سنت رساند. نتایج نشست دو روزه فدرال رزرو در حالی روز چهارشنبه اعلام خواهد شد که کارشناسان اقتصادی بر این باورند مقامهای بانک مرکزی آمریکا در این نشست نشانه هایی از افزایش تدریجی نرخ بهره را اعلام خواهد کرد. گفتنی است، قیمت فلزات طلایی به شرح جدول ذیل است: هر مثقال طلای ۱۷ عیار ۴۱۵ هزار و ۵۰۰ تومان هر گرم طلای ۱۸ عیار ۹۵ هزار و ۸۷۲ تومان هر گرم طلای ۲۴ عیار ۱۲۷ هزار و ۸۲۸ تومان ۱۲۶۵ دلار و ۳۰ سنت,اقتصادی,1,223
به گزارش خبرنگار اقتصادی باشگاه خبرنگاران، امروز بازار طلای تهران هر گرم طلای ۱۸ عیار ساخته نشده را ۱۰۳ هزار و ۴۶۷ تومان به فروش رساند که نسبت به نرخ بسته شده روز قبل ۴۵۳ تومان کاهش داشت. بر همین اساس هر مثقال طلای ۱۷ عیار با بهای ۴۴۸ هزار و ۵۰۰ تومان در بازار به فروش رسید که نسبت به روز گذشته ۱۷۰۰ تومان کاهش داشت. شایان ذکر است، پس از کاهش ۱ درصدی قیمت جهانی طلا در روز سه شنبه و متوقف شدن روند صعودی قیمت طلا در ۴ روز گذشته، امروز بهای اونس جهانی تغییر چندانی نداشت و با بهای ۱۳۲۳ دلار و ۴۰ سنت به فروش رسید. قیمت امروز طلا طبق جدول زیر است. ۴۴۸ هزار و ۵۰۰ تومان گرم ۱۸ عیار طلا ۱۰۳ هزار و ۴۶۷ تومان گرم ۲۴ عیار طلا ۱۳۷ هزار و ۹۵۴ تومان ۱۳۲۳ دلار و ۴۰ سنت,اقتصادی,1,146
به گزارش گروه اقتصادی باشگاه خبرنگاران؛ مدیرکل سازمان صنعت معدن وتجارت استان آذربایجان غربی گفت: تولید به روز تریلرهای کشنده در ۸ مجموعه صنعتی موجب استقبال چشمگیر مصرف کنندگان داخلی و حتی خارجی شده است. اسکندری منبع این صادرات راکشورهای آسیایی میانه و کشورهای همجوار عراق و ترکیه اعلام کرد وگفت:. رعایت استانداردهای بین المللی بویژه استانداردیورو چهار، توجه به کیفیت متناسب با استانداردهای جهانی و تنوع بخشی به تولیدات مورد نیاز از دلایل توسعه صاردات واستقبال کشورهای خارحی در این بخش صنعتی است. مدیر رئیس سازمان صنعت، معدن و تجارت آذربایجان غربی گفت: با وجود این مجموعه صنعتی در استان روزانه از خروج ۵۰ هزار یورو ا زکشور هم جلوکیری می‌شود.,اقتصادی,1,112
به گزارش خبرنگار اقتصاد و انرژی گروه اقتصادی باشگاه خبرنگاران جوان، غلامرضا منوچهری معاون امور توسعه ومهندسی شرکت ملی نفت در امضای تفاهم نامه بین شرکت ملی نفت شرکت توتال فرانسه و سی ام پی سی چین و شرکت پترو پارس در خصوص جزئیات این توافقنامه گفت: فاز ۱۱ پارس جنوبی آخرین فازی است که قرارداد برای آن بسته می‌شود. این قرارداد بسیار کاملتر از قراردهای قبلی بوده و پس از ۴۰ ماه تولید اولیه آغاز خواهد شد. به گزارش خبرنگار اقتصاد و انرژی گروه اقتصادی باشگاه خبرنگاران جوان، غلامرضا منوچهری معاون امور توسعه ومهندسی شرکت ملی نفت در امضای تفاهم نامه بین شرکت ملی نفت شرکت توتال فرانسه و سی ام پی سی چین و شرکت پترو پارس در خصوص جزئیات این توافقنامه گفت: فاز ۱۱ پارس جنوبی آخرین فازی است که قرارداد برای آن بسته می‌شود. این قرارداد بسیار کاملتر از قراردهای قبلی بوده و پس از ۴۰ ماه تولید اولیه آغاز خواهد شد. وی افزود: قرارداد به دو بخش تقسیم خواهد شد که قسمت اول آن مربوط به تاسیسات فرا ساحلی خطوط لوله و قسمت دوم آن ایجاد سیستمهای تقویت فشار خواهد بود. معاون امور توسعه ومهندسی شرکت ملی نفت تصریح کرد: تمامی این فعالیت‌ها منطبق بر سیاست‌های رهبری در برنامه ششم توسعه است؛ بر همین اساس توسعه میادین مشترک نفت و گاز و ازدیاد برداشت از تمامی میادین مورد نظر در اولویت است. وی تاکید کرد: در حال حاضر مشکل اصلی افزایش ضریب برداشت از میادین است، در حال حاضر ضریب برداشت میادین ما به طور متوسط ۲۵ درصد بوده که طبق برنامه ریزی‌های انجام شده این میزان باید به ۴۰ درصد برسد، تحقق این امر ۶ هزار میلیارد دلار به ذخایر کشور اضافه می‌کند. در حال تکمیل/,اقتصادی,1,282
هدایت‌الله میر مرادزهی عضو کمیسیون کشاورزی در گفتگو با خبرنگار اقتصادی باشگاه خبرنگاران جوان، در خصوص اقدامات لازم در زمینه خودکفایی تولیدات داخلی اظهار داشت: در واقع استعدادها، ‌ پتانسیل و امکانات لازم برای امورات زیربنایی و نهاده‌های کشاورزی باید تأمین کنیم تا مشکل کشاورزان در این زمینه حل شود. وی افزود: با مهار ریزش‌های جوی و رودخانه‌های مرزی، استفاده بهینه از آب، توسعه مکانیزاسیون کشاورزی و ایجاد گلخانه‌ها می‌توان به خودکفایی محصولات داخلی دست یابیم. میرمراد زهی تصریح کرد: با توجه به اینکه کشور ما یکی از کشورهای غنی و پرتوان است که اگر سطح زیر کشت به اندازه نیاز باشد قطعا به واردات نیازی نخواهیم داشت.,اقتصادی,1,108
سید محمد حسین کلانتری معتمدی کارشناس اقتصادی در گفتگو با خبرنگار اقتصادی باشگاه خبرنگاران جوان، گفت: بهره گیری از آخرین متدهای علمی و دانش روز با هماهنگی صاحب نظران ملی و بین المللی باعث تحول در راهکارهای اساسی و عملی استاندارد سازی اقتصادی می‌شود. وی افزود: قوانین استاندارد اگر به درستی به کار گرفته شود باعث افزایش تولید و بهره وری خواهد شد همچنین کیفیت ارائه خدمات و بهره وری را به طور قابل ملاحظه‌ای افزایش می‌دهد به طوری که این قضیه باعث جلب رضایت مشتری و در نتیجه جذب بازارهای ملی و بین المللی می‌شود. کلانتری معتمد گفت: مهمترین عامل در اقتصاد مقاومتی به کارگیری بهترین راه‌ها برای افزایش کمی و کیفی تولید و خدمات است و این امر هماننند تکنولوژی‌های استاندارد با گذشت زمان به طور پیشرفته در سراسر جهان ارائه می‌شود بایستی موسسات تولیدی و خدمات کشور استانداردها را رعایت کنند. این کارشناس اقتصادی ادامه داد: آموزش استانداردها و افزایش کمی و کیفی در موسسات و کارخانجات، صنایع کشاورزی و سایر خدمات ملی کشور باید با گواهینامه استاندارد همراه باشد تا گواهی دهنده که کیفیت را در نظر بگیرد تا بستر برای توسعه اقتصادی فراهم شود.,اقتصادی,1,189
به گزارش گروه بین‌الملل باشگاه خبرنگاران جوان، به نقل از ایندیپندنت، پس از آنکه روز دوشنبه دولت فیلیپ-ن-اعلام کرد ماه‌ها مبارزه علیه گروه تروریستی داعش در شهر ماراوی به پایان رسیده است، تلاش‌ها برای بازسازی این شهر آغاز شده است. این حملات در ماه مه و هنگامی که نیروهای امنیتی فیلیپ-ن-برای دستگیری ایسنیلون هاپیلون، سرکرده سابق گروه تروریستی ابوسیاف (وابسته به داعش)، تلاش کردند آغاز شد- این عنصر تروریستی به جای تسلیم تسلیحات خود، با یک گروه تروریستی دیگر متحد شد و کنترل شهر ماراوی را به دست گرفت- از ابتدای درگیری‌ها در این شهر، بیش از ۱۰۰۰ نفر کشته شده اند- با این‌حال، بیش از ۸۰۰ عنصر تروریستی در میان این کشته شدگان قرار دارند- این درگیری‌ها موجب شده است ۶۰۰ هزار نفر از محل زندگی خود نقل مکان کنند- اکنون، تصاویری منتشر شده است که شهر ماراوی را با ساختمان‌های مملو از جای تیر و خیابان‌های تخریب شده و مساجد سوخته نشان می‌دهد- روز دوشنبه، دلفین لورنزانا، وزیر دفاع فیلیپ-ن- در یک جلسه در نشست انجمن ملل آسیای جنوب شرقی (آسه‌آن) اعلام کرد ارتش این کشور تروریسم در فیلیپ-ن-را شکست داده است- دولت فیلیپ-ن-تخمین زده است عملیات بازسازی این شهر بیش از یک میلیارد دلار هزینه در بر خواهد داشت- شهردار ماراوی در گفتگو با روزنامه اینکوایرر گفت: از نظر عاطفی، برای ما بسیار دشوار است که ویرانی‌های برجا مانده از وحشی‌گری‌های این گروه تروریستی (داعش) را ببینیم.,بین الملل,2,230
به گزارش سرویس بین‌ الملل باشگاه خبرنگاران به نقل از بی‌بی‌سی، کاترین اشتون درمورد دیدار با فعالین زن به خبرنگار بی بی سی گفت برای من به طور خاص خیلی مهم بود که هم زمان با روز جهانی زن از این زنان بشنوم از نظر آنها چطور می‌توان شرایط را تغییر داد. اشتون همچنین در بیانیه‌ای که در پایان سفر خود به تهران منتشر کرده به دیدار خود با فعالین زن در ایران اشاره کرده و گفته است: کسی نباید تعجب کند که در سفر من تمرکز زیادی بر موضوع حقوق بشر بود، با فعالان زن درباره شرایط زنان در ایران گفتگو کردم؛ فعالیت‌هایی که از روزنامه‌نگاری تا کمک به پناهندگان افغان، بخش‌های مختلف جامعه مدنی را در بر می‌گیرد. بی‌بی‌سی گزارش داد: کاترین اشتون، مسئول سیاست خارجی اتحادیه اروپا یکشنبه شب از تهران برای دیدن بناهای تاریخی اصفهان به این شهر رفت. اشتون در طول روز یکشنبه با مقام‌های ارشد ایران دیدار کرده بود. کاترین اشتون با حسن روحانی، رئیس جمهوری ایران هم دیدار کرد. به گزارش خبرگزاری‌ها، آقای روحانی خواستار همکاری ایران و اتحادیه اروپا در زمینه‌های گوناگون شد. انتهای پیام/ بی‌بی‌سی گزارش داد: کاترین اشتون، مسئول سیاست خارجی اتحادیه اروپا یکشنبه شب از تهران برای دیدن بناهای تاریخی اصفهان به این شهر رفت. اشتون در طول روز یکشنبه با مقام‌های ارشد ایران دیدار کرده بود. کاترین اشتون با حسن روحانی، رئیس جمهوری ایران هم دیدار کرد. به گزارش خبرگزاری‌ها، آقای روحانی خواستار همکاری ایران و اتحادیه اروپا در زمینه‌های گوناگون شد.,بین الملل,2,244
به گزارش گروه بین‌الملل باشگاه خبرنگاران جوان به نقل از خبرگزاری اسپوتنیک، وزارت دفاع انگلیس اعلام کرد ارتش این کشور در حمله بامداد امروز به دو پایگاه هوایی در سوریه مشارکتی نداشته است. سخنگوی وزارت دفاع انگلیس امروز سه شنبه گفت: لندن دخالتی در این حمله نداشته است. وی از پاسخ دادن به این پرسش که آیا وزارت دفاع انگلیس از حمله بامداد امروز به دو پایگاه هوایی در خاک سوریه اطلاع داشته است یا خیر، امتناع کرد و افزود: همانطور که گفتم انگلیس مشارکتی در این حمله نداشته است بنابراین نمی‌توانیم در این خصوص اظهارنظر بیشتری کنیم. بامداد امروز رسانه‌های سوری از حمله موشکی به فرودگاه الشعیرات در استان حمص و پایگاه هوایی الضمیر در حومه دمشق خبر دادند. همچنین منابع نظامی سوریه اعلام کردند حدود ۱۰ موشک شلیک شد که پدافند موشکی ارتش سوریه توانست آن‌ها را سرنگون کند. در پی این حمله، سخنگوی پنتاگون هرگونه فعالیت نظامی آمریکا در آن منطقه را رد و از ارائه جزئیات بیشتر خودداری کرد. ائتلاف متشکل از آمریکا، انگلیس و فرانسه پس از یک هفته اتهام زنی و مطرح کردن ادعایی مبنی بر دخالت دولت دمشق در حمله شیمیایی به دوما، بامداد روز شنبه با بیش از ۱۰۰ موشک، تاسیسات تحقیقاتی و نظامی سوریه را هدف قرار داد. به گفته وزارت دفاع روسیه پدافند ارتش سوریه موفق شد ۷۱ موشک را ردیابی و سرنگون کند.,بین الملل,2,224
به گزارش گروه بین‌الملل باشگاه خبرنگاران جوان، سازمان عفو بین الملل اعلام کرد، ترور جمال خاشقجی پیام وحشتناکی برای منتقدان سعودی دارد، این اتفاق به این معنی است که منتقدان حتی در خارج از عربستان نیز امنیت جانی ندارند. مرکز حقوق بشر سعودی (قسط) نیز خواستار تشکیل کمیته بین المللی جهت تحقیق درباره ترور جمال خاشقجی شد. همچنین خبرنگاران بدون مرز نیز در پیامی اعلام کردند که اگر کشته شدن جمال خاشقجی تایید شود اتفاقی خوفناک خواهد بود، این اقدام در بعد آزادی اطلاع رسانی، اقدامی غیرقابل قبول است. این پیام در حالی از سوی عفو بین الملل صادر شد که در گزارشی به نقل از خبرگزاری رویترز، دو منبع آگاه ترکیه‌ای گفتند برآورد اولیه پلیس این کشور این است که جمال خاشقجی روزنامه نگار سعودی در داخل کنسولگری عربستان سعودی در استانبول کشته شده است. این منابع آگاه ترکیه‌ای گفتند که خاشقجی ترور شده و جسدش از کنسولگری به بیرون منتقل شده است. شبکه تلویزیونی الجزیره به نقل از میدل ایست آی اعلام کرد، جمال خاشقجی قبل از کشته شدن در کنسولگری عربستان در استانبول، شکنجه شده است.,بین الملل,2,179
به گزارش سرویس بین‌ الملل باشگاه خبرنگاران؛ یک دیپلمات بلندپایه اروپایی در مصاحبه با روزنامه الحیات اظهار داشت: دولت جدید ایران به رویکرد عدم مقابله با طرف‌های خارجی تکیه دارد که این موضوع مذاکرات هسته‌ای را تسهیل می‌کند. وی در ادامه با بیان اینکه شیوه دیپلماتیک به ارائه پیشنهاد وگام‌های ملموس در راستای پاسخ به جامعه جهانی پایه ریزی شده است گفت: کشورهای عضو گروه ۱+۵ با حق ایران در دستیابی به فناوری صلح آمیز هسته‌ای مخالفتی ندارند. این منبع دیپلماتیک در بخش دیگری از مصاحبه خود مدعی شد: پیمان منع اشاعه تسلیحات هسته‌ای از ایران خواسته که درهای تاسیسات هسته‌ای خود را به روی بازرسان آژانس بین المللی انرژی اتمی باز کند و این آن چیزی است که ایران قبول نخواهد کرد. وی همچنین گفت: موضع آمریکا واتحادیه اروپا در قبال تداوم تحریم‌های نفتی ومالی ایران منسجم است مگر ایران به شرط توقف غنی سازی و رفع نگرانی جامعه جهانی پاسخ دهد. انتهای پیام/,بین الملل,2,155
به گزارش گروه بین‌الملل باشگاه خبرنگاران جوان؛ یوسف بن علوی وزیر امورخارجه عمان گفت: لزوما اینگونه نیست که ایران و عربستان همیشه با هم اختلاف داشته باشند، پیش‌تر نیز در مقاطعی اختلاف نظرهایی میان دو کشور وجود داشت که حل شد. وی سه شنبه شب در برنامه بلاقیود شبکه بی بی سی عربی افزود: ایران و عربستان در دوران رؤسای جمهوری اسبق این کشور روابط حسنه‌ای داشتند و حتی همکاری هایی نیز میان دو کشور وجود داشت. یوسف بن علوی تصریح کرد: روابط ما با ایران تاکنون مستحکم و حسنه بوده است و از آغاز انقلاب تاکنون دو کشور تصمیم گرفتند به عنوان ۲ همسایه روابط دوستانه بر پایه صداقت و همکاری داشته باشند، هرچند که در پاره‌ای از مسائل هریک از ۲ کشور دیدگاه خاص خود را داشته و اختلاف نظرهایی در این زمینه وجود داشته است. وزیرامورخارجه عمان در خصوص میانجیگیری کشورش در پرونده هسته‌ای تصریح کرد: ایران و آمریکا مدت زیادی بود که هیچ دیداری با یکدیگر نداشتند و مشکلات پیچیده و اختلافات عمیقی میان آنها وجود داشت به همین دلیل، اختلاف آنها جزئی دو همسایه نبود که با یک دیدار ساده حل شود، مساله‌ای که درمورد پرونده هسته‌ای ایران صدق نمی‌کرد. وی در خصوص پدیده موسوم به بهار عربی نیز گفت: دیگر کسی پیدا نمی‌شود که چیزی به نام بهار عربی را به یاد آورد و ملت‌های عرب باید از این امر درس بگیرند. وی در پاسخ به این سئوال که اگر آمریکا حمایت خود را پس از توافق هسته‌ای با ایران، از کشورهای حوزه خلیج فارس متوقف کند، گفت: روابط دو جانبه مسقط – واشنگتن و نیز دیگر کشورهای حوزه خلیج فارس با آمریکا بسیار مستحکم است و شاید بتوان گفت که روابط ما با آمریکا از روابط این کشور با کشورهای عضو پیمان آتلانتیک شمالی (ناتو) قوی‌تر است.,بین الملل,2,294
به گزارش سرویس بین‌ الملل باشگاه خبرنگاران به نقل از پایگاه خبری البشیر، در این بیانیه فراخوان عبدالفتاح سیسی وزیر دفاع مصر برای برگزاری تظاهرات با هدف واگذاری قدرت برخورد با خشونت به ارتش، به منزله رویارو کردن مردم با مردم و حرکت کشور به سمت جنگ داخلی خوانده شده و آمده است: بهترین راهکار، دفاع از روند دموکراسی در برابر کودتای نظامی و بازگشت به قانون اساسی مصوب سال ۲۰۱۲ است که در یک همه پرسی شفاف با رای موافق مردم مواجه شده بود. این بیانیه می‌افزاید: بر اساس مواد ۱۴۱ و ۱۴۲ قانون اساسی سال ۲۰۱۲ که ارتش عمل به آن را تعلیق کرده است رئیس جمهوری باید اختیارات خود را به یک کمیته ملی وزارتی موقت واگذار کند تا انتخابات پارلمانی در کشور برگزار شود و پس از انتخابات یک دولت جدید امور کشور را به دست بگیرد و زمینه را برای برگزاری انتخابات ریاست جمهوری، اصلاح قانون اساسی و ایجاد آشتی ملی فراهم کند. در این بیانیه پیشنهادهای مطرح شده تلاش برای حفاظت از دستاوردهای انقلاب ۲۵ ژانویه در برابر تلاش‌های متقابلی خوانده شد که هدف آنها مخدوش کردن انقلاب سال ۲۰۱۱ است. بیانیه مذکور اجرایی شدن پیشنهادهای مطرح شده را نشان رشد جامعه و اهمیت به صلح و آرامش خواند و افزود: اجرای این پیشنهادها با قانون و عرف سیاسی جهان سازگاری دارد و زمینه را برای حمایت از دموکراسی و دولت مدنی در کشور فراهم می‌کند و مانع از عقب نشینی نامحدود در کشور می‌شود. این بیانیه به امضای تعدادی از فعالان سیاسی، فکری و دینی از جمله طارق البشری از حقوقدانان معروف مصر، حسن شافعی مشاور شیخ الازهر، ‌فهمی هویدی نویسنده و روزنامه نگار، محمد عماره اندیشمند مسلمان، سیف عبدالفتاح استاد علوم سیاسی دانشگاه قاهره و چهره‌های دانشگاهی، دینی و سیاسی دیگر رسید.,بین الملل,2,290
به گزارش سرویس بین‌ الملل باشگاه خبرنگاران به نقل از حریت، این گروگان‌های لبنانی در ماه می‌سال گذشته میلادی در نزدیکی شهر عزز در سوریه ربوده شده بودند. میقاتی روز گذشته در نشستی خبری با حضور نخست وزیر ترکیه اظهار داشت ما در مورد مشکلات منطقه‌ای و شهروندان به گروگان گرفته شده در سوریه با یکدیگر به مذاکره پرداختیم. من بر این باورم که ترکیه توان اعمال فشار بر گروههایی که مرتکب چنین جرائمی شده‌اند را دارد. معتقدم با اعمال فشار لازم می‌توان گروگان‌های را آزاد نمود. اردوغان نیز وعده داد که رایزنی‌های لازم در این باره را با تروریست‌های سوری انجام خواهد داد و اظهار امیدواری کرد که گروگان‌های لبنانی به آغوش خانواده هایشان باز خواهند گشت. گروه تروریستی موسوم به ارتش آزاد سوریه بهار سال گذشته میلادی ۱۱ نفر از زائران شیعه لبنانی را که قصد سفر به ایران داشتند را در مرز ترکیه و سوریه ربودند که بعدا با رایزنی دولت ترکیه دو نفر از آنان آزاد شدند. آخرین اخبار جهان را اینجا بخوانید. آخرین اخبار جهان را اینجا بخوانید. آخرین اخبار جهان را اینجا بخوانید.,بین الملل,2,179
به گزارش گروه بین‌الملل باشگاه خبرنگاران جوان، تلویزیون فرانسه در بخش‌ خبری خود نوشته روی پلاکارد یکی از معترضان پاریسی که خواستار استعفای امانوئل ماکرون، رئیس‌جمهور فرانسه شده بود را حذف کرد. مسئولان شبکه ۳ تلویزیون فرانسه خطای انسانی را علت این اشتباه عنوان کرده‌اند! تظاهرات مردم فرانسه در اعتراض به سیاست‌های اقتصادی رئیس‌جمهور کشورشان وارد پنجمین هفته خود شده است. در حالیکه نیروهای پلیس این کشور با اجرای تدابیر شدید امنیتی در مناطق مختلف سعی در جلوگیری از برگزاری اینگونه تظاهرات‌ها دارند اما قادر به مقابله با معترضان نیستند. تاکنون شمار زیادی از مردم فرانسه از سوی پلیس این کشور بازداشت شده‌اند. معترضان خواهان استعفای امانوئل مکرون هستند.,بین الملل,2,109
به گزارش گروه بین الملل باشگاه خبرنگاران جوان به نقل از سی ان ان، ترکی فیصل، رئیس سابق دستگاه اطلاعاتی عربستان مدعی شد مداخله روسیه در سوریه، خطایی از جانب مسکو است که احتمال دارد این کشور را در دشمنی با بیش از میلیارد مسلمان قرار دهد. این شاهزاده سعودی در مصاحبه با شبکه سی ان ان، در پاسخ به این پرسش که آیا مداخله روسیه سبب تغییر قواعد بازی خواهد شد گفت: نمی‌توان بطور دقیق گفت؛ چرا که پیامدهای این مداخله به شکل کافی آشکار نیست. وی گفت: ما بطور دقیق نمی‌دانیم نیت روسیه چیست؛ آنها می‌گویند خواهان مبارزه با تروریسم هستند. این مسأله خوبی است؛ اما این کار را بدون هماهنگی و بصورت انفرادی انجام می‌دهند. وی در ادامه مدعی شد: روشی که آنها در پیش گرفته‌اند نشان می‌دهد که تنها برای کمک به منظور باقی ماندن رژیم بشار اسد در قدرت رفته‌اند؛ در حالی که این قدرت در حال خسارت دیدن است. این مسائل سبب ایجاد شک و تردیدها شده و باعث می‌شود بگویم این اقدامی اشتباه است. وی در پاسخ به مجری شبکه سی ان ان در خصوص اینکه چه پیامی برای پوتین دارد مدعی شد: پیام من این است که روسیه را در دشمنی و جنگ با میلیارد مسلمان قرار نده؛ مسلمانانی که معتقدند روسیه از وحشی‌ترین رژیم‌ها در ریختن خونها در سوریه حمایت می‌کند. ترکی فیصل تصریح کرد: روسیه دارای جامعه بزرگی از مسلمانان است. این تفکر که ایستادن در کنار اسد سبب محاصره گروه‌های فعال در سوریه خواهد شد، تفکر اشتباهی است. بطور حتم این افراد به کشورهایشان بازخواهند گشت و سلاح خود را بسوی دولتی که معتقدند از اسد حمایت کرده نشانه خواهند گرفت. رئیس سابق دستگاه اطلاعاتی عربستان در ادامه افزود: مسأله دیگری که دوست دارم به روس‌ها بگویم این است: چه مسأله‌ای سبب شده تا با کشوری با راهبرد توسعه طلبانه مثل ایران هم پیمان شوید و در امور کشورهای عربی مداخله کنید؟ دست هایتان را در دست‌های (ایران) قرار داده‌اید، در حالی که آنها تلاش دارند تنش و شکاف‌های فرقه‌ای در جهان عرب ایجاد کنند. انتهای پیام/,بین الملل,2,338
به گزارش گروه بین‌الملل باشگاه خبرنگاران جوان به نقل از رویترز، وزرای خارجه ۶۸ کشور از سراسر جهان روز چهارشنبه به منظور گفتگو درباره گام‌های بعدی برای شکست گروه تروریستی داعش در واشنگتن گرد هم می‌آیند. این نخستین جلسه است که از زمان پیروزی دونالد ترامپ در انتخابات ریاست‌جمهوری آمریکا در این خصوص برگزار می‌شود. رکس تیلرسون وزیر امور خارجه آمریکا این جلسه را میزبانی می‌کند. رئیس جمهور آمریکا وعده داده بود شکست داعش را در اولویت قرار دهد و به پنتاگون و دیگر آژانس‌های مربوطه دستور داد برنامه‌ای را برای شکست این گروه شیطانی ارائه دهند. در حال حاضر پیشروی نیروهای ترکیه، روسیه و آمریکا در سوریه و عراق باعث تضعیف گروه تروریستی داعش شده است. با اینکه تعداد نیروهای عراقی از عناصر گروه تروریستی داعش بیشتر است این گروه با استفاده از عملیات‌ انتحاری و تک تیر اندازها در مقابل نیروهای عراقی مقاومت می‌کند. گفتگوهای روز چهارشنبه بر چگونگی کمک به بازسازی موصل و مقابله با داعش در لیبی و دیگر مناطق متمرکز است.,بین الملل,2,166
به گزارش گروه بین‌الملل باشگاه خبرنگاران جوان به نقل از دیلی میل، یک غواص اهل نپال تصاویری جالب از شهری که ۱۷۰۰ سال پیش در سواحل غربی ایتالیا به زیر آب فرو رفت، تهیه کرد. این شهر به نام بایائی که زمانی محل تفریح ثروتمندان بود بیشتر بخشهای آن با گذشت زمان به دلیل فعالیتهای آتش فشانی به داخل آب فرو رفت. هم اکنون این بخش با نام خلیج نپال شناخته می‌شود. با وجود اینکه ۱۷۰۰ سال است این شهر غرق شده است، برخی از قسمت‌های آن همچنان سالم باقی مانده است. همانطور که در تصاویر دیده می‌شود برخی از دیوارها، موزاییک‌ها و مجسمه هایی که در این شهر وجود داشت همچنان در زیر آب به قوت خود باقیست. تصویری که نقاشان از این شهر پیش از غرق شدن ترسیم کرده‌اند. آنتونیو بوسیلو ۴۵ ساله که این تصاویر جالب را از زیر آب تهیه کرده است، گفت: این موزاییک‌های زیبا، معابد و ساختمانهایی که هنوز زیر آب پابرجا هستند، نشان‌دهنده ثروت و غنائمی است که در آن سالها در این منطقه وجود داشته است. این شهر تا چند قرن یکی از باارزش‌ترین شهرهای روم بود. وی افزود: غواصی در این منطقه همانند شیرجه زدن در تاریخ است. این یک تجربه بسیار فوق العاده برای من بود.,بین الملل,2,206
به گزارش سرویس بین‌ الملل باشگاه خبرنگاران به نقل از شبکه العالم؛ در مرکز تحقیقات پیو پروژه‌ای با عنوان دین و زندگی انجام شده است. نتایج تحقیقات ۲۱۰ صفحه‌ای این مرکز که همزمان با سفر توام از نگرانی بنیامین نتانیاهو به آمریکا منتشر شده است، نشان می‌دهد اگرچه ۹۴ درصد از یهودی‌های آمریکا خود را به یهودی بودن مفتخر می‌دانند، اما ۲۲ درصد آنها برای خود هیچ دینی قائل نیستند. البته می‌توان گفت بی دینی در جامعه آمریکا تنها به یهودی‌ها اختصاص ندارد، زیرا بر اساس یافته‌های پیو در حدود ۲۰ درصد از آمریکایی‌ها اصولا معتقد و مقید به هیچ دینی نیستند. این تحقیقات همچنین نشان می‌دهد که ۷۰ درصد از یهودی‌های آمریکا ماهیت خود را به اسرائیل مرتبط می‌دانند. یهودی هایی که دین ندارند، از نظر صاحب نظران امور جامعه شناسی، ایده‌ای نگران کننده برای اسرائیل است. زیرا آنها با یهودی‌ها ازدواج نمی‌کنند و این مسئله می‌توان کاهش حداقل ۲۲ درصدی جمعیت یهودی‌ها را به همراه داشته باشد. علاوه بر این مشخص است که این افراد کودکان یهودی نخواهند داشت، به موسسات یهودی کمک مالی نمی‌کنند و … دیگر یافته‌های این تحقیق نشان می‌دهد که ۶۲ درصد از یهودی‌های ساکن آمریکا معتقدند اسرائیل به دنبال تلاش‌های واقعی برای صلح در خاورمیانه نیست. ۴۴ درصد نیز وجود شهرک‌های صهیونیست نشین در کرانه باختری را خطری امنیتی برای ساکنان سرزمین‌های اشغالی می‌دانند. در این میان سایت هاآرتص به یافته‌های جالبی از این تحقیق دست یافته است: ۱- ۴۴ درصد از یهودی‌های آمریکایی با غیر یهودیان ازدواج کرده‌اند. ۲- ۴۰ درصد از یهودیان آمریکا، یکی از آموزه‌های مهم دین یهود اسرائیل، سرزمین وعده داده شده خدا است را قبول دارند. ۳- ۴۳ درصد از یهودی‌ها تاکنون در اسرائیل بوده‌اند. ۴- ۱۹ درصد از یهودی‌ها معتقدند که رعایت قوانین دین یهود برای یهودی بودن ضروری است. ۵- ۷۳ درصد از یهودی‌ها معقتدند گرامیداشت و یادبود هولوکاست برای یهودی بودن لازم است.,بین الملل,2,308
به گزارشگروه بین‌الملل باشگاه خبرنگاران جوان به نقل از خبرگزاری شین هوا، کاخ سفید روز دوشنبه اعلام کرد جان بولتون، مشاور امنیت ملی آمریکا، در ماه اوت با همتای روس خود دیدار می‌کند تا آخرین دیدار میان دونالد ترامپ، رئیس جمهور آمریکا، و ولادیمیر پوتین، رئیس جمهور روسیه، را پیگیری کند. سارا هاکبی سندرز، سخنگوی کاخ سفید، در نشستی خبری اعلام کرد جان بولتون به دنبال برگزاری نشستی با همتای روس خود در ماه آینده و همچنین دیدار‌هایی با متحدان اروپایی به منظور پیگیری مذاکرات است. او در پاسخ به سوالی در مورد نتیجه دیدار پوتین و ترامپ در شانزدهم ماه ژوئیه در فنلاند گفت: تنها توافق عینی صورت گرفته در مورد ادامه مذاکرات عملیاتی میان اعضای شورا‌های امنیت ملی دو کشور است. سخنگوی کاخ سفید اطلاعات بیشتری در مورد محور‌های این دیدار، اهداف و دیگر شرکت کنندگان در نشست آتی نداد. سندرز گفت: دونالد ترامپ هفته گذشته از بولتون خواسته است پوتین را در پاییز سال جاری به واشنگتن دعوت کند و مذاکرات در این زمینه در جریان است.,بین الملل,2,170
به گزارش گروه بین‌الملل باشگاه خبرنگاران جوان به نقل از پایگاه خبری شبکه العالم؛ دونالد ترامپ، نامزد حزب جمهوری خواه آمریکا در انتخابات ریاست جمهوری گفت سلامتی موضوعی مهم در تبلیغات انتخاباتی است. وی این مطلب را پس از آن بیان کرد که مشخص شد هیلاری کلینتون رقیب دموکراتش مبتلا به التهاب ریه است. ترامپ در گفت و گوی تلفنی با شبکه تلویزیونی فوکس نیوز ابراز امیدواری کرد که هیلاری بهبود یافته و به کارش بازگردد تا بتواند وی را در مناظره ببیند. وی همچنین گفت که در آینده نزدیک اطلاعات دقیقی پیرامون سلامتی خودش را منتشر خواهد نمود. هیلاری که ۶۸ ساله است در نیویورک در پایان مراسم یادبود قربانیان حملات ۱۱ سپتامبر دچار کسالت شد که پس از دو روز مشخص شد دچار التهاب ریوی است.,بین الملل,2,128
به گزارش گروه بین الملل باشگاه خبرنگاران جوان به نقل از نشریه هیل، تعدادی از فعالان محافظه کار حامی دونالد ترامپ، رئیس جمهور آمریکا روز گذشته (یکشنبه) در اعتراض به اقدامات تمسخرآمیز برخی از شخصیت‌های معروف علیه رئیس جمهور در واشنگتن دی سی تظاهرات برگزار کردند. این درحالیست که گفته می‌شود در این تظاهرات فقط حدود ۱۰۰ نفر شرکت کردند. این تظاهرات در مکان‌های مختلفی برگزار شد. در یکی از این تظاهرات که نزدیک بنای یادبود لینکلن برگزار شد، حامیان دونالد ترامپ با جمعی از مخالفان رئیس جمهور مواجه شدند. در مقابل کاخ سفید هم حامیان دونالد ترامپ علیه تعدادی از شخصیت‌های معروف از جمله جانی دپ، بازیگر مشهور آمریکایی و کتی گریفین، کمدین آمریکایی که سخنانی تمسخرآمیز در خصوص ترور رئیس جمهور آمریکا مطرح کرده بودند، اعتراض کردند. تظاهرکنندگان همچنین به نمایشنامه ژولیس سزار اثر شکسپیر که در آن یک شخصیت اصلی مشابه دونالد ترامپ ترور می‌شود، اعتراض کردند. در این تظاهرات ریچارد اسپنسر، نژادپرست حامی دونالد ترامپ و بنیانگذار جنبش راست جایگزین حضور داشت و در مقابل جمعیت تظاهرکنندگان سخنرانی کرد. جانی دپ که بخاطر بازی در مجموعه فیلم‌های دزدان دریایی کاراییب شهرت زیادی بدست آورده است، چند روز پیش در جریان جشنواره موسیقی گلاستونبری انگلیس در اظهاراتی جنجالی اعلام کرد: آخرین باری که یک بازیگر رئیس جمهور آمریکا را ترور کرد کی بود؟ حدود یک ماه پیش هم کتی گریفین که مجری برنامه شب سال نو در یک دهه گذشته بوده است بخاطر انتشار عکسی از خود در حالی که سر بریده شده ترامپ را در دست داشت، از شبکه سی ان ان اخراج شد. جانی دپ و کتی گریفین پیشتر از این اظهارات خود علیه دونالد ترامپ عذرخواهی کردند.,بین الملل,2,273
به گزارش خبرنگار حوزه رادیو و تلویزیون باشگاه خبرنگاران، در این هفته برای رادیو و تلویزیون رویدادهای مختلفی رخ داد. بنابراین گزارش این هفته رادیو و تلویزیون رنگ و بوی انتخاباتی گرفته و بیشتر برنامه‌های رادیو و تلویزیون در مورد انتخابات ریاست جمهوری است. فیلم‌های مستند و برنامه‌های تبلیغاتی کاندیداهای ریاست جمهوری از شبکه‌های مختلف صدا و سیما پخش شد. در پی انصراف غلامعلی حداد عادل و محمدرضا عارف از ادامه حضور در رقابت‌های انتخابات ریاست جمهوری برنامه‌های تبلیغاتی این دو کاندیدا از رادیو تلویزیون حذف شد. جمعه این هفته برنامه کودک از شبکه دو پخش نشد، به دلیل تقارن با روز انتخابات برنامه جمعه به جمعه، خونه به خونه جمعه از شبکه دو پخش نشد. در دیگر رویداد این هفته جمعی از هنرمندان سینما و تلویزیون از صدیقه حکمت، همسر شهید عباس نامزد چهارمین دوره‌ی انتخابات شورای شهر تهران حمایت کردند. فیلم تلویزیونی سرزمین بارانی به کارگردانی جواد مزدآبادی با مضمون انتخابات همزمان با انتخابات ریاست جمهوری از رسانه ملی پخش شد. اولین اجلاس همکارسی انیمیشن اتحادیه رادیو و تلویزیون‌های آسیا و اقیانوسیه (abu) در تایلند برگزار شد. دوبله‌ی عربی سریال طنز ساختمان پزشکان از شبکه الکوثر پخش می‌شود. محمدعلی کشاورز بازیگر پیشکسوت سینما و تلویزیون برای چندمین بار زیر تیغ جراحی رفت. محمدعلی کشاورز که دو ماه قبل به دلیل شکستگی پایش تحت عمل جراحی قرار گرفته بود پنج‌شنبه این هفته برای دومین بار جراحی شد. در پی تدابیر و ادامه بحران اقتصادی در یونان، پخش و تلویزیون دولتی این کشور از صبح چهارشنبه متوقف شد. /ی۲,فرهنگی هنری,5,249
ژینوس شهیدی مدیر نگارخانه ژینوس در گفتگو با خبرنگار تجسمی باشگاه خبرنگاران گفت: نگارخانه ژینوس در طول یکسال و نیم که از فعالیتش می‌گذرد میزبان نمایشگاه‌هایی از هنرمندان تجسمی بوده است. وی در ادامه گفت: این نگارخانه از روز جمعه چهارم مهرماه میزبان نمایشگاه نقاشی از آثار هنرمندان نقاش است. وی اظهار داشت: دراین نمایشگاه تابلوهای نقاشی با موضوعات مختلف به نمایش گذاشته شده است. مدیر نگارخانه ژینوس گفت: در نمایشگاه نقاشی که در نگارخانه ژینوس برگزار شده بیش از۲۰ تابلوی نقاشی ارائه شده است. وی گفت: این نمایشگاه تا ۱۱ مهرماه در نگارخانه ژینوس ادامه دارد. انتهای پیام/ ژینوس شهیدی مدیر نگارخانه ژینوس در گفتگو با خبرنگار تجسمی باشگاه خبرنگاران گفت: نگارخانه ژینوس در طول یکسال و نیم که از فعالیتش می‌گذرد میزبان نمایشگاه‌هایی از هنرمندان تجسمی بوده است. وی در ادامه گفت: این نگارخانه از روز جمعه چهارم مهرماه میزبان نمایشگاه نقاشی از آثار هنرمندان نقاش است. وی اظهار داشت: دراین نمایشگاه تابلوهای نقاشی با موضوعات مختلف به نمایش گذاشته شده است. مدیر نگارخانه ژینوس گفت: در نمایشگاه نقاشی که در نگارخانه ژینوس برگزار شده بیش از۲۰ تابلوی نقاشی ارائه شده است. وی گفت: این نمایشگاه تا ۱۱ مهرماه در نگارخانه ژینوس ادامه دارد.,فرهنگی هنری,5,196
به گزارش باشگاه خبرنگاران به نقل از روابط عمومی مدیریت فرهنگی هنری منطقه ۳ و فرهنگ سرای ارسباران، در این مراسم ضمن تجلیل از فعالیت هنری استاد منصور وفایی در به تصویر کشیدن داستان‌های شاهنامه، ویژه برنامه ضرب زورخانه‌ای و نمایشگاهی در آثار وی از ۲۳ تا ۲۸ اردیبهشت برگزار می‌شود. استاد منصور وفایی نقاشی را نزد علی اکبر نجم آبادی از شاگردان کمال الملک فرا گرفت و تاکنون موفق به دریافت ۱۰ تقدیرنامه و برگزاری ۱۵ نمایشگاه انفرادی شده است وی همچنین تاکنون تصویری‌گری بیش از صد پرده با موضوعاتی چون ترکیب بند محتشم، داستان رستم و سهراب، دوران اساطیری تا معاصر و … را در کارنامه هنری خود ثبت کرده است. تصویرگری زندگی نامه حضرت عبدالعظیم الحسنی (ع) در اسفند ماه سال گذشته از جمله آخرین آثار هنری تنها بازمانده نقاشی قهوه خانه‌ای است که موفق به دریافت تقدیرنامه از وزیر فر هنگ و ارشاد اسلامی شد. علاقه‌مندان جهت حضور در این نشست و بازدید از نمایشگاه می‌توانند به فرهنگسرای ارسباران واقع در خیابان جلفا مراجعه و برای کسب اطلاعات بیشتر با شماره‌های ۲۰-۲۲۸۷۲۸۱۸تماس بگیرند. /ص,فرهنگی هنری,5,178
احمد نادمی شاعر در گفتگو با خبرنگار بخش ادبیات باشگاه خبرنگاران با اشاره به آنکه سرقت ادبی از تذکره‌های اولیه خلق شده در تاریخ ادبیات فارسی تا به امروز تداوم داشته افزود: در حال حاضر نیز میزان کپی برداری نسبت به گذشته کاهش یا افزایش ندارد. وی در ادامه کپی برداری را در عمل سرقت ادبی دانست و گفت: در حال حاضر کپی برداری روند همیشگی خود را طی می‌کند اما هم اکنون برخلاف گذشته به دلیل گستردگی رسانه‌های جمعی این امر بیشتر مشهود شده است. این شاعر همچنین اطلاع رسانی فوری در باب انتشار آثار ادبی را به عنوان یکی از خدمات رسانه‌ها به ادبیات برشمرد. وی اظهار داشت: امروزه خوشبختانه با گستردگی رسانه‌های جمعی تشخیص آثار کپی برداری شده از اصل آثار آسانتر از گذشته شده است. نادمی در ادامه با صحه گذاشتن بر این امر که تا به امروز مسئولیت داوری آثار چند جایزه و جشنواره ادبی را برعهده داشته تصریح کرد: به شخصه، تا به امروز و در روند داوری آثار ارسالی به جشنواره‌ها و جوایز ادبی با کپی آثار خود به نقل از فردی دیگر مواجه نشده‌ام، اما از شاعران دیگر مجرب در امر داوری وجود چنین مواردی را شنیده‌ام. وی در پاسخ به این سوال که برخورد شاعران در مواجهه با چنین مواردی چیست گفت: برخورد با کپی برداری از شعر داوران جوایز و جشنواره‌های ادبی به خصوصیات اخلاقی و رفتاری صاحبان اثر بستگی دارد. نادمی درباره دلایل بروز کپی برداری در شعر و نحوه جلوگیری از افزایش آمار مصادیق این مورد افزود: در کشور ما که شعر علاقمندان زیادی دارد کپی برداری خواه ناخواه پیش می‌آید. این شاعر اظهار داشت: تربیت ذهنی شاعران بهترین راهکار برای پیشگیری از افزایش آمار کپی برداری در شعر است. /ه,فرهنگی هنری,5,283
محمدرضا سهرابی‌نژاد در گفتگو با خبرنگار حوزه ادبیات گروه فرهنگی باشگاه خبرنگاران جوان؛ در ارتباط با معضل سرقت ادبی گفت: اینکه کسی شعرهای دیگری را به اسم خود چاپ کند، یک دزدی آشکار است و باید به وزارت ارشاد شکایت شود. در گذشته هم این نوع مشکلات بوده ولی برخورد می‌شد. مثلا مجله جوانان یک بار شعر شاعری را به اسم دیگری چاپ کرده بود و بعد از محرز شدن، عذرخواهی کرد و اشتباهش را تصحیح کرد. آن شخصی که این کتاب را چاپ کرده است، تسلطی روی شعر نداشته و این معضل است. من در دوره‌ای که مسئول صفحه بودم این مساله را همیشه تذکر می‌دادم که کارکنان مراقب چنین اشتباهاتی باشند. وی ادامه داد: می‌بینیم که در فضای مجازی همدیگر را استاد خطاب می‌کنند و حتی به هم لقب استاد بزرگ هم می‌دهند! همه اینها نتیجه همین هرج و مرج است که بعضی فکر می‌کنند با چاپ کتاب هویت پیدا می‌کنند؛ ولی در واقع اینگونه نیست. هرج و مرج ادبی به وجود آمده است و آدم‌هایی که نه پایه و نه مایه درستی دارند، از این فضا سوء استفاده می‌کنند. متاسفانه این هرج و مرج از کنترل گذشته است. این شاعر اظهار داشت: مثلا در دنیای مجازی که دنیای وسیعی است، عکسی از یک شاعر گذاشته می‌شد با شعری از شاعر دیگر. یا حتی شعرهایی می‌سازند با لغت‌های امروزی و آن را به شعرای شناخته شده نسبت می‌دهند. سهرابی‌نژاد در پایان تصریح کرد: گاهی جملاتی را به اسم شعر می‌خوانیم که علیه مذهب و اعتقادات مردم است. مسئولین فرهنگی در فرهنگسراها و در کانون‌های ادبی باید جدی‌تر برخورد کنند؛ در غیر این صورت تمام میراث گذشته ما بر باد می‌رود. انتهای پیام/,فرهنگی هنری,5,274
به گزارش خبرنگار حوزه ادبیات گروه فرهنگی باشگاه خبرنگاران جوان؛ حتما شما هم بارها جمله کجایی که یادت بخیر را شنیده یا گفته‌اید؛ این جمله معروف که نوعی حسرت گذشته را با خود به همراه دارد حالا اسم یک کتاب طنزآمیز است که توسط یکی از طنزنویسان کشورمان نوشته شده است. این کتاب شامل ۵۰ شعر طنز از نسیم عرب امیری در بحر خفیف است که به شیوه کتاب‌های قبلی او به یک مضمون مشترک و مهم در همه آن‌ها پرداخته شده است. این مضمون مشترک که چیزی جز مدرنیته نیست، به قدری جای کار در ابعاد مختلف داشته که عرب امیری یک کتاب ۲۱۱ صفحه‌ای را به آن اختصاص داده است. از ویژگی‌های این کتاب می‌توان به طبع روان و انتخاب موضوعات روز و در عین حال ماندگار آن اشاره کرد. این مجموعه طنز در ۱۲۰۰ نسخه و با قیمت ۱۳۰۰۰ تومان از طرف انتشارات کتاب نیستان روانه بازار کتاب شد. شایان ذکر است؛ از نسیم عرب امیری پیش از این دو کتاب داشت عباس قلی خان پسری و کی گفته بخت کچلا بلنده منتشر شده؛ که با نظرات مثبت منتقدین حوزه طنز مواجه شده است. انتهای پیام/,فرهنگی هنری,5,189
به گزارش حوزه سینما گروه فرهنگی باشگاه خبرنگاران جوان؛ فیلم پیمان معادی که پیش از این بمب نام داشت، به بمب؛ یک عاشقانه تغییر کرد. بنابر این گزارش، اوایل امسال بود که پیمان معادی فیلم سینمایی بمب را بازی لیلا حاتمی، سیامک انصاری، حبیب رضایی، سیامک صفری و خودش جلوی دوربین برد. معادی از همان ابتدا اعلام کرده که این فیلم را برای حضور در جشنواره فجر آماده خواهد کرد و این روزها مراحل فنی این فیلم رو به پایان است تا برای اولین بار در سی و ششمین جشنواره فیلم فجر به نمایش درآید. در خلاصه داستان فیلم پیمان معادی آمده است: در میانه سال‌های جنگ و بمباران شهری در تهران، زندگی با وحشت بسیار می‌گذرد. اما عشق ودلدادگی، زندگی و امید، وحشت واقعیت مرگ را به فراموشی می‌سپارد. رفتگان در محدوده کلمات زندگان تکرار می‌شوند. مرگ سوال مطلق است و زندگی و عشق ابهام مکرر. بمب؛ یک عاشقانه با کورسوی ابهام عشق و زندگی کار دارد نه با سیاهی مطلق مرگ.,فرهنگی هنری,5,163
به گزارش حوزه رادیو و تلویزیون باشگاه خبرنگاران به نقل از روابط عمومی سیما، شبکه یک به مناسبت سی و چهارمین سالگرد پیروزی انقلاب اسلامی ایران برنامه‌های ویژه‌ای تدارک دیده است که پخش روزانه فیلم سینمایی، مجموعه مستند ۱۰ قسمتی سراج با موضوع مهمترین تمایز انقلاب اسلامی ایران با دیگر انقلاب‌های بزرگ جهان، مجموعه ۷ قسمتی به مناسبت دیکته دیکتاتور با موضوع دخالت‌های بیگانگان در ایران، پخش مجموعه ۱۱ قسمتی ویژه برنامه نوفل لوشاتو با موضوع فعالیت‌های امام خمینی در مدت اقامت در فرانسه، سریال قندیل‌های شکسته با موضوع بررسی زندگی محمد رضا پهلوی و برخی از درباریان از جمله این برنامه‌ها است.,فرهنگی هنری,5,103
"به گزارش حوزه فرهنگی باشگاه خبرنگاران؛ "" به نام خدا آنچه که بر پیشانی کلیه تصمیم‌گیری‌ها در تمامی عرصه‌ها از سیاست و اقتصاد گرفته تا فرهنگ و هنر همواره می‌درخشد، همانا حفظ وحدت و انسجام ملی و دوری از تفرقه و بدبینی و ایجاد کدورت در میان تمامی اقوام کشور عزیزمان ایران است و گواه امر، چه بسیار جان‌های پاکی که فرزندان این خاک از آن گذشتند تا بدانند دشمنان کوته‌نظر و کج‌اندیشان فرصت‌طلب که این سرزمین را هیچگاه مجالی برای عرض اندام آنان نیست. و ملت مسلمان و آگاه ایران زمین همواره ثابت کرده‌اند در حفظ دین و شرف خود از هیچ کوششی دریغ نخواهند کرد و کوچکترین فرصتی را جهت ایجاد تفرقه و کاشتن بذر بدبینی در دل افراد این سرزمین را به هیچکس نخواهند داد. لذا به احترام مردم عزیزمان در استان آذربایجان که نسبت به نام نمایشی که در این تماشاخانه به روی صحنه رفته است، معترض بودند، اجرای این نمایش را متوقف کرده و اعلام می‌داریم مشکل پیش آمده تنها سوءتفاهم بوده و هیچگونه نیتی مبنی بر بی‌احترامی به هموطنان نجیب و فرهنگ دوست آذری زبان از جانب گروه نمایشی در کار نبوده و نخواهد بود. امید است که در سایه الطاف الهی این سرزمین و مردمان نجیب و غیرتمندش دوشادوش یکدیگر به قله‌های رفیع افتخار ملی دست یابند. انتهای پیام/",فرهنگی هنری,5,216
به گزارش خبرنگار سینما باشگاه خبرنگاران؛ هیچ کس صدای مهربان مادر را که هر شب برایش لالایی می‌خواند را فراموش نمی‌کند. همان صدای قشنگی که هر لحظه به تمام دلتنگی‌های انسان پاسخ می‌دهد، مادر …! هیچ کس نمی‌داند معنای این واژه را در کجا جستجو کند در زلال اشکی به بخشندگی خورشید؟ در سرسبزی بهاری به دلشینی نگاه لیلی؟ مادر تمام شادی‌هایش را به فرزندش می‌بخشد و غم‌هایش را در خود فرو می‌ریزد. مادر تا نفس دارم و بعد از مرگ نیز روحم فراموشت نخواهد کرد. به مناسبت ولادت حضرت فاطمه (س) و روز مادر تصمیم گرفتیم، پیام چند تن از ستارگان پرده‌ی نقره‌ای و قاب جادویی به مادرشان را بپرسیم. صبا کمالی: دست همه مادران را می‌بوسم و روز مادر را به تمام مادران تبریک می‌گویم. حدیث میرامینی: تنها کسی که هیچ وقت نمی‌شود محبت آن را جبران کرد مادر است مادر عزیزم تمام هستی‌ام را مدیونت هستم روزت مبارک. برزو ارجمند: از خدا می‌خواهم سایه همه مادران همیشه بالای سر فرزندانشان باشد. لیندا کیانی: روز مادر را به تمام مادران عزیز تبریک می‌گویم و برای همه‌ آنها آرزوی سلامتی و بهروزی دارم. کامران تفتی: بعضی وقت‌ها یکسری عدد برای انسان در زندگی خیلی مهم می‌شود شما کافی است اندکی مطالعه داشته باشید تا بفهمید قضیه به چه صورت است وقتی به کلمات خدا، عشق و نفس نگاه می‌کنی می‌فهمی که همه اینها سه حرفی هستند اما یک کلمه‌ ۴ حرفی پیدا می‌شود که کل عشق و زندگی است من آن کلمه را پیدا کردم، مادر. روز مادر را به تمام مادران تبریک می‌گویم. انتهای پیام/,فرهنگی هنری,5,257
رحمان رضایی تهیه‌کننده و کارگردان سینما با اشاره به آخرین وضعیت ساخت تله پاتی به خبرنگار حوزه سینما گروه فرهنگی باشگاه خبرنگاران جوان؛ گفت: به خاطر تعطیلات بین انجام کارهای فنی آن تا حدودی وقفه افتاد که دوباره از سر گرفته شده و تقریبا ده روز آینده تدوین آن تمام خواهد شد. این کارگردان درباره اکران فیلم بیان کرد: اگر به زمان مناسبی دست پیدا کنیم، آن را اکران خواهیم کرد و فعلا برنامه‌ای برای حضور در جشنواره فیلم فجر نداریم. رضایی در خصوص آخرین وضعیت نیکان و بچه غول تصریح کرد: در تلاشیم که بالاخره امسال این فیلم را آماده کنیم و پس از جشنواره کودک آن را اکران خواهیم کرد. در تله پاتی بازیگرانی چون لیلا اوتادی، نیما شاهرخ‌شاهی، سارا منجزی، علی جلالی و وحید میهن‌دوست نقش آفرینی می‌کنند و سعید سلیمانی به عنوان بازیگر و خواننده بازی می‌کند. دیگر عوامل تله‌پاتی عبارتند از: تهیه‌کننده: رحمان‌ رضایی، کارگردان: رضا شالچی، فیلمنامه‌نویس: علی‌ جلالی، مدیر تصویربرداری: علیرضا رجایی‌ مقدم، طراح صحنه و لباس: آزاده قوام، صدابرداران: مهرداد دادگری و علی جعفری، مدیر تولید: علی رنج‌دوست، عکاس: بهزاد مطرح و گریم: زنده یاد رضا قومی.,فرهنگی هنری,5,185
به گزارش خبرگزاری فارس، محمدرضا فروتن بازیگر فیلم‌هایی مانند دو زن، قرمز، زیر پوست شهر و شب یلدا، در اولین تجربه رسانه خانگی‌اش، مقابل دوربین سریال مانکن قرار خواهد گرفت. حسین سهیلی زاده که پیش از این ساخت سریال‌های تلویزیونی مانند دلنوازان، فاصله‌ها، آوای باران و پریا را در کارنامه خود به ثبت رسانده است، کارگردانی سریال مانکن را برعهده دارد. مجموعه مانکن به تهیه‌کنندگی ایرج محمدی در ۲۶ قسمت نگاشته شده و در خلاصه داستان این مجموعه آمده است: همیشه عشق‌های بزرگ و زیبا، دشمنان بزرگ و مخوف داشته‌اند. اسامی سایر بازیگران این سریال پس از انتخاب در روزهای آینده اعلام خواهد شد. انتهای پیام/,فرهنگی هنری,5,106
به گزارش باشگاه خبرنگاران به نقل از روابط عمومی مرکز پویانمایی صبادانیمیشن دانشمندان بزرگ به صورت تلفیقی از کاراکترهای سه بعدی کامپیوتری و پس زمینه‌های دو بعدی به تهیه کنندگی مرکز پویانمایی صبا ساخته شده به معرفی بزرگان علمی و فرهنگی این مرزو بوم به مخاطبین کودک و نوجوان می‌پردازد. سبک بصری خاص و ترکیب بندی تصاویر مبتنی بر اصول روانشناسی نقاشی کودکان؛ نگارگری ایرانی و نقاشی قهوه خانهای جزو شاخصه‌های ویژه این مجموعه است. در عین حال برخورد فانتزی با فیلمنامه، استفاده از طنز کلامی و تصویر‌گری و بهره گیری از شیوه سیال در ذهن در روایت داستان نیز تاثیر زیادی در جذب مخاطب هدف (گروه سنی ب و ج) و حتی افراد بزرگسال داشته است. تیم تولید دانشمندان بزرگ عبارتند از: مجری طرح: شهاب کسرائی، مدیر تولید: رضا تقدسی، نویسنده و کارگردان: فرخ یکدانه، تصویر ساز: راشین خیریه، انیماتورها: مجید نجفی – عماد خلیلی – هژیر قریب –میثم باقر منش – نوید خزلی، موسیقی و افکت: سید حامد سادات کیائی، نور پردازی: سپهر جعفری، امور فنی: سید مهدی ناطق الاسلام. لازم به ذکر است، پخش این انیمیشن روز چهارشنبه ساعت ۹:۱۲دقیقه از شبکه پویا پخش می‌شود. /ص,فرهنگی هنری,5,189
به گزارش حوزه سینما گروه فرهنگی باشگاه خبرنگاران جوان به نقل از روابط عمومی فیلم، رضا توفیق جو کارگردان فیلم گزارشی از ماناسلو که سال گذشته با مستند زار خاک در جشنواره سینما حقیقت حضور داشته درباره تولید این فیلم مستند اظهار کرد: ساخت این مستند یک سال و نیم طول کشید. وی درباره طولانی شدن تولید مستند گزارشی از ماناسلو یادآور شد: برای ساخت این فیلم باید مراحل بسیار دقیقی را پشت سر می‌گذاشتیم و به همین دلیل با کوهنوردان جلسات متعددی داشتیم. این کارگردان سینمای مستند عنوان کرد: برای رسیدن به ساختار روایت، نگارش فیلمنامه، بازسازی صحنه هایی که برای فیلم لازم داشتیم نیازمند زمان بودیم و در نهایت تدوین، آهنگسازی و صداگذاری فیلم نیز نیازمند صرف زمان بود. توفیق جو تصریح کرد: تلاش کردیم اثری باورپذیر از روایت حقیقی صعود یک تیم کوهنوردی به یکی از قله‌های هیمالیا و اتفاقات رخ داده در این صعود را خلق کنیم. نخستین نمایش فیلم گزارشی از ماناسلو در نهمین جشنواره فیلم سینما حقیقت خواهد بود. در خلاصه داستان این مستند آمده است: در سال ۲۰۱۲ سه نفر از کوهنوردان ایرانی قصد صعود به قله ماناسلو را دارند؛ آنها قله را فتح می‌کنند، اما در راه بازگشت با حادثه‌ای انسانی مواجه می‌شوند. عوامل این فیلم عبارتند از: کارگردان: رضا توفیق جو/ تهیه کننده: احسان رسول اف/ نویسنده: محمدرضا دیبایی/ با حضور: زنده یاد جعفر ناصری، امید آمحمدی، حسین صالحی و صادق ناصری/ دستیار و برنامه ریز: علی تهرانی/ فیلمبردار: زنده یاد جعفر ناصری، امید آمحمدی، حسین صالحی و ابراهیم اصغری/ تدوین: ابراهیم اصغری/ موسیقی: وحید طارمی و مهدیس گلزار کاشانی/ صدابردار: احسان شفیعی/ طراحی و ترکیب صدا: احسان افشاریان/ جلوه‌های ویژه بصری: محسن جهانگیری/ گریم: محسن ملکی/ تولید استودیو اسفند نهمین جشنواره بین المللی سینما حقیقت ۲۲ تا ۲۸ آذر برگزار می‌شود. برای آگاهی از آخرین اخبار و پیوستن به کانال تلگرامی باشگاه خبرنگاران جوان اینجا کلیک کنید. انتهای پیام/ برای آگاهی از آخرین اخبار و پیوستن به کانال تلگرامی باشگاه خبرنگاران جوان اینجا کلیک کنید.,فرهنگی هنری,5,325
به گزارش گروه فرهنگی باشگاه خبرنگاران جوان، خر‌ها آدم نمی‌شوند به کارگردانی اکبرمنصور فلاح و تهیه کنندگی عباس اکبری به تازگی وارد مرحله تدوین شده و آرش معیریان این مسئولیت را به عهده گرفته است. فیلم سینمایی خر‌ها آدم نمی‌شوند اوایل پاییز امسال در شمال کشور کلید خورد. لیلا اوتادی، یوسف تیموری، ارژنگ امیرفضلی، یوسف مرادیان، هدی منصورفلاح، سعید دولتی، فاطمه شکری، اصغر حیدری، چیا بابامیری و (هنرمندان نوجوان) کیان علی پناه، آرمان پیراسته، هامون قربانی، تینا فتوحی و آیلا فیروزی در این فیلم بازی می‌کنند. این فیلم یک فانتزی اجتماعی و کودکانه است و در خلاصه داستان آن آمده: بعضی از آدم‌ها در دنیای واقعی خطا‌هایی کرده و به همین دلیل تبدیل به خر و به جنگل تبعید شده‌اند. معلمی به نام ادیب برای آموزش آنان به جنگل می‌رود تا با طی کردن مراحل آموزش، به اشتباه خود پی برده و هویت اصلی خود را بازیافته، آدم شده و به جامعه بازگردند. حدود سه ماه می‌گذرد و اثری از ادیب نمی‌شود تا اینکه … سایر عوامل اصلی تولید عبارتند از نویسندگان: اکبر منصور فلاح، مصطفی فرد حسینی، مشاور کارگردان: علی شاه حاتمی، مدیر فیلمبرداری: امیر کریمی، مدیر تولید: طاهر امانی، طراح گریم: داریوش صالحیان، طراح صحنه: حسین منصور فلاح، مدیرصدابرداری: مجتبی حبیب اللهی، طراحان لباس: منصور بستانی، هدی منصور فلاح، طراح جلوه‌های ویژه: سپهر کشن فلاح، آهنگساز: شهاب اکبری، بازیگردان: سعید دولتی، دستیار یک کارگردان و برنامه ریز: پیام حنفی، دستیار تولید: مصطفی فردحسینی، عکاس: امیر فائض، گروه کارگردانی: ابوالفضل نعمتی، مهدی جواهرپور، شقایق عوض زاده، مدیر تدارکات: سید محمد صالحی، منشی صحنه: سمانه دالوند، مدیر امور مالی: مجتبی فرد حسینی، سرمایه گذار: محمد جعفر فرد حسینی. اتهای پیام/,فرهنگی هنری,5,270
به گزارش باشگاه خبرنگاران، ششمین گردهمایی علاقمندان هنر سینما و اعضاء کانون فیلم فرهنگسرا، این هفته به نمایش و تحلیل فیلم سینمایی آژانس شیشه‌ای ساخته ابراهیم حاتمی کیا اختصاص دارد. نشست این فیلم دوشنبه ۸ اسفند ماه جاری برگزار می‌شود و طی آن بعد از نمایش، مهمترین و کاربردترین مباحث فیلم مورد نقد و بررسی قرار می‌گیرد و سپس با طرح موضوعات تخصصی در حوزه سینما ادامه می‌یابد. در خلاصه داستان این فیلم آمده است: عباس، بسیجی شهرستانی که ترکش خمپاره‌ای را کنار شاهرگ گردنش از دوران حضورش در جبهه به یادگار دارد، به اصرار همسرش نرگس برای معاینه به تهران می‌آید و در خیابان با همرزم سابقش کاظم روبه رو می‌شود که با اتومبیلش مشغول مسافرکشی است …. پرویز پرستویی، حبیب رضایی، رضا کیانیان، اصغر نقی زاده، بیتا بادران، محمد حاتمی، قاسم زارع، صادق صفایی، نسرین نکیسا، عزت اله مهر آوران، فرشید زارعی فر، بهناز توکلی و … در این فیلم به ایفای نقش پرداخته‌اند. علاقمندان می‌توانند جهت حضور در گردهمایی ساعت ۱۵ به سینما تماشا واقع در بلوار معلم، خیابان مدائن مراجعه کنند. /ی۲,فرهنگی هنری,5,176
به گزارش خبرنگار دنیای ورزش گروه ورزشی باشگاه خبرنگاران جوان؛ در آغاز هفته سی و یکم رقابتهای لیگ برتر انگلیس از ساعت ۲۳ و ۱۵ دقیقه سه مسابقه همزمان برگزار شد که در مهمترین دیدار، تیم لسترسیتی در ادامه نتایج درخشانش پس از اخراج رانیری با دو گل ساندرلند را مغلوب کرد. اسلام سلمانی ۶۰ و جیمی واردی ۷۸ گلهای شاگردان شکسپیر را به ثمر رساندند. لستربا این پیروزی ۳۶ امتیازی شد و تا رده دهم بالا آمد و ساندرلند نیز در قعر جدول قرار دارد. در دو مسابقه همزمان دیگر برنلی با یک گل استوک سیتی را شکست داد و واتفورد در خانه با دو گل مقابل وست برومویچ پیروز شد.,ورزشی,6,112
به گزارش خبرنگار فوتبال و فوتسال گروه ورزشی باشگاه خبرنگاران جوان، تمرین نوبت صبح امروز سه شنبه استقلالی‌ها ساعت ۱۰:۴۵ با صحبت‌های شفر در زمین شماره ۲ مجموعه آزادی برگزار شد. بازیکنان استقلال در مرکز زمین به کار با توپ پرداختند و شفر روی عملکرد بازیکنان تیمش نظارت ویژه‌ای داشت. دروازه بانان استقلال زیر نظر مربیان به انجام تمرینات اختصاصی پرداختند. در تمرین امروز بازیکنان به انجام فوتبال درون تیمی پرداختند. حسن بیت سعید در محل تمرین امروز آبی‌ها حاضر شد و زیر نظر کادر پزشکی به تمرینات اختصاصی پرداخت. جابر انصاری که در تمرین روز گذشته به دلیل مصدومیت غایب بود در تمرین امروز با لباس شخصی حاضر شد. ضربات پنالتی آخرین بخش تمرین استقلالی‌ها بود. فرشید اسماعیلی دیگر بازیکن استقلال که او هم روز گذشته به کلینیک این باشگاه رفته بود در محل تمرین این تیم حاضر شد. تمرین آبی پوشان ساعت ۱۲ به پاین رسید و بازیکنان به سرد کردن بدن‌های خود پرداختند. طبق برنامه‌ریزی قرار است بازیکنان استقلال امروز دو نوبت تمرین داشته باشند.,ورزشی,6,168
به گزارش خبرنگار گروه ورزشی باشگاه خبرنگاران جوان، رقابت وزنه برداران دسته های۱۰۵ و +۱۰۵ کیلوگرم، هفته پنجم (فینال) لیگ برتر وزنه برداری بزرگسالان باشگاه‌های کشور با حضور ۱۲ وزنه بردار در تالار وزنه برداری (سالن ایرانیان) پیگیری و در نهایت سهراب مرادی از بیمه رازی در دسته ۱۰۵ کیلوگرم و داوودی از مناطق نفت خیز جنوب در دسته +۱۰۵ کیلوگرم در جایگاه نخست جای گرفتند. در ضمن بهداد سلیمی و علی هاشمی وزنه برداران تیم بیمه رازی به دلیل اینکه از آمادگی لازم دور بودند تصمیم گرفتند در هفته پایانی به روی تخته نروند. همچنین در حاشیه رقابت‌های فوق سنگین وزن وزنه برداری حسن رنگرز سرمربی اسبق تیم ملی کشتی فرنگی به سالن آمد و مسابقات را از نزدیک تماشاکرد. محمدحسین برخواه سرمربی تیم ملی وزنه برداری هم در حاشیه برگزاری مسابقات دقایقی را به صورت اختصاصی با سلیمی و رستمی به صحبت پرداخت. در مجموع پنج هفته برگزار شده تیمه بیمه رازی توانست به عنوان قهرمانی این دوره از رقابت‌ها دست یابد. رده بندی نهایی لیگ برتر وزنه برداری در فصل ۹۶۱- بیمه رازی با ۳۰۴۴ امتیاز۲- مناطق نفت خیز جنوب خوزستان با ۲۹۸۵ امتیاز۳- رعد پدافند با ۲۹۱۶ امتیاز۴ – نیروی زمینی ارتش با ۲۵۹۱ امتیاز۵- عقاب نیروی هوایی همدان با ۲۳۸۷ امتیاز۶- نور همدان ۱۵۵۶ امتیاز,ورزشی,6,210
به گزارش خبرنگار دنیای ورزش گروه ورزشی باشگاه خبرنگاران جوان؛ به نقل از سایت گل هر روز در دنیای فوتبال شایعاتی از نقل و انتقالات بازیکنان با مبالغ سرسام آور به سایر باشگاه‌ها منتشر می‌شود. اولین خبر نقل و انتقالات و شایعات دنیای فوتبال مربوط به انتقال متئو کواچیچ بازیکن تیم فوتبال رئال مادرید به تیم چلسی است. گفته می‌شود این بازیکن در تلاش است تا به هر صورت ممکن از تیم اسپ-ن-ایی خارج شده و حتی نسبت به حضور به عنوان بازیکن قرضی در تیم چلسی نیز رضایت دارد. مسئولان باشگاه چلسی به دنبال آن هستند تا تیمو کورتوا دروازه بان تیم خود را به سادگی به تیم فوتبال رئال ماردید واگذار نکنند و برای انتقال این بازیکن نیز مبلغی نزدیک به ۸۰ میلیون یورو در نظر گرفته‌اند. گفته می‌شود این دروازه بان تلاش بسیاری برای حضور در تیم رئال مادرید دارد و مدتی است که به همراه تیم فوتبال چلسی برای تحقق آرزوی انتقالش به تیم رئال مادرید ارتباطی نداشته و در تمرینات این تیم انگلیسی حاضر نمی‌شود. مسئولان باشگاه انگلیسی آرسنال در تلاشند تا در نقل و انتقالات تابستانی تیم خود عثمان دمبله، بازیکن خط حمله تیم فوتبال بارسلونا را جذب کنند. شایعات نیز حاکی از آن است که این بازیکن ۲۱ ساله با انتقالش به تیم آرسنال موافقت کرده و مبلغ فروش دمبله نیز ۱۰۰ میلیون یورو اعلام شده است. گفتنی است با حضور این بازیکن به همراه اوبامیانگ و لاکازت خط حمله تیم آرسنال به عنوان سریع‌ترین تیم فوتبال اروپا انتخاب خواهد شد. کارل رومینگه رئیس تیم فوتبال بایرن مونیخ آلمان مدت زمان بسیاری است که بازیکنان جوان تیم فوتبالش همانند داگلاس کاستا و یا آرتورو ویدال را به راحتی و بدون هیچ مشکلی از تیم خارج کرده و یا به فروش می‌رساند و این موضوع سبب افت کیفیت هافبک این تیم آلمانی شده است. حالا اما این تیم تلاش دارد تا با استفاده از بازیکنان جوان و بومی آلمان یک تیم نسبتا خوب را ایجاد کند و اما این کار می‌تواند به ضرر تیم بایرن مونیخ پایان یابد.,ورزشی,6,334
به گزارش خبرنگار توپ و تور گروه ورزش باشگاه خبرنگاران جوان؛ هفته هفتم و پایانی دور رفت لیگ برتر هندبال بانوان جمعه ۱۷ آذر با برگزاری ۳ دیدار پیگیری می‌شود. تیم هندبال نفت و گاز گچساران در یکی از بازی‌های مهم این هفته میزبان تیم هندبال تاسیسات دریایی تهران است. گچسارانی‌ها این روز‌ها با ۸ امتیاز تیم سوم جدول هستند و تاسیسات دریایی تهران هم با ۱۰ امتیاز در جایگاه نخست جدول قرار دارد. برنده این دیدار اگر نماینده تهران باشد می‌تواند با ایجاد یک حاشیه امن مناسب نیم فصل نخست را به پایان برساند اما اگر نفت و گاز گچساران به برتری برسد ممکن است که صدر جدول را هم در اختیار بگیرد. در دیگر دیدار فردا و در یک دیدار انتهای جدولی تیم هندبال هیات هندبال کردستان میزبان تیم هندبال بهمن بهبهان است. نماینده کردستان این روز‌ها با دو امتیاز تیم پنجم جدول است و امیدوار است تا با برد در بازی فردا بتواند از انتهای جدول فاصله بگیرد. تیم بهمن بهبهان هم که این روز‌ها بدون امتیاز است و امید دارد تا با برد در بازی فردا نخستین امتیاز فصلش را در نیم فصل نخست بگیرد. آخرین دیدار فردا هم میان تیم‌های هیات هندبال اصفهان و شهید چمران لارستان برگزار می‌شود. نماینده اصفهان هم این روز‌ها مانند هیات هندبال کردستان ۲ امتیازی است و در جایگاه ششم جدول قرار دارد و امیدوار است تا با برد در بازی فردا بتواند تغییراتی در جایگاه خود ایجاد کند این بازی همچنین برای شهید چمران لارستان هم اهمیت زیادی دارد زیرا آن‌ها با ۸ امتیاز تیم دوم جدول هستند و می‌توانند با برد در بازی فردا همچنان در جمع مدعیان باقی بمانند. همچنین در این هفته تیم هندبال شهرداری شاهین شهر با قرعه استراحت رو به روست. برنامه کامل هفته هفتم لیگ برتر هندبال بانوان جمعه ۱۷ آذر ماه ساعت ۱۱: هیات هندبال کردستان - بهمن بهبهاننفت و گاز گچساران - تاسیسات دریایی تهرانهیات هندبال اصفهان - شهید چمران لارستان جدول رده بندی مسابقات لیگ برتر هندبال بانوان تاپایان هفته ششم بهشرح زیر است: نام تیم امتیاز انتهای پیام /,ورزشی,6,340
مدیر عامل سابق باشگاه استقلال بیان کرد: با وجود احترام بسیاری که برای دوست عزیزم افشارزاده قائل هستم، باید بگویم گودرزی تازه به فوتبال آمده و نمی‌داند مدیری که هفت قهرمانی در داخل ایران دارد، نایب قهرمان و سوم آسیا شده، تیمش به رده ۵۵ جهان رسیده و نماد چهار را برای استقلالی‌ها ساخته، نباید آن را با دیگران مقایسه کنند زیرا به سودشان نیست. وی افزود: به من سه میلیارد دادند اما وقتی به فینال آسیا نرسیدیم دلخور بودیم، تازه قهرمان لیگ و حذفی هم شده بودیم، حالا به دوستان ۲۵ میلیارد داده‌اند و می‌گویند در لیگ ایران سوم شده و سهمیه آسیا هم بگیریم کافی است. ضمن اینکه بدهی‌های بیشتری هم از خود بر جای گذاشته‌اند که در آینده مشخص خواهد شد. پس این دیگر چه جور مقایسه‌ای است؟ البته افشارزاده مقصر نیست، مسائل دیگری وجود دارد که من فعلا در مورد آنها حرفی نمی‌زنم. انتها پیام وی افزود: به من سه میلیارد دادند اما وقتی به فینال آسیا نرسیدیم دلخور بودیم، تازه قهرمان لیگ و حذفی هم شده بودیم، حالا به دوستان ۲۵ میلیارد داده‌اند و می‌گویند در لیگ ایران سوم شده و سهمیه آسیا هم بگیریم کافی است. ضمن اینکه بدهی‌های بیشتری هم از خود بر جای گذاشته‌اند که در آینده مشخص خواهد شد. پس این دیگر چه جور مقایسه‌ای است؟ البته افشارزاده مقصر نیست، مسائل دیگری وجود دارد که من فعلا در مورد آنها حرفی نمی‌زنم. انتها پیام,ورزشی,6,233
به گزارش خبرنگار حوزه فوتبال و‌ ‌فوتسال گروه ورزشی باشگاه خبرنگاران آقای گل لیگ پ-ن-دهم با جار و جنجال با تیم ترکیه‌ای ریزه‌اسپور قرارداد بست اما بعد از مدتی به علت پشیمانی از اقد‌امش به تیم پرسپولیس بازگشت. ابهاماتی در فسخ قرارداد طارمی با تیم ریزه‌ اسپور وجود دارد و اینکه وی چگونه توانسته بدون مشکلی به پرسپولیس برگردد. یک منبع آگاه درباره این موضوع گفت: بندی در قرارداد طارمی وجود دارد با باشگاه ریزه‌اسپور ترکیه وجود دارد که باشگاه پرسپولیس طبق استعلام از این بند قرارداد توانسته به تیم سابقش پرسپولیس بازگردد. در حالیکه خیلی از اصحاب رسانه منتظر طارمی هستند تا با حضور در باشگاه پرسپولیس با این تیم قرارداد ببندد اما آنطور که متوجه شدیم طارمی به باشگاه پرسپولیس نمی‌رود و مستقیم عازم تمرینات پرسپولیس در ورزشگاه کاظمی می‌شود.,ورزشی,6,132
به گزارش خبرنگار حوزه فوتبال فوتسال گروه ورزشی باشگاه خبرنگاران جوان مهدی رجب زاده در نشست خبری پیش از دیدار برابر لخویا در هفته اول لیگ قهرمانان آسیا اظهار داشت: ما ۳ بار تجربه حضور در لیگ قهرمانان آسیا را داریم و برای چهارمین بار است که در این مسابقات شرکت می‌کنیم، از تجربه بالایی برخورد دار هستیم و امیدوارم بتوانیم فردا پیروز از میدان خارج شویم. وی با بیان اینکه ما تا پیش از بازی مقابل فولاد در لیگ برتر شناخت چندانی نسبت به لخویا نداشتیم، گفت: فردا یک بازی جذاب بین ذوب آهن و لخویا شکل می‌گیرد و امیدوارم تماشاگران از دیدن بازی لذت ببرند. رجب زاده افزود: تلاش ما این است که نماینده خوبی برای فوتبال ایران باشیم و بتوانیم با کیفیتی که در تک تک بازیکنان وجود دارد یک نتیجه خوب برابر لخویا در قطر کسب کنیم. وی بیان کرد: من تجربه حضور در اینگونه مسابقات را دارم و این نکته بسیار مهم است که بازیکنان جوان و با تجربه ما در طول ۹۰ دقیقه بتوانند با تمرکز بازی کنند. رجب زاده با بیان اینکه ذوب آهن تیمی سخت کوش است که تمامی تیم‌ها را در لیگ قهرمانان آسیا اذیت خواهد کرد، گفت: هدف ذوب آهن موفقیت در لیگ قهرمانان آسیا است و برای رسیدن به این هدف تمام تلاش خود را به کار خواهد گرفت.,ورزشی,6,220
به گزارش گروه ورزشی باشگاه خبرنگاران جوان به نقل از سایت فدراسیون وزنه برداری، سازمان لیگ برتر با محاسبه رکوردهای وزنه‌برداران حاضر در هفته سوم لیگ برتر وزنه‌برداری بزرگسالان باشگاه‌های کشور (یادبود جان باختگان زلزله استان کرمانشاه) سهراب مرادی ملی پوش تیم بیمه رازی به عنوان بهترین وزنه بردار هفته انتخاب کرد. سهراب مرادی از بیمه رازی، سعید علی حسینی از مناطق نفت خیز جنوب خوزستان، بهداد سلیمی از بیمه رازی، علی هاشمی از بیمه رازی، سید ایوب موسوی از مناطق نفت خیز جنوب خوزستان، علیرضا سلیمانی از نیروی زمینی ارتش و علی میری از تیم رعد پدافند، ۷ ملی پوش کشورمان در رقابتهای وزنه برداری قهرمانی ۲۰۱۷ جهان بودند که در رده‌های اول تا هشتم قرار گرفتند. ۱- سهراب مرادی از بیمه رازی با ۴۷۳ امتیاز۲- سعید علی حسینی از مناطق نفت خیز جنوب خوزستان با ۴۵۴ امتیاز۳- بهداد سلیمی از بیمه رازی با ۴۵۳ امتیاز۴- محسن بهرام زاده از رعد پدافند با ۴۴۲ امتیاز۵- علی هاشمی از بیمه رازی با ۴۴۱ امتیاز۶- سید ایوب موسوی از مناطق نفت خیز جنوب خوزستان با ۴۳۷ امتیاز۷- علیرضا سلیمانی از تیم نیروی زمینی ارتش با ۴۲۷ امتیاز۸- علی میری از تیم رعد پدافند با ۴۱۳ امتیاز,ورزشی,6,195
به گزارش گروه ورزش باشگاه خبرنگاران جوان، خبر فوری برکنار رئیس باشگاه العربی قطر و احتمال جایگزینی حمد بن جبر و مخالفت و نارضایتی وی از عملکرد لژیونر‌های این تیم راه جدایی اشکان دژاگه را برای پیوستن به تیم جدید آسان‌تر کرده است. پیش‌تر از این گفته میشد رقم بالای قرار داد اشکان و العربی یکی از موانع به خدمت گرفتن وی توسط تیم‌های ایرانی است اما با این تغییرات شاید العربی با وی در مورد حضور در تیم آینده توافق لازم را داشته باشد. برانکو سر مربی پرسپولیس اما در زمان نقل و انتقالات هنوز صحبتی مبنی بر جذب وی نداشته است.,ورزشی,6,103
به گزارش خبرنگار گروه ورزشی باشگاه خبرنگاران جوان؛ مسابقات شطرنج قهرمانی زنان امروز در مرحله حذفی دور دوم برگزار می‌شود که در این دور از رقابت‌ها ۱۵شطرنج باز با هم به رقابت می‌پردازند تا چهره ۹ بازیکن دیگر برای صعود به دور سوم مشخص شود. در پایان دور دوم مرحله ۲که روز گذشته برگزار شد ۷شطرنج باز با پیروزی بر حریفان به مرحله سوم راه یافتند. ونجون جو، الگا گیریا، زاگیندره. شن یانگ، آنا ومازیچوک انگوین فام و شینگن از بازیکنانی هستند که مستقیم راهی مرحله بعد شدند. بازیکنانی که امروز در مرحله پلی اف باید رقابت کنند به شرح زیر است: شویه زایو، روت پارمینی، آنا واشینی، شونگ یی ماتان، هاریکا، دینا الکساندر، ناتالیا بکسا، گرایمیشویلی، ملیا، استفانوآ باتیسا شویلی، خوشیدره، گاپ-ن-و الکساندر کاستینوک لازم به کار است در مسابقات شطرنج قهرمانی زنان جهان ۳نماینده از کشورمان حضور داشتند که در دور نخست حذف شدند. مسابقات شطرنج قهرمانی زنان جهان با حضور۶۳ بازیکن از ۲۳بهمن ماه آغاز شد وتا ۱۴اسفندماه ماه ادامه دارد. انتهای پیام /,ورزشی,6,167
به گزارش خبرنگار حوزه دنیای ورزش گروه ورزشی باشگاه خبرنگاران جوان دیدار تیم‌های ملی کویت و میانمار در چارچوب رقابت‌های انتخابی جام جهانی ۲۰۱۸ که قرار بود روز سه‌شنبه (دیروز) برگزار شود لغو شد- فدراسیون جهانی فوتبال در این خصوص اطلاعیه‌ای صادرکرد- در این اطلاعیه آمده است، دیدار کویت و میانمار در انتخابی جام جهانی ۲۰۱۸که برای روز ۱۷نوامبر (سه‌شنبه) برنامه ریزی شده بود، انجام نشد، این مسئله به کمیته انضباطی فیفا ارجاع داده شد، تا مورد رسیدگی قرار گیرد. اطلاعات بیشتر متعاقبا اعلام می‌شود. فوتبال کویت به دلیل دخالت دولت کویت در امور فدراسیون فوتبال این کشور تعلیق شده است. ماه گذشته، سه روز پس از دیدار کویت با لبنان در انتخابی جام جهانی ۲۰۱۸، فدراسیون فوتبال کویت از سوی فیفا به دلیل یاد شد، به حالت تعلیق درآمد. برای آگاهی از آخرین اخبار و پیوستن به کانال تلگرامی باشگاه خبرنگاران جوان اینجا کلیک کنید. برای آگاهی از آخرین اخبار و پیوستن به کانال تلگرامی باشگاه خبرنگاران جوان اینجا کلیک کنید. انتهای پیام/,ورزشی,6,164
به گزارش گروه ورزشی باشگاه خبرنگاران جوان، وب سایت رسمی کمیته بین‌المللی پارالمپیک در گزارشی به بررسی شنای معلولین در سال ۲۰۱۸ پرداخت که در بخشی از آن به عملکرد شاهین ایزدیار در بازی‌های پاراآسیایی جاکارتا اشاره شده است. سایت IPC در گزارشی درباره شاهین ایزدیار نوشت: یک نتیجه شگفت‌انگیز در رقابت‌های شنای بازی‌های پاراآسیایی ۲۰۱۸ رقم خورد و شاهین ایزدیار در ۱۰۰ متر پروانه S۱۰ مردان برای اولین بار قهرمان شد. در ادامه این گزارش، به نقل از شاهین ایزدیار پیرامون کسب ۶ طلا و یک نقره در رقابت‌های پاراآسیایی ۲۰۱۸ جاکارتا آمده است: فکر می‌کنم این نتیجه ماه‌ها کار و تلاشم در اردو‌های متعدد و تمرینات منظمم در روز بود. از کسب این نتیجه بسیار خوشحالم. نماینده طلایی پاراشنای کشورمان به سوئیس سفر می‌کند برترین ورزشکاران معلول جهان را بهتر بشناسیم کسب سهمیه پارالمپیک توکیو در ۴ ماده اتفاق تاریخی است پیشنهاد تابعیت آمریکا را نخوانده ردکردم/ کیلویی مدال نگرفتم/ منتقدانم ۱۵ کیلومتر در هفته هم راه نمی‌روند/ خواستگار زیاد دارم، قصد ازدواج ندارم,ورزشی,6,166
به گزارش خبرنگار فوتبال و فوتسال گروه ورزشی باشگاه خبرنگاران جوان، هفته نخست رقابت‌های لیگ قهرمانان آسیا به پایان رسید و کنفدراسیون فوتبال آسیا (AFC) ضعیف‌ترین تیم‌های هفته از لحاظ خط دفاعی و گل خورده معرفی کرد که ذوب آهن ایران با دریافت ۳ گل در رده دوم ضعیف‌ترین‌ها قرار دارد- شاگردان امیرقلعه نویی در هفته نخست گروه B رقابت‌های لیگ قهرمانان با نتیجه ۳ بر یک مقابل الدحیل قطر شکست خوردند و این درحالیست که آنها در نیمه نخست با گلزنی کی روش استنلی پیش بودند و در ۱۰ دقیقه متحمل ۳ گل شدند و بازنده از قطر بازگشتند- همچنین بیشترین گل خورده در هفته اول را الوصل، حریف ذوب آهن دارد که در دیدار مقابل لوکوموتیو تاشکند ۵ گل دریافت کرد و متحمل سنگین‌ترین شکست هفته نخست شد- در پایان هفته‌ی اول، ذوب آهن با دریافت ۳ گل به همراه ۶ تیم دیگر (الغرافه قطر، کاشیوا ریسول ژاپن، ملبورن ویکتوری استرالیا، اولسان هیوندای ژاپن، نسف قارشی ازبکستان و کیچه هنگ کنگ) در رتبه‌ی دوم ضعیف‌ترین خطوط دفاعی قرار دارند. ذوب آهن اصفهان در چارچوب هفته دوم رقابت‌های لیگ قهرمانان آسیا باید ۳۰ بهمن رو در روی لوکوموتیو تاشکند قرار بگیرد.,ورزشی,6,192
به گزارش گروه ورزشی باشگاه خبرنگاران جوان، دومین مرحله مسابقات والیبال ساحلی انتخابی المپیک در منطقه آسیا از امروز به میزبانی شهر کالاسین تایلند آغاز شد. تیم‌های ملی الف و ب والیبال ساحلی ایران در نخستین دیدار به مصاف چین تایپه رفتند و هر دو تیم حریف خود را دو بر صفر شکست دادند. رحمان رئوفی و بهمن سالمی در تیم ملی الف با امتیازهای ۲۱ بر ۱۲ و ۲۱ بر ۱۶ به پیروزی رسیدند. تیم ملی ب نیز با ترکیب بهمن قلی پوری، عبدالحامد میرزاعلی به مصاف چین تایپه رفت و با امتیازهای ۲۱ بر ۱۲ و ۲۱ بر ۱۰ به پیروزی رسید. تیم‌های ایران فردا جمعه در دومین مسابقه خود به مصاف تایلند میزبان این رقابت‌ها خواهند رفت. کیودای به عنوان سرمربی و محمود نوری به عنوان سرپرست تیم‌های ملی والیبال ساحلی ایران را در این رقابت‌ها همراهی می‌کنند. این رقابت‌ها دومین مرحله انتخابی المپیک محسوب می‌شود که با حضور ۹ کشور ایران، چین، تایلند، عمان، هند، جزایر کوک، ویتنام و ساموآ برگزار می‌شود. در این رقابت‌ها که به صورت حذفی انجام می‌شود، تیم‌های الف و ب هر کشور به مصاف یکدیگر می‌روند و اگر نتایج مساوی باشد، دیدار سوم تعیین کننده تیم صعود کننده خواهد بود.,ورزشی,6,199
به گزارش خبرنگار ورزشی باشگاه خبرنگاران: فدراسیون سوارکاری جشنواره زیبای اسب اصیل قهرمانی کشور را طی روزهای ۱۷ تا ۲۰ مهر در باشگاه سوارکاری آرش استان البرز برگزار کرد. این گزارش ادامه می‌دهد: در این جشنواره ۱۵۰ اسب اصیل عرب حضور داشتند که نفرات برتر آن امروز اعلام شد. براساس این گزارش: اسبهای شرکت کننده در این جشنواره شامل کرده مادیانهای خالص ایرانی (یک ساله، دو ساله) کرده مادیانها آیندگان خالص ایرانی، مادیانهای ۴ ساله به بالا، کره نریانهای یک ساله خالص و دو ساله خالص ایرانی، کره نریانهای ۳ ساله نریانهای ۴ تا ۶ ساله، نریانهای ۷ ساله به بالا خالص ایرانی، مادیانهای یک ساله خردسال، ایکاهوکلاسی A۱۱، مادیانهای یک ساله خردسال و دو ساله و ۳ ساله، مادیانهای آیندگان، مادیانهای ۴ تا۶ سال بزرگسالات ایکاهو، مادیانهای ۷ ساله به بالا برزگسالان ایکاهو نریانهای جوان یک سال کلاس A۱۸و دو ساله و ۳ ساله، کلاس نریانهای ۳ ساله، نریانهای ۴تا۶ ساله غرور ملی و نریانهای ۴تا۶ ساله و ۷ سال به بالا شرکت داشتند. براساس این گزارش: در این برنامه داورانی از هلند جرزی بیانژ لوبوک، احمد حمزه از مصر الیزابت از اتریش به سر کلانتری گیژ ابیک از کشور بلژیک و حضور اکترما لاک بنا مار از مراکش به عنوان ناظر فنی درکنار دوستدارران و علاقه مندان به اسب، سرمایه گذاران و فعالان و جمعی از مسئولین و هیات سوارکاری البرز برگزار شد. در پایان خاطر نشان کرد: استقبال از این جشنواره خیلی خوب بوده است و نشان می‌دهد که این نژاد از اسبها در کشورمان چه جایگاهی دارد و چقدر علاقه مند دارد. /آق,ورزشی,6,257
سرهنگ سلبی معاون عملیات و ترافیک پلیس راه کشور در گفتگو با خبرنگار اجتماعی باشگاه خبرنگاران، گفت: طبق آخرین اطلاعات دریافتی از مرکز کنترل ترافیک پلیس راهور ناجا هم اکنون در محورهای سوسنگرد - شلمچه و ایلام به مهران ترافیک نیمه سنگین گزارش شده و در سایر راه‌ها و جاده‌های کشور وضعیت ترافیکی عادی و روان گزارش شده است. وی در ادامه بیان کرد: بر همین اساس در کلیه راه‌ها و محورهای مواصلاتی کشور وضعیت ترافیکی آرام گزارش شده است. این مقام مسئول پلیس در خاتمه به انسداد ۴ محور اشاره کرد و اظهار داشت: در آزاد راه چالوس- مرزن آباد، محور شمشک به دیزین به علت عدم ایمنی کافی، ‌ محور پ-ن-خلخال به علت بارش برف و کولاک و محور قم به گرمسار به دلیل انجام عملیات عمرانی و تبدیل محور به آزاد راه کماکان تا اطلاع ثانوی مسدود است. انتهای پیام/,اجتماعی,0,143
به گزارش خبرگار گروه اجتماعی باشگاه خبرنگاران جوان، در چهار ماه اول امسال در استان تهران ۴۵ نفر در اثر اصابت سلاح سرد جان خود را از دست داده‌اند. این رقم در مقایسه با مدت مشابه سال قبل که تعداد کشته شدگان در اثر اصابت سلاح سرد ۴۳ نفر اعلام شده بود ۷-۴ درصدافزایش یافته است. از کل کشته شدگان در اثر اصابت سلاح سرد در ۴ ماه سال جاری ۳۷ نفر مرد و ۸ نفر زن بوده‌اند. تعداد فوت ناشی از سلاح سرد در تیرماه نیز ۷ نفر اعلام شد که در مقایسه با مدت مشابه سال قبل درصد کاهش داشته است.,اجتماعی,0,103
به گزارش خبرنگار حوادث باشگاه خبرنگاران، شخصی به هویت ت ن با در دست داشتن مرجوعه‌ای از دادگستری کردستان به پلیس مراجعه و اعلام داشت که دو نفر به اسامی ن-ب و ب-ی در اسفند سال ۹۲ با تهدید به قتل اقدام به اخاذی به مبلغ یک میلیارد ریال از وی نموده‌اند. وی ادامه داد: تبهکاران تهدید کردند در صورت اطلاع دادن به پلیس برخورد نامناسبی خواهند کرد و دوباره‌ همان اشخاص در آذر ماه سال جاری درخواست یک میلیارد و پ-ن-د میلیون ریال پول کرده‌اند‌ و بنده نیز از آنان چند ماه فرصت خواستم تا پول برای آنان فراهم کنم. با توجه به اهمیت موضوع سریعا پرونده در دستور کار کارآگاهان پلیس آگاهی قرار گرفت و ماموران با آموزش‌های لازم به شاکی، از او خواستند تا قراری با متهمان بگذارد. ماموران ضمن هماهنگی قضایی در هنگام اخذ وجه درخواستی متهمان را دستگیر و جهت انجام تحقیقات به یگان آگاهی منتقل کردند. تبهکاران که با تهدید به آدمکشی از مردم اخاذی می‌کردند، با مواجه شدن با دلایل و مدارک به بزه انتسابی معترف و هر دو متهم با قرار وثیقه به مبلغ پنج میلیارد ریال روانه زندان مرکزی سنندج شدند. انتهای پیام/,اجتماعی,0,192
به گزارش خبرنگار اجتماعی باشگاه خبرنگاران، به نقل از واشنگتن پست زن ۴۶ ساله متهم به قتل یک مرد ۶۴ ساله که جسد وی در زیر پل دریاچه آبشار پیدا شد عصر روز گذشته در منزل مقتول دستگیر شد. به گزارش این خبرگزاری پس از گذشت ۳ ماه از قتل خوزه مانوئل پرز که با ضربات چاقو به طرز وحشیانه‌ای تکه تکه شده بود، عصر دیروز با تماس یکی از همسایگان مقتول با پلیس مبنی بر وجود سر و صداهای مشکوک این قاتل بی رحم دستگیر شد. جوانا مدونا ۴۶ ساله طی نقشه قبلی پس از نزدیک شدن به پرز به قصد ازدواج برای تصاحب اموالش پس از ۳ روز زندگی مشترک وی با چندین ضربه چاقو از پای درآورد و جسدش را به زیر پل دریاچه آبشار منتقل کرد. طبق اظهارات پلیس منزل خوزه در حدود ۴۶۴ هزار دلار ارزش مالی داشته است. پس از متواری شدن وی بعد از اقدام به قتل پلیس تلاش خود را برای دستگیری وی که به مدت ۲ ماه به طول انجامید، عصر روز گذشته توسط پلیس دستگیر شد اولین دادگاه وی پس از کامل شدن پرونده جوانا مدونا هفته آینده در شهر ژالی که مرکز و دومین کلان شهر در ایالت کارولینای شمالی است برگزار می‌شود. /,اجتماعی,0,205
به گزارش خبرنگار گروه اجتماعی باشگاه خبرنگاران جوان، اعضای شورای شهر تهران با تغییر نام خیابان ناز واقع در منطقه ۱ تهران به شیخ نمر باقرالنمر تغییر نام داد. این خیابان نزدیک به سفارت عربستان سعودی است و بنا به گفته رئیس شورای شهر تهران هماهنگی لازم با وزارت خارجه انجام شده است. با تصویب اعضا یک پل در منطقه ۴ به نام شهید وجیه الله تقیانی، کوچه ندا در منطقه ۴ به نام شهید سلیمان مظفری، بن بست شیخ الاسلامی در منطقه ۹ به نام شهید علی عباسی، کوچه حافظ در منطقه ۹ به نام شهید بهزاد روحانی، خیابان سوم در منطقه ۱۱ به نام شهید روبرت لازار نامگذاری شد. کوچه در دری در منطقه ۱۱ به نام شهید علی عبدی، کوچه کمالی در منطقه ۱۲ به نام شهید کاظم زمانی، کوچه شهید علی اصغر شجاعی در منطقه ۱۲ به نام شهید سید جعفر حسینی کاشانی، کوچه ششم غربی در منطقه ۱۳ به نام شهید احمد رعنای حسینی، خیابان کامران در منطقه ۱ به نام حکیم الهی، خیابان جلال در منطقه ۱ به نام شهید مهدی هاشمی پناه تغییر نام دادند. همچنین خیابان بیمه سوم در منطقه ۵ به نام شهید ایرج رستمی، کوچه بهاران در منطقه ۵ به نام شهید محسن سلیمانی، خیابان ۱۲ بهمن در منطقه ۵ به نام شهید محمدجواد شاهی، کوچه مهربان در منطقه ۶ به نام شهید محسن احسنی، خیابان در منطقه ۱۳ به نام شهید مسعود جلیلی، خیابان حجت در منطقه ۱۳ به نام شهید کریم غفاری نسب، کوچه حمام در منطقه ۱۶ به نام شهید قدرت الله علی محمدی، کوچه ۷۲ در منطقه ۱۶ به نام شهید التفات شرافتی، کوچه جعفریان در منطقه ۱۷ به نام شهید محمد قفلیان پور، کوچه شهید اکب مظاهری در منطقه ۱۶ به نام شهید علی غلامی، کوچه خرداد در منطقه ۱۸ به نام شهید محمود ارسالی، خیابان دوم در منطقه ۲۰ به نام شهیدان باقریان و کوچه اصفهانی در منطقه ۲۰ به نام شهید سعید انصاری تغییر نام دادند. انتهای پیام/,اجتماعی,0,325
ولی نجاتی معاون حمل و نقل ترافیک شهرداری منطقه ۵ در گفتگو با خبرنگار اجتماعی باشگاه خبرنگاران، گفت: ‌با توجه به ضرورت افزایش سهم حمل و نقل عمومی در سفرهای شهری، طرح توسعه و تقویت خطوط تاکسیرانی، اتوبوسرانی و بهبود کیفی خدمات رسانی در دستور کار قرار گرفت. وی با اشاره به رویکرد برنامه‌های سال ۹۳ منطقه در توسعه حمل و نقل عمومی افزود: در این راستا ارتقای بهره مندی شهروندان از سیستم حمل و نقل عمومی احداث و ساماندهی پایانه‌های حمل و نقل عمومی در طرح‌های ترافیکی سال جاری پیش بینی و در حال اجرا است. وی تصریح کرد: ‌ در خصوص دسترسی شهروندان به مقاصد مورد نظر و بهره مندی آنان از سیستم حمل و نقل عمومی بر اساس طرح مطالعاتی صورت گرفته است و پوشش کلیه محلات منطقه۵ توسط خطوط اتوبوسرانی و تاکسیرانی در برنامه طراحی شده است. نجاتی در ادامه بهسازی سرپناه‌های اتوبوس از جمله رنگ آمیزی، تأمین روشنایی و نصب نقشه راهنمایی مسافران را از دیگر اقدامات اجرایی بر شمرد و گفت: در این راستا آسایش شهروندان و زیباسازی مناظر شهری انجام می‌شود و در کنار افزایش روزانه وسایل نقلیه در کلان شهرها، ایجاد امکانات و تسهیلات رفاهی مسافران حائز اهمیت است. نجاتی با اشاره به تأمین و تجهیز ایستگاه‌های اتوبوس به سیستم روشنایی سولار افزود: به منظور تأمین روشنایی ایستگاه‌های اتوبوس و هم چنین پل‌های عابر پیاده در منطقه۵ در حال اجرا است. وی ایستگاه‌های اتوبوسرانی و تاکسیرانی پایانه آزادی و مترو صادقیه را از دیگر طرح‌های ترافیک بر شمرد و خاطرنشان کرد: ‌ در این راستا روان سازی تردد و تأمین رفاه شهروندان از طرح ساماندهی پایانه‌ها و همچنین توسعه مراکز خدماتی در این پایانه‌های اتوبوسرانی و تاکسیرانی انجام می‌شود. انتهای پیام/,اجتماعی,0,279
به گزارش گروه اجتماعی باشگاه خبر نگاران از پایگاه خبری پلیس، سرهنگ جمال بذرافشان گفت: از آنجایی که میزان حضور مردم برای خرید عید در روزهای تعطیل و ساعات عصرگاهی افزایش یافته، پلیس راهور تهران بزرگ با شناسایی مناطق مستعد ترافیک، در این محل‌ها مستقر و اقدام به روانسازی تردد کرده است. وی ادامه داد: بازارچه‌های نوروزی یکی از مهمترین موضوعات مورد توجه در روزهای پایانی سال است لذا محورهای منتهی به این مراکز تحت کنترل کامل ترافیکی قرار می‌گیرند و در این زمینه هماهنگی‌های کامل با شهرداری تهران انجام شده است. بذرافشان خاطر نشان کرد: بازارچه‌های نوروزی پارک ارم، بوستان ولایت، حکیمیه و مصلی تهران از پر مخاطب‌ترین این مراکز به حساب می‌آیند لذا پیش بینی‌های لازم صورت گرفته تا در صورت بروز ترافیک و توقف در تردد شهروندان بلافاصله گره باز شده و شهروندان درگیر ترافیک نشوند. /ف,اجتماعی,0,140
به‌گزارش گروه اجتماعی باشگاه خبرنگاران جوان؛ مرد طلبکار برای تسویه‌حساب با بدهکارش در نقشه‌ای از پیش طراحی شده و با یک تصادفی ساختگی، او را ربود. رسیدگی به این پرونده به‌دنبال تماس تلفنی به کلانتری ۳۲ حصارک بالا کرج درباره یک آدم ربایی آغاز شد. زن جوان به پلیس گفت: شوهرم به‌نام فرید از سوی سرنشینان یک دستگاه خودروی پژو پارس نقره‌ای ربوده شده است. نسرین در تشریح ماجرا گفت: چند روز قبل همسرم با یک خودرو تصادف کرد و پس از آن با فرید به قصد پرداخت خسارت به نشانی صاحب خودروی خسارت دیده رفتیم، اما به محض رسیدن به محل موردنظر از سوی سرنشینان خودرو ربوده شد و از آن به بعد هم از او اطلاعی ندارم. به‌دنبال اظهارات زن جوان از طریق گوشی تلفن همراه مرد ربوده شده، پلیس موفق شد در کوتاه‌ترین زمان، مکان او را ردیابی کند. پس از آن مشخص شد که خودروی ربایندگان در حال حرکت از مسیر شهریار به ملارد است و کارآگاهان با استفاده از دوربین‌های مدار بسته مستقر در مسیر، خودرو را شناسایی و همه ربایندگان را دستگیر کردند و فرید را هم از چنگ آدم ربایان نجات دادند. وی که در اثر ضرب و شتم ربایندگان به شدت زخمی شده بود، بلافاصله به بیمارستان منتقل شد. سردسته این باند پس از دستگیری به کارآگاهان گفت: فرید چهار سال قبل به خاطر کلاهبرداری و تصرف مال غیر متواری بود. من چهار سال به‌دنبال‌اش بودم و پس از آن که او را پیدا کردم، تصمیم گرفتم با این نقشه او را دستگیر کنم و تحویل قانون دهم. این متهم و دو همدست‌اش پس از پایان بازجویی به اتهام آدم ربایی و ضرب وشتم بازداشت و برای تکمیل پرونده روانه زندان شدند. در حال حاضر متهم دیگر پرونده متواری است و تحت تعقیب پلیس قرار دارد. منبع: روزنامه ایران,اجتماعی,0,297
حسن کریمیان در گفتگو با خبرنگار اجتماعی باشگاه خبرنگاران ضمن بیان این مطلب با اشاره به استقبال بسیار خوب خانواده معظم شهدا و ایثارگران و همچنین شهروندان از این اردوهای زیارتی افزود: طی ۷ اردوی زیارتی که با مشارکت اداره کل امور ایثارگران شهرداری تهران و باغ موزه دفاع برگزار شده است بیش از ۴۰۰۰ هزار تن از شهروندان منطقه ۴ از مناطق عملیاتی و یادمان‌های شهدا بازدید کردند. شهردار منطقه ۴ هدف از برگزاری این اردوهای زیارتی را آشنایی بیشتر خانواده‌های معظم شهدا و ایثارگرانی و نسل سومی‌ها با فرهنگ دفاع مقدس و گسترش فرهنگ ایثار و شهادت در بین جوانان و نوجوانان عنوان کرد و اظهار داشت: در این اردوهای زیارتی که طی ۷ دوره برگزار می‌شود تلاش می‌شود تا یاد خاطره دلاوری‌ها و از خودگذشتگی رزمندگان اسلام زنده نگه داشته شود. کریمیان تصریح کرد: در اردوهای زیارتی غرب کشور که پنجشنبه ۲۱ شهریور ماه برگزار می‌شود زائران از یادمان شهدای عملیات و الفجر ۳ و کربلای ۱ در سلسله ارتفاعات قلاویزان یادمان شهدای عملیات مطلع الفجر یادمان شهدای بازی دراز یادمان شهدای عملیات مرصاد و یادمان شهدای پاوه بازدید میشود. وی خاطرنشان کرد: مدت زمان برگزاری این اردوهای زیارتی ۴ روز در نظر گرفته شده است همچنین حمل و نقل زائران این اردوی زیارتی توسط ۱۲ دستگاه اتوبوس انجام می‌شود و هماهنگی‌های لازم جهت استقرار تیم‌های پزشکی جهت رفاه حال زائران در طی مسیر شمال اورژانس جاده‌ای و … صورت می‌گیرد. /ف,اجتماعی,0,235
سرهنگ نادر رحمانی رئیس پلیس مرکز کنترل ترافیک راه‌های کشور در گفت‌وگو با خبرنگار گروه اجتماعی باشگاه خبرنگاران جوان؛ اظهارداشت: طبق آخرین گزارشات از مرکز کنترل ترافیک در باند جنوبی آزاد راه کرج-قزوین از ترمینال شهید کلانتری تا پل فردیس و باند جنوبی آزاد راه کرج-تهران از پل فردیس تا پل کلاک ترافیک نیمه سنگین گزارش شده و در سایر جاده‌ها و معابر کشور وضعیت ترافیکی عادی و روان گزارش شده است. وی در ادامه افزود: بر همین اساس در استان گیلان محور آستارا اردبیل بارش باران گزارش شده و در سایر راه‌ها و محورهای مواصلاتی کشور وضعیت جوی آرام گزارش شده است. سرهنگ رحمانی بیان کرد: محورهای شمشک-دیزین و پ-ن-خلخال تا اطلاع ثانوی مسدود است. انتهای پیام/,اجتماعی,0,118
به گزارش خبرنگار باشگاه شبانه باشگاه خبرنگاران جوان در نگاه اول این تخته سنگ که به صورت استراتژیک در نقطه‌ای تمیز از بخش جنگلی موزه آلمان قرار داده شده، مثل یک سنگ بزرگ معمولی است. اما با کمی دقت مشخص می‌شود که این تخته سنگ یک و نیم تنی بسیار هم غیرعادیست؛ این سنگ در واقع یک سازه هنری مجهز به یو اس بی درایو پنهان داخلی است که وتر وای فای آن با نیروی آتش به کار می‌افتد! این سنگ که کیپ الایو (زنده بمان) نام دارد از ساخته‌های هنرمند برلینی، آرام بارتول است. او با این اثر سعی دارد تضاد میان فنون برجای مانده از عهد باستان و فنون دنیای جدید را به نمایش بگذارد. باتول منبع الهام خود را اجاق‌های بیولایتی می‌داند که مردم در روزهای طوفان شن می‌خریدند. در واقع مردم برای شارژ کردن وسایل و حفظ ارتباطشان با یکدیگر به اجاق هایی که با آتش کار می‌کردند، روی آورده بودند. بنابراین بارتول صخره‌ای را ساخت که منحصرا با انرژی الکتریسیته حاصل از یک مولد برق حرارتی کار می‌کند. بازدیدکنندگان موزه اسپرینگ هورن هوف باید به روش‌های ابتدایی بقا پناه ببرند و در نزدیکی این صخره آتش روشن کنند. زمانی که میزان معینی گرما تولید شود، آن‌ها می‌توانند با استفاده از گوشی‌های همراه هوشمند خود به روتر متصل شوند. انتهای پیام/,اجتماعی,0,215
به گزارش حوزه شهری گروه اجتماعی باشگاه خبرنگاران جوان؛ محمدمهدی گلمکانی رئیس مرکز مدیریت محیط زیست و توسعه پایدار شهرداری تهران اظهار داشت: با توجه به فرارسیدن ماه مبارک رمضان و در پیش بودن روز جهانی محیط زیست ۵ ژوئن مقارن با ۱۵ خردادماه سال جاری و با عنایت به برگزاری ضیافت‌های سحری و افطاری و افزایش حجم نذورات در این ماه مبارک، کمپ-ن-ضیافت سبز با هدف گذاری بر ۵ محور اصلی توسط فعالان و اعضای کانون‌های محیط زیست محلات برگزار می‌شود. گلمکانی محورهای فوق را استفاده ظروف چند بار مصرف به جای ظروف یکبار مصرف به منظور کاهش تولید پسماندهای حاصل از ظروف یکبار مصرف در هیئات و مساجد، عدم استفاده از ظروف پلاستیکی برای خوراکی‌های داغ به دلیل ایجاد مخاطرات بهداشتی شدید (در صورت نیاز استفاده از ظروف یکبار مصرف گیاهی)، استفاده از کیسه‌های پارچه‌ای برای نان به جای کیسه‌های پلاستیکی، جمع آوری و تفکیک پسماندهای خشک و‌تر پس از هر مراسم و جلوگیری از انباشت پسماند‌ها در خیابان‌ها و انهار به منظور جلوگیری از آلودگی محیط زیست و گرفتگی انهار برشمرد. لازم به ذکر است؛ جهت پیوستن هر چه بیشتر به این کمپ-ن-شهروندان می‌توانند ضمن اشتراک عکس‌های مشارکت خود در کمپ-ن-با هشتگ ضیافت سبز در شبکه‌های اجتماعی دوستان خود را نیز به این مشارکت زیبا دعوت کنند.,اجتماعی,0,210
سرهنگ رضا سلبی در گفتگو با خبرنگار اجتماعی باشگاه خبرنگاران؛ اظهار داشت: براثر واژگونی یک دستگاه کامیون ایسوزو در کیلومتر ۲۰ جاده شیراز- خرامه دو نفر کشته و دو نفر زخمی شدند. کارشناسان پلیس راه علت این تصادف را سرعت غیرمجاز کامیون اعلام کردند. در حادثه واژگونی اتوبوس ولوو که بامداد امروز در کیلومتر آزادراه زنجان- قزوین رخ داد، چهار نفر مجروح شدند. این حادثه به علت عدم توجه به جلو از سوی راننده اتوبوس اعلام شد. وی ادامه داد: ساعت ۱۲:۲۵ روز گذشته واژگونی یک دستگاه وانت پیکان در کیلومتر ۱۰۱ جاده روستایی زیرکوه در استان خراسان جنوبی به پلیس راه اطلاع داده شد. با حضور ماموران پلیس راه مشخص شد براثر این حادثه که به علت عدم توجه به جلو رخ داد دو نفر کشته و یک نفر نیز زخمی شدند. رئیس مرکز کنترل ترافیک سرعت غیرمجاز با ۲۴ درصد، تجاوز به چپ با ۱۸ درصد و توجه نکردن به جلو با ۱۸ درصد را مهمترین عوامل بروز تصادفات ۲۴ ساعت گذشته اعلام کرد و گفت:۳۵ درصد تصادفات کشور مربوط به وازگونی بوده است. سلبی با اعلام اینکه تمامی جادههای کشور دارای بار ترافیکی روان است، افزود: وضعیت جوی در محورهای کشور آرام گزارش شده است.,اجتماعی,0,198
به گزارش خبرنگار اجتماعی باشگاه خبرنگاران علی اکبر کریمی پور با اعلام این خبر اظهار داشت: این طرح با هدف ارتقا، زیبایی محلات و ایجاد اکوسیستم‌های فعال طبیعی در فضای شهری در معابر اصلی سطح محدوده اجرایی می‌شود. وی تصریح کرد: همواره این شهرداری در راستای توسعه فضای سبز و طرح‌های جدید در بین مناطق ۲۲ گانه از پیشگامان بوده و در زمینه توسعه فضاهای سبز عمودی و سه بعدی اقدامات بسیار مناسبی را اجرایی کرده است. کریمی پور افزود: چندی پیش عملیات توسعه فضای سبز در رینگ داخلی میدان فتح به مساحت ۲۵ هزار متر مربع اجرایی شد که تاثیر بسزایی در تلطیف هوا و کاهش آلودگی هوا داشته و چشم انداز مناسبی در ورودی غربی پایتخت ایجاد شده است. معاون شهردار منطقه ۹ خاطر نشان کرد: عملیات توسعه فضای سبز در بزرگراه فتح، انتهای بزرگراه یادگار امام (ره) و خیابان حجاج با پیشرفت ۴۰ درصد همراه بوده و تا پایان مهر ماه سال جاری به اتمام رسید. /ف,اجتماعی,0,160
به گزارش خبرنگار حوادث باشگاه خبرنگاران، چندی پیش مرد جوان با مراجعه به دادگاه خانواده درخواست طلاق داد و در خصوص علت آن به قاضی گفت: آقای قاضی همسرم خیلی پرتوقع است. مرد جوان ادامه داد: بعد از مدت‌ها با کلی قرض و قسط توانستم یک خانه کوچک بخرم و از مستاجر بودن خلاص شویم، اما همسرم به جای اینکه خوشحال شود مرتب دارد غر می‌زند و می‌گوید که یک خانه بزرگتر و دو خوابه می‌خواهد. وی افزود: از وقتی به خانه خودمان اسباب کشی کردیم، زندگی ما از این رو به آن رو شده و هرشب با هم دعوا داریم. همسرم مرتب غر می‌زند و هرکاری بخواهد انجام دهد آن را به کوچک بودن خانه ربط می‌دهد و دعوا به راه می‌اندازد که چرا خانه به این کوچکی گرفتی و چرا ما باید در این خانه کوچک بمانیم، برای همین تازه متوجه شدم که او خیلی خودخواه و پرتوقع است، دیگر تحمل زندگی با این زن را ندارم و درخواست طلاق دارم. بعد از حرف‌های این مرد قاضی همسر وی را به دادگاه احضار کرد تا صحبت‌های او را نیز بشنود. مخاطبان گرامی می‌توانید از طریق آدرس اینترنتی havades@ مشکلات انتظامی خودتان را برای ما ارسال کنید. انتهای پیام/,اجتماعی,0,200
دین پرست در گفتگو با خبرنگار اجتماعی باشگاه خبرنگاران افزود: پس از تلاش عوامل مربوطه در حوزه مربوط به اعطای تسهیلات به بهبود یافتگان، در مرحله جدید ثبت نام مسکن مهر برای آنان تا کنون یک هزار و ۷۲۲ نفر بهبود یافته در ۱۶ استان کشور موفق به ثبت نام مسکن مهر شدند. این مقام مسئول اظهار داشت: در این خصوص استانهای تهران، کرمان و قم بیشترین ثبت نام‌ها را در برداشتند و استان‌های چهارمحال و بختیاری، سمنان و بوشهر نیز کمترین متقاضیان مسکن مهر را به خود اختصاص دادند. دین پرست خاطر نشان کرد: از این تعداد ثبت نام کرده نیز ۷۷ نفر موفق به دریافت مسکن مهر شده که بیشترین دریافت کنندگان به لرستان با ۴۳ نفر، قم ۱۷ نفر و گلستان ۱۱ نفر اختصاص دارد و همچنین در ۱۵ استان دیگر کشور نیز اقدامات موثر و مفیدی در حال اجراست. /ل,اجتماعی,0,144
سید محمد بیاتیان نماینده مردم بیجار و حسن‌آباد در مجلس شورای اسلامی در گفتگو با خبرنگار پارلمانی باشگاه خبرنگاران، درباره جلسه امروز کمیسیون صنایع و معادن گفت: جلسه امروز با حضور رئیس سازمان ملی استاندارد آغاز شد که طی آن گزارشی درباره مسائل فعلی این سازمان ارائه شد که در برخی از زمینه‌ها از کمیسیون صنایع و معادن درخواست کمک کردند. وی تصریح کرد: سپس جلسه‌ای با حضور معاون پارلمانی صدا و سیما برگزار شد که یکی از معاونان وی درباره دیجیتال شدن شبکه‌های سیما، ‌ وضعیت فعلی و کسری بودجه گزارش دادند همچنین درباره بحث خود کفایی در دیجیتال شدن شبکه‌ها صحبت کردند. بیاتیان ادامه داد: قرار است جلسه با معاون پارلمانی صدا و سیما ادامه یابد البته جلسه‌ای درباره ماهواره ملی که در مجلس هفتم ۲۵۰میلیون دلار به آن اختصاص داده شده بود در آینده برگزار خواهد شد. نماینده بیجار و حسن‌آباد بیان داشت: امروز جلسه‌ای با اعضای انجمن سازندگان لوازم خانگی کشور داشتیم که اعضای این انجمن گزارشی درباره معضلات و مشکلات در رابطه با واردات و بازار ارائه کردند. بیاتیان در پایان خاطرنشان کرد: جلسه امروز مصوبه نداشت چراکه در دستور کارمان تصویب مصوبه‌ نبود و به صورت ارائه گزارش برگزار شد. انتهای پیام/,سیاسی,3,198
به گزارش حوزه دولت گروه سیاسی باشگاه خبرنگاران جوان، به نقل از پایگاه اطلاع رسانی ریاست جمهوری، حجت الاسلام و المسلمین حسن روحانی رییس جمهور در پیامی رحلت عالم پارسا آیت‌الله‌ حاج‌ شیخ‌ محمدعلی‌ شرعی، عضو جامعة مدرسین حوزة علمیة قم را تسلیت گفت و از درگاه خداوند بزرگ برای آن مرحوم رحمت و رضوان الهی و برای عموم بازماندگان صبر و اجر مسألت کرد. متن این پیام به این شرح است: بسم الله الرحمن الرحیم انالله و انا الیه راجعون رحلت عالم پارسا آیت‌الله‌ حاج‌ شیخ‌ محمدعلی‌ شرعی‌، عضو جامعة مدرسین حوزة علمیة قم موجب تألم خاطر شد. این روحانی وارسته علاوه بر فعالیت‌های انقلابی در دوران نهضت اسلامی، خدمات فراوان نسبت به نظام جمهوری اسلامی و تقدیم فرزند عزیزشان‌ در این راه، حیات پربار خود را صرف اعتلای ارزش‏ها و تبیین سیره اهل بیت علیهم السلام نمود و در این رهگذر خدمات‌ ارزشمندی به یادگار گذاشت. اینجانب این ضایعه را به حوزه‌های علمیه، شاگردان و ارادتمندان و به‏ ویژه بیت مکرم ایشان تسلیت می‌گویم و از درگاه خداوند بزرگ برای آن مرحوم رحمت و رضوان الهی و برای عموم بازماندگان صبر و اجر مسألت ‌دارم. حسن روحانی رییس جمهوری اسلامی ایران انتهای پیام/,سیاسی,3,195
به گزارش حوزه سیاست خارجی باشگاه خبرنگاران، حسین امیرعبدالهیان معاون وزیر خارجه روز گذشته (چهرشنبه، ۵ شهریور) با حضور در بعثه حجاج ایرانی در مکه مکرمه با رضایی، نماینده اعزامی سازمان حج و زیارت جمهوری اسلامی دیدار کرد و در جریان آخرین اقدامات و هماهنگی‌های به عمل آمده قرار گرفت. امیر عبداللهیان در مکه مکرمه تاکید کرد: حسب مذاکرات مهم و سازنده به عمل آمده با امیر سعود‌الفیصل و دستورات ایشان اطمینان داریم امسال حجی با شکوه و در شان جهان اسلام را شاهد خواهیم بود. وی افزود: با ارشادات و توصیه‌های جناب آقای قاضی عسکر نماینده مقام معظم رهبری در امور حج و تلاش‌های جناب اوحدی، رییس سازمان حج و زیارت ترتیبات لازم برای برگزاری حج تمتع بخوبی فراهم آمده است. وی ضمن تشکر از اقدامات سفارت عربستان سعودی در تهران و سرکنسولگری این کشور در مشهد مقدس در راستای تسهیل صدور روادید زوار ایرانی اضافه کرد: مقامات عربستان سعودی تدابیر ویژه‌ای را برای جلوگیری از انتقال ویروس ایبولا در ایام حج اندیشیده‌اند. انتهای پیام/,سیاسی,3,166
عضو مجمع تشخیص مصلحت نظام گفت: در جریان مذاکرات، ما با دشمن مکار طرف بودیم و سابقه رفتار آنها با ما همیشه بد بوده است و همواره دروغ می‌گفتند و عهد شکنی می‌کردند. به گزارش خبرنگار احزاب و تشکل‌های گروه سیاسی باشگاه خبرنگاران جوان؛ احمد توکلی عضو مجمع تشخیص مصلحت نظام در حاشیه مراسم گرامیداشت چهلمین روز درگذشت آیت‌الله حائری شیرازی که عصر امروز چهارشنبه ۱۱ بهمن‌ماه در مسجد امام صادق (ع) تهران برگزار شد، در جمع خبرنگاران با اشاره به اظهارات اخیر سید عباس عراقچی مبنی بر اینکه برجام دستاوردهایی زیادی داشت، اظهار کرد: همه آنچه که تیم مذاکره کننده ما در برجام به دنبال آن بود به دست نیامد. وی ادامه داد: اشتباه این بود که مسئولان مربوط انتظار زیادی از برجام برای حل مشکلات ایجاد کردند. عضو مجمع تشخیص مصلحت نظام بیان کرد: در جریان مذاکرات، ما با دشمن مکار طرف بودیم و سابقه رفتار آنها با ما همیشه بد بوده است و همواره دروغ می‌گفتند و عهد شکنی می‌کردند، چنانچه مقام معظم رهبری نیز بارها تاکید کردند که فریب دشمن را نخورند. توکلی با بیان اینکه دلتمردان امید زیادی داشتند که سایر مسائل را نیز حل و فصل کنند، اما این انتظار برآورده نشد، گفت: البته برجام تاثیراتی هم داشت از جمله اینکه امروز مراوده کشور ما با دیگر کشور‌ها سهل‌تر و فروش نفت هم امکان پذیر شد، گرچه هنوز در جا به جایی پول آن دچار مشکل هستیم. نماینده ادوار مجلس شورای اسلامی با اشاره به اینکه آقای عراقچی گفته که ارتقا موقعیت منطقه‌ای ایران ناشی از برجام است، اضافه کرد: من این نظر آقای عراقچی را قبول ندارم و این از همان دسته اغراق هایی است که می‌کنند. البته مذاکرات بی تاثیر نیست، اما آنچه این راه را باز کرد مجاهدت و مقاومت بوده است. توکلی تاکید کرد: این مجاهدت‌ها بر مذاکرات نیز تاثیر داشت، در واقع دستاوردهایی منطقه‌ای ما بود که در مذاکرات برجام تاثیر گذاشت.,سیاسی,3,313
به گزارش باشگاه خبرنگاران، پیشوای مذهبی کلیمیان ایران گفت: ما ایرانیان کلیمی از سر اخلاص و علاقه، زیر سایه اسلام و رهبر انقلاب اسلامی ایران به وطن خود خدمت می‌کنیم. خاخام گلستانی نژاد افزود: دین یهودیت به ما تکلیف کرده است که به دولتمردان رهرو یکتاپرست و ظلم ستیز سر تعظیم فرود آوریم. وی گفت: معمار انقلاب اسلامی ایران، اولین بنای انقلاب را احترام به انسانیت و ادیان قرار داد که این برای ما اقلیت‌های دینی نعمت است. پیشوای مذهبی کلیمیان ایران با بیان اینکه ایرانیان کلیمی زیر پرچم ایران از زندگی مسالمت آمیز برخوردارند، گفت: ما نیز چون دیگر برادران مسلمان، مسیحی و زرتشتی برای سربلندی ایران در راهپیمایی ۲۲ بهمن شرکت می‌کنیم. پیشوای مذهبی کلیمیان ایران با بیان اینکه برای وطن پرستی و ایرانی آبادتر باید تلاش کرد نه درنگ، افزود: حضور در انتخابات نیز نوعی شروع دوباره برای ایرانی آبادتر و سرافرازتر است. در استان اصفهان حدود ۲۰ هزار شهروند مسیحی، کلیمی و زرتشتی زندگی می‌کنند که از حقوق سیاسی، اجتماعی، مذهبی و فرهنگی خاص دین خود برخوردار هستند.,سیاسی,3,172
به گزارش حوزه سیاست خارجی گروه سیاسی باشگاه خبرنگاران جوان؛ حسن قشقاوی معاون کنسولی، مجلس و امور ایرانیان خارج از کشور وزارت امور خارجه کشورمان اظهار داشت: با پیگیری سفارت جمهوری اسلامی ایران در کابل، وزارت امور خارجه و اداره کل همکاری‌های بین المللی وزارت دادگستری در چارچوب موافقتنامه انتقال محکومان در حبس، بین جمهوری اسلامی ایران و افغانستان مصوب اسفند ماه سال ۱۳۸۸ مجلس شورای اسلامی و بر اساس سومین نشست کمیسیون مشترک کنسولی بین دو کشور، ۲۱ نفر از هموطنان محکوم به حبس در زندان‌های افغانستان صبح امروز به ایران منتقل شدند. در این راستا طی روز‌های آینده دو نفر دیگر از ایرانیان زندانی در افغانستان به ایران انتقال خواهند یافت. وی افزود: طبق موافقت نامه مزبور میان دو کشور قرار است زندانیان تبعه افغانستان که واجد شرایط لازم نیز می‌باشند در اقدامی متقابل به زندان‌های کشورشان منتقل شوند. به نظر میرسد با اجرایی شدن این توافق در مرحله نخست و تا پایان ماه جاری، ۲۵۱ نفر از این محکومان از زندان‌های چهار استان ایران به افغانستان انتقال یابند.,سیاسی,3,171
به گزارش خبرنگار دولت باشگاه خبرنگاران، محمود احمدی‌نژاد در حاشیه جلسه امروز هیئت دولت و در جمع خبرنگاران گفت: ان‌شاءالله یکشنبه یا دوشنبه هفته آینده نشستی با خبرنگاران خواهم داشت و به سوالات شما پاسخ می‌دهم. رییس‌جمهور همچنین در پاسخ به اینکه گفته شده شما قرار است به چند کشور آفریقایی سفر کنید، اظهار کرد: دوستان در حال تنظیم هستند که این سفرها انجام شود. چند کشور آفریقایی دعوت کردند و در حال تنظیم و هماهنگی هستیم تا این سفرها انجام شود. وی همچنین در مورد توقع دولت از سازمان میراث فرهنگی در ایام نوروز گفت: از این سازمان انتظار زیاد داریم. در سالهای گذشته جشنواره‌هایی برگزار شده و ان‌شاءالله امسال شاهد ابتکارات جدیدی باشیم، چراکه هر نوروز دوره‌ جدیدی است. احمدی‌نژاد در پاسخ به پرسشی درباره مذاکرات ایران و ۱+۵ نیز اظهار کرد: آقای جلیلی در این رابطه صحبت می‌کنند. رییس‌جمهور در برابر پرسش‌های دیگر خبرنگاران، اظهار کرد: یکشنبه یا دوشنبه هفته آینده با خبرنگاران گفت‌وگو می‌کنم. انتهای پیام/,سیاسی,3,160
به گزارش خبرنگار پارلمانی باشگاه خبرنگارارن، یکصد و هشتاد و ششمین جلسه علنی مجلس با حضور ۲۱۶ نماینده و به ریاست حجت‌السالام سیدمحمدحسن ابوترابی‌فرد آغاز شد. حجت الاسلام سیدمحمدحسن ابوترابی‌فرد ضمن اعلام آغاز جلسه علت تاخیر جلسه یکصد و هشتاد و شش را اعلام کرد و گفت: به دلیل جلسه کمیسیون تلفیق جلسه علنی رسمی با کمی تاخیر آغاز شده است. سپس محمدحسین فرهنگی عضو هیئت رئیسه دسدتور جلسه امروز را بدین شرح اعلام کرد: ۱-ادامه رسیدگی به گزارش کمیسیون اقتصادی در مورد لایحه اصلاح قانون مالیات‌های مستقیم مصوب ۱۳۶۶ و اصلاحات بعدی آن ۲-گزارش کمیسیون ویژه حمایت از تولید ملی و نظارت بر اجرای سیاست‌های کلی اصل ۴۴ قانون اساسی درباره طرح اصلاح تبصره ۵ بند الف ماده ۳ قانون اجرای سیاست‌های کلی اصل ۴۴ قانون اساسی و الحاق دو تبصره به آن (اعاده شده از سوی شورای نگهبان) ۳-گزارش کمیسیون اصل ۹۰ قانون اساسی درباره وضعیت خودروهای وارداتی گفتنی است؛ قرار بود در جلسه علنی امروز مجلس، ایرادات باقیمانده شورای نگهبان از لایحه بودجه سال ۹۳ کل کشور به پارلمان ارائه شود که تا این لحظه هنوز چنین اتفاقی نیفتاده است. انتهای پیام/,سیاسی,3,185
به گزارش حوزه دولت گروه سیاسی باشگاه خبرنگاران جوان، محمود واعظی رئیس دفتر رئیس جمهور در حکمی علی جنتی را به عنوان مشاور رئیس دفتر رئیس جمهور و سرپرست نهاد منصوب کرد. متن حکم واعظی به این شرح است: بسم الله الرحمن الرحیم جناب آقای دکتر علی جنتی با توجه به تعهد، تخصص و تجارب ارزشمند و مدیریتی جنابعالی، به موجب این حکم به عنوان مشاور رئیس دفتر رئیس جمهور و سرپرست نهاد منصوب می‌شوید. ان شاءالله با بهره مندی از نظرات راهگشای جنابعالی، شاهد برنامه ریزی هرچه موثرتر در تحقق اهداف و ماموریت‌های این حوزه باشیم. امید است با عنایت الهی و تشریک مساعی سایر همکاران و واحدهای ذیربط و با رعایت اصول قانون مداری، اعتدال گرایی و منشور اخلاقی دولت تدبیر و امید در انجام هرچه موثرتر امور محوله موفق و موید باشید. محمود واعظی رئیس دفتر رئیس جمهور,سیاسی,3,141
به گزارش حوزه سیاست خارجی گروه سیاسی باشگاه خبرنگاران، مرضیه افخم سخنگوی وزارت امور خارجه در خصوص انتخابات ترکیه اظهار داشت: برگزاری انتخابات ترکیه در فضایی آرام و با مشارکت بیش از ۸۶٪ مردم پیروزی بزرگی برای دولت و مردم ترکیه بود و نشان دهنده رشد و بلوغ مردم این کشور است. وی اضافه کرد: جمهوری اسلامی ایران به عنوان کشور همسایه و دوست ترکیه که روابط بسیار نزدیک و دوستانه‌ای با دولت و مردم این کشور دارد برگزاری انتخابات آرام و مسالمت آمیز در کشور همسایه را حائز اهمیت بالایی تلقی می‌کند و ضمن احترام به آرای مردم امیدواریم انتخابات آرام و پ-ن-اط ترکیه موجبات توسعه رشد و رفاه بیشتر مردم این کشور را فراهم آورده و در تامین و تحکیم صلح و ثبات منطقه‌ای نقش موثری را ایفا نماید. افخم خاطرنشان ساخت: جمهوری اسلامی ایران اطمینان دارد که در آینده نیز دو کشور شاهد ارتقا روابط دوجانبه در همه ابعاد خواهند بود. انتهای پیام/,سیاسی,3,156
به گزارش حوزه مجلس گروه سیاسی باشگاه خبرنگاران جوان؛ یان هاف چک رئیس مجلس نمایندگان جمهوری چک و پوپسکو تاریچینو رئیس مجلس سنای رومانی با صدور پیام‌های جداگانه انتخاب مجدد علی لاریجانی به عنوان رئیس مجلس شورای اسلامی را تبریک گفتند. یان هاف چک رئیس مجلس نمایندگان جمهوری چک ضمن آرزوی توفیق برای رئیس مجلس شورای اسلامی در مسئولیت خود گفت: انتخاب جنابعالی به بالاترین سمت نشان دهنده تصمیم اعضای مجلس جهت استفاده از مهارت‌های شخصی و حرفه‌ای فوق العاده شما در راستای خدمت به مردم ایران به منظور افزایش منافع در عرصه بین المللی می‌باشد. پوپسکو تاریچینو رئیس مجلس سنای رومانی نیز در پیام خود بر توسعه روابط مجالس جمهوری اسلامی ایران و رومانی تأکید کرد و گفت: اعتقاد دارم انتخاب مجدد شما به روابط دوستانه و سنتی میان کشورهایمان به مناسبات پارلمانی دو جانبه تداوم خواهد بخشید.,سیاسی,3,139
مجتبی ذوالنور رئیس کمیته هسته‌ای کمیسیون امنیت ملی و سیاست خارجی در گفت‌وگو با خبرنگار مجلس گروه سیاسی باشگاه خبرنگاران جوان؛ با بیان اینکه این کمیته بخشی از گزارش شش ماهه سوم درباره روند اجرای برجام را تهیه کرده است، گفت: با پایان تعطیلات تابستانی مجلس ادامه تدوین این گزارش و بازدید از مراکز هسته‌ای را در دستورکار داریم. وی ادامه داد: ما بنا داشتیم در شهریور از برخی مراکز هسته‌ای بازدید داشته باشیم که به دلیل تعهدات نمایندگان و حضورشان در حوزه‌های انتخابیه، به بعد از تعطیلات مجلس موکول شد. رئیس کمیته هسته‌ای با بیان اینکه تا قبل از تهیه گزارش شش ماهه سوم از بسیاری از مراکز هسته‌ای بازدید خواهیم کرد، گفت: در اولین فرصت از مرکز تحقیقات کشاورزی و پزشکی هسته‌ای کرج، مرکز یو. سی. اف اصفهان و از سایر مراکز هسته‌ای کشور بازدید می‌کنیم.,سیاسی,3,138
به گزارش حوزه دولت باشگاه خبرنگاران به نقل از پایگاه اطلاع‌رسانی ریاست‌جمهوری حجت‌الاسلام و المسلمین دکتر حسن روحانی رئیس‌جمهوری در پیامی درگذشت حجت الاسلام والمسلمین محسن دعاگو امام جمعه شمیرانات را به مقام معظم رهبری، مردم شمیرانات بالاخص خانواده، منسوبان و علاقه‌مندان ایشان تسلیت گفت. متن این پیام به شرح ذیل است: بسم الله الرحمن الرحیم إنا لله و إنا الیه راجعون درگذشت مرحوم مغفور حجت الاسلام و المسلمین حاج شیخ محسن دعاگو موجب تأسف و تألم فراوان گردید. اینجانب ضایعه فقدان این شخصیت خدوم و مبارز انقلاب اسلامی را به مقام معظم رهبری، مردم شریف شمیرانات بالاخص خانواده محترم، منسوبان و علاقه‌مندان ایشان تسلیت گفته و رضوان و مغفرت الهی را برای آن فقید سعید مسئلت می‌نمایم. حسن روحانی رئیس جمهوری اسلامی ایران انتهای پیام/,سیاسی,3,126
سیدمحمد بیاتیان نماینده بیجار در گفتگو با خبرنگار پارلمانی باشگاه خبرنگاران با اشاره به ضرورت حمایت مسئولان از صنعت کشور گفت: در سال‌های اخیر به مقوله صنعت توجه آنچنانی نشده است. وی افزود به دنبال کمرنگ شدن توجه به این بخش صدمات جبران‌ناپذیری در بحث اشتغال و درآمدزایی متوجه کشور شده که این امر نیازمند اهتمام ویژه مسئولان است. عضو هیئت رئیسه کمیسیون صنایع و معادن مجلس در ادامه به پتانسیل‌های حوزه‌ صنعت در استان کردستان اشاره کرد و گفت: مسئولان ذیربط بایستی با توجه به استعدادهای موجود در این حوزه برنامه‌ریزی‌های مدونی را انجام دهند تا از حالت بالقوه به حالت بالفعل تبدیل شده و موجب ایجاد اشتغال شود. رئیس مجمع نمایندگان استان کردستان با اشاره به اینکه تدوین لایحه بودجه ۹۳ به زودی در دستور کار دولت قرار دارد، اظهار داشت: دولت باید اعتبارات ویژه‌ای را در ارتباط با حوزه صنعت لحاظ کند تا هر چه سریعتر شاهد برطرف شدن موانع و مشکلات از سر راه این حوزه باشیم. اضافه می‌شود؛ طبق آئین‌نامه داخلی مجلس دولت موظف است لایحه بودجه ۹۳ را تا ۱۵ آذرماه در اختیار مجلس قرار دهد. انتهای پیام/,سیاسی,3,184
حجت الاسلام والمسلمین مجید انصاری عضو مجمع تشخیص مصلحت نظام در گفت‌وگو با خبرنگار احزاب و تشکل‌های گروه سیاسی باشگاه خبرنگاران جوان، با اشاره به بررسی لایحه پالرمو در مجمع گفت: روز شنبه هفته آینده ادامه رسیدگی به لایحه الحاق ایران به کنوانسیون مبارزه با جرائم سازمان‌یافته فراملی در مجمع بررسی می‌شود. وی افزود: مجمع تشخیص مصلحت نظام بعد از بررسی‌های صورت گرفته نظر خود را درباره این لایحه اعلام خواهد کرد. گفتنی است؛ برخی رسانه‌ها اعلام کردند که ۲ کمیسیون سیاسی، دفاعی، امنیتی و حقوقی وقضایی مجمع تشخیص مصلحت نظام، لایحه الحاق به کنوانسیون پالرمو را خلاف مصلحت کشور دانستند.,سیاسی,3,101
لازم به ذکر است، گفت‌وگوها پس از یک توفق کوتاه مجددا برای رسیدن به یک متن مورد توافق از سر گرفته شد. این مذاکرات بعد از اعلام یک تنفس کوتاه مدت دوباره آغاز و بعد از ۵ ساعت گفت‌وگو پشت درهای بسته پایان یافت. گفتنی است ادامه گفت‌وگوها امروز ساعت ۸:۳۰ به وقت محلی از سرگرفته خواهد شد. سیدعباس عراقچی مذاکره کننده ارشد هیئت ایرانی حاضر در ژنو شب گذشته پس از پایان نشست سه‌جانبه ظریف، اشتون و کری در جمع خبرنگاران حاضر شد و به سوالات پاسخ داد. عراقچی در پاسخ به سوال خبرنگار اعزامی باشگاه خبرنگاران به ژنو گفت: مقداری پیشرفت حاصل شده و مذاکرات خوب بود. در حاشیه برگزاری دیدارهای متوالی میان مقامات ایرانی با مقامات کشورهای غربی ظریف ساعت ۱۱ به وقت تهران با اشتون دیدار خواهد کرد. شب گذشته جان کری پس از پایان مذاکرات سه جانبه در جمع خبرنگاران اعلام کرد که مذاکرات سخت و فشرده است. سخت کار می‌کنیم. گفتنی است صبح امروز (شنبه) مذاکرات میان ایران و گروه ۱+۵ تا دقایق دیگری آغاز می‌شود و این در حالی است که جو امنیتی شدیدی در اطراف هتل وجود دارد و خبرنگاران اجازه ورود به لابی هتل را ندارند. گفتنی است امروز صبح صبحانه کاری ظریف وزیرامورخاجه کشورمان وکاترین اشتون مسئول سیاست خارجی اروپا با محوریت توافقنامه برگزار شد. درحال حاضر در روز سوم از مذاکرات خبرهای موجود حکایت از آن دارد که تیم‌های مذاکره‌کننده در حال رایزنی با پایتخت‌های خود هستند.,سیاسی,3,238
