Neutral,لطفا تو پیشنهاد شگفت انگیز بزارید
Neutral,دوستانی که این تبلت دارن لطف کنن بگن بین این مدل و لنووa300 کدوم بنظرتون بهتره ؟ شدیدا شک دارم ممنون
Neutral,لطفا موجود کنیدش
Neutral,لطفا سفیدشو موجود کنید
Neutral,سلام دوستان دوستان عزیزی که دارن این گوشی رو دارند ایا راضی هستند ممنون میشم با لایک نشون بدن با تشکر از دیجی کالا
Neutral,سلام میخواستم بدونم باتری این گوشی چند میلی آمپر دیجی کالا نزده هرکی میدونه خواهشن بگه ؟
Neutral,ظاهرا یه نسخه بتا از مارشمالو برا بعضی دستگاه ها جهت تست ارسال شده . نسخه نهایی هم اگه مشکلی نباشه میاد به زودی
Neutral,سلام یه سوالی داشتم به نظرتون این بهتره با huawei ascend G7 ؟ ؟ ممنون میشم جواب بدید
Neutral,سلام دوستان ایا باید سیم کارت خاصی برای این دستگاه استفاده کرد . ایا از سیم کارت معمولی ایرانسل میشه استفاده کرد ؟
Neutral,"با سلام خدمت همه . فقط خواستم بگم بعضی از عزیزان اگه از چیزی خوششون نمیاد بی دلیل کامنت نذارن که این گوشی اصلا ارزش خرید نداره و از این حرفا . شمایی که این گوشی رو ندارید خواهشا خواهشا نیاید و بیخودی نظر ندید و از این فبلت بی عیب و ایراد,ایراد ناموجود نگیرید . و درمورد بهم ریختگی تاچش هم قبلا گفتم که با آپدیت Lumia Cyan کاملا برطرف میشه.چون واسه منم همینطور بوده اما از وقتی به این ورژن آپدیت کردم کاملا برطرف شده . افزایش قدرت Wifi هم با نصب و آپدیت نرم افزار +Network خوب میشه . glance Screen رو هم رو حالت Peek قرار بدید تا از مصرف اضافه باتری کم بشه . خدمت آقای سردارآبادی هم عرض کنم که باتری این فبلت در حالت استفاده متوسط روزانه , هر 4 روز یکبار نیاز به شارژ داره.مگه اینکه جناابعالی مصرفت خیلی زیاد در حد بازی شدید یا عکاسی و فیلمبرداری به مدت زیاد باشه . و همچنین اگه شما سیستم دابل تاچ رو فعال کنید دیگه نیاز به باز کردن قفل با دکه پاور رو ندارید.و برای قفل کردن هم نرم افزار System Tiles و از قسمت System گزینه Lockscreen رو به منوی استارت پین کنید برای قفل کردن باز هم نیاز به استفاده از کلید پاور ندارید . و خدمت دیگر عزیزان هم عرض کنم که به شایعات آنساپورت این فبلت بعد حذف احتمالی نوکیا از روی برند ویندوز کاملا بی توجه باشید.چون شرکت مایکروسافت,سیستم ویندوز رو یکپارچه کرده و آپدیت همیشگی وغیر توقف ارائه میده . با تشکر *"
Neutral,آقا بالاخره Gprs با سیمکارت داره یا نه ! ؟ من گیج شدم . . سیمکارت میخوره ولی GPRS و مکالمه نداره ؟ ! این یعنی چی ؟ ! لطفا راهنمایی کنید
Neutral,با ی دستبند رنگ و ی ست دستخط عالی میشه !
Neutral,سلام ahmad reza momeni شما باید برین به تنظیمات بعد امنیتی و گزینه unkow sources رو فعال کنید تا بتونید به غیر از اسنور خود گوشی از جاهای دیگه برنامه نصب کنید یسری به بخش نظرات این گوشی تو سایت موبایل هم بزنید
Neutral,سلام به تمام دوستان می خوام بخرم این تبلتو اما موندم نو گزینه های دیگه شما تبلتی با این رنج قیمت 2 سیم رم 2 دوربین خوب و همچنین 8 اینچی سراغ ندارید ؟ اگه کسی اطلاعاتی در رابطه با این تبلت و مشخصات درخواستیم داره ممنون میشم ارائه کنه
Neutral,به نظر من در برابر رقبایش موبایل خوبی است
Neutral,منظر گوشی های بهتر لنوو باید باشیم که همه چی تموم باشه و قیمت بالای 1 یه تومن شاهکار میشه .
Neutral,از دوستان کسی میدونه برنامه ی زمانی اچ تی سی برای ارتقا sense 6 . 0 به سنس 7 . 0 این گوشی چه زمانی ؟
Neutral,در یلدای شگفت انگیز با قیمت خیلی خوبی دریافت کردیم . عجیب بود که قسمت سرش به جای مشکی سفید بود ! در یک جعبه نارنجی رنگ بود که بارکدش رو چک کردم شناخت و در سایت های خارجی مثل آمازون هم فروش میرفت . مزیت خیلی خوبش قیمت مناسب و همچنین بسیار سبک و جمع و جور هست و راحت میتونید در کیف دستیتون ببرید . برای نداشتن شاتر میشه از تایمر و یا هدفون استفاده کرد و قابل قبوله . من با آیفون های 4 اینچی و 4 . 7 اینچی تست کردم به خوبی کار میکرد و نه دسته توی تصویر میوفتاد و نه سر آن خم میشد و به خوبی ایستاده بود . البته طول مونوپاد خیلی زیاد باز نمیشه . بنظرم اگر فقط برای گاهی اوقات مونوپاد میخواین همین کافیه و جمع و جور بودنش عالیه ! اما با قیمت بیشتر مونوپاد های یونتنگ با شاتر خیلی بهتر هستن .
Neutral,سلام این لپ تاپ فقط پشتش مشکی ماته کیبردش نوک مدادیه نه نقره ای در ضمن کیبردش در برار مایعات مقاوم نیست گارانتی هم اون برگه ایه که رویه جعبه لپ تاپ چسبوندن کارت نیست
Neutral,' شگفت انگیز ' به تعداد زیاد لطفاا تعداد زیاد . . ( + ) تا اینجا که یکی از دوستان خریده ، ، 100نفر بعدی منتظر و دست به ماوس باشن الان یکی دیگه موجود میشه . . آها اومدد . . خب متاسفانه اینم تموم شد . . والا ( دوستان دوباره لحظه ای موجود شد البته به کلیک کردن نرسید ! ! ) از این تگ'تمام شد : - ( ' متنفرم
Neutral,سلام لطفا کسی اکه میدونه حواب بده . . آیا گالاکسی نوت مدل ( n5100 ) دارای 4G هست یا نه ؟
Neutral,قطعات یدکیش رو از کجا باید پیدا کرد من که هر چی تو نت گشتم پیدا نکردم تو دفرچه راهنماش نوشته توری فلزی بیرونی باید هر یک سال و تیغه ها هر دو سال یکبار تعویض بشن : |
Neutral,اقا یکی جواب بده ! این رجن چنده ؟ چه فرقی با اون رجن 2 داره ؟ !
Neutral,مارک DAS از بهترین خمیرهای مجسمه سازی حرفه ایه .
Neutral,لا اقل اینو موجود کن دیگه
Neutral,آقای محمدرضا باباخانی : لوازم جانبیش همونایی نیستن که تو سایت هستش ، اما باید بگم که کیفیت خوبی دارن و ارزش خریدتون رو بالا میبرن . موس GX850 هدست CERBERUS مدل کوله رو نمیدونم اما یه تیکه سیاهه با آرم گیمینگ ایسوس امیدوارم که نوشته هام کمک کرده باشه .
Neutral,سلام این گوشیو حدود یک هفته هست که دارم واقعا فوق العاده هست من با گوشیای زیادی کار کردم ولی این یه چیز دیگست.بریم سر نقد وبرسی دوربین:دوربین این محصول عکس های خیلی با کیفیتی داره هم سلفی و هم دوربین پشت حتی در نور شب لدون فلش هم عکس های خوبی داره . اثر انگشت:اثر نگشت بسیار روانه و خیلی خیلی سریع در حد گوشیا 2 تومنی از هر شرکت.و باید بگم اصلا اصلا لازم نیست که کلید home را فشار دهید به هیچ وجه فقط باید انگشت را کمتر از یک ثانیه روی آن قرار دهید . طراحی:طراحی یسیار خاص و زیبا که در دست گرفتن آن حس خوبی به شما میدهد و همچنین پشت و روی کمی خمیده آن که مغازه دار هم به شما میگوید که گوشی کمی ادج هست و با کمی دقت هم مشخص هست فقط پشت دستگاه کمی لیز میباشد که با یک کاور یا گارد حل میشود . صفحه نمایش:فقط درباره صفحه نمایش های سامسونگ یک چیز را میتوان گفت فوق العاده و زیبا با بهترین کیفیت ممکن . باتری:بستگی به نوع استفاده داره ولی در همه حالات عالی هست . 1 الی 2 . 5 روز نگه میداره بستگی به نوع کار داره . سخت افزار و نرم افزار : بسیار خوب است و در این قیمت عالیه شاید با خودتان بگویید که 2 گیگ رم کم است اما برای گوشی که 16 گیگی هست کاملا کافیه اگر دقت کنید اکثرا گوشی هایی که بیشتر از 2 گیگ رم دارن حافظه شان بالای 16 است چون برای آن نوع پردازش و 16 به بالا به بیش از 2 گیگ نیاز است پس 2 گیگ کاملا منتقی و خوب است و گول g4 و امثال اونا رو نخورید ( در پایان در این مورد توضیح میدهم ) . رابط کاربری هم بسیار زیبا و شیک طراحی شد که باز هم اول شدن سامسونگ در رابط کاربری را اثبات میکند.و باید بگم که خیلی هم روان شده.در ضمن من برنامه و بازی زیاد روش نصب کردم و هیچ لگ و کندی ندیدم . مقایسه:مهمترین رقیب حال حاضر این گوشی بخاطر قیمت G4 است . به شما عزیزان پیشنهاد میکنم برید نظرات G4 رو بخونید از نظر سرعت شاید G4 کمی بهتر باشد البته به مرور زمان نتیجه به سمت a5 برمیگردد که بخاطر حافظه داخلی آن است که توضیح دادم و اگه سوالی در این مورد داشتید در نظرات بنویسید.از نظر دوربین G4 کمی بهتر است ولی A5 به هیچ وجه ناامیدتان نمیکند و اختلاف زیاد نیست مخصوصا در دوربین جلو . به طراحی میرسیم از این نظر g4 سوسکم نیست و هیچ چیز زیبایی ندارد و کیفیت پایینی دارد.به باتری میرسیم از این نظر هم a5 چند سر و گردن از g4 قوی تره و در نظرات این محصول هم آمده و این ضعف همه خوبی ها را زیر سوال میبرد و در یکی از نظرات نوشته شده بود که با کار نسبتا زیاد حدود 4 الی 5 ساعت بیشتر دوام نمی آورد که در مقابل a5 که کمتر از 1 روز شارژ خالی نمیکند هیچ است.از نظر صفحه نمایش A5 چون superAmoled هست کیفیت به مراتب بهتری نسبت به G4 دارد.و از معایب دیگر G4 میتوانیم به سوختن بورد و نداشتن اثر انگشت که برای یک گوشی 1میلیون 200 هزار تومانی واقعا ضعف بزرگیست ( درباره سوختن بورد میتونید در نظرات G4 این مطلب را خیلی مشاهده کنید ) نتیجه گیری : A5 2016 محصولی است که در حال حاضر ( و احتمالا تا 2 سال بعد جز گوشی هایی است که ارزش خرید بسیار بالایی با توجه به امکاناتش دارد ) و همچنین نشان دهنده هنر سامسونگ از ترکیب زیبایی و قدرت و امکانات است . پس این گوشی را به تمام دوستان پیشنهاد میکننم . ممنون که خوندید لطفا لایک کنید تا دیگر دوستان هم بخونن .
Neutral,با سلام به دیجی کالای عزیز اول اینکه این کدوم مدل از ZR هست و بعد اینکه هندزفری بلوتوث رو یا اختیاری کنید یا کلا برش دارید با تشکر
Neutral,من باهاش کشتی میگیرم
Neutral,شگفت انگیز لطفا
Neutral,شما چرا گوشی Alcatel xp50 را نمی خرید با همین قیمت و منشی هم داره نور صفحه کلید هم داره . من این مدل رو می خوام بخرم . اگه نقصی داره بگید . تشکر اگه خریدم تو این فروم هم توضیحات ش رو میدهم .
Neutral,دوستانی که از کیفیت صدا محصول راضی نیستند باید بگم هدفون ها و هندزفری هاس شیاومی بیشتر طراحی شده واسه خود برند Xiaomi هست و شما مثلا اگه این هدفون رو به یک Xiaomi Redmi Note 3 pro وصلش کنید و گزینه Mi Enhancer رو فعال کنید بشدت کیفیت صدا افزایش پیدا میکنه و با انتخاب نوع هدفون شیاومی داخل تنظیمات میتونید صدای های مختلف رو تجربه کنید و بهترین کیفیت صدا رو ازین هدفون بشنوید اما اگه همین هدفون به یک iPhone 7 چندین میلیونی هم وصل کنید کیفیت صدایی که موقع وصل کردن به یک گوشی شیاومی زیر یک میلیونی با قابلیت Mi Enhancer میده رو نده بهتون ! نکته بعدی شما با تنظیم Equalizer میتونید به کیفیت صدای مطلوب خودتون برسید و استفاده از نرم افزارهایی که قابلیت Bass Boost دارن ( البته Bass boost که cpu های Snapdragon داره یعنی Qualcomm Bass Boost در نرم افزار های حرفه ای مثل PlayerPro واسه اندروید که نوع Bass Boost رو روی Qualcomm Bass Boostقرار میدید و وقتی اینکار رو بکنید شما حتی نمیتونید صدای هدفون رو از نصف بیشتر کنید ! چون در این صورت انقدر بیس قوی میشه که اصلا تعجب میکنید که این هدفون همونه یا نه )
Neutral,هنوز این محصول بدستم نرسیده ولی من محصولات ویزاری قبلا خریداری کردم به نسبت قیمتش بد نبوده ولی هنوز این عطر رو تست نکردم چون برای همسرم خریدم بهر حال هر کس ذائقه ای داره عطر هم مثل طعم غذا میمونه کاملا سلیقه ای هست ممکنه من خوشم بیاد و دیگری نه این دلیل بر بد بودن آن نیست ولی هر چیزی به تناسب قیمتش هست نمیشه پول نیمرو بپرداخت کنی ولی انتظار کباب برگ و داشته باشی
Neutral,برای دختر 2 / 5 ساله من خیلی جذااب و عالیه من اول ندیدم راهنما داره خورم نصبش کردم فهمیدن نصبش کار راحتی بود بعدا دیدم راهنما داره تو راهنما نوشته هر 5 تا میله رو به همین روش نصب کنید در صورتی که فقط 4 تا میله داره و کلا 4 جا برای نصب میله داره سریع هم جمع و جور میشه اصلا جا نمیگیره قبلا یه نوع دیگه خریده بودم نیم ساعت نصبش طول میکشید جمع کردنش هم همینطور ضمنا کلی میله پلاستیکی غیر تاشو داشت که کلی جا میگرفت اصلا هم برا بچه ام جذاب نبود اما این عالیه فقط یکم جنس پارچه اش نازکه و همش نگرانم پاره نشه
Neutral,دوستان عزیز ! اولترابوک ها بدلیل کوچک بودن و سبک بودن ، طبیعتا گرانتر از نوت بوک ها هستند . اگر نیاز به جابجایی زیاد ندارید خرید نوت بوک های به صرفه تر هست .
Neutral,سلام دوستان میخوام این گوشی رو بخرم.بعضی جا ها بهش میگن g3 s بعضی جا ها هم بهش میگن g3 beat ایا این دوتا یکیه یا فرقی میکنه ؟ خواهشا راهنمایی کنید
Neutral,سلام مجدد : دوستان یه توضیحی در مورد رنگ لامپ ها بدم ، بنده هر سه مدل افتابی ، مهتابی ، و سفید یخی رو گرفتم یه نکته هست اگر افتابی بخرید 2700k واستون ارسال میشه که نور همرنگ هالوژن قدیمیا ( زرد هست ) اگر مهتابی بخرید 6500k ارسال میشه که نور سفید سفید هست ( اصلا به ابی نمیزنه و دماش خیلی خوبه ) اگر سفید یخی بخرید 4200k کا ارسال میشه ! ! نور این مدل چیزی بین سفید و زرد هست که این مدل هم رنگ خوبی داره ، استفاده از دو رنگ 6500 و 4200 هم به صورت یک در میان ترکیبی رنگ خوبی میده پس در کل اینو دقت کنین که رنگ سفید یخیو به هوای سفید ابی نخرین ! سرد ترین رنگ لامپ با عنوان مهتابی به فروش میرسه !
Neutral,سلام . خسته نباشید دوستان یه مورد خیلی جالب درباره این تبلت پیدا کردم . ولی دلیلشو نفهمیدم . برنامه cpuz رو نصب کردم روش . تعداد هسته ها رو 4 تا نشون داد ! ! 4 تا هسته با فرکانس 1 . 6 خودم هنگ کردم یه لحظه . دوستان کسی دلیلشو میدونه ؟ ! واقعا 4 هسته ایه این تبلت ؟ تا سی پی یو چون ماله اینتله از تکنولوژی هسته مجازی استفاده میکنه و هر هسته خودشو به 2 تا هسته مجازی تبدیل میکنه ؟ ! ولی این تکنولوژی هم ماله سی پی یو های سری core هستش ! ! نمیدونم والا ! ! کسی تست کرد نظری داشت بگه لطفا با تشکر زیاد از مسئولین دیجی کالا
Neutral,سلام من تازه این مدل رو خریدم ولی بلوتوثش هیچ دستگاهی رو پیدا نمی کنه و بر عکس.هیچی هم اینو پیدا نمیکنه.درایورشم نصبه . این سوال رو چند نفر پرسیدن ولی هیشکی جواب نداده تا حالا.کسی راه حل رو میدونه ؟
Neutral,هادی جان من خریدم شنبه به دستم برسه اینجا مینویسم ابعاد و وزنشو
Neutral,میشه لطفا صورتیش رو موجود کنین و شفگت انگیزشم بکنین ؟ خیلی زود تموم شد اون سری
Neutral,سلام . می خواستم بدونم کسانی که با ال جی جی4 هم کارکردن ، دوربین 1020 رو بهتر می دونن یا g4 . با تشکر .
Neutral,آقای محمدامین رحمانی ( 1394 / 6 / 10 ) : مدل قلمی این تبلت توی بازار نیست ولی سامسونگ مدل های قلمی دیگه ای داره . با قلم چه ارزان قیمت و چه گران قیمت می شه روی این تبلت کار کرد . شارژ از صفر تا صد 5 ساعت طول می کشه ، در مورد روش دقیق شارژ کردن این تبلت دقیق توضیح داده ام که در یکی از صفحات همین پیج موجوده . اگه برای مطالعه می خواهید مدل های بزرگتر بهتره ولی این سبکتر و خوش دست تره . من دقیقا پنج ماه است که این تبلتو دارم و از روی تجربه می گم . دوستانی که می فرمایند مادون قرمز داره بفرمایند تنظیماتش کجاست ما هم بدونیم .
Neutral,چرا صدای ضبط شده رو پخش نمی کنه ؟
Neutral,خواهش می کنم دوباره موجودش کنید تولیست خریدم بود کارتم موجودی کافی نداشت . . خواهش می کنم
Neutral,اولا بگم که به SSD نمیگن ' هارد SSD ' باید گفت ' حافظه SSD ' . برای اضافه کردن حافظه SSD به لپتاپ راه های زبر وجود داره : 1 اضافه کردن از طریق تعویض CD ROM با براکت حافظه : کتفیه یه براکت بخرید بعد یک حافظه SSD . حافظه رو توی براکت بزارید و جای CD ROM بزارید و تمام . خود CD ROM از طریق SATA به مادربرد متصله . 2 تعویض هارد اصلی با SSD که توی دفترچه راهنمای هر دستگاه توضیح داده . 3 شاید یک دستگاهی راه های ارتباطی برای متصل کردن حافظه داشته باشه که این مدل نداره . در ضمن بگم که هارد های که هم SSD و هم HDD هستن،توی یک بسته جا سازی شدن و بهش SSHD میگن . اگه یک SSHD بگیرین میتونین از راه هایی که بالاتر توضیح دادم ، اونو به لپتابتون اضافه کنید .
Neutral,دیجی کالا خواهش میکنم دوباره موجود کنید من و چند تا از دوستانم میخوایم بخریم اگه نمیخواین بیارید حداقل بگید تا منتظر نباشیم مرسی
Neutral,ای خداا . . حالا که من گفتم بعد از عاشورا سفیدشو بخرم دقیقا سفیدش ناموجود شد ! ! دیجی جون هر کی دوس داری سفیدشو بیار وگرنه یا آرزو به دل میمونم یا باید از جای دیگه بخرم رزگلد سفید لطفا ! !
Neutral,من خریدمش و فیلم های 360 درجه رو اصلا هیچ متوجه نمیشه ادم وقتی با هدست میبینه ، فیلم های سه بعدی هم همینطور
Neutral,موجودش کنید
Neutral,عقربه های شب تاب ، منبع انرژی حرکتی تو نمونه Seiko SRP330J1 نیس . . آقا زودتر اطلاع بدین تگه این ویژگی ها رو داره و اصل هس خریداری کنیم
Neutral,دیجی کالای عزیز محافظ صفحه کلیدشو بیار لطفا . .
Neutral,سلام من نزدیک یک سال و نیمه ک این دستگاه محشرو دارم و ازش سیر نمیشم و قبل خرید دغدغه اصلیم بازیهاش بود ولی خوشبختانه با توجه ب سیستم تعویض بازی ک بین دوستان راه افتاده هزینه بازیهای جدید برامون چیزی بین چهل تا پنجاه هزار تومن در میاد اگر قصد خرید دارین اصلا شک نکنید و این غول تکنولوژی رو زودتر بخرید واقعا بازی کیلزون فار کرای 4 و دستینی و . . تجربه های بی بدیلی برام بودن با تشکر
Neutral,من قبلا می خواستم سونی ظ1 بخرم اما وقتی این گوشی رو دیدم نه تنها امکاناتش از سونی بیشتره بلکه ارزان تر هم هست
Neutral,همین مدل توی بازار به نصف قیمت اینجا خریدیم ! از دیجی بعیده ! این آماتور ترین مدل توی بازار هست اما نه به این قیمت بلکه نصف این قیمت که دوستم یکی ازش خرید و مشخصاتش دقیقا همین دارک و ابعادش هم دقیقا همینه ! !
Neutral,سلام ایتو هرچه زودتر موجود کنین تا بخریم ممنون از شما
Neutral,دیجی کالا لطفا موجود کن
Neutral,سلام . آیا این سریش قابل جدا شدن هست ؟ که فقط با تیغه هاش بشه ریشو با شماره صفر تراشید ؟
Neutral,همراه با قاب پلاستیکی و دفترچه است
Neutral,اون موقع که این گوشی اومد من 7 سالم بود الان که مشخصاتشو میبینم با خودم فکر کردم چطوری با این گوشی بازی اجرا میکردید خود گوشی های الان هم به زحمت یه بازی اجرا میکردم
Neutral,اقا اگه میشه موجودش کنید . دمت گرم دیجی کالا
Neutral,با سلام من یه اس5 دو سیم کارت خریدم روش نوشته ساخت ویتنامه خواستم بپرسم که آیا اصله ؟ یا اصلا کیفت داره ؟ ساخت جای دیگری هم هست ؟ ؟
Neutral,من معتاد این اسپری هستم ! ! موهاd مk به شدت فر و وزه . طبعا مو رو صاف نمیکنه اما تا حد زیادی مورو لطیف میکنه و مانع وز مو میشه . یه مدت آبی شو مصرف میکردم ، با اتو کشی حس خیلی خوبی میده ، اما برای مصرف عادی این بهتره . مو رو شفاف میکنه . رایحه بسیار لایت خوبی داره . من برندهای ارزونتر رو هم امتحان کردم ، اما اصلا مثل نلی نبوده و ازش راضی ام . فقط برای موهای پرپشت من یکمی گرون در میاد . هر دوماه یبار 400 میلشو مصرف میکنم !
Neutral,سلام بچه ها . من میخوام یه تبلت خوب با کارایی های بالا بخرم نمیدونم که note 8 . 0را بگیرم یا 8 . 3 LG G PAD لطفا به من کمک بکنید انتخاب خوبی بکنم ! خواهشا !
Neutral,سلام آقای ابولزاده میشه لب تاپتون رو وزن کنید و وزن دقیقش رو بگید ؟ وزنی که توی دیجیکالا اعلام کرده با وزن اعلام شده در سایت دل با هم فرق دارن چند ساعت باتری نگه میداره ؟ سرعت دستگاه تو اجرای نرم افزار ها چطوره ؟ کیفیت اسپیکر و کیبورد و تاچ پد چطوره؟سر و صدای کیبوردش موقع تایپ زیاده؟تاچ پدش کوچیک نیست؟عکس العمل تاچ پدش چطوره ؟
Neutral,لطفا پشنهاد شگفت انگیز
Neutral,خیلی وقته منتظر خریدنش هستم ولی موجود نشده . از بخش تامین کنندگان کالا میخوام که سریع تر این کالا رو موجود کند . با تشکر
Neutral,سلام.من سه ماه این گوشی دارم.به هیچ وجه یک دفعه خاموش و روشن نمیشه.چرا بی خودی شایعه پراکنی میکنید؟البته شاید گوشی شما مشکلی داره .
Neutral,درود مجدد خدمت دوستان عزیز بنده طبق گفته ها و پیشنهاد جناب زنگنه عزیز ، 1عدد لنز VRII 18 - 55 خریدم و کاملا راضی هستم . توی قاصله ی 18 تا 55 میلیمتر ، نسبت به کیت 105 - 18 ، فوق العاده شارپ تر عمل میکنه . آقای ' جواد خالیک ' چرا اطلاعات اشتباه میدین به مخاطبین . . ؟ ؟ دوربین نیکون هم امکان bulb برای عکاسی داره و شما با کلید شاتر یا ریموت کنترل میتونید به هر مقدار که دوست دارین دهانه ی شاتر رو باز نگه دارین . . ! ! آقای ' سینا مولانایی ' d7100 موتور فوکوس داخل بدنه داره . این که میگین سری D نیکون موتور فوکوس نداره یه مقدار عجیبه . چون تمام مدل های DSLR نیکون ، با d شروع میشه و اکثر مدل ها موتور فکوس دارن .
Neutral,سلام دوستان من 5400دارم اولا زود شارژ میشد بعد یه مدت ی روز میکشید که فهمیدم از کابلشه کابلشو عوض کنین حله
Neutral,پیشنهاد ویژه نمیشه ؟
Neutral,به به ، بالاخره یک محصول شیائومی آوردین ! گوشی های این برند و Maizu ، Opp و . . رو هم بیارید . با توجه به قیمت هاشون حتما رقابت خوبی تو فروش با سامسونگ و سونی و ال جی به وجود میاد
Neutral,ممنون میشم اگه هرچه سریعتر شگفت انگیزش کنید سپاس از زحماتتون
Neutral,اگه میشه شیکرپروتیین هم به سبد کالاتون اضافه کنید
Neutral,سلام بچه ها من بین این mp3 player و mp3 player انرژی سیستم انرژی اکتیو 2 موندم،به نظرتون کدوم بهتره؟خواهش میکنم راهنماییم کنید
Neutral,سلام ایا این گوشی فارسی رو ساپورت می کنه ممنون زود جواب بدید .
Neutral,سلام من این گوشی رو خریدم و همه نرم افزارها رو دادم برام ریختند ولی تو وایبر نمی تونم وارد بشم یعنی اول وارد شدم ولی بعد از 3 ساعت دیگه نشد وقتی می خوام وارد وایبر بشم می پره بیرون بردمش جایی که برای نرم افزارها رو ریخته آپدیتش کرده و دوباره ریخته ولی باز هم همون مشکل وجود داره و گفته بعضی از گوشیهای 6 اینجوریه ! لطفا اگه کسی می تونه راهنماییم کنه ممنون میشم .
Neutral,سلام لطفا موجودش کنید ممنون . پیشنهاد شگفت انگیز هم که باشه بیشتر ممنون میشم . باتشکر
Neutral,درود بر همه دوستان با سپاس از دیجی کالا بخاطر خدمات عالی ' احترام به مشتری و مهمتر از همه راستی و صداقت این مجموعهء خوب اتفاقا بر خلاف نظر خیلی از دوستان در مورد این تبلت باید بگم بهیچ عنوان گزینهء مناسبی برای بچه ها نیست ! ! با تجربه شخصی که دارم و مخصوصا برای کسانی که شناخت رزمره و تنگاتنگی با تبلت نداشتند و حالا صرفا برای همه گیر شدنش برای بچه ها اقدام به تهیه یکی از اینها میکنند ' خواهش میکنم به بینایی و شعور بچه ها توجه و احترام بیشتر و درخوری بگزارید ! این تبلت با رنگ و لعابی که دارد ظاهرا برای بچه ها ساخته شده ولی پایین بودن ریزولیشن صفحهء نمایش و مخصوصا نداشتن ویژه گی IPS در نمایشگر زاویه دید بسیار نامطلوب و وحشتناکی رو برای بیننده فراهم میکند جدای از نامناسب بودن فضای حافظه برای بازیهای دیتا دار و رم پایین و دوهسته ایی بودن که واقعا منسوخ شده هستند و برند ضعیف i-Life ' بزرگترین تراژدی این تبلت همون صفحه نمایشگر بد و بهتر بگویم مضرر و غیر بهداشتی ! ! هست که برای کودکان بی گناه و عزیزمون داره . . اینو در نظر بگیرید که کودکتون هر روز ساعتی را و در جمع باید گفت ساعتها باید با چشم های قشنگشون به یک صفحهء دیجیتالی که بخودی خود مضراتی را داراست خیره بشوند و ما با عدم دونستن و شناخت درستمون این ضرر و زیانو برای اونها به چند برابر و بهتر بگم تا ضعیف شدن عملی چشمهاشون پیش می بریم ! که جدای از هزینه های نجومی عینک و یا عمل چشم ' یک نقص عضو را به همراه اینگونه تبلتهای بی کیفیت بهشون هدیه میدیم ! ! من خودم یک پسر 6 ساله دارم و 2 ماه پیش که قرار شد براش یک تبلت تهیه کنم ' اون موقع به این نتیجه رسیدم که تبلتی باشه که مناسب برای خودم هم باشه و مواقعی هم برای وبگردی استفاده کنم و با سفارش 1 عدد Asus nexux 7 از دیجی با این تبلت خوش ساخت و با صفحهء نمایش IPS ' ریزولیشن 1280x800 و با کیفیت عالی تصویر CPU 5 هسته ایی ! GPU ' 12 هسته ایی آشنا شدم بعد از گذشت چند روز به این نتیجه رسیدم که هرگز نوبت کار با این تبلت به اینجانب نمیرسد ! و در برآن شدم که با سفارش تبلت ارزان 7 اینچی دیگری برای فرزندم ' صاحب بلامناضع nexus شوم ' و با تهیه یک تبلت i-life ' البته با خصوصیات فنی بهتر نسبت به این تبلتی که برای بچه ها گذاشته ! باز از دیجی کالا ' اون را به پسرم دادم و زمانی که باید نور صفحه نمایشش را تا آخرین درجه میگذاشتم و شدت نور و صفحهء فوق العاده بی کیفیت که با کوچترین زاویه گرفتنی از چشم یا تاریک و یا سفید و بیرنگ میشد ' بعد از هر بار چشمان فرزند را به کاسه خونی تبدیل میکرد ' در همان روز اول فهمیدم که چه اشتباهی بزرگی کردم که این صفاحت و ساده انگاری من مطمعنا نشعت گرفته از اندیشهء حماقتوار هم قد و یکسان دیدن آینده ' بزرگی و ارزش روح کودکان همسان با خصوصیات فیزیک کوچک آنها بود . . که پی بردم ! و برگشتم ! . . I-Life را خاموش بگوشه ایی انداختم و برای بعضی از کارهای محدود خودم گذاشتم و Asus را به کودک باز گرداندم و حال نیز منتظر تبلتی با کیفیت تر و بزرگتر ( 8 یا 10 اینچ ) و البته با بدست آوری آمادگی پرداخت هزینه دوباره هستم تا آن را برای فرزندم و مطمعنا دوباره از دیجی کالا تهیه کنم و تبلت ارزان قیمتتر ( نکسوس ) را برای خودم بردارم . . دوستان عزیز حتی اگر مطمعا هستید که 40 سال دیگه شما را خونه سالمندان میگزارند بازهم چنین ظلمی در حقشون روا نیست ! ! بیشتر هزینه کنید و یک تبلت با کیفیت برای فرزند ارزشمند تون بگیرید از مارکهای معتبر ' برای پیشنهاد براتون مدل Asus nexus 7 2012 ( که خداییش کارتون خالیش به این i-life میرزه ! ! ) ' هواوی یوت2 ' هواوی M1 ' هواوی X1 ' لنوو A5500 ' ال جی g pad 8 . 3 را که هیچ کجا مناسبتر و مطمعن تر از دیجی کالا نمیتونید بخرید را توصیه میکنم ' برای عدم ضرر و زیان احتمالی در خوردن ضربهء ناگهانی تبلت از همان ابتدا از قابهای ژله ایی و توصیه های لازم و ضوابط قانونی برای کودک خود در استفاده از وسیلهء مربوطه را اجرا کنید . . ببخشید طولانی شد ولی لازم بود . با سپاس فراوان .
Neutral,خانم احمد پور عزیز انعکاس صدای مکالمه برای اینه که صدای مکالمه زو باید بیارین پایین هر گوشی اینطوری میشه لطفا دقیق بدونیند بعد این ایراد نیست اگاهی کم مشتری
Neutral,مرسی از راهنمایی دوستان . میخواستم بدونم این لپتاب واسه برنامه ی 3DMAX مناسبه ؟ و روان اجرا میکنه ؟ مرسی
Neutral,دیجی کالای عزیز لطفا مدل Z30 رو هم به مدل های بلک بری سایت اضافه کن . با تشکر
Neutral,ممنون میشم این محصول رو تو عید حداقل با پیشنهاد شگفت انگیز قرار دهید
Neutral,سلام دوستان عزیز . آیا نمونه ساخت ژاپن این دوربین وجود داره ؟ ؟ من این دوربین رو خریدم و Made in China زده .
Neutral,پیشنهاد ویژه لطفا
Neutral,سلام . من امروز بعد از کلی تحقیق و مقایسه در این سایت قصد خرید این ریش تراش رو داشتم.ولی متاسفانه تا دیروز موجود بود ولی امروز ناموجوده . لطفا موجودش کنید .
Neutral,دوربینش در حد 3 . 2 هست . بد در شرایط نوری متوسط .
Neutral,لطفا بیارینش دیگه.خسته شدم اینقد صبر کردم.میخام تا قبل عید یه گوشی بخرم
Neutral,کیف جالبیه ولی جیب زیپ دار نداره در عوض دو توری در کنارهاش داره که من کابلهای دوربین رو در اون میزارم تو رنج کیفها در دیجی کالا قیمت مناسبی داره دوربین من nikon 3200 هست که با لنز راحت در این کیف قرار می گیره کاش دی جی کالا مناسب بودن لوازم جانبی رو برای مدلهای مختلف می گفت که مثلا این کیف یا لنز برای چه دوربینی مناسب هست و رو چه دوربینهایی قرار نمی گیره امیدوارم دی جی کالا بزودی این مشکل بزرگ رو مرتفع کنه تا با خیال کاملا آسوده تر و مطمئنتر ازش خرید کنیم
Neutral,سلام به دوستان در مورد دوربین 600d کانن اول باید بگم که اگر می خواهید عکاسی را به صورت حرفه ای شروع کنیداین دوربین با لنز 18 - 55 مناسب کار شماست البته باید بگم که اگر بخواهید کمتر هزینه کنید یک مدل پایین تر از این به نام 1100d وجود دارد که 12 پیکسله و بعضی از امکانات خاص 600d را ندارد . در ادامه باید بگم که در این دوربین تمامی اصول ارگونومیک رعایت شده است . در پاسخ به سوالی که برخی از دوستان مطرح کرده اند باید بگم که این دوربین در مقایسه با موارد مشابه خود با مارک های فوجی و نیکون ( با این که فوق حرفه ای هستند ) قابل فهم تر و کار با آن آسانتر می باشد و در صورت نداشتن اطلاعات تئوری کافی درباره دوربین ها با این دوربین می توانید به سادگی عکاسی را به گونه ای حرفه انجام دهید . قابل توجه دوستانی که شغل آنها عکاسی است و همان طور که در جریان هستید لنز این دوربین اصلا مناسب کار شما نیست و باید لنز این دوربین را با یک لنز18 - 200 معاوضه نمایید یا اگر استطاعت مالی دارید بهتر است نمونه بالاتر آن را یعنی 60d کانن را خریداری نمایید خاصیت جالبی که این دوربین خیلی ها را به خود جذب کرده است lcd چرخان آن می باشد که امکان عکاسی در هر حالتی را در اختیار شما می گذارد . در آخر باید بگم که ایندوربین دوربینی کامل می باشد و شما می توانید طعم خوش عکاسی را با آن تجربه نمایید . . موفق و پیروز باشید .
Neutral,لطفا هر چه زودتر رنگ مشکیه این کالا را موجود کنید
Neutral,دوستان من این پنکه رو خریداری کردن و خیلی راضی هستن لطفا این پنکه رو در شگفت انگیز قرار دهید من حتما خواهم خرید
Neutral,میخوام این لپتاپو بخرم از چند نفر پرسیدم گفتن باتوجه به قیمتش و کاراییش خیلی خوبه فقط میخواستم بدونم آیا برای بازی کردن بعضی از بازی ها مانند gtav.batman arkham knight . مناسب است
Neutral,لطفا سفید موجود کنید
Neutral,با همین لنزی که همراه دوربینه میتونین بوکه خیلی حرفه ای بگیرین ، چیزی که همه با لنزهای خیلی گرون و خاص ، و با دوربین های فول فریم دنبالش میرن . فکر نمیکنم دوربینهای بدون آینه دیگه ، علی الخصوص در این قیمتها و با کیت لنز خود دوربین ، همچین کیفیتی داشته باشن ؟ ! اگر کسی مدل دیگه ای رو امتحان کرده ، بگه که بقیه هم بتونن مقایسه کنن
Neutral,سلام دیجی دستگاه بدنسازی چند کاره نمیاری مثل پرایری ولفT 1200DX راستی آب کینگ نمیاری ؟
Neutral,این موس عالیه ولی من اشتباه کردم اینو خریدم چون من یه مک بوک خریدم و تاچ پدش عالیه و نیازی به موس نیست این موس بیشتر برای مک ال این وان مناسب هست در ضمن طراحی بسیار زیبا و فریبنده ای داره عالیه ولی من به شما مجیک موس دو رو چشنهاد میکنم
Neutral,دی جی من میخوام دو روز دیگه بخرم موجودیش کن نمی خوام از بیرون بگیرم
Neutral,"با سلام . به نظر من خرید n56 - jr خیلی با صرفه تر است دارای مشخصات زیر است : ram : 12GB 1600mzh cpu : 4700hq gen4 haswell graphic card : 2GB GTX760 hhd : 1TB OS : Win8 orginal screen : 15 , 6 ' ' fhd IPS در ضمن چون نسل جدید است طراحی اون از تمام لحاظ با n550 - jv برابر است و فقط touch screen نداره"
Neutral,دوستان من یه مشکلی دارم گوشیم برنامه پیامکش و مرور گرش باز نمیشه حتی تنظیمات کارخانه کردم فایده نداره . . کسی میتونه راهنمایی کنه ?
Neutral,اقا با ای لپتابو میشه warcraft بازی کنی یا نه ؟
Neutral,بی زحمت توی ابعاد بزنید که مناسب تخت نوجوان - - » 90 * 180 تخت یک نفره - - » 90 * 200 تخت کوئین تخت دو نفره به ترتیب سایز الان مثلا این رو تشکی برای تخت کوئین یک نفرست . . نه تخت یک نفره معمولی ممنون
Neutral,باسلام این ریموت رو کسی برای گوشی هواویg6 امتحان کرده ؟ می خوام بخرم میترسم مچ نشه باهاش لطفا جواب بدین
Neutral,سلام دیجی جان لطفا اینو پیشنهاد ویژه قرار بده .
Neutral,با سلام خدمت همه دوستان بنده این گوشی رو یه هفته قبل واسه خانومم کادو گرفتم . مزایای این گوشی اینه : سرعت بسیار خوب در حدی که از گوشی خودم که optimus net هست با وجود رم کمتر به مراتب بیشتره سیستم عامل نسبتا جدید دو سیم کارته بودن بسیار بسیار گوشی شیکیه من سفیدشو خریدم به هیچ وجه هنگ تو کارش نیست قیمت بسیار مناسب با توجه به امکانات تاچ عالی ساخت کره بودن گوشی و گارانتی طلایی LG و اما معایب : کیفیت بسیار پایین صفحه نمایش بیش از حد تصورتون دوربینی که اگه نبود خیلی بهتر بود کیفیت نسبتا پایین جنس بدنه بنده همونطور که گفتم optimus net دارم وخریدشو به همه توصیه میکنم اما این مدلو به نظر بنده اول از نزدیک ببینید بعد اقدام به خریدش کنید تا پشیمون نشید
Neutral,دیجی کالا خواهشا این نمونه رو تو فروش ویژه بزار و همچنین مدل های 210 و 110 رو مجددا بزار واسه فروش
Neutral,"خانم شیوا یاری ، برای ویرایش فایل آفیس در اندروید گزینه های بسیار زیادی وجود داره . اولین گزینه همون نرم افزار رسمی مایکروسافت هست برای آفیس که در پلتفرم اندروید اخیرا ارایه کرد . در سایتهای ایرانی جستجو کنید با نام Office Mobile میتونید پیدا کنید . گزینه دوم نرم افزار Kingsoft Office هست که نام جدیدش WPS Office که در نظرات اشاره شده بود . گزینه سوم نرم افزار Office Suite هست . گزینه چهارم نرم افزار Quick Office هست . گزینه پنجم نرم افزار Google Docs هست که خود گوگل ارایه میده و با سرویس Google Drive هم هماهنگ هست . میتونید فایلهاتون رو روی سرورهای خودش ویرایش کنید . در مورد قابلیت چند پنجره ای آفیس ، مشابه اونچه که در ویندوز وجود داره باید بگم که چیز خاصی ویژه این نرم افزارها ندیدم . ولی کاری که میشه کرد این هست که از تبلتهایی استفاده کنید که قابلیت چند پنجره ای شدن رو بهتون میدن . اینگونه تبلتها در رنجهای قیمت متفاوتی عرضه میشن . نمونه های ارزون قیمت اون LG GPAD 10 , 7 هستن و نمونه های گرون قیمت سامسونگ Note . موفق باشید ."
Neutral,دیجی جان تنوع خنک کنندها خیلی کمه ! ! کولر های آبی و بادی کولر مستر و کورسیر و هم بیار ! ! سایت های دیگه خیلی گرون میدن نمیشه طرفشون رفت ! ! منتظرم با تشکر
Neutral,رو این گوشی سیستم عامل اندروید نصب نمیشه ولی app های اندروید روش نصب میشه
Neutral,سلام میشه روش برنامه های ویندوزی که روی پی سی نصب می کنیم هم نصب کرد ؟
Neutral,جناب آقای محمد جواد قدیمی در صورت مشاهده هرگونه قطع و وصل در دستگاه خود لطفا به دفاتر گارانتی شرکت آونگ مراجعه فرمائید .
Neutral,فقط اینو بگم که دلینک خیلی بهتر از هر مدل دیگه ی تی پی لینک هس
Neutral,من بهتر از این ندیدم.دیجی موجودش کن
Neutral,خواهش میکنم دوباره موجودش کنید
Neutral,خواهشا سریع تر موجودش کنین
Neutral,این محصول تازه موجود شدش کی تموم شد ؟ حتی 4 روز هم نمیشه موجود شده لطفا موجودش کنید دوستانی که اینو درجا خریدن بگن که گیره ضد لغزش که روی هدشه به همه دوربین ها میخوره یا نه ؟ و نحوه کارش چطوره ؟
Neutral,با سلام و خسته نباشید ببخشید می خواستم بدونم واقعا ویندوز7 روش نصب نمی شه ؟ آخه خانم صریریان نوشته ویندوز7 نصب کرده و مشکلش حل شده ؟ بالاخره روش نصب میشه یانه در ضمن در مقایسه با lenovo B5080 - cکدوم بهتره ممنون از دیجی کالا و همه
Neutral,من یک هفته س که این هارد رو گرفتم ازش راضیم سرعتش برای usb3 تا حدود 90 هم می رسه ولی برای usb2 تقریبا کنده ، درضمن درسته که ضد ضربه و ضد آب و ایناس ولی پورتش بشدت حساسه بعد از اینکه کابل رو وصل کردید سعی کنید حتی الامکان از تکان دادن هارد خودداری کنید ! !
Neutral,سلام ببخشید مزاحم میشم تا کی این محصول رو دارین ؟ ؟
Neutral,سلام از دوستانی که خریدن تقاضا دارم نتایج بررسی شون و بزارن ، میخوام بخرم ولی اعتماد ندارم
Neutral,سلام می خواستم بدونم از کجا میشه به حافظه اس اس دی دسترسی داشت ؟ ؟ بعدش آیا این لپ تاپ برای اجرای روان برنامه افتر افکت مناسب هست یا نه ؟ ؟
Neutral,سورمه شم موجود کنید فقط مثل خاکستری M8 قیمتش رو بالا نبرید لطفا
Neutral,دوستانی که معمولا برنامه های زیادی روی گوشی نصب میکنند حتما به حافظه داخلی توجه داشته باشند چون من مجبور شدم بعد از چهارماه به j5 2016 تغییر بدم
Neutral,بابا ما تا اومدیم بخریمش از دوباره نا موجود شد .
Neutral,ای بابا باز دیر رسیدم تموم شد ! ! دیجی جون لطفا دوباره بیار solo hd رو لطفا . .
Neutral,چرا خاکستریش نیست ؟
Neutral,با سلام . من دیروز خریدمش . بعد از استفاده خاموشش کردم 8 ساعت زدم شارج . بعد روشنش کردم 3 ساعت گذاشتم موند تا در مورد حرف بچه ها در مورد باتریش مطمین بشم . متاسفانه باتریش از 100 رسید به 81 . این طبیعیه ؟ زد زدم دیجی میگه تا باتری جا بیفته طبیعیه ! !
Neutral,اگر تولید ایران است بفرمایید چون حاضر نیستم ظرف یکبار مصرف خارجی مصرف کنم
Neutral,این دیگه چیه؟اصلا نمیصرفه . . حتی یه دونه دی وی دی رایتر هم نداره
Neutral,یه سوال 4gهم داره ?
Neutral,لطفا مدل جدیدتر این باند که مدل TS-G 1345R می شود را با گارانتی پایونیران موجود کنید . خیلی ممنون
Neutral,اه ناموجود شد . شانس آوردم دیروز سفارششو دادم : - )
Neutral,سلام این سرخ کنو احتیاج دارم.لطفا هرچه سریعتر موجودش کنید.چندتا ازش میخوام .
Neutral,بزار تو پیشنهاد ویژه توروخدا
Neutral,سلام . . من میخوام ایو بگیرم اما رنگ مشکیشو میخوام ، امکانش هست موجود کنید ؟
Neutral,لطفاشگفت انگیزش کنید دوباره میخوام بخرمش
Neutral,باو یعنی تهیه کردن یه اسباب بازی این قد سخته ؟
Neutral,دیجی کالا لطفا نقدوبررسی این گوشی روبذار .
Neutral,دیروز به دستم رسید . از زمان سفارش یک روز طول کشید تا رسید و خیلی مودبانه ؛ توسط کارمند دیجیکالا . جعبه دیجیکالا تمیز بود ولی جعبه محصول بسیار کثیف بود و داخل آن هم جای خودکار مانده بود ؛ ولی مهم نیست چون قصد استفاده از جعبه را که ندارم ! علت سفارشم ؛ کیفیت پایین تبدیلهای موجود در بازار است . یا یکی از همین تبدیلها ( سه به دو ) ؛ آداپتور مک بوک روی رتینای بنده سوخت ؛ لذا عزم را جزم کردم تا از مبدل خود اپل اسفاده کنم . در حال حاضر یک عدد مک بوک پروی پانزده اینچی رتینا ؛ یک عدد آیفون فایو اس ؛ یک عدد آیپد مینی ؛ و یک عدد آیپد ایر دارم که از بخت بد همه آنها کله سه شاخه دارند که به پریزهای برق ایران نمیخورند . دیشب تمام لوازمم را با این تبدیلها تست کردم و جواب داد . فقط مد نظر داشته باشید که برای استفاده از آن روی آداپتور مک بوک پرو ؛ باید سیم بلند بین آداپتور تا پریز برق را از اداپتور جدا کنید و تبدیل را مستقیما به آداپتور وصل کنید که عملا طول سیم نصف میشود . جدا کردنش هم کاری ندارد . همانطور که وصل شد ؛ جدا میشود . محتویات داخل جعبه عبارت است از هشت آیتم شامل : یک عدد کابل که عکس دو سر آن روی جعبه هست . یک سر آن یو اس بی است و سر دیگرش هم به درد دستگاه های قدیمی اپل میخورد . یک عدد آیپد 2 بیکار داشتم که تست کردم و جواب داد . یک عدد مبدل سه شاخ که عکس آن نیز روی جعبه هست و در قسمت پایین جعبه عکس آن دیده میشود . یک عدد تبدیل دو شاخ که پایه های آن موربند و عکس آن در قسمت بالای جعبه دیده میشود . دو عدد تبدیل دو پایه سوراخ دار ( نمیدانم اسمش چیست ) که در سمت راست تصویر روی جعبه دیده میشود . دو عدد تبدیل آدمیزاد ( منظور اینکه به درد پریزهای برق ایران میخورد ) که عکس آن در روی جعبه در سمت چپ دیده میشود و از پهلو عکس آن را انداخته اند . و ایضا دو عدد دفترچه لاغر با توضیحات کافی در آن بود که توضیح داده بود هر تبدیل برای چه منطقه جغرافیایی کاربرد دارد که نامی از ممالک محروسه ایران در آن نبود ولی مصرف شد و بسیار هم لذت داشت . لااقل اینکه اگر بلایی سر اداپتور بیاید ؛ وجدان درد نمیگیرم که ایکاش تبدیل بهتری تهیه کرده بودم . چون احساس کردم دوستان دیگر ؛ اطلاعاتی از داخل بسته ندارند ؛ اطاله کلام شد . و روی سخن با دیجی کالای عزیز : توضیحات این محصول در سایت مبارک شما از شرح روی یک بسته بیسکوییت نیز کمتر بود که لاقل مینویسند چند کالری دارد یا داخل آن چیست . ممنون شما خواهم بود تا به نحوی تامین شرح فرموده و چشمان بازدیدکنندگان محترم را حیران و چرخان در بهت و حیرت ناشی از ناآگاهی نسبت به محتوای جعبه فرو نبرده و ایشان را واردار به تمسک به تخیلات قویه و قوای دماغی نفرمایید . سپاس . خوب باشید .
Neutral,سلام لطفا موجودش کنید .
Neutral,لطفا شگفت انگیزش کن دیجی کالا
Neutral,مشکلی که برخی از دوستان کر کردند و اینکه نوار اعلانات سخت پائین میاد . باید خیلی آروم و سطحی لمس شه در اینصورت خیلی هم راحت پائین میاد
Neutral,لطفا هر چه زودتر موجودش کنید
Neutral,دیجی جان توضیحات را دقیقتر کن طول لوله چقدره ؟ تا چه مدت دمای آب را حفظ میکنه ؟ ببینیم چیه که این قیمت را داره ممنون
Neutral,سلام نزدیک 6 ماهه این گوشی رو دارم اولا بزرگترین عیبش اینکه برنامه فقط روی حافظه اصلی نصب میشن دوم برای شماره گیری یا استفاده از دفتر تلفن باید جندین کلیک انجام داد قابلیت بلک لیست ضبط مکالمات مدت تماس و امثالهم ندارد و بطور گلی برای کاربرد اصلی که همان تماس است مناسب نیست
Neutral,خواهشا موجودش کنید اگه رمشم 16 بشه صفحشم فول اچ دی یقینا میخرمش درجا
Neutral,مرحله آخر خرید بودم ، نشد و بعدش یهو زد اتمام کالا دیجی جون موجودش کن ، می خوامش . . پلیز
Neutral,این لپ تاپ به طور قطع بعد از خرید از نظر سرعت و کیفیت پایین تر از حد انتظارتونه نقات مثبتش رو میشه ظاهر زیبا و وزن کم و قیمت پایین نام برد و نقاط منفی که حتما باهاش مواجه میشید را میتوان سرعت خیلی پایین تو کار سبک و انعطاف پذیری بیش از حد صفحه کیبرد بطوری که تو تایپ کاملا زیر دستتون بازی میکنه و از همه بدتر صدای سی دی رام که هنگام تایپ قطعات پلاستیکیش بهم میخوره و صدا تولید میکنه . از نظر صفحه نمایش و باطری تو رنج قیمت قابل قبوله و بجز هارد الباقی قطعات قابل ارتقا نیست . امیدوارم نظرم تو انتخاب کمکتون کنه
Neutral,من از اینجا نخریدم ولی برای من استیل هست
Neutral,دیجی کالا میشه این یا 6114E رو پیشنهاد شگفت انگیزش کنید لطفا
Neutral,دروغه که میگن X1 سیستم عامل قوی تری داره اگه سیستم عاملش قوی تر بود توان گزاشتن یک تم برای صفحش بود یا میتونست سرعت اینترنت را اندازه بگیره همش میگین X1 سیستم بهتری داره همش همین را میگین اگه توان داشت . توی اپدیت بعدیش تم هم اضافه میکرد
Neutral,به نظر من اگر به دنبال شبکه های مجازی نیستید ( که اگر نباشید بهتر ه ) ، این گوشی بهترین انتخاب ممکن است . من به دنبال چیزی که بودم رسیدم Tnx DIGI KALA
Neutral,دیجی موجودش کن پسر
Neutral,سلام دیجی . چرا رنگ بندیشا نمیاره عزیز من ؟ ! حداقل مشکی و طوسی شو بیار تا بخریم .
Neutral,سلام دوستان.من می خواستم xperia z1 بگیرم ولی وقتی مشخصات اینو نگاه کردم خیلی خوشم اومد.به نظرتون چیکار کنم؟خواهش میکنم راهنماییم کنید .
Neutral,جناب آقای ابراهیمی . با سلام و احترام . با توجه به اینکه نکسوس 7 ابعادش 200X114X8 . 65mm می باشد و این کیف 230 × 165 میلی متر . برای نکسوس 7 مناسب است .
Neutral,لطفا شگفت انگیزش کنید برای خرید
Neutral,گوشی گلکسی مگای من 2سال تحت سخت ترین شرایط منو راضی نگه داشت تا یک هفته پیش که بی دلیل خاموش شد و روشن نشد و بعد فهمیدم رمش سوخته موشی خوبیه برای تایپ و وب گردی و بازی عالیه اما حملش برای دستای گوچک زن واقعا سخته من مگامو دوس داشتم
Neutral,المنتی هستش جنبه فانتزی داره کسانی که سیگاری هستن میتونن استفاده کنن ولی بعد ی مدت که سیگار رو روش فشار بدن المنتش میشکنه
Neutral,سلام به همه من که از این مدل خیلی خوشم اومده بود و میخواستم بخرم ولی وقتی فهمیدم otg ساپورت نمیکنه دو دل شدم شاید m دوآل خریدم
Neutral,با سلام اقای سید ابوالفضل موسوی اگر میشود در مورد قیمتش و امکانات ارتباطیش توضیحی بدید
Neutral,مشکلی که برای من در خواندن کتب فارسی با فرمت epub پیش اومده این هست که نوشته ها از چپ به راست قابل خوندن هستند نه از راست به چپ و در نتیجه عملا نتونستم کتاب رو بخونم ولی با فایل های pdf مشکلی پیش نیومد . اگر از دوستان کسی میتونه راجع به رفع مشکل چپ نویسی فایل های epub توصیه ای داشته باشه ممنون خواهم شد .
Neutral,سلام به همه خصوصا دیجی کالای عزیز دوستان من این گوشیوازدیجی کالا خریدم؛باتوجه به قیمت وبرندمعتبروتایوانی بودن واقعاارزشمنده،کیفیت مکالمه وآنتن دهی بسیارخوب،تاچ خوب،خوش ساخت وباکیفیت،دوام باتری خیلی خوب،طراحی شکیل بدنه،دارای سیستم بیتس وهندزفری بسیارخوب موجوددرجعبه که کیفیت بسیارخوبی چه ازلحاظ صداوچه ازلحاظ کیفیت تولید داره،ولی میتونست کیفیت صفحه کمی بهترباشه ولی اگه دوسش داشته باشین قابل تحمله،دوربینشم درروشنایی روز بدنیست ولی فلاش نداره،دوستان توجه داشته باشن که همه ی اینها باتوجه به برند وقیمت وکیفیت ساخت خیلی خوبه گرچه برندهای دیگه ای هم هستن که توی این رنج قیمت مدلهایی تولیدکردن که شایدیکی دوتا مزیت نسبت به این داشته باشن ولی درکل انتخاب بستگی به سلیقه داره ودیگر هیچ ، ، ضمناقیمت ومزایای فروش دیجی روهیجا نمیتونین پیدا کنین مخصوصا که ایندفه نسبت بههفته های قبل ارزونترم کرده،پس فقط دیجی کالا . . ممنونم ازدیجی کالا
Neutral,با سلام و چند سوال 1 . CMS برند خاصی هست ؟ متعلق به شکرت خاصی هست ؟ شرکت سازنده چیه و مال کدوم کشوره ؟ 2 . سیمکارت خوردن همراه با اتصال به اینترنت هست یا نه ؟ رصد GPS از طریق اینترنت ؟ 3 . از نظر مقدار شارژ مصرفی در حالت standby تا چه مدت کار می کنه ، وهمچنین مدت زمان مکالمه ؟ 4 . آیا اماکن اتصال هندزفری ب آن هست ؟ چه باسیم و چه بلوتوث ؟ 5 . پورت شارژرش از چه نوعه؟آیا اماکن اتصال به کامپیوتر رو داره ؟ 6 . نوع دوربینش خیلی کیفیت مناسبی نداره واسه انتخاب مناسب نیست ، منظورتون کیفیت VGA یا چیز دیگه ؟ ! 7 . در صورت مشکل باتری ، آیا باتری زاپاس داره و گیر میاد یا نه ! ؟ لطفا این موارد رو روشن کنید
Neutral,متین غمخوار عزیز اگه پاور نداشته باشه که روشن نمیشه
Neutral,لطفا قاب Nexus 5 Bumper Case و قاب های Spigen که مخصوص این گوشی هست هم برای فروش بیارید .
Neutral,این لب تاب رو 2 ساله دارم از همه چیش راضی ام ولی متاسفانه 200 تومن پوله تعمیره بایوسش دادم که میگن این مدل کلا مشکله بایوس داره
Neutral,سلام.دوستان من این گوشیو 3 ماه دارم به هیچ عنوان تو مسیر gsm روستایی خط نمی دهد حتا با انتخاب دستی شبکه فقط اس ام اس می تونید بدید وقتی که در پوشش gsm روستایی قرار می گیرید .
Neutral,درود این محصول مخصوص محصولات اپل هست و با ویندوز فقط اگر روی آیمک یا مک پرو نصب شده باشد کار می کند باتری آن عادی است و می توانید باتری شارژی درون آن بگذارید مصرف باتری پایینی دارد و فقط یک پد نیست بلکه ژستورهای حرکتی مختلفی را در سیستم عامل مک به کار می اندازد
Neutral,لطفا کسایی که خریدین از کارایی وکیفیت کارش وکارامدی منو هاش بگین چطوریه تا منم بتونم تصمیم بگیرم ممنون از لطفتون ووقتی که مبذارید
Neutral,نمیدونم شما از یه گوشی چه انتظاراتی دارید ، این گوشی میتونه تمام نیاز های شما رو برآورده کنه همه چیزش عالی هست من خودم یه دو ماهی میشه که گرفتمش مثل بنز داره کار میکنه نه هنگ کرده نه هیچ عیبی پیدا کرده در کل گوشی فوق العاده ای هست و تو رنج قیمت فکر کنم این گوشی معرکه باشه ممنون از همگی خسته نباشی دیجیکالا لایک یادت نره ممنون
Neutral,صفحه تبلت ضد خشه این رو یادم رفت بگم
Neutral,لطفا هرچه سریعتر پیشنهاد شگفت انگیزش کنید . .
Neutral,سلام بر دیجی کالا واقعا بهترین گوشیSamsung company ولی مشکل اساسی صفحه نمایش کوچک است اگه سامسونگ کمی تلاش کرده صفحه نمایش 4 اینچ ابتکار کند تا الان اقبال زیادی در بازار هست خسته نباشی تشکر
Neutral,به نظر من این شارژرهای اوریکو که سایت دیجی کالا میفروشه مناسب ایران نیست ، چون پریزهای برقش سه شاخه که با استاندارد ایران متفاوته . .
Neutral,سلام افشین خجسته اگه نور کافی تو محیط نباشه باید سرعت شاتر خیلی پایین بیاد تا بتونه عکس رو در حد مطلوب بگیره که در نتیجه کمترین لرزش باعش میشه عکس تار بشه که برای جلوگیری از این وضعیت باید دوربین کاملا ثابت باشه که با داشتن یک سه پایه مشکل حل میشه
Neutral,به نظر شما قطر دوربین دوچشمی kenko 10×25 SGWP مناسب هست ؟ کم نیست ؟
Neutral,من خریدم ولی همراه بانک ملت به هیچ عنوان روش نصب نمی شد
Neutral,در جواب محمد امین جان به رویش اصلا چیزی نزن آب هیچی ، باهاش بازی کن خودش درست میشه من خودم داشتم ، بازی کردم درس شد خیالت راحت
Neutral,چرا اذیت میکنی دیجی جون . موجودش کن لطفا خواهشا التماس درخواست .
Neutral,دیجی جون مشکی بیار هفته دیگه بخرم حالا که پول ما جور شده ، این ناموجود شد مشکی دیجی جون
Neutral,دوست عزیزمون اون پایین گفتن تقلید کرده عزیزم اونی که پشته دربه گوشی قرار داره دکمه قفل نیست اون حسگر اثر انگشته
Neutral,نوکیا ایکس از نوکیا لومیا 520 در سرعت بالا امدن بازی ها لود کردن اینترنت شفافیت صفحه نمایش بهتر است و با این حال که لومیا 520 دوربین 5 مگا پیکسلی دارد همانند نوکیا ایکس عمل میکند .
Neutral,مودم 2740u گرفتم در حالت bridge سرعت خوبه ولی در حالت ppoe سرعت با سیم لن بسیار پایین است و در موبایل سرعت خوبه ( مودم دیگه روی همین خط تست کردم خوب کار کرد و پشتیبانی هم زنگ زدم خط مشکلی نداشت ) کسی نظری داره ؟
Neutral,آقای پاشایی برای این مدل لپ تاپ میتونید کیف های 8930 ، 8931 ، 8550 و 8940 رو بخرین
Neutral,این یکی بودن کارتریج رنگیش زیاد بد نیست ؟ ؟ و چند صفحه بهد باید شارژش کرد ؟
Neutral,سلام دوستانی که این کالا رو خریدن میشه یه مقایسه با شافل اپل کنین البت میدونم اون 2 گیگ هست اما در کل در مورد پخش صدا و شارژ باطریش میخوام بدونم
Neutral,دیجی جون من میخواهم این هفته دو تا بخرم لطفا موجودش کن سریعتر چون برای تولد کسی میخواهم .
Neutral,کسانی که میخوان بخرن توجه کنن که اگر بخواید دوتا سیم بگذارید توی گوشی دیگه نمیتونید مموری کارت استفاده کنید . کلا دو تا جا داره ، یکیش واسه سیم اول و اون یکی یا جای سیم کارته یا جای مموری کارت ، فقط یکی از اینا . .
Neutral,من فقط یه مشکل دارم اگه اینم اکی بشه خریدم گوشیو برنامه ها راحت به مموری انتقال پیدا میکنه ؟ چون من با سامسونگ این مشکلو داشتم
Neutral,سلام خواهشا پیشنهاد شگفت انگیز کنید میخوام سفارش بدم
Neutral,با سلام من این باند رو برای درهای جلوی 206 گرفتم و مدل 1344 رو برای درهای عقب در کل صدای قابل قبولی با پخش فاریک usb خور داره
Neutral,سلام دوستان من دو روزه خریدم ولی یه مشکلی دارم نمیدونم بلوتوث و وای فایشو چجوری باید روشن خاموش کنم ممنون میشم کسی توضیح بده
Neutral,آقا اگه این باتری ه که ازش صحبت میکنه موقع اتصال به اینترنت شدید باتری مصرف میکنه
Neutral,راستی ! نقد لنوو رو برید تو صفحه خودش بنویسید اینجا مال گلگسی تب 3 است
Neutral,سلام لطفن رنگ مشکی را موحود کنید
Neutral,سلام دوستان.من میخواستم تبلت بگیرم وایه وب گردی و شبکه های اجتماعی و دوسه تا بازی.بین این مدل لنوو و Asus funpad 7 موندنم.ایسوس رو میگن هنگ میکنه و این مدلم یکم ریسکش میگن زیاده چون چینیه ؟ ؟ نمیدونم گیج شدم کدوم بهتره ؟ ؟ خواهشا راهنمایی کنید
Neutral,چقدر سریع موجودیش تمام شد . . منم میخوام این سیستم رو . .
Neutral,سایزبندی این کفش با سایر کفشها فرق می کنه اگه خواستید بخرید دقت کنید
Neutral,ما خسته شدیم اینقد اومدیم هر روز و هر ساعت بینیم اینم تو پیشنهاد شگفت انگیز هست اما نبود خیلی از بچه ها پیگیر اینن تو رو خدا قبل عید یه صفا بدید به دلمون و تو همین هفته اینو بزارید پیشنهاد شگفت انگیز منتظرم دیجی جان خودت بزارش
Positive,نظر من بعد از یک ماه استفاده از لومیا 1320 اول از مزایا و ویژگی های این گوشی میگم : 1 . صفحه نمایش عالی و شفافیت تصویر بالا 2 . باطری با کارایی بسیار خوب نسبت به ابعاد گوشی 3 . سرعت بالای پردازش و هنگ نکردن دستگاه در مدت استفاده 4 . ظاهر جذاب و گیرای دستگاه 5 . دسترسی رایگان و بدون مشکل به استور ویندوز 6 . تنوع زیاد اپلیکیشن ها و سرعت بالای رشد تعداداپ ها در استور تنها نقطه ضعفی که میشه براش ذکر کرد اینه که دوربین این دستگاه به بقیه قطعاتش جور نیست . یعنی اینکه همه چیزش عالیه اما دوریینش متوسط هست . البته یا دوربین های 8 مگ بقیه گوشی ها به راحتی برابری میکنه . یه توضیحاتی هم باید بدم که شاید به کار بقیه بیاد . دوستانی که از دیجی کالا خرید میکنن اکثرا رام گوشی هاشون خاورمیانه هست . اینو میتونین از قسمت تنظیمهای گوشی ببینین . و کانتری واریانت گوشی هم مال ایران هست . این یعنی اینکه گوشی ها برای ایران گانفیگ شده اند و از نظر نرم افزاری بهترین گرینه برای خرید هستند . مشکل رام ایران این هست که در لیست اپدیت های مایکروسافت ، ایران در تقربا در اخر لیست قرار داره و اپدیت ها نسبت به بقیه دیرتر میاد . من اپدیت سیان رو هفته پیش دریافت کردم و اپدیت دنیم هم که به تازگی برای بعضی از رام ها اومده ممکنه برای این رام دیرتر بیاد . البته با توجه به اینکه این کوشی برای ایران کانفیگ شده به نظر من اررش داره صبر کرد و اپدیت ها رو برای همین رام خاورمیانه گرفت تا اینکه رام رو تغییر داد و با مشکلات مختلفی مواجه شد . این کوشی 4g نداره . با هر اپدیتی که میاد کلی چیز جالب و جدید بهش اضافه میشه که باید خوذتون باهاش کار کنید تا بفهمید . در انتها من این کوشی رو به شدت پیشنهاد میکنم . واقعا با این قیمت گزینه عالی هست .
Positive,خیلی جالبه ، من که خوشم اومد
Positive,نسبت به قیمتش عالیه . منم ار دیجی کالا گرفتم و واقعا راضیم خیلی خوب و سریعه
Positive,روی c40 یاماها 900بی لابلا حرف نداره
Positive,من این تبلت رو یکساله که دارم . وسطهای پاییز گذشته هم آپدیت 4 . 1 . 2 با خیلی تغییر آمد . خیلی عالی حرف نداره از باتریش تا اس پن اش . همان طور که سایت گفته فقط از نظر طراحیش ضعیفه
Positive,با سلام . امروز به دستم رسید . خیلی شیک و زیباست .
Positive,به نظر من بهترین تبلت است هم نرم افزار خوبی داره و هم سخت افزار خوبی داره
Positive,خیلی پیراهن خوشکلیه ولی قیمت بالایی داره
Positive,خیلی خوبه . . من واقعا راضیم ازش . کیفیت خودش و شارژ کردن هم خوبه
Positive,"ماندگاری خوبی داره , پخش بو معمولی , بوی خوبی داره , بیشتر سلیقه ها میپسندن , طراحیش طوری هست که هم افقی میشه گذاشت هم عمودی ."
Positive,کیف سبک و خوبیه تنها کیف درست وحسابی برای surface pro هستش برای مک هم عالیه کلا کیفیتش خوبه
Positive,فلش خیلی خوبیه سریعترین فلشیه که تا حالا دیدم و داشتم ولی رو گارانتیش حساب نکنین
Positive,پیشنهادم به شمادوست عزیز اینه که کرم دور چشم مورد رو مصرف کنید . معجزه مى کنه
Positive,من گوشی اسپایدر 1 رو داشتم قبل از این و قبل ترش هم اسپارک رو داشتم . پیشرفت رو به وضوح میشه تو گوشی ماد احساس کرد . الان نزدیک 1سال و نیم میشه گوشی ماد رو دارم استفاده می کنم و کاملا راضی ام و کارهام رو راه انداخته . البته با توجه به پولی که پرداخت کردم بهترین امکانات رو داره ولی اگر کلا بخوام بگم باید تو گوشی های جدیدترشون برای رقابت کیفیت دوربین رو بهتر کنند و همین طور صفحه نمایش .
Positive,بعنوان یک تجربه خوبه دوستانی که گفتن خوب نیست از یک هدست با این قیمت چه انتظاری دارید ؟ اونی که شما در شهربازیها می بینید قیمت کل اون دستگاههای با کیفیت چیزی حدود ده میلیون تومان است . و قیمت هدستهای خیلی عالی هم چیزی حدود 2 میلیون تومان هست که اونا هم در همین حد هستند . این هدست با این قیمت خیلی عالیه و جواب نیاز شمارو میده . برای دیدن 1 ساعت فیلم سه بعدی خوبه اگر اذیت نشید . فیلمهای واقیت مجازی هم همشون در حدود 2 تا 5 دقیقه هست . برای بازی هم شما می تونین برای گوشیهای اندروید یک دسته بلوتوث بگیرید و با همین هدست راحت بازی سه بعدی انجام بدین . ضمنا درپوش جلویی این هدست هم باز میشه که میتونین فیلمهای سه بعدی تلویزیون و یا موزیک ویدئوهایی که جدیدا داره تولید میشه و در تلویزیون بصورت دو قسمتی هست هم ببینید . در کل ضرر نمی کنید . بخرید و لذتش رو ببرید .
Positive,تو شگفت انگیز خریدم پول یک بسته ادامس یا شکلات معمولی . . واقعا از خریدم لذت بردم بسیار نور خوبی داره و برای من کار امده . . ممنون دیجی کالا . .
Positive,عالی بود ! !
Positive,با سلام آقای نصیری عزیز این دوربین ورودی میکروفن دارد من 5 ماه هست که از این دوربین استفاده میکنم وتنها اشکالی که در این دوربین دیدم ثبت صدای فوکوس در حین فیلم برداری بود که با یک میکروفون اکسترنال مشکل رفع میشود کیفیت عکس ها فوق العاده است مخصوصا در حالت raw عزیزانی که می خواهند این دوربین را تهیه کنند بهتر است با لنز 18 - 140 خریداری کنند که لنز فوق العاده ای در این رنج قیمت میباشد اگر خود عزیزان فایلهای raw را با نرم افزار lightroom پردازش کنند خروجی فوق العاده است یاحق
Positive,خیلی خوبه من واقعا راضی ام ، دقتش هم قابل تنظیمه و این خیلی خوبه
Positive,با سلام و خسته نباشید . . واقعا در گنجایش یک کلمه ؛ عالی . بی صدا ، خنک کنندگی تقریبا بالا،کیفیت ساختش هم خوب بود . .
Positive,من خریدم خیلی خوب بود البته وقتی ویژه بود ، بندرعباس هم قیمت کردم دیجی ارزونتر میداد . متشکرم دیجی
Positive,گوشی مناسبی هست با توجه به قیمتش امکاناتش عالیه حافظه داخلیش 1 هست که باید روتش کنی وزنش هم مناسب است
Positive,این کاتر از هر نظر عالیه به جز اینکه تیغ یدکی نه همراهش میباشد ( فقط همونی که داخلش است ) و مانند 99 درصد کالاهای دیجی کالا نیز به صورت جداگانه برای خرید در سایت وجود ندارد . دیجی جان لطفا خود کالا رو که میارید قطعات مصرفی اون رو هم بیارید .
Positive,گوشی زیبایی اما امکاناتش خیلی کمه
Positive,سلام خدمت تمام دوستان مخصوصا طرفداران LG من این گوشی رو 2 یا 3 روز میشه خریدم در یک کلام عالیه صفحه نمایش فو العاده قیمت مناسب سرعت عالی در ضمن 60 % شبیه LG G3 خیلی خوبه طوری که بعضی ها نمی دونن G3 نیست اون 40 % هم که پردازنده قدرتمند G3 هست هر کس می خواد بخره من بهش می گم بخر اصلا شک نکن اگه ناراضی بودی به گردن من در ضمن طلایی رنگش از همه شیک تره اگه خریدی و راضی بودی + بزن
Positive,من این تلویزیون رو دارم این اصلا اسمارت نیست فقط تکنولوژی 3d داره برای کسانی که تمایل ندارند تلویزیونشون اسمارت داشته باشه انتخواب خوبیه . درگاه های ارتباطی هم کم داره
Positive,من این ماشین رو دو ساله که دارم ، هم سواری خوبی داره ، هم مصرف پایین . مصرف 7 . 5 در شهر ، 6و نیم در مسیرهای بین شهری . کلا نصبت به پول پرداختی و ماشین های هم رده خودش ماشین خوبیه . درسته موتورش پرایده ، ولی اصلا با پراید مقایسه نکنید ، هر ایرادی که پراید داشته ، سعی شده توی تیبا رفع و یا کم رنگ بشه . تفاوت قدرت موتورش توی سربالایی که بری کاملا حس میشه ، مثل پراید اهل پرواز کردن نیست و برعکس توی سرعت به جاده میچسبه ، سرپلوسش به این راحتی خراب نمیشه مثل پراید . و خیلی چیزای دیگه . از هم رده های خودش خیلی بهینه تره از نظر مصرف بنزین سواری و هزینه های تعمیر جانبی . . من که ازش راضی ام خدا خیرش بده .
Positive,سلام من این اسپیکر رو ندارم اما تازگیها یک ضبط خونگی با برند پایونیر خریدم که برام 4 میلیون تومن هزینه داشت ، علت خرید این ضبط ورودی HDMI ورودی اپتیکال و ورودی Coaxial بود تا بتونم صدا ها رو با بهترین کیفیت از دستگاه های پخش صدا دریافت کمنم و صدای پنج کانال رو با بهترین کیفیت داشته باشم در ضمن استاندارد THX هم مزید بر علت بود . من در توان مالیم بود که این ضبط رو بخرم اما اگر نمیتونستم مطمئنا همین مدل اسپیکر لاجیتک رو میگرفتم با اینکه ورودی HDMI و برخی دیگه از امکانات پایونیر ( VSX1021 ) از جمله LAN جهت اتصال به اینترنت رو نداره اما از خیلی از سینما خانگی ها و ضبط های موجود در بازار امکانات بیشتری داره از جمله ورودی Caxial و OPTICAL که در کمتر مدلی دیده میشه همچنین استاندارد THX که واقعا عالیه برند لاجیتک هم که دیگه نیازی به تعریف نداره . واقعا عالیه پیشنهاد میکنم اگر میخواید با هزینه کم یک سیستم صوتی حرفه ای بخرید این مدل مناسبه .
Positive,با سلام خواهشا این کالا را زود تر موجود کنین این جعبه ابزار واقعا عالیه هم از نظر کیفیت هم از نظر جادار بودن
Positive,خوشبختانه قرار هستش که برای این تبلت هم آپدیت 4 . 1 بیاید . حتما می دونید که دستگاه های آندروید روی 4 . 1 سرعت بیشتری دارند نسبت به 4 . حالا فرض کنید که این تبلت آپدیت شود اون موقع فوق سریع خواهد بود . من این تبلت رو برای قلمش و نرم افزار قلمش که سامسونگ در اون تعبیه کرده دوست دارم . و امیدوارم تا چند روز آینده این تبلت رو بخرم .
Positive,یکی از بهترین پاور های بازار ! با اینکه چند سالی از سال طراحی و تولیدش میگذره ولی هنوز طرفدارای خاص خودش رو داره !
Positive,خوبه واسه خانم ها داداشم واسه نامزدش گرفته راضیه !
Positive,واقعا دسته عالیای هستش از هر نظر پیشنهاد میکنم حتما بگیرید چند تا مود داره که هر بار دسته رو با دانگل جفت میکنی وارد اونیکی مد میره اینکه با زدن دکمه igame حالت مود رو میشه جابه جا کرد فقط تو یکی از مودها میشه که اونم در واقع مود Xbox نیست درصورتی که تو دفترچش چیز دیگه نوشته بره من وقتی که دو تا led سمت چپ روشن باشه به این معنی هست که تو مد xmod هست و اونموقع دقیقا مشابه دسته xbox عمل میکنه لازمه بگم که ویبره یا لرزش هم فقط تو همین مود کار میکنه و لازمه ویبره زدن تو بازی هم اینه که اون بازی از ویبره پشتیبانی بشه چون تو بازی ها تعریف شده که کجا باید ویبره بزنه و به چه مدلی ویبره بزنه ( مثلا وقتی هلیکوپتر در حال حرکت باشه و صدای هلیکوپتر بیاد دسته هماهنگ با صدای هلیکوپتر ویبره میزنه ) در هنگام شارژ هم حتی اگه دسته رو خاموش به شارژ بزنی خود به خود دسته روشن میشه و شارژ میشه اینم بگم حالت هایروشن بودن led که تو دفترچه اومده و مشخص کننده اعلانات هست گاهی ممکنه تعداد روشن بودن led ها با تعداد گفته شده در دفترچه فرق داشته باشه از باطری هم بگم که واقعا عالی هستش و خیلی خوب شارژ نگه میداره خیلی زود هم شارژ شد بره من با استفاده از اتصال کابل به پورت لپتاپ حدود دو ساعت الی دو ساعت و نیم طول کشید شاژ بشه راستی دکمه های rt و lt هم تو این دسته حساس به فشاره یعنی فنر داره زیرشون و میشه تو بازی های ریسینگ مثل پدال گاز تو ماشین شدت سرعت رو کنترل کنید دیجی جان لطفا موجود کن یکی دیگه هم میخوام بگیرم
Positive,سلام به رفقا من قبلاx8 و glx g4 و htc ruby و s 3 و z ultra و . . داشتم اگر نقد میکنم میشناسم - شاید در مجموع 100 بار رام عوض کردم معایب : تاچ خوبه تا بوف نندازی ال ای دی هشدار ( نوتیفیکیشن ) نداره همین . . مزایا : اولا که انصافا خوشگله ( علی الخصوص با قاب سرمه ای ) ) بعد اینکه دوربین خیلی خوبه رنگ خوب و فوکوس خوب و ماکرو که بی نظیره دوربین جلو هم خوبه سخت افزار عالیه ریل ریسینگ رو مثل تربچه باز کرد آپ دیت هم اومده و لانچر بسیار عالی شده و اولین باریه که نیازی ندیدم نکست نصب کنم صدا و ضبط صدا 20 از 20 - رک فورگ نصب کنید و کانفیک کنید ببینید ( سر کلاس صدای نفس استاد رو هم ضبط میکنه : ) ) صفحه نمایش خیلی خوب : هم رنگها زنده هم تراکم پیکسلی خوب خلاصه من بهش 9 از 10 میدم ولی یادتون نره ایرانیه و کار شما که دنبال گوشی خیلی خوب هوشمندی رو جدا راه میندازه
Positive,سلام من خریدم و عالی هستش توصیه می کنم بخرین
Positive,تمیز کننده خیلی خوبیه برای لپ تاپم استفاده میکنم دستمالش کوچیکه ولی جنسش خوبه
Positive,عالی.خیلی عالی
Positive,رنگ بندیش عالیه ، کیفیت ساختشم خیلی خوبه من که خیلی راضیم ازش
Positive,دوربین بسیار عالی است.من واقعا از دیجی کالا بابت بسته بندی و ارسال به موقعش تشکر میکنم . حتما پیشنهاد میکنم که بخرید .
Positive,من اینو تو پیشنهاد شگفت خریدم خدایی هدفونش خیلی با کیفیته هم از نظر ظاهر جم جور هم کیفیت صدا حتما پیشنهاد میکنم
Positive,دوستان فقط یک جمله : گوشیه خوب و خوشگلیه
Positive,کلا برای گرم کردن غذا و یخ زدایی مرغ و گوشت منجمد خیلی خوبه من که ازش خیلی راضی بودم واقعا با این قیمت ماکروویو بهتر از این وجود نداره
Positive,واقعا عاله
Positive,سلام و خسته نباشید من تقریبا 3 ماهی میشه این نگهدارنده آب رو برای کوله م خریدم و در دوچرخه سواری ازش استفاده میکنم . . فوق العاده با کیفیته و جنس مرغوبی داره دهنی ش هم نرمه و مکیدن آب راحت انجام میشه برای امتحان آب رو یک هفته گذاشتم توش بمونه ، واقعا رنگ و بوی آب تغییر نکرد که نکرد در یک کلام کاملا راضی کننده ست . ممنون
Positive,من این تبلتو ندارم ولی چندتا سایت خارجی که نگاه کردم با کمال تعجب این تبلت در کنار تبلتهای معروفی چون ویپد،مایکروسافت و سامسونگ قرار گرفته است.حیف که من قصد خرید ده اینچی را دارم ولی فکر می کتم هر کی بخره بیشترین سودو کرده
Positive,عالیه من عاشق این ماشینم : ی
Positive,این ادکلن واقعا بوی خاص و مانداری خاص تر داره البته بخاطر گیرایی باللیی که داره بهتره کسایی که میگرن دارن ازش استفاده نکنن
Positive,من شیش ماهه دارم بسیار عالیه ازشم خیلی کار میکشم کمم نمیاره
Positive,سلام نزدیک به دوماهه این گوشی رو دارم،خوش دست و باکلاس ، دارای رزولوشن و کیفیت بسیار عالی صفحه ، باتری با دوام و قوی ، دوربین راضی کننده جلو و عقب ، ومهمتر از همه آنتن دهی بسیار بسیار خوب هم خط هم وای فای به دلیل اینکه هووای خودش بزرگترین تولید کننده قطعات مخابراتیه ، صدای مکالمه خوب و صدای بلندگوش عالیه ، چراغ نوتیفیکیشن داره ، قیمتش ارزونه البته من گرفتم از شهرخودمون ، همین مشخصاتو ال جی ال 90 تنها با باطری کمی قوی تر و رم،وو رزولوشن خیلی پایین تر داره!این گوشی کابل شارژوشارژرش عالیه ، اما عیوبش،رنگ مشکیش زود کثیف میشه بدیهیه چون خیلی ظریفه ، بدنش میتونست قوی تر باشه و حافظه اشم 4 من که رم خارجی انداختم روش . . فیلم اچ دی و هربازی روهم به راحتی میاره بالا و . .
Positive,من تا الان فقط آیفونو با کیفیته میدونستم اما واقعا با این قیمت صفحه نمایش خوبى داره و سخت افزار مناسب گوشى ال جى l40 سخت افزارش قویتره اما این مدل واقعا خوش دستو زیباست تو خریدش شک نکنید من قرمزشو سفارش دادم براى مادرم درمورد بازى و کاراى سنگین هم خب یه ایکس باکس بخرید : - ) تشکر از دیجى کالا
Positive,ps4 واقعا حرف نداره اون دوستمون که لپ تاب رو باکنسول یکی میکنه باید بهش بگم شما با 5 میلیون هم نمیتونی لپ تاب بگیری که از ps4 بهتر باشه بعدشم بازیهای انحصاریش رو از کجا میاری اینم یادت باشه دسته ps4 250 تومانه که تو جعبشه
Positive,پنج ماه نصب کردم همه چیزش خوب و روونه
Positive,راضی هستم و پولم را دور نریختم
Positive,سلام.تو فوق العاده بودن گوشیای اپل هیچ شکی نیس خواهشا نیاین با سامسونگ مقایسش کنین که خیلی خنده دار اخه پسر داداشمم که 7 سالشه میفهمه کدوم بهتر.کدوم رنگ اپل 6 خوشگل تر بچه ها؟مشکی یا خاکستری یا نقره ای؟ایاا ؟
Positive,من خریدم وامروز به دستم رسید از دیجی کالا ممنونم بخاطر بسته بندی عالی که داشت.خیلی گوشی قشنگیه من که میخوام یکی دیگه بخرم
Positive,از لحاظ زیبایی خوبه . از نظر نصب هم مشکلی نداشتم برای اولین بار که دونفری نصبش کردیم 6دقیقه طول کشید جمع کردنشم حدود 12 دقیقه.راحتی حملش و جمع و جور بودنش خوبه . ارتفاع مناسبی داره.رنگ سبز تیرشو گرفتم که فوق العادست و نسبت به رنگ های دیگش شیک تره البته رنگ سلیقه ایه.فقط بدیش توی اینه که زیپای در و پنجرش از بیرونه.و کلا نظرم روش مثبته .
Positive,توی فیمت خودش برای کاربری راحت خیلی خوبه
Positive,سلام ب همه دوستان این گوشی رو پنج ماه هستش که دارم و این چیزا رو توش دیدم مزایا : 1 . گوشی خیلی خوش دستیه و لمس قوی داره 2 . هنگ خیلی کمی داره 3 . بیشتر برنامه هارو بدون هیچ مشکلی باز میکنه 4 . قاب پشتش چرمیه که ظاهر خیلی شیکی داره 5 . باتری قوی داره ولی برنامه های سنگین مثل کلش اف کلنز خیلی شارژ کم میکنه که طبیعیه 6 . کلش بازا مطمئن باشید یکی از بهترین گوشی ها واسه بازیه و مخصوصا واسه اتک زدن ولی گوشی داغ میکنه 7 . دوربین خوبی داره مخصوصاتو روز ولی توشب یکم کیفیتش میاد پایین که با خوبه 8 . قیمت عالی نسبت به کاراییش معایب : 1 . موردیه که همه گفتن صدای فوق العاده ظعیفی داره تو شهر شلوغی مثل تهران اگه بیرون باشید از یه متری صداشو نمیشنوین 2 . با هندزفری یکم کیفیت صدا بالاتر میره و صدا قوی میشه 3 . otg ساپورت نمیکنه 4 . انرویدش یکم قدیمیه که این مشکل قابل حل کردنه و میتونین گوشی رو به t00 تغییر بدین و اندرویدشو تا 442 بالا ببرید اینا نکته های اصلیش بود که کسایی که وارد نیستن هم میفهمن و خیلی چیزای دیگه در کل گوشیه خیلی عالیه تو گوشی های زیر یک میلیون و نباید از یه گوشی زیر یک تومن بیشتر از این انتظار داشت
Positive,چندین ماه هستش که بنده این لنز رو دارم . شارپ دقیق و فوق العاده ای داره . موتور فوکوس هم نداره . اما روی دوربین هایی مثل D7100 که موتور فوکوس ( بدنه دوربین ) داره ، خیلی خوب جواب میده .
Positive,شاهکار ترین نوری که تاکنون دیده ام .
Positive,کیفیتش خیلی خوبه در خریدش شک نکنید برای جلو پراید خوبه
Positive,LG انصافا نشون داده که اینکارست . . حرف نداره
Positive,تو پیشنهاد ویژه گرفتم ، بوی خوبی داره و ماندگاریشم خوبه و پخش بوش هم بد نیست .
Positive,من اولش 1 ماه باهاش کار کردم واقعا عالی بود.و طاقت نیاوردم تا اینکه امروز خریدمش . واقعا یه گوشی کاملیه . من که ازش راضیم و به نظر خودم بهترین انتخاب رو داشتم . با تشکر از دیجی کالا
Positive,سلام دوستان این اسپیکر فوق العادست شک نکنید من که خیلی راضیم
Positive,با کیفیت درصورت استفاده مستقیم هم مشکلی ایجاد نمیگردد بسیار عالی و با کیفیت اگر مستقیم هم اسپری کنید اتفای نمی افتد
Positive,در هر صورت گوشی عالی با امکانات فول
Positive,الان حدود یک ونیم ساله این گوشی را خریدم راستش اولش با تردید بسیار این گشیو خریدم ولی واقعا الان عاشق این گوشی شدم.خیلی با کیفیت و سریعه . روزی حدود2تا3تلگرام واینترنتو ودانلود سنگین دارم ولی در این مدت اصلا کیفیتش پائین نیومده و به نظرم بهترین خرید عمرم بوده.اصلا در خریدش شک نکنید البته اگر 4gبراتون مهم نباشه
Positive,کابل با کیفیتی هست . زمان شارژ s+ رو بیشتر کرده ولی بازم کارامد و خوبه . 2 متر کابله و گره هم نمیخوره بیسار مزیت عالی هست همین دو . قیمتش به صرفس و کیفیت ساختش خوبه در حد قیمتش . ممنون دیجی .
Positive,قبلا کابل های چینی و ارزان قیمت 15 هزار تومانی میخریدم و فقط 1 یا 2 ماه برام کار میکرد و از قسمت سر کابل پاره میشد ولی حالا تصمیم گرفتم یه چیز گرون و با کیفیت بالا بخرم که یه مدت طولانی داشته باشمش به خواطر گران بودن دلار قیمت این کابل وحشتناکه و اگه دلار ارزان بود فقط 35 هزار تومان بود . . به هرحال با وجود گران بودن کیفیت خوبی داره . . پیشنهاد میکنم
Positive,دوستان من در مدت 2 ماه استفاده از این گوشی باید بگم چندین بار گوشی رو داخل اب بردم و اتفاقی نیوفتاده . ولی این گوشی مقاوم در برابر اب هست ن ضد اب درضمن در حد یک +میان رده+ واقعی هست و ازش راضی هستم
Positive,راضیم ازش ممنون از دیجی کالا واقعا از خریدم رضایت دارم
Positive,سلام.سال 90 اولین دوچرخه مو خریدم . مریدا متس 10 یعنی پایین ترین رده مریدا و ارزون ترین مریدا . . طی این پنج سال خیلی باهاش برنامه رفتم.جنگل ابر.شاهرود . کویر مرنجاب کاشان.النگدره گرگان . . مسیر نیشابور به مشهد . . کویر ریگ جن و . . همین چرخ ساده مریدا . 10 بسیار مقاوم و باکیفیت . ضمنا درجواب اون دوستمون بگم تا وقتی مریدا . جاینت . اسکات . کیوب . کرانوس و . . هست اصلا امثال اورلورد . ویوا . ورساچ . ونزو و . . که همشون چینی اند و یا جزو پایین ترین رده ای تایوانی هستند هیچ جای مانوری در برابر این برنده ندارند که بخوان مارک خوب حساب شن . پس در خرید دوچرخه های مریدا.جاینت . . اسکات . ژیتان . شک نکنید.اگه پول بیشتری هم میدید مهم نیست ولی در عوضش چرخ خوب سوار.میشید .
Positive,با سلام من این گوشیو از همین دیجی جان خریدم اول اینکه دیجی جان ایندفعه بر خلاف سابقه یکم تو رسوندنش منو اذیت کرد ولی از خود گوشی بخوام بگم باید بگم عالیی بی نظیره از همه لحاظ خیلی خوبه میترسم ازش تعریف کنم گرئنش کنن والا
Positive,من تهیه کردم ، خیلی روان و راحت ، 8 x64 هم روش نصب کردم ، کارهای عادیم رو با کیفیت قابل قبول برام انجام میده ، خیلی از خریدش راضیم .
Positive,معرکه است
Positive,واقعا عالیه نه تنها برای ورزشکارا بلکه واسه هر کاری . راحت تر از بقیه هست اصلا گوشو اذیت نمیکنه
Positive,بوی خوبی داره ولی در مورد ماندگاری و پخش بو اصلا خوب نیست .
Positive,سلام من الان سه ساله این گوشی رو دارم . شاید دوبار تا الان هنگ کرده که اون هم به خاطر نصب نرم افزارهایی بود که سازنده مشخصی نداشت ولی در کل عالیه . کم نیاورده توی هیچ برنامه و بازی
Positive,واقعا حیف که قاب عقبیش پلاستیکی هستش وگرنه عالیه تو این رنج قیمت
Positive,در یک کلام فوق العاده هستش کیفیت بالای گوشی های نوکیا +سیستم عامل روان ویندوزموبایل.واقعا عالیه
Positive,در مورد ضداب بودن شک دارم چون بعد هر بار اصلاح مقدار زیادی مو داخ سوراخی که برای تعویض سری هاست میره که تمیز کردنش هم واقعا سخته ! ! من فقط برای زدن پشت گردن و موزن بینی ازش استفاده میکنم و کاملا راضی کنندس به هیچوجه موی بینی رو نمیکنه هر دو ماه یکبار هم شارژ میکنم
Positive,من چند وقت بود میخواستم یه شارژر واسه تو ماشین بخرم و البته زیاد هم نمیخواستم هزینه کنم . این رو به همراه چند وسیله دیگه خریدم . چینی درجه یک هستش و کیفیت مناسبی داره . به راحتی نیازتونو جواب میده . البته آمپرش کمه ولی بالاخره شارژ میکنه . انتظار شارژر خونگی رو نداشته باشید ازش کار راه انداز خوبیه ممنون از دیجی کالا به خاطر بسته بندی عالی
Positive,واقعا عالیه من 94 / 07 / 26 3تا خریدم معرکس
Positive,سلام ب همه دوستان . . امروز با تاخیر ب دستم رسید . . فقط میتونم بگم فوق العادس . .
Positive,سیستم عالیه منکه گرفتم عالی بود
Positive,عالیه یک پکیج کامله . گوشی.دوربین . تبلت و کیف شخصی تمام مدارک جا میگیره . جمال یاسمی
Positive,سلام . من از اولین کسایی بودم که این گوشی اومدش خریدم و تا حالا پیرشو در اوردم . اون دوستایی که میگن باتریش ضعیفه باید بگم که شما وقتی نور صفحه رو تا اخر میبری بالا بازی دیتا دار بازی میکنی بهترین گوشی هم داشته باشی بیشتر از 6 ساعت دووم نمیاره اینو همه تایید کردن پس نباید توقع زیاد داشت.ولی این گوشی در حد چک کردن پیام ها وشبکه های اجتمایی و وبگردی و وسطش بازی تقریبا 8 - - 9 ساعت کار میکنه قدرت سخت افزاریشم که حرف نداره واقعا قوله و توی این 3 سالی که دارم بدون افت کیفیت و خراب شدن یدون قطعش داره کار میکنه خداییش پولی پاش میدی حلالش باشه . امکاناتشم که بی نظیر . کلا این گوشی یه جوری اگه ضد اب هم بود فول امکانات ترین گوشی جهان میشد . از دوربیناش راضیم مخصوصا سلفیش و محیط عکاسیش خیلی سادست در عین حال پر امکانات . صفحه نماییششو نگو که عالیه ! ! خلاصه بگم یه غولیه باس خودش دست مریزاد سامسونگ
Positive,از نظر کارکرد خوبه و برنامه هاش خیلی زیادن ولی در عین حال همه چی واضح و مشخصه . یه دفترچه راهنما همراهش هست که اکثر غذاها رو توش آموزش داده که خیلی به درد من خورد . ته دیگ هم خوب درمیاره ولی از اولش که به دستم رسید چینی بودنش خیلی توی ذوقم زد .
Positive,فیروز همیشه محصولات خوب برای نوزاد تولید میکنه . این دو محصول یکجا . باهم . قیمت خوبی داره و هردو برای نوزاد موردنیاز هست . من که برای همه کارهای بهداشتی نوزاد فیروز خریداری میکنم . . با سپاس از دیجی کالا . .
Positive,من این ساعت گرفتم خیلی ازش راضی ام یکم قیمتش بالا است اما می عرضه گرفتنش تا نگرفتین نمی تونین بفهمین چقدر خفنه
Positive,تنها ایرادی که میتونم بگیرم اینه که سیمش کوتاهه ! من تو شگفت انگیز دو عدد خریداری کردم و خیلی راضی هستم ازشون .
Positive,خیلی پاوربانک خوبیه هم خیلی شیکه ، هم با شارژ سریع ش واقعا موبایل به سرعت شارژ می شه . هم اینکه بعد چند وقت استفاده ، سریع خالی نمی شه . و همون کیفیت رو داره . البته من 500 ش رو دارم ، که وزنش 150 گرمه ؛ و اندازه اش هم اندازه گوشی خودمه ( نوت 5 ) . ( 10 . 7 × 71 × 145 . 6 میلی متر ) انگار مدل 100ش که وزنش 290 گرم هست
Positive,در یک جمله عالیه
Positive,لطفا بخونید ! ! دوستان من این پاور بانکو حدودا 1ماه یا بیشتر خریدم ( تاریخشو یادم نیست ) اولش خوب شارژ میکرد.سریع شارژ میکرد ولی . . بعد از دوهفته گوشی سامسونگ a7 منو یکبار بزور شارژ میکرد که بعضی وقتها تا 70 - 80درصد ک میشد پاور بانک که فول شارژ بود خانوش میشد و شارژش تموم میشد . میخواستم بفرستم گارانتی ک دزدیدنش پیشنهاد میکنم : برندهای دیگه بخرید
Positive,کابل خیلی خوبیه،سرعت شارژ بالا و ساخت هنگ کنگ .
Positive,به نظر من خیلی خوش دست و شیک و کلاسیکه . وجوح بالا و پایینیش هم زبر هست که باعث میشه وقتی تو دستتون میگیرید ، نگران لیز خوردنش نباشید و با اعتماد به نفس حملش کنید . گوشی من جی 4 هست و این گوشی رو هم با شارژر معمولی و هم با شارژر سریع شارژ کردم و تفاوتشون رو واضح دیدم ( شیب شارژ هم از تنظیمات مشخص هست ) و وقتی با این پاوربانک زدم گوشیم شارژ بشه ، تقریبا به سرعت فست شارژ ( شارژ سریع ) شارژ شد ( البته گوشی پیام فست شارژ نداد ) ، البته توجه کنید که این پاوربانک فقط قابلیت دریافت شارژ سریع رو داره که البته این رو چک نکردم !
Positive,آقا خیلی خیلی خوشگله عالیه لطفا به همین قشنگی سر کلیدیشم تو اندازه های مختلف بیارید و آویزش بالاش باشه که هر جا خواستیم آویزونش کنیم
Positive,اینو برا کادو به خانمم خریدم با پول پستش از قیمت درج شده زیر اسپری گرونتر در می اد اما بوی عالی و ماندگاری خیلی خوبی داره موقع استفاده حس می کنی بوش بده اما بعد پخش بو حس خوبی داره
Positive,من 3 عدد از این مانیتور رو خریداری کردم . به نظرم با توجه به قیمت ، کیفیت قابل قبول دارد . طراحی و ظاهرش هم بسیار زیبا می باشد .
Positive,با سلام . چند نکته قابل تامل . دستگاه بسیار با کیفیت و خوش ساخت است.سرعت و روان بودن بسیار خوبه . فقط تنها ایراد کیفیت بسیار پایین نمایشگر یا همون ال سی دی است . چشم رو اذیت میکنه و کلا رزولوشن بسیار پایینی داره . دوستانی که قصد عکس و فیلم نگاه کردن دارن توصیه میکنم مدل دیگه ای انتخاب کنن . اما در کل ارزشش در قبال بهای پرداختی بسیار چشم گیر است .
Positive,من تازه ب دستم رسیده بسته بندیش خوب بود ولی چند تا خش رو خود پاور داشت . سرعت شارژش ک خیلی خوبه تو شارژ و دارم باهاش الان کار میکنم انگار با شارژر خودش دارم شارژ میکنم . فعلا راضیم تا ببینم 20 هزار بودنشم واقعیه یا نه ! ؟ وزنش زیاده که واسه من مهم نیست . بدنشم به خش حساسه خریدین باید کیف واسش تهیه کنید.اگه میخاین تمیز نگهش دارین
Positive,اگر بعد از استفاده ، با برس یا پارچه مخصوص پولیش بشه کاملا حالت درخشندگی پایداری خواهد داشت
Positive,خیلی عالیه ، باهاش به راحتی اطلاعات گوشی رو منتقل کردم به کامپیوترم سرعتش خیلی خوبه ، خوش قیافه و شیک هم هست . آقای بکایی فکرکنم بخاطر ورژن سیستم عامل گوشی باشه ، چون بایستی ورژن 4 . 2 به بالا باشه که بشناسه . خلاصه نظر من کاملا مثبته ، شک نکنید بگیرید پشیمون نمیشید . سپاسگزارم دیجی کالا
Positive,من هنوز نخریدم . ولی به نظر من عالیه
Positive,سلام من حدود 3 ساله که دارمش فوق العاده بوده و واقعا هیچ مشکلی برام درست نکرده همه بازی ها و نرم افزارام رو پوشش داده
Positive,گوشی بسیار روان و بدون هیچگونه هنگ یا لگ از پس کارهای روزمره و همچنین بازی های سنگینی چون GTA بر می آید . آپدیت رسمی اندروید 6 . 0 . 1 به راحتی انجام شد .
Positive,به نظر من تبلت بسیار خوبیه
Positive,واقعا عالی بود . ممنون دیجی کالا
Positive,همه چیزش عالی بود . به جز اینکه بعد از چند بار استفاده باعث تحریک شدید لبها و خشکی و پوسته ریزی لب هام شد ک باعث شد برای من استفاده ای نداشته باشه.البته ممکنه واکنش بدن من اینطور بوده باشه .
Positive,سلام از مسئولین دیجیکالا تقاضا دارم این ماشین حساب فوق العاده رو موجود کنند
Positive,نسبت به پولی که میدید واقعا ارزش داره من الان 2 ماهه خریدم و هیچ مشکلی باهاش ندارم
Positive,دوستان سلام از اونجا که من خودم زمان خرید به نظرات توجه میکنم و از نظرات خصوصا دوستانی که اون کالا رو خریدند بهره مند میشم گفتم بیام اینجا یه کمکی بکنم اولا که من مدت زیادی بود که این گوشی و سامسونگ j5 رو داشتم باهم مقایسه میکردم که برای تولد خواهرم بخرمش و بنا به انتخاب خواهرم اینو براش گرفتم ولی از اولش سر یه سری مسایل دو دل بودم یکی اینکه تو نظرات دوستان نوشته بودن که باتریش سریع خالی میکنه ولی شاید جالب باشه براتون بگم ما چون برای شارژ اولیه گوشی منتظر بودیم باتریش به 10 % برسه حدود دو روز صبر کردیم تا خالی شد البته خب شاید یه دلیلش این بود که ما اون موقع اینترنتشو راه ننداخته بودیم که بعد اینکه واسه اولین بار شارژ شد و استفاده کامل ازش شد باتریش یه روز دووم آورد اونم باز بخاطر این بود که خواهر من خیلی گوشی دستشه و اینترنتش همیشه به راهه و خب صفحشم خیلی بزرگه . یه مزیت راجع به اینترنتش بگم که شما تو تنظیماتش میتونید یه کار کنید که وقتی صفحه خاموش میشه دیگه دیتاتون کار نکنه که خود این عمر باتری رو زیاد میکنه یکی دیگه از اون جیزا که باعث دودلیم شد یا شاید بهتر بگم دو تا دیگش این بود که تو توضیحاتش هندزفری جزو لوازم جانبیش نبود و منو فارسی نداشت که اتفاقا جفتشم داشت که این خیلی باعث خوشحالی من شد البته هندزفریش مال خود اچ تی سی نبود اما بازم جای شکر داشت که بود خلاصه که من خیلی از خریدم راضی بودم ولی اینم بگم که لوازم جانبیش مثل خش گیر و قابشو به سختی از بوستان پونک پیدا کردم اما پیدا کردم در کل خرید خوبی بود و به نسبت ظاهر و امکاناتش قیمتش خیلی بیشتر نشون میده
Positive,موبایل خیلی خوبی است خیلی محکمه اگه قابش هم بیاد به راحتی عوض می شه تو یوتیوب هم یه فیلم دیدم که ضد اب بود یکم زود داغ می کنه همه بازی ها هم روش کار می کنه به غیر از واتس اپ اونم اگه از فروشگاه خودش بگیری کار می کنه اگه یه سیمکارت توش باشه باتریش خیلی دیرتر تموم می شه هرکی موافقه بزنه +
Positive,مدل وای فای دار خیلی بهتره از این هست ، ولی درکل دستگاه مطلوب و خیلی خوبی هست
Positive,جنس برچسب هاش خیلی بی کیفیته هر کدومش رو گوشیتون حد اکثر یک ماه دووم میاره من قبلش یه محافظ دیگه روی گوشیم بود که دیگه از بسکه خراب نشد ازش خسته شدم و چون شفاف بود توی نور باهاش مشکل داشتم به همین خاطر اینو خریدم ولی اصلا فایده نداشت با این حال ممنون ازد یجی بابت ارسال سریع و بی عیب و نقصش
Positive,سلام . من این تبلت رو دارم واقعا خیلی خوبه . اگه برای بازی کردن تبلت میخواین این تبلت رو بهتون پیشنهاد میدم . سنگین ترین بازی هارو به راحتی اجرا میکنه . من 4 ساله این تبلتو دارم و هیچ مشکل خاصی براش پیش نیومده . صفحه نمایشش هم فوق العادست و باتریش هم حرف نداره فقط یکم دیر شارژ میشه که طبیعیه .
Positive,خواهشا رنگ خاکستری رو دوباره موجود کنید من سه تا شو میخوام
Positive,من یه هفته ای میشه این دوربین رو خریدم . دوربین خوبی هستش و کیفیت عکاسی اون عالیه اما متاسفانه دارای مصرف باتری خیلی زیادی هست که کاملا این عیب همه خوبی های دوربین رو خراب میکنه . اینکه بیشتر از چند دقیقه نمی تونی فیلم بگیری خیلی بده.من که خودم از خریدش پشیمون شدم .
Positive,فلشش عالی خوشم اومده امروز خریدم
Positive,یلی خوبه محکم و کاری ارزون
Positive,فلش خوبی هست.کمی کوچک هست . اما به درد من خورد.سرعت رایتش هم تست کردم 6 تا 7 مگابایت بود که واسه فلش usb 2 قابل قبول بود.جنس بدنه پلاستیک هست.اما با کیفیتوقیمت و گارانتی خوبی هم داره.از سایت خوبتون ممنونم
Positive,دیجی کالا امیدوارم نظر من را منتشر کنی . خانم هایی که پوست گندمی نزدیک به سبزه دارید اگر این رژ لب را با خط لب قهوه ای تیره بزنید شیک و زیبا میشه و مشکل عدم همخوانی با چهره بر طرف میشه . پوست من گندمی مایل به سبزه هست . من اولش این رژ را بدون ارایش حتی بدون مالیدن کرم به صورت استفاده کردم خیلی چهرمو زشت کرد اما دفعه بعد اول خط لب قهوه ای پررنگ زدم بعد این رژ را زدم از این رو به ان رو شد و الان با این کار زیبا و شیک به نظر می رسه . می تونم بگم برای استفاده روزانه خیلی شیکه . توصیه من به شما اینه که گول رنگ خیلی از رژ لب های چینی و ترک را نخورید بسیاری از این رژها دارای اسانس بالا و مواد مضر هستن . برای خرید رژ لب فقط یه رنگ ان توجه نکنید به تاریخ تولید - اکبند بودن و معتبر بودن شرکت تولید کننده و اصل بودن کالا و همچنین مواد تشکیل دهنده ان هم توجه کنید .
Positive,برای سرگرمی خیلی عالیه
Positive,در کل عطر بدی نیست با این قیمت
Positive,سلام . من تازه خریدمش از خارج واسم اوردن . واقعا عالیه شکل وشمایلش ی ساعت مدرن هست
Positive,"خیلی زیباست بسیار ظریف و قشنگ کار شده این جور کارای هنری وقتی از نزدیک دیده میشه تازه میشه ارزش هنریش رو حس کرد با عکس نمیشه واقعا از نزدیک خیلی قشنگه امضا هم که داره , دیگه عالیه"
Positive,شکیل سبک مناسب برای کادو دادن
Positive,بسیار عالی بود
Positive,سلام من الان سه ماهه این گوشیرو خریدم خیلی راضیم.عملکردش عالیه نسبت به قیمتش خوب کار میکنه . درکل نسبت به s4فکر کنم بهتره .
Positive,آخه چرا اینقدر پول زودپز خارجی بدیم این زودپز عالیه همه کاراییاش عالیه حتما پیشنهاد میکنم
Positive,دوستا پردازنده استفاده شده در این تبلت رقیب s800 هستش ! دربنچمارک ها هم معلومه و اینکه این تبلت از قویترین پردازنده اینتل در تبلت های اندرویدی استفاده میکنه ! واقعا با این قیمت محشره و بسیار پر قدرت شک نکنید ! در آنتوتو34 هزار اورده و در تست 3dmark رتبه زیر صد داره و از همه تبلت ها حتی از بیشتریا بالای 1 تومن قویتره در زمینه قدرت گرافیکی ! ! در قدرتش شک نکنید و بدونید بی شک از lg g pad قویتره در بنچمارک ها هم معلومه ! ! ا
Positive,سلام من یک ساله این گوشیو خریدم از صبح تاشب باهاش کار کردم ، اینترنت رفتم و بازی کردم ولی چیزیش نشد فقط سه با قفل کرد که اگه هر گوشی دیگه ای هم بود همین میشد در کل گوشی خیلی خوب و مناسبی است
Positive,خیلی راضی هستم . یه انتخاب مناسب
Positive,ار هر لحاظ عالیه نسبت به قیمتش واقعا عالیه،منکه پیشنهاد میکنم همین رو بخرید
Positive,از همه لحاظ بگید عالیه خیلی تو خریدش شک داشتم امشب خریدم دیوونش شدم فقط بگم کاش دوربین نداشت چون بود و نبودش فرقی نداره ! ! نوشته 5 مگا ولی vga هست ! ! اصلا روش حساب نکنید ولی انتن دهی و کیفیت صفحه و سرعتش عالییه مفته نسبت به قیمتش
Positive,سلام لطفا موجود کنیدش با تشکر از توجه به نظر مشتریان
Positive,سلام ! بعد از کلی تحقیق و خوندن نظرات در دیجیکالا که خیلی منو به شک انداخت و همشون هم اشتباه بودن خودم تصمیم گرفتم یه بررسی مفید و کامل برای کسانی که میخوان این لپتاپ رو بگیرن بزارم ! در ادامه مواردی که مطرح میکنم مربوط به لپتاپ Asus G551JM هست که از دیجیکالا تهیه کردم . 2 تا هم خریدم یکی برای خودم و یکی برای برادرم که مطمئن باشید هرچی مینویسم رو جفتشون تست شده ! اول اینکه بعد از خرید که به دستتون میرسه در جعبه رو که باز میکنید بسته شامل : 1 - جعبه لپ تاپ 2 - هدست اورجینال 3 - کیف اورجینال 4 - موس اورجیناد که در داخل جعبه لپتاپ قرار داره ! هست . لپتاپ خودش سیستم عامل نداره و DOS هست . موقع نصب ویندوز هم یک هارد 24 گیگ نشون میده و یک هارد 1 ترابایت که اصلا مشکلی نداره از بابت شناسایی هارد ها . همچنین بهتره ویندوز رو روی هارد معمولی ( 1ترابایت ) نصب کنید چون 24 گیگ فضای خیلی کمیه و وقتی 4 تا آهنگ و فیلم روی دسکتاپ یا در قسمت موزیک و . . بریزید پر میشه و ارور میده ! بعد از نصب ویندوز باید درایور هارو نصب کنید که من خودم مستقیم از سایت ایسوس دانلود و نصب کردم . تمامی درایور های روی ویندوز 8 . 1 64بیت به راحتی و بدون مشکل نصب شد . تنها ایرادی که میتونم بگیرم اینکه بعد از نصب درایور های کارت های گرافیک،رزولوشن تصویر یکمی به هم ریخته میشه و مثلا موقع نصب بعضی از برنامه ها نوشته ها تار هستند یا قسمت Manage ویندوز هم تار نشون میده ! که با کمی تغییر رزولوشن که در نظرات دیگر دوستان ( آقای محمد زیوری ضمیر ) توضیح داده شده میشه درستش کرد . اما با همین کار هم بعضی از برنامه ها مثل گوگل کروم یا فتوشاپ متاسفانه نوشته هاشون ریز مشه که یکمی کار کردن باش برای کسانی که قبلا صفحه مانیتور Full HD نداشتن سخت میشه . بعد از درست شدن رزولوشن هم یک سری نکاتی که یادم هست رو میگم چون خودم قبل از خرید واقعا برام سوال بود : 1 - جنس بدنه بسیار عالی . 2 - برقی که در سطح بدنه احساس میشه به هیچ عنوان اصلا در هنگام کار احساس نمیشه . 3 - آرم ایسوس پشت مانیتور هم روشن میشه به رنگ قرمز ! 4 - نور پس زمینه کیبود هم با نصب درایور ATK که از سایت ایسوس میتونید دانلود کنید در 3 حال کم متوسط زیاد میشه تنظیم کرد ! 5 - اصلا اصلا داغ نمیکنه و فقط مثل تمامی وسایل برقی گرما تولید میکنه . 6 - متاسفانه مقداری جاذب اثر انگشت هست که با یه دستمال نرم به راحتی پاک میشه . 7 - موس 500 dpi دقت داره و بسیار در دست راحته و عرق نمیکنه . همچنین لیزر زیر موس روشن نمیشه اما به خوبی کار میکنه . 8 - هدست خیلی خیلی راحته و صدای بسیار با کیفیتی داره . 9 - کیف هم از جنس درجه 1 هست و عالیه ! 10 - بعد از نصب ویندوز روی هارد 1 ترابایت هم میتونید از هارد 24 گیگ به عنوان یه درایو جدا با همین حجم استفاده کنید . امیدوارم راهنمایی کاملی کرده باشم و ابهامات دوستان که واقعا با خوندن نظرات یک طرفه و طرفدارانه کاربرای دیجیکالا دوبرار میشه رو برطرف کنم . در آخر ممنون از دیجیکالا که سر موقع و با بسته بندی خوب کالا رو سالم تحویل داد .
Positive,دوربین این گوشی حرف نداره
Positive,دوستان درود بر شما این سه پایه رو خریدم کیفیت ساختش نسبت به قیمتش خیلی خوبه کارایی اش هم خیلی خوبه نکته جالبش اینه که بالب هد داره و از سه پایه جدا میشه و به همین خاطر راحت می شه دوربین رو سوار بر روی سه پایه کرد و دوباره به دست گرفت . البته هنوز فرصت نشده دوربین روش ببندم تا پایداریش رو تست کنم ولی در بررسی اولیه نسبت به خریدش خرسند هستم
Positive,با توجه به سنسور CCD که تفکیک رنگ بهتری نسبت به CMOS میدهد و حداکثر سرعت شاتر 1 به 400 و لنز 25 - 525 تصور میکنم بهتربن انتخاب در این رینج قیمت این دوربین باشه
Positive,من آیفون 4 داشتم 3 4 روزی میشه که یه آیفون 5 گرفتم میتونم بگم تاچش فوق العاده هست دوربینش هم عالی شده گفته 8 مگا پیکسل اما با دوربینای 12 مگاپیکسلی مقایسه کنین اون موقع میفهمین که دوربین 8 اپل به خیلی دوربینای دیگه می ارزه نکته ی بعدی دیگه هم اینه که بسیار بسیار سریع شده
Positive,honor 4c رو بیار لطفا.گوشی خیلی خوبیه
Positive,برادر کوچک تر xperia z هستش سخت افزارش که عالیه دوربینش هم قانع کننده است صفحه ی نمایش هم خوبه فقط ای کاش که bravia هم داشته باشه اما در کل گوشی خوبیه و حریف اصلی ace3 هستش من که تو خریدش شک نمی کنم .
Positive,خیلی بامزه اس ، ولی ازش انتظار زیادی ندارم ، خریدم تازه اومد هنو بازش نکردم ولی همه چی عااللیی بود از بسته بندی گرفته تا برخورد اقایی که بسته رو اوردن عاشقتمم دیجی جونم خیلی باحالین
Positive,من این گوشی رو برای پدرم خریدم خیلیی راضیه به نظر من از k8 یا k10 الجی بهتره ولی دوربینش خیلی پایینه که من بایه لنز کلیپسی درستش کردم حافظش عالیه
Positive,دوستان بخرید شک نکنید به نظرات توجه نکنید ملت میخوان تبلت براشون همه کاری بکنه ولی اون هم تحمل داره ، در کل میگم همین الان دارم از همین تبلت نظر میدم بدونید خیلی خوبه یک شب تا صبح طول میکشه شارژ بشه و جالب این جاست که 24 ساعت با استفاده مداوم از اینترنت کار میکنه و شب که بخواید دوباره بزارید تو شارژ هنوز 30 % شارژ داره ! هیچ مشکلی پیش نمیاد کافیه همون اول که وصل میشه آپدیت کنید
Positive,با سلام در پاسخ به آقای حاجی تقی . از لحاظ علمی ثابت شده مسوارک های دستی آسیب بیشتری به لثه میزنند . من با توجه به رشته و تخصص خودم اینو میگم . همچنین لازم به ذکر هست که دندانپزشک من که دوستمم هست خودش از این مسواک ها داره و به منم توصیه کرده . در پاسخ به آقا سجاد باید بگم باتری قابل تعویض نیست و اصلا نیازی به تعویض پیدا نمیکنه چون عمر بسیار طولانی داره . برای هر نفر باید یه سری تهیه کنید . در پاسخ به آقا وحید هم باید بگم این مسواک کاملا ضد آبه .
Positive,چرم استفاده شده در این ساعت از مرغوب ترین چرم هاست
Positive,سلام منم اینو 10ماهی هست دارم؛واقعا عالیه از انتخابش پشیمون نمیشین . . شک نکنین تو انتخابش
Positive,عالی در یک کلام
Positive,با این که مردونست ولی چون خیلی بوش رو خوشم اومد خریدم ، واقعا بوی خوبی داره اما ماندگاری افتضاحه ، در حد نیم ساعت ! در کل وقتی ادوپرفیوم یا ادوتویلت با رایحه سرد و تلخ میگیرید اکثرا اینطوریه ولی نه دیگه در این حد
Positive,سلام من یه هفته س که این گوشی رو خریدم،گوشی خوبیه ولی کیفیت صداش خوب نیست،نه اسپیکرش کیفیت داره و نه هندزفریش ، با هندزفری های خوبی تستش کردم اما کیفیت خوبی نداشت یعنی مشکل از خود گوشیه،البته شاید مشکل از گوشی من باشه . در ضمن وسط کار با بعضی از برنامه ها force stop میشه . من از خریدم پشیمون نیستم اما بهتره گوشیتونو از برند های معتبر تری انتخاب کنید .
Positive,یه محصول بدرد بخور و عالی با قیمت عالی تر،الان پشیونم که چرا یه دست خریدم،موجود بشه دوباره میخرم
Positive,نوکیا ، فقظ با نوکیا مقایسه میشه . . برند های دیگه اصلا در حد و اندازه های نوکیا نیستن .
Positive,سلام به همگی من خودم از بهمن ماه G3را دارم و 7بازی HDو 21برنامه ی دیگه دارم و در این مدت ازش لگی ندیدم و هیچ کدوم از مواردی که جناب آقای حمیدرضاشیری گفتن را مشاهده نکردم پس خیالتون از این نظر راحت باشه.در در مورد باتری هم باید بگم که باتری خیلی عالی نداره ولی باید به ابعاد صفحه و وضوحش هم دقت کنید وبه نسبت خودش باتری خوبی داره واگر نظر هارا هم مطالعه کنید یکی از دوستان درباره ترک خوردن گوشی از نماینگی LGپرسیده و اون هاهم گفت ترک خوردن گوشی ها مال سری های اول بوده واین مشکل به کلی رفع شده است پس لطفا اگر با گوشی کار نکردین الکی نظر ندین که دوستانی که واقعا قصد خرید دارن گمراه و دودل نشن
Positive,خیلی خوبه کیفیتش امروز رسید دستم شک داشتم بخرم ولی الان که خریدم واقعا راضی هستم مخصوصا از تبدیل لایتنینگ
Positive,دیجی آوردی ولی حالا چرا بیشتر خرید های من از دیجی کالا است وهمه جوره از دیجی راضی هستم مدت ها بود دنبال موزر اصل میگشتم و درست سه روز قبل از موجود کردن دیجی موزر را از یک فروشگاه اینترنی دیگه ایی خریدم ( اما در مورد اصل بودن یا نبودن این ماشین اطلاع ندارم ) و فکر نکنم دیجی چینی بیاره
Positive,خیلی عالیه چه ار نظر محکمی و چه از نظر سرعت ولی زیاد شیک نیست
Positive,نسبت به قیمتش عالیه،امکاناتشم خوبه ، ، بخرید
Positive,این گوشی نسبت به قیمتش عالیه
Positive,من این عطر را دارم بوش خیلی زود میپره البته عطرهای خنک اینطوری هستند .
Positive,عالییه
Positive,این کارت بی نظیر است شما میتونید با بودجه یک gtx 960 4gb این رو بخرید که از gtx 960 قوی تره و جالب اونجاست که کارت های AMD در DX12 فریم ریت بالاتری دارن نسبت به DX11 !
Positive,جناب سمیع عادل سلام ، تا الان گوشیهای فراوانی داشتم از جمله : butterfly s - lg g2 - umi cross - lenovo p780 - xperia z1 - note 2 و کلی دیگه که نیازی به گفتن نیست ، دو روزه این گوشی رو خریدم و واقعا از همه نظر ازش راضی هستم و هیچ یک از نقدهای دوستمون رو قبول ندارم ، امروز روتش کردم ولی رام جدید کیت کتش رو یه جا دیدم که پولی بود ، لطفا آدرس اونجایی که دانلود کردید رو برام بفرستید ، ممنون میشم
Positive,دیجیکالا ریزر مامبا جدید رو بیار اینم قورت میده سنسور 1600 dpi کروما و خیلی هم خوشگله !
Positive,من این گوشى رو 3ماهه خریدم و واقعا ازش راضیم افرادى هم که میگن ارزش خرید نسبت به قیمت نداره یا چرت میگن یا اصلا آیفون استفاده نکردن
Positive,صفحه نمایش این لپ تاپ فوق العاده س و نقطه ی قوت این محصول به حساب میاد .
Positive,من این سشوار رو خریدم نمیدونم چرا این دوست پایینى ناراضیه الان چند وقته استفاده میکنم و واسه دکمه هاشم مشکلى به وجود نیومده ظاهر و کیفیتش راضیتون میکنه در ضمن تو این قیمت سشوار یون دار پیدا نمى کنید تولید یون باعث درخشندگى و خوش حالتى موها میشه
Positive,دیروز عصر گوشی به دستم رسید همه چی عالی . باتری رد که فول کردم 7 ساعت باهاش کار کردم باتری به 20 درصد رسید پس اونایی که میگن باتریش ضعیفه اونقدرا ضعیف نیست و از ایفون بهتره . صفحه نمایش دومش خیلی خیلی خوبه . کیفیت پخش صداش یجوریه که بهش عادت ندارم . دماش هم عالیه . اونایی که طراحی شلوغش رو دوست ندارن ال جی یه عالمه تم خوب داره میتونن دانلود کنن 3 تاش پیشفرض رو گوشیه درکل عالی
Positive,امروز رسید واقعا عالیه حتمی پیشنهاد میکنم
Positive,بسیار بسیار کاور خوبیه من قبلن کاور clear داشتم روی صفه نمایشم یه نقطه انداخت ولی اینو تازه رسیده دستم و بسیار راضی ام
Positive,سلام من نزدیک یک هفته است این گوشی رو خریدم . مزایا : نسخه بروز اندروید امکانات نرم افزاری خوب و جالب سخت افزار مطلوب ظاهر نسبتا زیبا و خوش دستی دوربین با عملکرد مناسب(تو نور کافی هردو تا دوربینش خوبه ) در ضمن فکر کنم قطب نما هم داره . در کل دراین رنج قیمت بهترین انتخابه .
Positive,من سالهاست اینو دارم تو خونه برای کارهای ساده استفاده میکنم خیلی خیلی راضیم اگر برای چنین مصارف غیر حرفه ای لازم دارید فوق العاده ست بجای چندین پیچ گوشتی که جاگیرند و هی گم میشن همین یکی رو بگیرید قیمتشم عالیه
Positive,من حدود یک ماهه که این لپ تاپ رو خریدم و از سایت Digikala هم خرید کرده بودم و در کل راضی هستم فقط به نظر من نکته منفی این لپ تاپ اینه که صفحه نمایش نسبتا ضعیفی داره البته به نظر من همه lenovo ها ضعیف هستن در این زمینه ، ولی کلا لپ تاپ های خوبی داره من تجربه کار کردن با مدل های مختلفشو دارم و راضی هستم
Positive,سلام به همگی . من این پخش کننده رو ال 90 گذاشتم . به نظر من خوبه.صفحه اش لمسی نیست ولی دکمه های بعدی و قبلی و منو لمسیه . ظاهرشم واقعا قشنگه . من که ازش راضیم ازش . مرسی دیجی کالای عزیز .
Positive,سخت افزار خیلی خوبی داره فقط حافظه داخلیش کمه قیمتش هم نمیشه گفت خیلی خوبه
Positive,بعلت ساختار مناسب و متریال خوب من این امتیاز را دادم .
Positive,نسبت به قیمت ارزش داره . اصلا هیچی نداشته باشه کلاس که داره ! !
Positive,به نظر گوشی بدی نیست .
Positive,یکی از بدترین خرید هایی بود که انجام دادم قبل این D-Link 2750 داشتم بردمش دفتر و اینو خریدم برای خونه تازه فهمیدم معنی مودم بی کیفیت یعنی چی ! دائم سیگنال وای فای میره و میاد ، مشکل بدتر از قطع و وصل وای فای مشکل دیسکانکت شدن هست که حداقل در ساعت چند بار اتفاق می افته . در کل تفاوت قیمت مودم ها زیاد نیست میشه یه مودم خیلی خوب از برند D-Link گرفت ولی اصلا طرف این نرین که مثل من پشیمون میشین .
Positive,نسبت به قیمت خیلی عالی هستش پیشنهاد میکنم حتما
Positive,سلام به دوستانم در دیجی کالا نکاتی به ذهنم در رابطه با این دوربین به ذهنم رسید که بهتر دیدم به شما علاقمند به دوربینهای دیجیتال درمیون بذارم 1 ) یکی از بهترین شرکتهای تولید کننده لنز در دنیا نه کنونه نه نیکون ! ! فوجی فیلم یکی از تولید کنندگان معبر لنز در دنیاس و خوب یکی از آبشنهای مه در خرید دوربین قطعا لنز اونه 2 ) موضوع بعد حس گر دوربینه دوربینهای حرفه ای فعمولا حسگرهای بزرگتر یک اینچ دارند که کیفیت بالای عکسهای دیجیتال به حسگر اون مرتبطه یعنی اگر دوربین مورد نظر شما حس گر نیم اینچی داشته باشه و کیفت عکس 2 مگاپیکسلی داشته باشه یعنی عکسهای شما در ایزوهای بالا گین بیشتری می ده و عملا این 20 مگاپیکسل نه تنها کمکی به شما نمی کنه بلکه باعث افت کیفت عکسهای شما به ویژه تو شب می شه حالا اگه همین دوربی با حسگر نیم اینچی کیفیت عکسی معادل 12 مگاپیکسل داشت به مراتب کیفت عکسهای بالاتری ارائه می ده طبیعا بهتر بود این دوربین با حسگر نیم اینچی کیفت عکسی کمتر از 16 مگاپیکسل داشت که به مدد حسگر bsi cmos این مشکل برطرف شده 3 ) داشتم زوم 46 یعنی شما با یک بریج سوپر زوم طرفین و عملا نیازی به هزینه گزاف برای خرید لنز نخواهید داشت 4 ) لرزشگیر اوپتیکال برای این دوربینهای سوپر زوم یک بایده ! ! تصور کنین به سوژه رو برای عکاسی انتخواب کردین و از قضای روزگار زومم کردین دست شما قطعا لرزش داره که باعث خراب شدن عکس شما می شه اما زوم ابتیکال بسیار هوشمن عمل کرده و عکس شما رو با وجود لرزش دست فیکس و ثابت می کنه که خودش به شما کمک می کنه تا بدون وجود سه پایه به راحتی عکسای باکیفیتی بگیرین 5 ) باطری قلمی یک حسنه نه یک عیب شما به راحتی از هرجایی می تونین تهیه کنین اما باطری های لیتیومی هم عمرشون کمه هم زود شارژ خالی می کنن 6 ) تو سایت فوجی این مدا فقط مشکیش موجوده و سایر رنگها متعلق به s8200 است 7 این دوربین مجهز به تنظیم فوکوس دسته در دیافهای 2 . 9 تا 6 . 5 است که به معنی عکاسی از سوژهای از فاصله بسیار کم تا زیاده فوکوس دستی به شما کمک می کنه تا بتونین با فوکوس کسی عکسهای خوبی بگیرین 8 ) یه نکته عجیب درباره این دوربین اینه که در سایتهای خارجی درباره این دوربین نوشته که عکس 3d یا همون سه یعدی می گیره که تو سایتهای ایرانی بهش اصلا اشاره نشده بود 9 ) بهتر بود این دوربین با این کیفیت مجهز به w-f بود که بسیار کاربردی اما به مدد کابلاهای مختم قابل اغماضه به نظر من این دوربین ارزش خرید زیادی داره چون در بهترین شرایط دوربینهای رغیب با همین امکانات و بعضا ضعیفتر قیمتی بالاتر دارن مرسی از دیجی کالا که این دوربین فوق العاده رو دوباره برای فروش عرضه کرد در اول فرصت که پول دستم بیاد حتما 100 % می خرمش
Positive,به نظر من هم سامسونگ وهم این تبلت بی نظیرهستند .
Positive,سلام یه چیزی تو مایه های ترکیبی از خودکار و روان نویسه خیلی خوش رنگ و روان من راضیم . عالی
Positive,سلام من این باند رو برای تست با صدای زیاد با امپ 500 تست کردم واصلا کم نیاورد
Positive,این گوشی رو توی پیشنهاد شگفت انگیز برای خانمم خریدم ، خداروشکر از رنگ نقره ایش خوشش اومد . فناوری اثر انگشتش خیلی به درد میخوره و از نظر سخت افزاری و طراحی هم گوشی خیلی خوبیه ، کیفیت فیلم برداری بی نظیری داره و صداش هم شگفت انگیزه
Positive,زیبا و با کیفیت ، از خریدم بسیار راضی هستم .
Positive,گوشی شیک خوش دست با جنس بدنه عالی و ظاهری زیباست . کلا در ظاهر رودست نداره تنها ایرادش سیستم عاملشه که باعث شده 1 - زبان فارسی رو ساپورت نمیکنه فقط با نصب پیچیده نرم افزاری خاص(عربی ) میشه اس ام اس فارسی تایپ کرد . 2 - بلوتوثش فعال نیست و باید توسط افراد وارد فعالش کرد . 3 - انتقال داده ها و کلا تبادل فایل توسط کامپیوتر به سختی انجام میشه ( فایل منیجر نداره ) 4 - نصب نرم افزار بسیار پیچیده اس و نیاز به تخصص داره بهمراه برنامه خاص کامپیوتری در کل اگه سیستم عاملش اندروید بود برتر از تمام گوشیهای این رنج و حتی بالاتر بود . ولی من از خریدش راضیم و با معایبش کنار میام
Positive,من این ساعت رو دارم واقعا خیلی عالیه ساعت شیک و اسپورتی هستش وخیلی عالیه
Positive,این ابتکار سونی عالیه . جای خالی همچین لنزی برای گوشی های آندروید واقعا احساس میشد . امیدوارم هر چه زود تر با قیمت معقول به بازار بیاد .
Positive,یک ماهی هست تهیش کردم . . یک ساعت با کیفیت ساخت بالا و زیبا با قیمتی مقرون به صرفه . واقعا لذت میبرید از اینکه روی دستتونه
Positive,من یه دو هفته ای هست خریدم . خیلی کاربورد واسم دارم . من عرقیات گیاهی میگیرم درجه عرقیاتم رو 40 میزنه و آب باران رو 17 . این خیلی خوبه . واقعا آب بارون یکی از بهترین آبهای دنیاست
Positive,ساده بگم این یخچال عالیه هم جذابیت ظاهری داره هم قیمتی و البته خدمات پس از فروش خوب
Positive,یعنی با این پولی که دارین میدین یه چیز حرفه ای میگیرین واقعا عالی خدایی اصلا توقع نداشتم یه دوربین عالی مثل این گرفتم،حتما بگیرید تا از دستتون نرفته
Positive,عالیه حتما بخرید من دوتا خریدم کاملا راضیم
Positive,کالای مطمئن با سپاس .
Positive,گوشی خوبی هستش اما خیلی سخته که مثل گوشی های سامسونگ بشه
Positive,یک ابزار مفید ، با دوام ، طراحی خوب آلمانی و قابلیت های متنوع که می تواند تا حد زیادی نیاز به خرید توستر را برآورده نماید و البته برندی مشهور
Positive,موس خوب و خوشکلیه ، خوش دسته ، بیش از اندازه دقتش بالاست : D
Negative,ای بابا این سامسونگ هم شورشو دراورده همش گلکسی گلکسی اینو میسازه یک هفته بعدش همون گوشیو یه چی اضافش میکنه با همون شکل و شمایل میده بیرون مسخرره
Negative,سلام ما این یخچال فریزر رو داریم تا حالا خیلی خراب شده دفعه آخر به نمایندگی برای تعمیر به نمایندگی زنگ نزدیم . به یکی از آشنا های تعمیرکار اومد و تعمیر کرد در کمال ناباوری دیگه خراب نشد . فهمیدیم دلیل اصلی خرابی های دستگاه ، تکنسین های نمایندگی اسنوا هستند که باعث میشن هر ماه یه چیزی خراب بشه . خلاصه اگر یخچالتون خرابه به جای نمایندگی به یه تعمیر کار مطمئن بگید بیاد . هم قیمتش خیلی ارزون تر تموم میشه ، هم کم تر خراب میشه ! ! میتونید امتحان کنید . . !
Negative,پارسال برای کار اداری مجتمع خریدمش . کیفیتش به طرز عجیبی پایینه . البته خب با این پول نمیشد چیز بهتری گرفت . تصویرش یه کم مات و سایه داره . برای مصرف خانگی پیشنهادش نمیکنم . خلاصه فقط اگر مجبورید بخریدش
Negative,اصلا اونجوری که توصیف کردید نبود واقعا ناراضی ام
Negative,تاچ آن خیلی ضعیف است
Negative,دوستان من بین beat و stylus موندم کدومو انتخاب کنم . دوربین و صفحه نمایش برای من خیلی مهمه ولی stylus تراکم پیکسلی ضعیفی داره بخاطر همین من بین این دوتا گوشی نمیدونم کدومو انتخاب کنم لطفا راهنمایی کنید
Negative,در کل عینک خوبی نیست
Negative,خدمات پس از فروشش خوبه اما اصلا به صرفه نیست اونم واسه یه تبلت چینی درجه دو که سیم کارت هم نمی خوره
Negative,با سلام و خسته نباشید خواهشمند است به تقاضای کاربران خود احترام گذاشته و این تلفن رو سریعتر موجود کنید و یا در صورت عدم امکان موجود کردن اطلاع رسانی بفرمایید.با تشکر
Negative,اولا که دیتا رو انتقال نداد و فقط واسه شارژ بود . . دوما خیلی زود خراب شد . .
Negative,از خریدنش حس خوبی ندارم ، تو عکسش به نظر کیف محکم تری میومد . ظاهر خوبی داره ولی قیمتش نسبت به کوله های دیگه که جادارتر و محکم تر هستن نا متعارفه.برای کسی مناسب هست که وسایلش نیاز به تفکیک ندارن و سبکی در اولویت باشه
Negative,این گوشی بااین که از note3 گرونتره ولی هنگ می کنه nte3 n900اصلا هنگ نمی کنه تازه note3 سریع تر هست .
Negative,گوله حرفای مغازه دارو خوردم خریدم ماهی یک بار باید factory resetبشه با وای فای باتریش تا 6ساعت بیشتر دووم نمیاره اندرویدش قابل ارتقا نیس تو فضای باز فقط میتونی صحبت کنی هیچی نمیتونی بشنوی اولش دوربینش فوق العادس ولی به مرور زمان میرسه بهVGA گوله چهار هستشو نخورید چهار هسته media techهستش که بدترین نوعه سی ی یو کلا بخرید پشیمون میشید
Negative,نسبت ب عکسش خیلی کوچیکتره و رنگ جالب و خوبی نداره
Negative,به نظرم با این امکانات به صرفه نیست
Negative,دو روز کار نکرد فنرش شکست
Negative,تقریبا یه هفته ست این.بالشت رو خریدم . قیافه بالشت رو داره اما کیفیت و طراحی خوب هرگز.اگر شما هم مثل من این بالشت رو برای مهمانانتون خریدین ( و یا جهیزیه ) . . به نظر من بالشت های بهتری و با کیفیت بیشتری توی این رنج قیمت می تونید پیدا کنید . .
Negative,احنمالا تو این رنج قیمت مارشال خیلی بهتره !
Negative,از مته شمره 7 و 3 و 2 استفاده کردم که هنوز یک دقیقه نشده مته ه داغون شدن برعکس 5تایی الماسیش که خوب بود . به هیچ وجه این سری رو توصیه نمیکنم .
Negative,ای کاش از یه سی پی یو قویتری استفاده میکردن در مقایسه توی سایت های Benchmarks که واسه تبلت Acer Aspire Switch 10 - 32GB و این تبلت acer امتیاز بالاتری داره جالبه که فرکانس Acer پایین هستش 1 . 33 کلا سی پی یو X.Vision Tablet XE1080W ضعیف هست
Negative,من اینو از دیجی خریدم ولی کیفیتش چندان تعریف نداره مارک بافو از این ارزون تر و باکیفیت تر هستش .
Negative,نظرها خیلی متفاوت و محترمه ولی من که خودم اصلا از کتابش خوشم نیومد . یجورایی فقط تحت تاثیر تبلیغاتش بود که خوندم ببینم چیه ولی خیلی بی محتوا بود .
Negative,سلام . سایز خیلی بزرگ رو پیشنهاد میکنم به دوستان . با اینکه تخفیف خورده بازم نسبت به بازار گرونتره .
Negative,متاسفانه آنتنش خیلی ضعیفه . توی خراسان هم 6 / 7 شبکه بیشتر نمیگیره . اونم اگه انتن و لپ تاپ رو بگیری بری پشت بوم ! ! 100 % به آنتن تلویزیون نیاز داره
Negative,وقتی درب اون در اولین استفاده میشکنه و دیگه نشت میکنه حالا هر چقدر هم با کیفیت پاک کنه حالتون گرفته میشه
Negative,دوستان حدود 2 3هزار کیلومتره این شمع رو نصب کردم مصرفم خیلی خیلی بالا رفته طور که صدی 13لیتر میسوزونه.این شمع اصلا مناسب پژو 206تیپ 5 نیست .
Negative,"سلام . من این محصول رو گرفتم , ولی راضی نبودم , چون فک می کردم جنس سرامیکش دقیقا مثل عکس سفید و خوشگله . ولی اینی که به دست من زسید اصلا سفید نیست و کرم رنگه متاسفانه و اصلا کیفیت نداره , من دوستش ندارم"
Negative,این امپ رو من 3 روز پیش خریدم دیروز سوییچ کرد و درست کار نمیکنه دادمش تعمیر کنن با این قیمت میتونید امپ خیلی خوبی ازMB بگیرید و این امپلی اصلا بدرد بستن روی ساب نمیخوره ولی برای 4 تا باند خوب هست ! خلاصه دارید پول امپ حرفه ای میدید ولی امپ حتی کمتر از نیمه حرفه ای میگیرید !
Negative,روی آیپد پرو کار نمیکنه متاسفانه
Negative,سلام آقا جان ما خریدیم ازش خسته شدیم فقط دو سه روز اول بدرد میخوره . بعدا از چشم میفته . و انقد خیابونای ما چالو چوله داره اصلا نمیشه باهاش حرکت کرد تاز بیست کیلومتر هم نرفت اصلا . شیش هفت کیلومتر که میره باتریش تموم میشه مجبور میشی یه تاکسی واسش بگیری بیاریش خونه ! من که راضی نبودم الان هم تو انباری گذاشتیم کسی حوصله نداره شارژش کنه باهاش راه بره . ضعف زیاد داره .
Negative,اولاش خیلی خوبه ولی بعد از یک ماه استفاده مقاومتش میره بالا و خیلی دیر گوشی رو شارژ میکنه اگه برای استفاده روزانه نمیخاید خوبه ولی برای استفاده بجای کابل اصلی ، اصلا فایده نداره .
Negative,من مدتیه خریده مش ، نه 6900 بلکه 7200 شم گرفتم ، باوجود امکانات خوبی که داره من اصلا از منوش خوشم نمیاد،من قبلا هم ال جی اسمارت داشته م ولی منوش اینقد مسخره نبوده در کل بنظربنده اصلا رابط کاربریش خوب نیست،خیلی بهتر میتونست باشه
Negative,سرعت شارژ این پاور بانک خیلی پایینه من s6 رودر حالت خاموش توی چهار ساعت شارژ کردم در کل راضی نیستم دوبار گوشیم رو باهاش شارژ کردم هنوز حجمش کم نشده شاید از من خراب باشه
Negative,قیمتش مناسب نیست اما زیاد هم نیست نسبت به مارک خوبش امکاناتش و قیمتش می ارزه .
Negative,من که میخوام بفروشمش اکسپریا زد بخرم هنوز تصمیممو نگرفتم
Negative,دوستان بد نیست یه نگاهیم به Nikon L320 بندازن که هم کیفیت بدنه بهتری داره هم خوش عکس تره و . . تازه بیشتر از 100 هزارم براتون کمتر آب میخوره
Negative,من الان 8 ماهه این گوشیو دارم . کلا پشیمون شدم از خریدش . وقتی حدود یه ساعت با گوشیم کار میکنم خیلی خیلی داغ میشه و زمانی ک داغ میشه تاچش بهم میریزه .
Negative,روی آسفالت خوب راه نمیره
Negative,خریدش اشتباه است اصلا کوچکترین بویی نداره
Negative,متاسفانه از 4G ایرانسل پشتیبانی نمیکنه .
Negative,به نسبت قیمت مناسب نمی باشد
Negative,متاسفانه نمیشه با این گوشی به راختی چیزی دانلود کرد و داخل فلش ریخت و تماشا کرد یا اینکه فایلی مورد نظرو سریع دریافت کرد و استفاده کرد کاری که من روزی دو یا 3 بار انجام کیدم تقریبا سیستم رو گذاشتم کنار و گوشی من کامپیوتر اولم شده ولی ایفون جلوی اکثر کارای منو میگیره . فقط کلاس داره و زیبایی ولی جلوی خیلی از کار های روزمره منو میگیره . من ترجیه میدم اندروید استفاده کنم . اندرویدم برای امریکاس نه برای کره ای ها . روحت شاد استیو جابز روحت شاد ایفون
Negative,پایان غم انگیز من و ساب سونی 121lt سلام.دوستان من این ساب رو داشتم،اولین سابی بود که تجربه کردم.این ساب رو بهمراه آمپلی 5602 پایونیر استفاده کردم،این ساب رو میتونم بگم یک هفته مفید استفاده نکردم اما در ولوم بالا ضبطم که پایونیر 7150 هست متاسفانه کم آورد و سوخت.در ضمن من اندازه گین آمپ هم کاملا رعایت کرده بودم و گین آمپم پایین تر از حتی normal بود ! دوستان از من میشنوین این ساب رو نخرین،آخه برخی دوستان بخاطره اینکه باکس شرکتی داره این رو انتخاب میکنن اما چه فایده که تو فشار ولوم بالا شما رو ناامید میکنه و دودش براحتی در میاد و میسوزه ! کاش ساب کنوود hqr300 یا هلیکس p12 میخریدم تا حداقل به این زودی ها سابم منو تنها نمیزاشت ! !
Negative,سلام دوستان بنده این دوربین رو سه چهار ماه پیش گرفتم ، اولش که روشن کردن نتونستم عکس بگیرم چون حافظه داخلی نداره باید رم SD بندازی - وقتی رم رو تو دوربین انداختم یه عکس از خودم انداختم با فلش خوب عکس می گیره ولی تو روشنای زیاد مثلا جلود خورشید فلش رو خاموش کنید چون یکم رو کیفیت عکس تاثیر می زاره ( این یک تجربه عکسی منه ) . یه مشکل تو فیلم برداری داره زمانی که زوم می کنی ( اپتیکال ) میکروفن صدا رو ظبت نمی کنه این به خاطر اینه که صدای زوم تو فیلم نیوقته خیلی بده - کیفیت فیلمش هم خوبه من با دوربین های mindiv سونی مقایسه کرم کیفیتش خوبه فقط باید نور خورشید ویا از پروژکتور استفاده کنی چون به نور زیاد نیاز هست برای عکاسی و فیلم برداری . ( تو فیلم برداری هیچ وقت زوم نکن ) مشکل بعدی ظرفیت کم باتری هستش شارژدهیش خوبه ولی زود تموم میشه اگه نور ال سی دی رو کم کنی فکر کنم ظرفیت باتری بالا بره . نمام شد .
Negative,دوستان به هیچ عنوان بدرد والیبال نمی خوره ( 100 درصد )
Negative,با این پول بریم اس 5 بگیریم که بهتره همه چیزشم از این سر تره
Negative,با 16 گیگ . حافظه داخلی و بدون پشتیبانب از کارت حافظه و پردازنده 32 ارزش خرید نداره حتی اگه قیمتش پایین تر باشه
Negative,سلام دوستان عزیز وقتتون بخیر باشه انشاالله در مورد گوشی galexy s4 خواستم عرض کنم خدمتتون نسبت به پولی که میدین بابت خریدش اصلا ارزشش رو نداره به خاطر دلایلی که عرض می کنم خدمتتون گوشی اس 4 نسبت به رقیب های خودش خیلی شاهکاری نکرده و واقعا کم آورده امکاناتی که داره هم ردیفه گوشی های دیگه است ( اچ تی سی . نوت . اس تری . اپل ) چند تا از امکاناتش که نسبت به دیگر رقبا جلو زده 1 . لمس شناور 2 . امکانات بسیار زیاد در حین عکس برداری اس 4 واقعا نتونسته تکامل یافته گوشی قبلی از خانواده ی خودش یعنی اس تری باشه به نظر من دوستان پولتون رو به این کالا ندین ارزش خرید نداره کیفیت دوربینش 8 مگاپیکسل هم نیست در صورتی که در آن 13 مگاپیکسل دوربین به کار رفته من اول اس تری داشتم اما فروختم و اس فور گرفتم و الان هم پشیمان : - ( و با همون اس تری قبلی خودم می تونستم کلی برنامه بریزم که امکانات اس فور هم ساپورت کنه باطریش هم بسیار بی کیفیت و سریع شارژ تموم می کنه از این همه نقص که بگذریم بدنه پلاستیکی بسیار ضعیفشه که از 0 / 5 متری هم اگه بیفته باید فاتحشو بخونی به این ترتیب با پول بسیار کمتری هم میشه بهترین گوشی رو داشت . محمد از تهران ( کوی نصر )
Negative,ارزش خرید نداره .
Negative,من حدود 1 ساله این گوشیو دارم . اوایل خوب کار میکرد تا اینکه کند شد . وقتی آپدیت 4 . 2 براش اومد من دانلود کردم و سرعتش خوب شد . ولی الان بعد 6 ماه واقعا از خریدم پشیمونم . الان من برای یه زنگ زدن باید حداقل 1 دقیقه وقت صرف کنم تا فقط بخش تماس بیاد . توصیه میکنم نخرید
Negative,سلام.من این گوشی رو حدود دو هفته پیش خریدم.موقع تماس و هنگام مکالمه نویز میندازه . . صدای نویزش دقیقا مثل زمانی که موبایل کنار تلویزیون لامپCRTزنگ می خوره . حتی گوشیو تعویض کردم ولی بازم همون بود.خیلی حالمو گرفت . . از کسانی که این گوشیو گرفتن یا قصد خرید این گوشیو دارند میخوام که این مشکلو حتما چک کنن
Negative,خیلی کوچیکه مثل عکسش نیست
Negative,حیف که NFC نداره . . : - (
Negative,این شارژو من گرفتم اما متاسفانه اصلا خوب نیست . فقط گوشی من که اس 5 هستو میتونه روشن نگه داره چون فقط 400mpa ورودی داره از 1800mpa ظرفیت باتری
Negative,واقعا بدتر و بی کیفیت تر از نمیشد روز اول گیره در رفت بازو بند اصلا کارایی نداره
Negative,به نظرم اینکه از 4G ساپورت نمیکنه خیلی بده .
Negative,دوستانی که میخوان بخرن باید بدونن اصلا گوشی راحتی نیست به خاطر لبه های خمیدش فقط باید با نوک انگشت نگهش داشت یا سر و تهش رو گرفت بدون قاب که اصلا فکرشم نکنید با قاب هنوز یکم بهتره من میخواستم فلتش رو بگیرم ولی موجود نبود پشیمونم بغیر از لبه ها هیچ فرقی با فلتش نداره باتری هم تقریبا یک اندازه جواب میده چون فلتش صفحه کوچیکتری داره مصرفش کمتره
Negative,الان که دارم این متنو براتون مینویسم این گوشی دستمه واقعا تعجب میکنم با این قیمت چرا این امکانات پیش پاافتاده رو نداره . سنسور نور محیط خیلی تو مصرف باتری کمک میکنه . من گوشی های ارزون تر با برندهای معتبری رو دیدم که NFC دارند نمیدونم این چرا نداره . وای فای ضعیفی داره آنتن دهیش هم ضعیفه که شارژ کمتری موقع مکالمه استفاده میکنه ولی ضعیفه آنتن دهیش . بنظرم آنتن دهی مهمه چون اینترنت هم از همین آنتن داریم میگیریم اگه قویتر بود مطمعنا شارژ بیشتری استفاده میکرد . زود هم داغ میکنه سر بازیهای معمولی گول هشت هسته بودنش رو نخورید دادشم با لومیا 520 آسفالت هشت بازی میکنه که فقط دو هسته داره ولی اصلا مشکلی پیش نمیاد براش . از همه مهمتر قیمت که دیگه نزدیک به یک تومنه که بنظر من این گوشی میان رده داره با قیمت بالا رده عرضه میشه اصلا ارزش خرید نداره .
Negative,من تازه این تبلت رو خریدم قبلش اینقدر بحث اینجا داغ نبودا خوب زودتر اطلاع میدادین مشکلاتی که من توی این دو هفته دیدم یه خورده کنار دوربینش داغ میکنه و صفحه نمایش پرش داره اینقدر اینجا از مشکلات بعد اپدیت گفتن که حقیقتا میترسم آپدیت کنم مشکل پرش صفحه نمایش چطوری حل میشه
Negative,به دستم رسید ، اصلا وسوسه نشید واسه خریدش ، با این پول دوربینه خیلى بهترى میتونید بخرید . . فوق العاده آسیب پذیر ، ظریف ، با صفحه نمایشی کاملا بى کیفیت . حتى یه رم داخلش نذاشتن رفع کتى ، گوله ظاهرش رو نخورید ، تو زرده !
Negative,خوب نیست نگیرین بیشتر زیر صداش بیس نداره
Negative,حتی با خرید شگفت انگیز هم نمی ارزد
Negative,اصلا نخرید صداش خیلی ضعیفه که یه دکمه کنار میکروفون داره اونو باید دایم فشار بدید تا کیفیت صدا بالا بره .
Negative,یه سر به اکسپریا m بزنید خیلی از این بهتره
Negative,امروز رسید دستم ، بردش نه تنها 80 متر نیست ، 80 سانت هم به زور هست . ولی با این قیمت برای کارای عادی بدک نیست . انتظارتونو ازش بیارین پایین .
Negative,این گوشی نسبت به کارا ییش چند برابر گرونه کارایی خوبی داره اما قیمتش اصلا منصفانه نیست
Negative,سلام این تبلت به هیچ وجه به تبلت های ماکروسافت سور فیش پرو نمیرسه تازه اون ها گارانتی همیشگی خود ماکروسافت هم دارن و هیچ وقت ایسوس ماکروسافت نمیشه .
Negative,به راحتی اب خوردن تو هواپیما از دستم افتاد روی موکتش که نرمم هست ولی لبه با لاییش شیکست که خورد تو ذوقم .
Negative,در کل اینطور باید بگم که فقط با یه گجت تفریحی طرف هستید چون نه نوشتن باهاش کار راحتیه نه نوشته ها رنگ مناسبی داره برای خواندن ، بیشتر از دو خط با این خودکار نوشتن کار بسیار سخت و آزار دهنده اییه ولی محصول جالب و جذاب و شیکی هست .
Negative,رنگش دقیقا رنگ عکسش نیست . بیشتر به آبی میزنه . سایزشم استاندارد نیست ، به اندازه ی یک سانت رو پوشش نداد . در کل به نسبت قیمتی که پرداخت میکنید چندان رضایت بخش نیست . .
Negative,اصلا قابل قبول نیست که جک 3 . 5 میلیمتری صدا نداره . در واقع باید بگم خیلی خنده داره !
Negative,محصول خوبی است ولی فعلا در ایران نسبت به قیمتش ، ارزش خرید نداره !
Negative,دوست من دیروز سه روزه خریده . . بعد رفته یه عکس بگیره زیر آب باهاش . . ال سی دیش سوخت
Negative,این فلش رو به خاطر نیاز به حجم بالا گرفتم از نظر کارایی خوبه و مشکلی نداره سرعت انتقال هم بالا هست ولی از نظر ساختار به نظر فلش ضعیفی میاد و یه عیب بسیار بزرگ هم داره که موقع وصل کردن به یه وسیله شما به علت نبود led نشانگر متوجه برقراری ارتباط نمیشی و درب این فلش احتمال بالایی برای گم شدن داره اگه به قبل از انتخاب این محصول برگردم حتما موردی رو انتخاب میکنم که 1 پلاستیک نرم و ضربه پذیری داشته باشه و در صورت امکان led نشانگر داشته باشه
Negative,اصلا چاقوهای خوبی نیستند . به سرعت دچار زنگ زدگی می شن و کارایی شون رو از دست می دن طراحی هم اصلا خوب نیست
Negative,این عطرو تازه خریدم . بوش خوبه ولی اصلا موندگاری نداره . شاید به زور به یه ساعت برسه موندگاریش
Negative,رایحه این ادکلن اصلا خنک نیست و مناسب فصل های پائیز و زمستونه . دیجی کالا ، باید مشخصات رایحه اصلاح بشه .
Negative,ویولن آلتو(ویولا ) صدای بم تری داره کلیدشم کلید سل نیست کلید دو هست پنج سانت هم از ویولن بزرگتر
Negative,بعد از 5 ماه استفاده باطریش اصلن بیشتر از 2 ساعت با اینترنت شارژ نگه نمیداره
Negative,این رنگو من سفارش دادم اما وقتی به دستم رسید رنگش اصلا شبیه تصویر نبود
Negative,بی خوده همش هنگه
Negative,من اینو خریدم ! تو دفترچه راهنماش نوشته فقط برای اصلاح موی دست و زیر بغل و پا و ویژه خانوم ها هست ، تیغه قابل تعویض نیست و هنوز هیچ تیغه ی یدکی برای این دستگاه ساخته نشده و این با توضیحی که تو سایت نوشته مغایرت دارد . موتورش خیلی ضعیفه و موها رو میکشه و عملا استفاده از اون زیاد توصیه نمیشه .
Negative,بنده سال 93 از همینجا خریدمش بعد حدود 1 ماه کلآ از کار افتاد یعنی کلآ هیچ سیستمی حتی ب عنوان فلش معیوب هم نمیشناسدش . در صورتی ک تو این 1 ماه ازش استفاده نکرده بودم همون چند باری هم ک برای تست فایل ریختم توش از طریق یو اس بی 2 سرعتش نصف سرعت فلش ترنسند بود . چون شهرستان هستم برام نمیصرفه ک بفرستم گارانتی هزینه پستیش زیاد میشه ک کلآ بیخیالش شدم . خریدش پول دور ریختنه
Negative,نسبت به سخت افزازش گرونه
Negative,دوست عزیز farzad mirahsani اگر دیجی همین بارکدی که شما میگس میزد میشد با اطمینان بیشتری خرید کرد . نمیدونم چرا نمیزنند ! !
Negative,رز گلد گرفتم معمولی هست و نسبت به قیمتش جالب نیست .
Negative,معایب کیفیت ضعیف گیرندگی بسیار ضعیف هنگ زیاد 2 سال پیش خریدمش . متاسفانه عملکرد بسیار ضعیفی داره .
Negative,اقا من اصلا راضی نیستم . . دو بار پیچ بازو بسته کردم / پیچ گوشتیش هرز شد اصلا کیفیت نداره
Negative,طرح قشنگی داره ولی کیفیتش پایینه
Negative,سرعت انتقال بدک نیست . بیش از حد سبکه ! حس میکنید واقعی نیست !
Negative,صدای زیادی داره . . خدمات پس از فروش خیلی ضعیف
Negative,اولش که بسترو باز میکونید حتی اگر صدای گوشی شما رو اخر باشه باز هم صداش معمولیه ولی وقتی از کنار خود دستگاه زیاد کنی صداش بلند میشه
Negative,باتریش خیلی زود خالی میشه cpu خیلی ضعیفی داره
Negative,من خودم خیلی این گوشی رو دوست داشتم ولی samsung j7 رو به این ترجیح دادم بخاطر کیفیت صفحه و پردازنده 1 . 5 تازه عمر باطریشم یهتره .
Negative,من این تبلتو چند ماه پیش برای بچه ام گرفتم و حالا یه یک مموریه 16 گیگ براش خریدم که متاسفانه اصلا متصل نمیشه حافظه ی داخلیشم خیلی کمه
Negative,جاوا نداره . . !
Negative,دیروز این ساعت دستم رسید حتی در شگفت انگیز هم ارزش حرید نداره از دست فروش میخریدیم نصف قیمت شگفت انگیز هم میشد خرید با این کیفیت من بخاطر نظرات دوستان گرفتم واقعا اررزش خرید تو شگفت انگیز هم نداره پشیمونم از خریدم
Negative,لپ تاپ خوبی نیست
Negative,من ویندوز 8 . 1 نصب کردم ، ولی Fn اصلا کار نمی کنن . کسی راه حلی نداره ؟ در ضمن Acer LaunchManager Application رو هم نصب کردم ولی جواب نداد .
Negative,انتن دهی بسیار ضعیف
Negative,سلام این مودم امروز به دستم رسید متاسفانه با اینکه هم بسته ایرانسل و هم همراه اول داشتم ولی هیچکدومشون کار نکردن و نوشته connecting اعصابم خورده لطفا کمک کنید باتشکر
Negative,علیرغم اینکه خیلیلا نظر مثبت دادن ، از اون عطراست ک سردرد میاره .
Negative,یک ماهی که این گوشی و گرفتم رنگ گلد بسیار شیک و باکلاس اگه کسی قیمت گوشی و ندونه فکر میکنه بالای یک میلیون قیمتشه برای دوستانی که بصورت حرفه ای میخوان استفاده کنن اصلا پیشنهاد نمیکنم قبل این گوشی هوآوی پی 8 لایت داشتم وافعا این گوشی کنار پی8 هیچی نیست دوربین عقب واقعا در حد 8 هم نمیتونه باشه دوربین5 جلو فقط امیدوار کنندس تعریف نداره رنگ ال سی دی بسیار غیرطبیعی و تو ذوق میزنه منوی فارسی که باشه داخل منو گشتن هنگ میکنه ولی انگلیسی کنین این مشکل حل میشه سرعت کیبورد کمه سی پی یو 8 هسته ای باعث میشه تو هیچ بازی و برنامه ای باگ و لگ نداشته باشه از نقاط قوتشه 4جی بودنشم از دیگر نقاط قوتشه دوسیم کارت همزمان فعاله حتی درحین مکالمه عالیه برنامه هارو نمیبنده و درحالت خاموش بودن ال سی دی هم اگر تو تلگرام پیامی بیاد دریافت میکنه و به همین دلیل باطری زود خالی میکنه . . درحالت خاموش بودن دیتا تا دوروز هم شارژ نگه میداره در کل نسبت به پولش گوشیه خیلی خوبیه ازش راضی هستم ولی بازمیگم دوستانی که گوشی مدل بالا داشتن اوله کار کردن با این گوشی میخوره تو ذوقشون ولی بعد عادت میکنن عین من امیدوارم کمک کرده باشم تو خریدش یاعلی
Negative,خیلی چیز بی خودی بود اصلا به قیمتش نمی ارزید
Negative,چرم روی توپ اصل نیست مثل توپهاهی خیابانی است در هنگام بازی در دست لیز میخورد . وچرم به کار برده اصل نیست و به قیمت آن نمی ارزد .
Negative,دارای رکورد ضعیف ترین بدنه ی موجود در بازار استفاده از نا مرغوب ترین پلاستیک نا مرغوب ترین شلنگ و لوله عدم چرخش برس به زوایا بدترین طراحی دسته
Negative,سلام دوست عزیز 1 - این دوربین به خاطر f 3 . 4 تو شرایط نوری ضعیف عملکرد خوبی نداره و فیلم به شدت نویز داره 2 - موقع فیلمبرداری صدای بیرون آمدن لنز هم ضبط میشه ( ولی اگه اگه صدا های میخوای تو فیلم داشته باشی بلند باشه صدای لنز چندان محسوس نیست مثل فیلمبرداری از یه هیئت )
Negative,سلام بروبکس من دوربین این گوشیو تست کردم عکسایی که باش میگیری به خاطر صفحه نمایشی که داره عکسهارو خوب نشون میده ولی وقتی رو عکسها زوم میکنی یا با یه صفحه نمایشه کیفیت پایین تر نگاه میکنی متوجه میشی که دوربینش در حد 3 . 2 htc هم نیست
Negative,طراحی این گوشی از نظر ظاهر نسبتا خوبه ولی به xperia L نمیرسه و مداوم هنگ میکنه . . از نظر سخت افزار هم ضعیفه
Negative,باسلام متاسفانه در عکس های معرفی این محصول هم مانند بسیاری از محصولات دیگر به جای استفاده از مواد غذائی مربوط به محصول ، از فلفل دلمه ای استفاده شده که این مبین علاقه زیاد تیم تهیه عکس به فلفل دلمه ای است ! ! لطفا در این مورد از مواد غذائی مربوط به همان محصول(یاظرف ) استفاده نمائید . متشکرم
Negative,سلام تو رو خدا گندش نکنید این گوشی از iphone 6 plus ضعیف تره توی ده گوشی برتر سال اپل اول شد ولی سامسونگ سوم شد
Negative,شارژ اصلا نگه نمیداره و عملا قابل استفاده نیست . . روی گوش خوب قرار نمیگیره . . کیفیت صدا هم پایینه
Negative,اصلا جالب نبود . بوش خیلی لایته
Negative,من کاری به طراحی تکراری گوشی ندارم . یه چیزی که تو این چند سال عرضه گوشیهای اس 1و . 2 3و4 . 5 بیشتر از همه مشهود بوده رابط کاربری سنگین گوشیهای سامسونگ بوده که بعد از پر شدن رم گوشی ونصب برنامه های متعدد به دفعات هنگ میکنه حتی با نصب برنامه بهینه ساز و خالی کردن رم رفع نمیشه مجبور به فاکتوری ریست میشوید . بنده خودم هم اس 4 داشتم و ال جی جی 2 . بدون تعصب میگم که در مدت 10 ماه گوشی جی 2 رو فقط بخاطر نصب کاستوم رام چندین بار ریست کردم ولی اس 4 سامسونگ .
Negative,ترجمه های بهتری هم هست کتاب عالیه اما ترجمه جالبی نداره ممنون از دیجیبخاطر این کتاب هم داره و امیدوارم قویتر کار کنه
Negative,نخرید خیلی بده اول اذیت کردن گوش دوم صداش رو همه دورو بریها میشنون سوم صدای بی کیفیت
Negative,من این دستگاه رو در اصل برای مود ریپیر(wifi extender ) خریدم که مکرر باید ریستش میکردی . . لاست پکت خیلی داشت . . دستگاه ها بهش متصل نمیشدن یا هنگ میکرد.مود ap bridge هم به اکسس پونت مبدا وصل نمیشد.یکبار هم گارانتی کامل عوضش کرد که دومی هم مثل اولی بود.البته ورژن سخت افزاری دستگاه من 2 بود . . بقیه ورژن ها رو نمیدونم .
Negative,اصلا کیفیت خوبی ندارد/پول دور ریختنه
Negative,مثل اب بی خاصیتته
Negative,افتضاح هست . گول مشخصات خوبش رو نخورید . دوبار تا حالا گارانتی بردم اما درست نشد .
Negative,این گوشی هنوز در دیجی کالا موجود نشده اما هم اکنون در بعضی از فروشگاه های اینترنتی با قیمت هایی عرضه میشه که ابدا منطقی نیست . پردازنده برای امروز متوسط محسوب میشود و دوربین هم همینطور ضمن اینکه لرزش گیر هم ندارد .
Negative,واای خیلی گرونه
Negative,من رنگ لیمویی طلایی رو خریدم راستش برای نوشتن زیاد کاربردی نیست و بسیار کمرنگ هست . .
Negative,من 2 نفره این محصول رو از پیشنهاد شگفت انگیز خریدم ، و واقعا انتظار همچین کیفیت پایینی رو از دیجی کالا نداشتم ، من 70 ٪ خریدهام از دیجیکالاست و این اولین باری بود که جنسی به این ضعیفی خریدم بسیار نازک و بلافاصله پس از استفاده پرز میده و اینقدر کیفیت پایبنه که در شگفت انگیز هم به نظر من خیلی مبلغش بالاست ، کیفیت دوخت هم بسیار معمولی
Negative,شاید ارزون باشه ولی اصلا نمی ارزه با تراش برقی هم نتونستم خوب بتراشونمشون . کربنش خیلی کمه و باید خیلی فشار بدی تا بنویسه که در این صورن نوکش میشکنه ! !
Negative,معمولا تو دست هر کسی یه نوع خودکاری خوبه . . به نظرم به عنوان روان نویس خوب نبود . . خیلی تو نوشتن خشکه . . احساس خوبی نمیده
Negative,بنده مهندس برق هستم و خواستم چندتا نکته مهم درمورد باتری و شارژی بودن لیزر رو که تو نظرات خیلی بهش اشاره شده رو خدمتتون عرض کنم : 1 شارژی بودن دستگاه یکی از نقاط قوت بزرگ دستگاه محسوب میشه و یکی از مزیت های بزرگ لیزر تریاست . این یکی از دلایلی هست که باعث شد بنده مطمئن بشم که تمام مسائل امنیتی در ساخت دستگاه رعایت شده . شرکت تریابیوتی به قدری به مسائل امنیتی اهمیت داده که کاری کرده که شما در هنگام اتصال دستگاه به برق ، اصلا نتونید خودتون رو لیزر کنید . چون در صورتی که شما در هنگام استفاده از دستگاه باشید و دستگاهتون به برق وصل باشه و نوسانات برق ( که در ایران بسیار شایع هست)رخ بده ، اولا باعث آسیب های جدی و برق گرفتگی برای فرد میشه و دوما دستگاهتون آسیب میبینه . این موضوع میتونه بسیار خطرناک باشه . پس این واقعا یک نعمته که شما نمیتونید در حین اتصال دستگاه به برق ازش استفاده کنید و کاملا برای حفظ سلامت فرد هست . در حالیکه ورژن های قدیمی تریا این امکان رو نداشتن . 2 داشتن سنسور پوست یکی دیگه از نقاط قوت لیزر تریاست . چون تا زمانی که پوست شما برای لیزر کردن ایمن و مناسب نباشه قفل دستگاه اصلابراتون باز نمیشه . این به این معنیه که شما هیچ جوره نمیتونید خودتونو بسوزونید ! 3 مهمترین فرق این لیزر با بقیه دستگاه ها تکنولوژی لیزر دایود با طول موج 810 نانومتر میباشد بقیه دستگاهها که به اشتباه در ایران عنوان لیزر خانگی را گرفته اند ، در حقیقت لیزر نیستند و تکنولوژی آنها ای پی ال میباشد که نور است . تریا چون لیزر هست کاری که میکنه اینه که عمق نفوذش بالاست و اشعه رو به طور انحصاری به ریشه مو فقط میتابونه و کاری به سطح پوست نداره . در حالیکه ای پی ال ها امکان تشخیص ریشه مو رو ندارن و کلا انرژی رو به کل سطح پوست و مو می تابونن . و این باعث میشه که پوست بسوزه .
Negative,اصلا گوشی خوبی نیست . من یک ماه و نیمه خریدم و بسیار ناراضیم . . قبلش سامسونگ داشتم بهتر بود
Negative,ازخریدم پشیمونم بخاطر پخش بوی ضعیف انگار نه انگار که عطر زدی فقط خودت یه ذره احساس میکنی
Negative,واقعا از خریدم پشیمانم
Negative,توروخدا این کیف رو موجود کنید.آدم همش میترسه رو صفحه ش خطی خشی بیفته.بدون کیف خراب میشه.نگهداریش سخته اینجوری .
Negative,برای مرتبه دوم دستگاه را برای بنده ارسال کردند . باز هم روشن نمیشود . کیفیت ساخت بسیار پایین .
Negative,بعد از 3 روز استفاد چسبش بی اثر شد و فقط یک عدد جایگذین هست اگر چسب بیشتری بود یا قابل تهیه بهتر بود
Negative,خیلی بده که از این کالا فقط یک رنگ و فقط یک سایز ارائه شده است
Negative,در حال مکالمه بیش از 10 ثانیه در محیط های باز ایجاد نویز برای طرف مقابل و صدای دلخراش برای طرف مقابل برای مکالمه به هیچ عنوان خریداری نگردد .
Negative,من تازه خریدم ول اولا نمیفهمم کی شارژش پر میشه و اینکه با اینکه دایم ازش استفاده نمیکنم سریع شارژ خالی میکنه اگه راهنمایی یا اطلاعاتی دارید به من بگید
Negative,وقتی اصلی ترین قابلیت یعنی قابلیت مکالمه رونداره به چه دردی میخوره
Negative,توی سایت asus نوشته درایو blueray و tv tuner هم داره . به نظر من تنها ضعفش کارت گرافیکش هست که میتونست بهتر باشه .
Negative,آخه بی جیلبرینگ که فایده نداره ! !
Negative,اصلا کف نمیکنه .
Negative,من حدودا دوماه پیش از دیجی کالا اینو خریدم تا یه ماه اول خداییش رو که بگم عاالی بود کیفیت صداش که معرکه بود اینقدر خوب بود که من اینو به تمامی دوستانم پیشنهاد دادم و اونا هم تهیه کردن و اما حالا . اول هدست سمت راست شروع به ضعیف شدن شدن تا جایی که کلا قطع شد و حالا هم هدست سمت چپ شروع به ضعیف شدن شده ولی خداروشکر هنوز قطع نشده . و نه تنها برای من برای تمامی دوستانمم اینطوری شده حالا دیگه خود دانید . .
Negative,سلام من حدود یکسال این کاور را خریداری کردم ولی وزن گوشی فوق العاده سنگینمی شود ودر ضمن لبه های بالا وپایین باز می باشد وبه همین علت لبه ها آسیب می بیند .
Negative,بسیار نازک است و به این قیمت نمی ارزد .
Negative,ارزش در برای قیمت بسیار پایین و من پیشنهاد نمی کنم
Negative,من این محصول رو تهیه کردم . توضیحاتش خیلی کلی هست و بعضا گنگ دقیقا مثل اینکه یه متن انگلیسی رو لغت به لغت ترجمه کرده باشن .
Negative,سلام نسل قبلی این لپتاپ که مدل 2qe بود از پنل ips ساخت سامسونگ استفاده می کرد نقدای خارجی این لپتاپ هم اکثرا از همون مدل 2qe هست اون پنل زاویه دید و کنتراست خیلی خوبی داشت اما این مدل جدید 6qe از پنل ساخت شرکت چینی chimei استفاده میکنه که ips هم نیست و زاویه دید .
Negative,سلام من رنگ سفیدشو چند روز پیش گرفتم ولی متاسفانه با اینکه مواظب بودم کثیف نشه خیلی زود لک شد الان هرکاری میکنم پاک نمیشه
Negative,اونی که دیروز به دست من رسید خشکه نمی نویسه تو اوون کاغذی هم که دادن دست ما نوشته اوون کالاهایی که سلامت فیزیکی شون تایید شده برگشت داده نمیشه از دیجی بعیده این کاراا
Negative,سلام من چند روز پیش این هدفون رو از دی جی کالا گرفتم . متاسفانه بعد از 5 - 6 دقیقه که با ایفون 6s بهش وصل می شدم بلوتوث دستگاه قطع و صل می شد و باید خاموش روشن و از گوشی دیسکانکت و مجددا کانکت می شد تا دوباره وصل بشه . و بعد از 5 - 6 دقیقه دوباره همین داستان پیش می اومد . ممنون از خدمات دی جی کالا که هدفون رو در مدت تست 7 روز مرجوع کردند . نمی دونم این اتفاق فقط برای اون دستگاه بخصوص بود یا کلا بلوتوث این مدل مشکل داره . .
Negative,کاش میزان زمان روشنایی این هدلایت رو هم میزدید
Negative,امروز این لامپ رو از دیجی کالا گرفتم و واسه اتاق خوابم ازش استفاده کردم ، نورش خوبه ولی وقتی خاموشش میکنم هر چند ثانیه یه بار چشمک میزنه مثل فلش و موقع خوابیدن نمیذاره بخوابم
Negative,خرید این کرم رو تصیه نمی کنم . تأثیرش بسیار جزئیه و فرقی با استفاده نکردن نداره .
Negative,چندان با کیفیت نیست و متاسفانه هر بار که از دستم افتاده درش باز شده و خط و خش روی شیشه آن افتاده . .
Negative,با سلام هرچند این مدل دگ قدیمی شده و شاید کمتر کسایی برن سمتش ولی باز بخاطر ارزش خریده بالاش دوستان رو راهنمایی میکنم من این لب تاپ رو چهار سال داشتم و تازه از دستش خلاص شدم بهد از دو سال صفحا نمایش سکته میزد و تصویر بعضی وقتا پر پر میزد حالا این بکنار ایرادی که یکسال باهاش سر و کله میزدم خاموش شدن یهویی سیستم بود چندین بار بردم پیش تعمیر کارای حرفه ای ولی ایرادش کشف نشد که نشد هیچ ضربه ای هم نخورده بود واقعا کلافم کرده بود همه چیز رو هم تعویض کردم مث باطری و شارژر و . . ولی فایده نداشت تصمیم گیری با خودتون
Negative,اگه به جای کابل USB to microUSB یه آداپتور قرار می دادند بهتر بود تو سایت خود Romoss نوشته دلیلی قرار ندادن آداپتور در بسته بندی کاهش قیمت نهایی محصوله و چون اکثر کاربرا شارژر هاشون به پاوربانک میخوره تو بسته بندی قرار ندادن در حالیکه گوشی ای که آداپتورش خروجی 2 . 1 آمپر داشته باشه خیلی کمه و واقعا تو بازار پیدا کردن شارزر اصل سامسونگ 2 . 1 آمپری هم غیر ممکنه همشون چینی و تقلبی ان . حتی همینی که دیجی کالا گذاشته هم اصل نیست . شارژر های متفرقه هم راستش سخته اعتماد کردن به برند های گمنام راستش گوشی منم باتریش خرابه و نمی تونم تشخیص بدم چند بار میتونه شارژ کنه گوشیم رو و دائما تو بیرون به پاوربانک وصله و چون نتونستم باتری خود گوشیم رو گیر بیارم اینو خریدم و چون آداپتور 2 . 1 آمپری هم هنوز پیدا نکردم نمی دونم چند ساعت طول میکشه تا شارژ بشه
Negative,انقدر بزرگ هست که رو گوش فیکس نمیشه ( شاید گوش من خیلی کوچک هست ) ، صدای هدفون راست از چپ کمتر هست ،
Negative,من چند وقتی هست دارم مشکل اصلی اینه که دائما قطع و وصل میشه ، البته اولش خوب بود بعد از مدتی قطع شدن ها شروع شد در روز باید چندین بار از یو اس بی قطع کنید و دوباره بزنید
Negative,تاچ خوب کار نمیکند . صفحه براق دارد که انعکاس اطراف روش میفته . پیشنهاد نمی کنم
Negative,تنها 1 هفته کار کرد
Negative,لطفا بیارید یه کیف خریدم اصلا امنیت نداره وتوصیه میکنم اصلا ازبیرون نخرید .
Negative,حاشیه رو برم گوشی تو حاشیه دور صفحه گم شده
Negative,سلام بر همه دوستان من این کالا رو خریدم اولا ضبط فیلم رو فلش نداره که واسه همین من خریدمش دوما با همین پول میشه از این بهتر خرید
Negative,تقریبا 2 هفته کار کرد و بعدش خراب شدالآنم میخوام بفرستم گارانتی.اصلا نمی ارزه .
Negative,صرفا جهت اندازه گیری . یک ترازو ساده در پیشنهاد ویژه خریدم اصلا نمی ارزه
Negative,خیلی گوش رو اذیت میکنه . هم داخل گوش هم بیرونش رو . صدا هم اصلا خوب نمیره
Negative,گوشی خوبیه تا وقتی که خراب نشه اگه خراب شد قطعاتش گیر نمیاد توصیه می کنم نخرید
Negative,به هیچ وجه نتیجه شبیه عکس نیست . اصلا گول نخورید
Negative,مشکل این ماژیک پررنگی زیاده که به پشت صفحه میره
Negative,این گوشی به هیچ دردی نمیخوره حافظه ای که در اختیار برنامه هاتون قرار میده کلا 1 گیگه وبرنامه ها به هیچ وجه به حافظه خارجی منتقل نمیشن روت هم که اصلا محاله بشه فقط خوشکله پس نخرین
Negative,این محصول را پارسال داداشم خرید و انگشتو به طرز فجیعی داغون کرد . بهش گفتم اصولی کار نکردی ولی تو همون جلسه اول تیغش تا استخون انگشتم را چاک داد و خون فواره زد . خیلی نا ایمنه و بدرد عموم افراد اصلا نمیخوره
Negative,نمیصرفه با این قیمت فقط پول پارچه بدی من گول عکسو خوردم فکر کردم رو تختیه
Negative,من این تلوزیون رو در پیشنهاد شگفت انگیز خریدم البته قیمتش مناسبه ولی تلوزیون آل ای دی سامسنگم از این بهتره از کیفیت تصویرش راضی نیستم مخصوصا تو فاصله نزدیک که اصلا مشخص نیست چی داره نشون میده فقط تو تصاویر اچ دی یکم تصویر خوبه بدرد تماشا نمیخوره فقط برا پوز دادن خوبه که بگی تلوزیون خمیده داری
Negative,من موندم چرا سامسونگ داره تو گوشی هاش از صفحه نمایش TFT استفاده میکنه
Negative,خیلی خیلی ریزه ! ! به درد نوزاد هم حتی نمی خوره به خاطر نوع قفلش ! !
Negative,من قبلا یکی از دوستانم این مدل صندلی ها را داشت و خیلی عالی بود بزرگ با پارچه برزنتی قوی که یه ادم 120 کیلویی هم راحت روش می نشست به هوای همون 3 تا سفارش دادم ولی صندلی که دستم رسید سایزش از اون کوچکتر بود و برزنتش ضعیف تر . . در کل نظرم اینه برای افرادزیر 90 کیلو خوبه . . اون قسمت جای لیوانش هم بر خلاف مدل های اصلی کارآمد نیست و دکوری می باشد .
Negative,اصلا با این قیمت نمی ارزه بخاطر طراحی خاصشه وگرنه عطرش چیز خاصی نیست
Negative,سلام من این گوشیو در تاریخ 6 92 خریدم فلاش دستگاه خیلی ضعیف عمل میکنه و مهمتر از همه 2 سیم کارت همزمان فعال نیست wifi خیلی ضعیف هست و اسم دوربین 8 مگ هست ولی واقعا این کیفیت رو نداره
Negative,باعث براق شدن پوست میشه که اصلا خوشایند نیست
Negative,در کل لب تاب متوسط رو به پایینیه
Negative,"سلام , خواهشا سوال بنده رو بزارین , آقا عرفان من گوشیم این مشکل رو داره یعنی صداش قطع شده , چیکار کنم , ( تبلت نه , گوشی )"
Negative,به نظر من با این قیمت میتونید برید سمت Xperia m که خیلی از این سر تره و فیلم فول اچ دیو مث اب خوردن میاره.این اصلا اچ دی رو به زور میاره.ام 100 تومن ارزون تره
Negative,سلام من دو سه ساعته اینو خریدم فقط ب یک مشکل برخوردم اونم اینه ک وای فای هیچی پیدا نمیکنه و حتی hotspot هم روشن نمیشه . سیم کارت رایتل هم روش گذاشتم این موضوع چطور بر طرف میشه؟خواهش میکنم راهنماییم کنید . .
Negative,با سلام خدمت دوستان من 6 ماهه که این لبتابو دارم از روز اول باهاش مشکل داشتم چون 4 . 5میلیون پولشو دادم و اون چیزی که من فکر میکردم نبود ! ! ایسوس بهترین برنده خودم روش تعصب خاصی دارم و سری n کم ایراد ترین لبتابه ولی این مدل از هر لحاظی که بگین ایراد داره اول هاردش ! از خودش صدا در میاره بعضی اوقات دیسکش 100 % قفل میکنه . . دوم بستن درایور ! ! فقط بعد از مدتی که باهاش کار کنید میتونین ببندینش ! این که میگن صداش فوقالعدست اصلا اینتوری نیست ! بدون اسپیکر خارجیش صداش با لنوو z510zکه 2میلیون تفاوت قیمت داره یکی هستش . . خیلی سنگینه گرافیکش خوبه ولی عالی نیست . . خلاصش کنم من از لبتابم مثل یک بچه مراقبت کردم تو این 6ماه ولی الان گارانتی تشریف داره هاردش نابود شد . . کاملا هنگ میکرد . . این اواخر اصلا روشن نمیشد . . صفحه ال سی دیشو یکم خم میکردی کلا صفحه پیکسل پیکسل میشد بعد خاموش میشد . . بانداشم صداشو تا ته زیاد کنی جواب نمیده خر خر میکنه . . ( من کلا با باندای خودش شاید 20بار ازش استفاده کردم نه بیشتر ! ) ولی هنوزم میگم ایسوس بهترینه چون سه تا مدل g و k و x شو دارم واقعا خوبه دوستم سری n56 داره . . بنظرم بهترین مدلش همین سری g56 و n56 هست ولی تو برند ایسوس شک نکنید . . و حتما با گارانتی بخرید هر لبتاب یا هر برندی که میخرید اینا تجربه من بود . . امیدوارم از خریدش منصرفتون نکرده باشم شاید فقط لبتاب من اینجوری شد ! ! با تشکر از دیجی کالا
Negative,با سلام وقت تمیز کردن شیشه و قطعات استیل خودرو ردش میمونه و این بنظرم اصلا مطلوب نیست . از دستمال های مایکرو فایبر گرونتر استفاده کردم نتیجش خیلی متفاوت بود . الان از این دستمال برای تمیز کردن اولیه جاهای کثیف ماشین استفاده میکنم فقط
Negative,چرا هر چی مینویسم اینجا نمیاد ؟ هارد من مشکل داره
Negative,عیب این دستگاه اینه که فاصله حدود 10 متر که باشه یه دیوار اطاقم بینش باشه به حالت limit درمیاد در صورتی که نزدیک مودم می بریمش آنتن میده . نمیدونم چرا این همه ازش تعریف شده . من که پشیمونم
Negative,یک پیشنهاد به عزیزان دی جی آقا یه تیغه با کیفیت بگذارید مانند این تیغ سنتی های بیک که ساخت یونان هستش وتعجب میکنم من پوست حساس با ریش های خیلی نازک با این حال اول با ماشین کوتاه یعنی خیلی موها ریزمیشن سپس اقدام به ریش تراشی اون هم با فوم های اصلاح با کیفیتی مانند نیوا که تو همین سایت هستش وعالیه با این حال این تیغ های سنتی سیلور اصلا کند هستش برای اولین اصلاح هم بسختی میزنهجوری که صدای خرت خرت بلندی میده من موندم این دوستانی که تعریف میکنن اگر از تیغهای سنتی بیک یا با کیفیت بالائی استفاده کنن چی مینویسن بهرحال دست کم پس از استفاده نظر بدیم به صرف رویت قیمت نازل نظر ندیم
Negative,با سلام . . ممنونم از دیجی کالا اما میخواستم به اونایی که این هندزفری رو نخریدن بگم ارزش پولی رو که میدین نداره از شب تا صبح تو شارژ باشه شارژ نمیشه . . حالا کی وقت کنم ببرم نمایندگی و داستان های دنبالش نمیدونم ضمنا تو گوش من لق میزنه . . به هر گوشی نمیخوره ظاهرا کلا در مقابل پولی که دادم راضی نیستم موفق باشید
Negative,من خریدم ولی ارزش خرید نداره چون قطعه پلاستیکی اون شل میشه و دیگه زنگ.درست کار نمیکنه در ثانی صداش رو فقط خودتون یا نهایت یه عابر پیاده چسبیده به دوچرخه میشنوه والسلام
Negative,کیفیت صدای مناسبی پخش نمیکنه و صدا بم پخش میشه ، پایه نگهدارنده که پشت گوش میافته روز اول شکست ، انقدر ضعیفه که سریع میشکنه ، اتصال شارژ هم سوزنی هستش ، طراحی زیبایی داره ، سریع هم شارژ میشه .
Negative,اقا گریه مونو در اورد تا بخواد شارژ بشه ! ! قشنگ 24 ساعت باید تو برق باشه ! !
Negative,هنوز دو هفته نیست خریدمش دیگه بالا نمیاد .
Negative,پخش بوی ضعیف و ماندگاری کم فقط خودتون از رایحه عطر لذت میبرین اگه دنبال عطری هستین که دیگران متوجهش بشن سمت این عطر نیاین
Negative,سلام ، من یه هفته بعد از اینکه خریدمش یه نویز محسوسی توی صداش ایجاد شد . الان یه ماهه دادم تعمیرش کنن ولی هنوز خبری ازش نشده پیشنهاد میکنم نخرین
Negative,خیلی بد بود من بیشتر جاها دیدم تعریف میکنن ازش ، مات هست اما مویی نیس سرش و بعده 1 . 2 بار زدن انگار آب میزنی همونم میریزه رو چشمم
Negative,همه محصولاتشا تک تک بخری نصف این قیمت در میاد
Negative,بلوتوث:با اینکه گوشی رو تویه جیب گذاشتم و پیاده روی داشتم مقداری موقع آهنگ گوش دادن قطع و وصلی داره
Negative,این گوشی از رده خارجه و در بازار وجود خارجی نداره قیمتشم نصف اینه اگر پیدا شه ! !
Negative,کاملا خانگی و اصلا حرفهای نیست os بسیار ساده و بی امکاناتی داره و فقط برای کسانی که اصلا سر از شبکه در نمیارند خوبه
Negative,صداش انقد ضعیفه که من گوشی کنارمه ولی نمیشنوم که داره زنگ میخوره ایفون هم نداره موقع مکالمه هم یک دقیقه یه بار بوق میزنه انگار پشت خطی داری پیشنهاد نمیشود
