به گزارش حوزه ادبیات باشگاه خبرنگاران به نقل از پایگاه خبری حوزه هنری، زندی درباره این دو مجموعه گفت: این دو مجموعه شعر هر کدام شامل ۱۲ قطعه شعر در قالب چهارپاره است، که برای گروه سنی ب و ج سروده شده‌اند. این شاعر کودک درباره مضامین شعرهای این دو مجموعه اظهار داشت: بیشتر مضامین شعرها درباره دنیای پیرامون کودک، مثل طبیعت و خانواده است. زندی درباره کمبود شعر کودک و نوجوان خاطر نشان کرد: کودک و خصوصا نوجوان در مقطع بسیار خاصی (مرز بین خردسال و جوان) قرار دارد، از این رو نه با شعر خردسال پیوند دارد نه با شعر بزرگسال ارتباط دارد. از این رو شاعر کودک و نوجوان باید با ظرافت خاصی به سرایش شعر برای کودک و نوجوان اقدام کند. گفتنی است؛ تاکنون پنج مجموعه شعر کودک و نوجوان از مریم زندی منتشر شده است. انتهای پیام/ص,فرهنگی هنری,5,142
به گزارش حوزه رادیو و تلویزیون باشگاه خبرنگاران به نقل از روابط عمومی رادیو اقتصاد، کاسب کسی است که اهل کار و کوشش است، از وقتی کرکره مغازه را بالا می‌زند و درب را می‌گشاید تا زمانی که مغازه را می‌بندد مشغول کار است و بزرگترین سرمایه او اخلاق و رفتار اوست لذا با تمام مراجعین با روی خوش برخورد می‌کند. کاسب حرفه‌ای بد اخلاق نمی‌شود. حسین اقدامی کارشناس اجتماعی در برنامه حضور دارد و در مورد کاسب و ویژگی‌های یک کاسب، الگوهای کاسب در جامعه اسلامی مطالبی را به سمع شنوندگان محترم می‌رساند. گفتنی است، روزی پاک کاری از گروه اقتصاد و اطلاع رسانی شبکه اقتصاد است که دوشنبه ۱۸ آذر ساعت ۲۰:۲۵ تقدیم شما شنوندگان محترم می‌گردد. انتهای پیام/ص,فرهنگی هنری,5,121
بنابراین گزارش؛ محسن بهرامی و شیما فرهمند دو بازیگر نمایش هستند و سایر عوامل عبارتند از: امیر عالمی (نویسنده)، سهراب مدیری (دستیار کارگردان)، پریسا نکوقدم (منشی صحنه)، نغمه ارجمند (عکاس) و احمدرضا حجارزاده (مدیر روابط‌عمومی). براساس این گزارش؛ اجراهای نمایش خانه تعطیل است تا پنجم آذرماه ادامه خواهد داشت. این نمایش کاری از گروه تئاتر بلوط و مدت‌زمان آن ۴۵ دقیقه است. گفتنی است؛ دوست‌داران تئاتر برای تماشای این اثر نمایشی می‌توانند به نشانی میرداماد، خیابان قبادیان، پلاک ۵۳، سرای محله کاووسیه، تماشاخانه مشایخی مراجعه بفرمایند. همچنین برای رزرو بلیت از طریق نشانی الکترونیکی یا تماس با شماره۰۹۳۶۶۵۳۴۲۷۰ اقدام کنند. انتهای پیام/,فرهنگی هنری,5,102
محسن شایان فر تهیه کننده سینما و تلویزیون به خبرنگار حوزه سینما باشگاه خبرنگاران گفت: مشکلات و کمبودهای سینما ایران در حوزه‌های تولید و اکران زیاد است و سینماگران ما به دشواری قدم در جریان تولید فیلم می‌گذارند. وی افزود: استقبال مخاطب از سینما بسیار کم است و این مسئله مهر تائیدی بر قهر مخاطب با سینما است. این تهیه کننده سینما و تلویزیون تصریح کرد: افت کیفی فیلم‌ها فاصله میان مخاطب و سینما را صد چندان کرده است. شایان فر اضافه کرد: هم اکنون سینما رقبایی جدی مانند شبکه نمایش خانگی در حوزه تولید و نمایش دارد که با ساخت فیلم‌های خوب در جذب مخاطب از سینما پیشی گرفته است. این تهیه کننده سینما و تلویزیون ادامه داد: شماری از فیلم‌های تولیدی در سیمان به دلیل محتوای ضعیف قادر به مقاومت در بخش نمایش در سینماهای کشور نیستند. شایان فر ابراز داشت: اینگونه فیلم‌ها که در حوزه نمایش قدرت جذب مخاطب و فروش مناسب را ندارند، وارد شبکه نمایش خانگی می‌شوند. این تهیه کننده سینما و تلویزیون اظهار داشت: سینمای ایران در سالهای اخیر به دلیل عدم رشد کیفی فیلم‌ها با رکود مواجه شده است. /ی۲,فرهنگی هنری,5,187
به گزارش خبرنگار حوزه قرآن و عترت گروه فرهنگی باشگاه خبرنگاران جوان؛ امام جعفر صادق (ع) می‌فرماید: همانا روز قیامت خداوند از بنده مؤمن که در دنیا فقیر و محتاج بوده دلجویی می‌کند چنان که برادری از برادرش عذر می‌خواهد. خداوند به او می‌فرماید: به عزت و جلالم سوگند! تو را به خاطر اهانت و خواری‌ات در نظرم محتاج کردم؛ پس پرده‌ها را بردار و ببین به جای دنیا چه چیزها به تو داده‌ام. پس پرده‌ها را بردارد و آنچه را که خدای متعال از عوض دنیا به او داده بنگرد و سپس به خدای عزوجل می‌دارد: پروردگارا! با این عوضی که به من عطا فرمودی، زیانی به من ندارد آنچه از دنیا از من بازگرفتی. ۱-عده الداعی و نجاح الساعی، ص ۱۴۳ ۲- کافی، ج۲، ص۲۶۴، ح۱۸ ۳- اعلام الدین، ص ۲۶۸,فرهنگی هنری,5,133
به گزارش حوزه تئاتر گروه فرهنگی باشگاه خبرنگاران جوان؛ آخرین جلسه نقد و بررسی نمایش‌های مهرواره‌ تئاتر ماه (رپرتوآر تئاتر مراکز استانی حوزه هنری) به نمایش واگویه‌های گندابی به نویسندگی و کارگردانی محمدجواد کبودرآهنگی از استان همدان اختصاص دارد- در هفته‌ پایانی از برگزاری دومین مهرواره‌ تئاتر ماه (رپرتوآر تئاتر مراکز استانی حوزه هنری)، نمایش واگویه‌های گندابی به نویسندگی و کارگردانی محمدجواد کبودرآهنگی از استان همدان، روز دوشنبه- ۱۲مهرماه، ساعت ۱۸:۳۰- توسط عباس کریمی- نویسنده، منتقد و روزنامه‌نگار- در تماشاخانه‌ مهر حوزه هنری مورد نقد و تحلیل قرار می‌گیرد. گفتنی است مصطفی محمودی- مدرس و منتقد تئاتر- مدیریت برگزاری جلسات نقد و بررسی نمایش‌های دومین مهرواره‌ تئاتر ماه را بر عهده‌ دارد. خاطرنشان می‌شود نمایش واگویه‌های گندابی از امروز- یک‌شنبه ۱۱ مهرماه ساعت ۱۸:۳۰ در تماشاخانه‌ مهر به روی صحنه می‌رود و تا ۱۶ مهرماه میزبان علاقه‌مندان خواهد بود. واگویه‌های گندابی قصه‌ چگونگی توبه‌ علی گندابی- لات همدانی- است که به واسطه‌ شنیدن روضه‌ یک روضه‌خوان دچار تحولات عمیقی شد. یاد‌آور می‌شود دومین مهرواره‌ تئاتر ماه با اجرای ۹ اثر نمایشی از برگزیدگان تولیدات مراکز استانی حوزه هنری که از ۳۱مرداد به دبیری توحید معصومی در تماشاخانه‌های مهر و ماه آغاز شده بود با نمایش واگویه‌های گندابی در ۱۶ مهرماه به کار خود پایان می‌دهد. انتهای پیام/,فرهنگی هنری,5,207
ماهیان با ابزار خرسندی از استقبال هنرجویان و دانشجویان برای شرکت در این جشنواره افزود: بعد از انتشار فراخوان، ۱۰۰ متن از کل کشور رسید و از آنجا که فقط یک هفته فرصت داشتیم، استقبال بسیار خوبی به شمار می‌رود. ما هیچ دخالتی در انتخاب متن‌ها نداشتیم و تنها تأکیدمان بر کیفیت آثار است. همچنین مازیار تهرانی، طراح پوستر و لوگوی این دوره از جشنواره تئاتر امید گفت: پوستر انسان‌محور است. معتقد نیستم پوستر تئاتر حتما باید المان تئاتری داشته باشد. برای ما مفهوم امید مهم‌تر از رویکرد تئاتری بود. این گرافیست که برای چندمین سال پیاپی طراحی پوستر جشنواره امید را بر عهده دارد، ادامه داد: البته استفاده از آیتم‌های تکراری تئاتر در پوسترها ایراد به حساب نمی‌آید. می‌شود از همه آن عناصر استفاده کرد، اما نتیجه‌اش تولید آثاری جذاب و هدفمند باشد. حسین طاهری، مدیر اداره کل هنرهای نمایشی- هم در این نشست حضور داشت، اما او که با تأخیر به این جلسه آمد، و در نشست صخبتی نکرد..,فرهنگی هنری,5,161
به گزارش حوزه قرآن و عترت گروه فرهنگی باشگاه خبرنگاران جوان؛ در احادیث و روایات انجام برخی از اعمال برای کاهش فشار قبر در هنگام مرگ توصیه شده است. عن الرضا (ع) قال: علیکم بصلاة اللیل فما من عبد مؤمن یقوم آخر اللیل فیصلی ثمانی رکعات و رکعتی الشفع و رکعة الوتر و استغفر الله فی قنوته سبعین مرة إلا أجیر من عذاب القبر- در روایتى امام رضا (ع) مى فرمایند: خواندن نماز شب و هفتاد بار استغفار کردن در قنوت نماز وتر، موجب ایمنى از عذاب قبر مى شود- [۱] خواندن سوره التکاثر هنگام خوابیدن قال رسول الله (ص): من قرأ ألهاکم التکاثر عند النوم وقی فتنة القبر- کسی که در هنگان خواب سوره تکاثر را قرائت کند از فتنه قبر حفظ می‌شود- [۲] قرائت سوره النساء در هر جمعه عن علی (ع) قال: من قرأ سورة النساء فی کل جمعة أمن من ضغطة القبر- امیرالمؤمنین علیه السلام فرمود: کسی که سوره نساء را در هر جمعه قرائت کند از فشار قبر در امان می‌ماند- [۳] تلاوت سوره ن و القلم در نماز واجب و مستحب قال أبو عبد الله (ع) من قرأ سورة ن فی فریضة أو نافلة أعاذه الله من ضمة القبر- [۴] امام صادق علیه السلام فرمود: کسی که سوره ن را در نماز واجب یا مستحبی بخواند خداوند او را از فشار قبر پناه می‌دهد- پی‌نوشت‌ها: [۱] میرزا حسین نورى، مستدرک الوسائل، ج ۶، ص ۳۳۱- [۲] کلینى، کافى، ج ۲، ص ۶۲۳- [۳] شیخ حر عاملى، وسائل الشیعه، ج ۷، ص ۴۰۹- [۴] بحارالأنوار، ج ۷۹، ص ۶۴; جهت توضیح بیشتر ر-ک: شیخ عباس قمى، منازل الآخرة، ص ۲۶ ۳۰- منبع: مرکز فرهنگ و معارف قرآن (پژوهشگاه علوم و فرهنگ اسلامی),فرهنگی هنری,5,277
بهروز اسدی تهیه‌کننده در گفتگو با خبرنگار حوزه رادیو تلویزیون باشگاه خبرنگاران گفت: برنامه تابستانه با هدف ترغیب مردم برای مسافرت به جزیره کیش در فصل تابستان طراحی شده که بخش اصلی این برنامه پوشش جشنواره است که در قالب جنگ شبانه هر شب حدود ۳۰۰۰ نفر در ان شرکت می‌کنند و در این جشنواره هر شب به قید قرعه جوایز ریالی، لوازم خانگی و یک‌دستگاه خودرو پراید به شرکت‌کنندگان داده می‌شود. وی افزود: این برنامه در ۷۰ قسمت ۳۰ دقیقه‌ای هر شب از شبکه تهران تا ۲۳ شهریور ادامه دارد که شامل بخش‌های مختلف گزارشی از سطح شهر و زندگی مردم، معرفی اماکن کیش و دعوت از هنرمندان، بازیگران و خوانندگان است و با اجرای علی معصومی روی آنتن می‌رود. /ص,فرهنگی هنری,5,122
سعید ناظمی شاعر در گفتگو با خبرنگار حوزه ادبیات باشگاه خبرنگاران، در رابطه با آثار جدیدش گفت: دیوان شعری با تعداد ۵۰ غزل جدید و ۸۰ رباعی آماده برای چاپ دارم ولی به دلیل اشتغالم بر سر پایان نامه‌ام تا ۴ ماه دیگر آن را به چاپ خواهم رساند. وی ادامه داد: این اثر را با عنوان رقص باد صبا ثبت کرده‌ام و اولین کاری است که بعد از پایان نامه‌ام ارائه خواهم داد. ناظمی خاطرنشان کرد: کتاب دیگری به عنوان کتاب مرجع نیز به نام تاریخ طنز مطبوعات ایران که بیانگر سابقه تاریخی طنز در مطبوعات ایران است را آماده برای چاپ دارم که به زودی آن را نیز به چاپ خواهم رساند. /ی۲,فرهنگی هنری,5,115
به گزارش حوزه تئاتر باشگاه خبرنگاران به نقل از روابط عمومی مرکز هنرهای نمایشی رادیو، در این برنامه با فرهاد آئیش درباره نگاه او به بازیگری و تفاوت‌های کار حرفه‌ای تئاتر در ایران و آمریکا گفت و گو خواهد شد. آئیش سال‌هایی از زندگی‌اش را در شهرهای سانفرانسیسکو، واشنگتن، بوستون و برلین گذراند و در این مدت به کارگردانی و بازیگری در بیش از ۳۰ نمایشنامه به زبان‌های فارسی و انگلیسی پرداخت. دیالوگ به تهیه‌کنندگی و سردبیری ایوب آقاخانی، مجری کارشناسی سعید اسلام زاده، نویسندگی و پژوهشگری علی جعفری و هدی عربشاهی، خبر بابک احمدی، هماهنگی علی بهرامی و دستیار تهیه محسن جواهری هر شب ساعت ۲۱ از رادیو نمایش روی موج اف ام ردیف پخش می‌شود. پخش افسون از رادیو نمایش شنونده نمایش افسون به کارگردانی اکبر زنجان پور اول دی ماه از رادیو نمایش باشید. این نمایش نوشته بابک صفی خانی درباره مردی به نام حجر است که پس از آن که از بستر بیماری طولانی خود برخاسته از این واقعه باخبر می‌شود که حسین بن علی (ع) از مکه بیرون آمده و در راه کوفه است؛ اما به دلیلی که هنوز بر ما آشکار نیست تصمیم می‌گیرد به همراه همسر و غلام خود از بصره خارج شده و با شتاب به سوی کوفه رود. افسون به تهیه‌کنندگی: ماهداد توکلی و با هنرمندی آشا محرابی، فریدون محرابی، احمد ایرانی خواه، مهرداد عشقیان، علی تاجمیر، مینو جبارزاده، سعیده فرضی، رحمان باقریان، و با صدابرداری علی حاجی نوروزی، افکتور: فرشاد آذرنیا و با گویندگی: مریم نشیبا یکشنبه ساعت ۲۳:۳۰ از رادیو نمایش پخش می‌شود. انتهای پیام/ص,فرهنگی هنری,5,256
به گزارش خبرنگار حوزه موسیقی باشگاه خبرنگاران؛ حاضر در کنسرت مهدی مدرس در اریکه ایرانیان، پس از اجرای نخستین قطعه مدرس قطعه پرواز را از آلبوم مدرس شمال برای مخاطبان اجرا کرد و درباره این قطعه توضیح داد که ترانه این آهنگ در ماه مبارک رمضان به وی ارائه شده و به دلیل اینکه این ترانه مملو از حس و حال عرفانی بود، وی اجرایش را پذیرفت. در بخش دیگر این کنسرت، مهدی مدرس قطعه چتر شکسته را برای طرفداران خود اجرا کرد و یادی هم از فرزاد فرزین کرد، به دلیل اینکه این قطعه را نخستین بار با همراهی وی اجرا کرده است. مهدی مدرس قطعه یه روز دلم گرفته بود را با بزرگداشت یاد و خاطره ناصر عبدالهی اسطوره موسیقی پاپ ایران با شور و حالی بی نظیر برای مخاطبان حاضر در سالن اجرا کرد و همراهی هواداران نیز هنگام اجرای این اثر فوق العاده بود. از جمله سایر قطعاتی که توسط مدرس در کنسرت وی اجرا شد، می‌توان به بید مجنون، خوابم نمی‌بره، امشب دوباره، خداحافظی، اشکام مثل بارون، دوستم نداری و قطعه لیلا با اجرای همزمان انوشیروان تقوی و مهدی مدرس اشاره کرد. مدرس در بخشی از برنامه به معرفی میهمانان حاضر در کنسرت پرداخت که از جمله نام آن‌ها می‌توان به مهدی یغمایی، محمد زارع، عمو نیکلی برنامه گروه شاپرک، نیکزاد رهبر ارکستر فرزاد فرزین و کیوان عرب تهیه کننده این برنامه اشاره کرد. از جمله اعضای ارکستر مهدی مدرس می‌توان به مجید کاشانیان- رهبر ارکستر و نوازنده کیبور، محسن افشار -درام، ایرج همدمی -کیبورد و آهنگساز تخصصی در ساخت موسیقی فیلم، حسین خواجه نوری- فلوت، سعید علیزاده -گیتار باس، سیاوش معتمدی- گیتار الکتریک، بهروز میرزایی -گیتار و حسین کیا به عنوان نوازنده پرکاشن اشاره کرد. /ه,فرهنگی هنری,5,282
محمد نجفی کارگردان سینما به گفت: سینمای ایران برای برداشتن گام‌های بلند در راه رشد و تعالی باید ابعاد بین المللی خود را ترمیم کند. وی افزود: سینمای ما فقط عنوان صنعت را یدک می‌کشد و همانند سایر صنایع نیازمند سرمایه گذاری‌های کلان در بستر خود است که این موضوع با جذب اسپ-ن-ر در حوزه ساخت فیلم امکانپذیر است. این کارگردان سینما تصریح کرد: هم اکنون جذب اسپ-ن-ر و ایجاد بستری مناسب جهت صرف سرمایه‌ها در پیکره این صنعت دغدغه اصلی سکانداران سینما است. نجفی اظهار داشت: رونق اکران به صورت خودکار می‌تواند در میان اسپ-ن-رها برای سرمایه گذاری در سینما دلگرمی ایجاد کند. /ی۲,فرهنگی هنری,5,105
به گزارش باشگاه خبرنگاران و به نقل از روابط عمومی گروه هتلهای هما، این گروه که با بیش از ۴۵ سال فعالیت مستمر در صنعت هتلداری نامی آشنا برای اروپاییان محسوب می‌شود با هدف جذب سرمایه گذار خارجی در راستای حمایت از اصل ۴۴ قانون اساسی، هتل‌های خود را در نمایشگاه گردشگری برلین معرفی می‌کند. گروه هتلهای هما در طول سالهای فعالیت خود در این عرصه به نوعی متولی آموزش و تعلیم نیروی متخصص و کارآمد در صنعت هتلداری کشور شناخته شده و در حال حاضر نیز مرکز علمی و کاربردی این گروه مشغول فعالیت، آموزش و تعلیم علاقمندان به این مقوله است.,فرهنگی هنری,5,103
محمد میرکیانی، نویسنده کتاب داستان‌های بی‌دانه در گفت‌و‌گو با خبرنگار حوزه ادبیات گروه فرهنگی باشگاه خبرنگاران جوان؛ از انتشار بیست و دومین نوبت چاپ کتاب تن تن و سندباد خبر داد و اظهار داشت: هم‌اکنون کتابی با عنوان داستان‌های بی‌دانه را برای انتشار آماده کرده‌ام و این کتاب در مرحله انتخاب تصویرگر قرار گرفته است. وی افزود: کتاب داستان‌های بی‌دانه در قالب ۵ جلد و ۵۰ داستان درد دسترس مخاطبانش قرار می‌گیرد. این نویسنده تصریح کرد: انتشارات به‌نشر مسئولیت انتشار این کتاب را برعهده گرفته است. وی خاطرنشان کرد: در مقدمه کتاب داستان‌های بی‌دانه چنین آمده است: همانطور که انگور بی‌دانه را راحت می‌شود خورد داستان‌های بی‌دانه را هم راحت می‌شود خواند. حالا اگر شما بعد از خواندن داستان‌های بی‌دانه به اندازه یک حبه انگور فکر کنید من پاداشم را گرفته‌ام. یادآور می‌شود میرکیانی تا به امروز آثاری چون قصه ما مثل شد، تن تن و سندباد، گوهر گم شده، قصه‌های خوب ما، خنده کبک، قصه ما همین بود و افسانه چهار برادر را روانه بازار کتاب کرده است. انتهای پیام/,فرهنگی هنری,5,171
مهدی نقویان مستند ساز سینما، در گفتگو با خبرنگار سینما باشگاه خبرنگاران گفت: در جشنواره امسال فیلم عمار با دو مستند حضور دارم. وی در خصوص مستند رمز و راز عنوان کرد: این مستند ۵۸ دقیقه‌ای است و محور آن زندگی و سلطنت ملکه الیزابت دوم بوده که بیش از نیم قرن در حال سلطنت است. نقویان افزود: این مستند پشت پرده زندگی و سلطنت ملکه الیزابت دوم را به نمایش می‌گذارد و شیوه حکومت انگلیس را نشان می‌دهد؛ زندگی این ملکه از بچگی و سپس بعد از رسیدن به سلطنت در این مستند بررسی می‌شود. وی با اشاره به اینکه جایگاه ملکه الیزابت برخلاف ادعا، تشریفاتی نیست، گفت: اینکه مدعی هستند ملکه نقش تشریفاتی دارد و هیچ نقشی در اداره امور انگلیس ندارد فقط برای رسانه‌ای نشدن در دنیا است، اما در واقع ملکه نقش پر رنگی دارد و ما در مستند رمز و راز ملکه می‌خواهیم این را نشان دهیم. نقویان همچنین اظهار داشت: مستند گرم‌ترین روز زمستان نیز به وقایع سال ۸۸ می‌پردازد؛ این مستند از زاویه دید یک پدر که فرزندش در جریان این اتفاقات به کما می‌رود، مطرح می‌شود. وی افزود: با فلش بک‌هایی به عقب، در این اثر می‌رود سپس به جایی می‌رسیم که فرزند در جریان این اتفاقات دچار حادثه می‌شود به کجا می‌رود. در این مستند از تصاویر آرشیوی و گرافیک هم استفاده شده است. وی خاطرنشان کرد: جشنواره عمار یک فرصت خوب است و خوشبختانه هرسال با شکوه‌تر برگزار می‌شود. انتهای پیام/ اس,فرهنگی هنری,5,242
به گزارش خبرنگار حوزه دانشگاهی گروه علمی پزشکی باشگاه خبرنگاران جوان؛ حسین سالار آملی قائم مقام وزیر علوم در حوزه بین الملل در نشست کارگروه مشترک علمی ایران و اتحادیه اروپا که در وزارت علوم برگزار شد، اظهار کرد: این کارگروه در مدت سه روز موضوعات علمی، فناوری و نوآوری میان ایران و اتحادیه اروپایی را بررسی و برنامه سال‌های ۲۰۱۷ و ۲۰۱۸ را تدوین خواهد کرد. وی ادامه داد: در واقع هدف از این کارگروه تبادل استاد و دانشجو و ظرفیت سازی دانشگاه‌های داخلی و خارجی است. قائم مقام وزیر علوم‌ در حوزه بین الملل تصریح کرد: اجرای تحقیقات مشترک میان ایران و اتحادیه اروپا، همکاری‌های دانشگاهی، برگزاری دوره‌های مشترک و تبادل علم و دانش میان ۲طرف از مهم‌ترین محورهای این نشست است. سالار آملی افزود: از آنجایی که بسیاری از کشورهای اروپایی دارای تکنولوژی هستند، یکی از اهداف ما از تشکیل این کارگروه ارتقاع سطح کیفی دانشگاه‌ها است، این کشورها هم به دلیل توان بالای دانشگاه‌های سطح داخل تمایل بر همکاری‌های ۲جانبه دارند. وی بیان کرد: در حال حاضر همکاری‌ها میان ایران و اتحادیه اروپا در برخی موضوعات مانند همکاری دانشگاه‌ها و یا اعزام دانشجو در دوره‌های ۶ماهه مطلوب است اما در برخی موضوعات مانند تحقیقات ضعیف است که باید تقویت شود. معاون وزیر علوم تاکید کرد: باتوجه به فشارهای تبلیغاتی ظرفیت‌های علمی کشور ما به گونه‌ای است که علاقه‌مندی برای همکاری با آن وجود دارد. سالار آملی با بیان اینکه پس از برجام گشایش‌هایی ایجاده شده است، مطرح کرد: در حوزه علم و فناوری در کشور دارای قدرت هستیم.,پزشکی,7,252
به گزارش گروه علمی باشگاه خبرنگاران به نقل از وبدا؛ دکتر محمود احمدی نژاد در این مراسم از ۱۱۵ دانشجوی نمونه غیر پزشکی و ۳۵ دانشجوی نمونه پزشکی سراسر کشور در سالن شهید بهشتی نهاد ریاست جمهوری تجلیل کرد. بنا براین گزارش، ۸۰ تن از دانشجویان تجلیل شده از واحدهای دانشگاه‌های وزارت علوم، تحقیقات و فناوری و ۳۵ دانشجو از دانشگاه‌های وابسته به وزارت بهداشت، درمان و آموزش پزشکی بودند. در آیین تقدیر از دانشجویان نمونه سراسر کشور، تعدادی از دانشجویان به نمایندگی از سایر دانشجویان برتر سخنرانی کردند و مسایل و پیشنهادات خود را با رییس جمهوری در میان گذاشتند. گفتنی است در این مراسم دکتر محمد حسن طریقت سرپرست وزارت بهداشت، درمان و آموزش پزشکی، غلامحسین الهام سخنگوی دولت، کامران دانشجو وزیر علوم، تحقیقات و فناوری و معاونان این وزارتخانه نیز حضور دارند. /ع۲,پزشکی,7,136
به گزارش خبرنگار حوزه بهداشت و درمان گروه علمی پزشکی باشگاه خبرنگاران جوان؛ اختراعات مخترعان در سراسر جهان است که سبب رشد و پیشرفت کشور و باز شدن دریچه‌های جدیدی از علم و دانش می‌شود که در این بسته خبری بنا داریم به معرفی از اختراعات بپردازیم. گروهی از محققان موفق به ساخت سر پناه ضد گرما با پتو‌های فضایی شده‌اند؛ این محققان با چسباندن ۳ هزار پتوی فضایی روی یکدیگر سرپناهی را برای بازدیدکنندگان به وجود آورده‌اند این پتوی فضایی اندازه یک زمین فوتبال است و به عنوان عایقی در فصل سرما از بازدیدگنندگان مراقبت می‌کند. یکی از محققان موفق به طراحی دستگاهی برای درمان سر درد‌های میگرنی شده است؛ عصب واگ طولانی‌ترین عصب مغزی است که هنگام غذا خوردن و صحبت کردن نقش ایفا می‌کند این عصب که از ساقه مغز شروع می‌شود، بسیاری از فعالیت‌های بدن را انجام می‌دهد. محققان این دستگاه کوچک قابل حمل را طراحی کرده‌اند که آن را روی گردن خود و در مجاورت عصب واگ قرار داد تا این عصب تحریک و میگرن درمان شود. یکی از مخترعان بازوبند فشار سنجی را طراحی کرده است که به کمک حسگر نوری فشار خون را اندازه‌گیری می‌کند؛ حسگر‌های نوری ضربان قلب افراد را از روی سر او بررسی می‌کند که با شناسایی حرکات سر و تفاوت بین ضربان قلب و حرکات سر سبب می‌شود تا فشار خون به صورت دقیقی اندازه‌گیری شود. انتهای پیام /,پزشکی,7,230
صدرالله کمالوند، متخصص تغذیه و رژیم درمانی در گفتگو با خبرنگار بهداشت و درمان باشگاه خبرنگاران تصریح کرد: یکی از مشکلات غذایی مهم در بین مردم، بی توجهی به میان وعده‌های غذایی است که اصلاح این بی توجهی نیازی جدی است. وی با اشاره به اینکه نباید هر نوع ماده‌ای را به عنوان میان وعده غذایی مصرف کرد، تاکید کرد: مصرف میوه‌ها به عنوان میان وعده غذایی، تاثیر بسیاری در کاهش بروز اختلالاتی نظیر یبوست دارد و هیچ ماده‌ غذایی دیگری جایگزین آن نمی‌شود. کمالوند گفت: البته قبل از مصرف میوه‌ها، باید آن‌ها را به خوبی شست و شو داد. وی با بیان اینکه برای برطرف شدن تشنگی تا حد امکان باید از مصرف نوشابه‌های گازدار پرهیز کرد، خاطرنشان کرد: بهتر است نیاز بدن به مایعات از طریق آب، دوغ و نوشیدنی‌های کم کالری برطرف شود. کمالوند یادآور شد: میان وعده‌های غذایی بسیار مهم هستند و علاوه بر موارد ذکر شده، مصرف تنقلات و شیرینی‌ها به عنوان میان وعده‌های غذایی باید محدود شود.,پزشکی,7,163
به گزارش گروه اجتماعی باشگاه خبرنگاران، هفته سلامت از اول تا هفتم اردیبهشت ۱۳۹۴ برگزار می‌شود. شعار هفته سلامت عزم ملی برای دسترسی عادلانه به خدمات سلامت و شعار بهداشتی سال (ایمنی غذا، از مزرعه تا سفره) نامگذاری شده است. روز شمار هفته سلامت شامل سه‌شنبه اول اردیبهشت ۹۴ روز سلامت و ارتقای ایمنی غذا، چهارشنبه ۲ اردیبهشت ۹۴ روز سلامت و سبک زندگی ایرانی اسلامی، پنجشنبه ۳ اردیبهشت ۹۴ روز عدالت در سلامت و ارتقای خدمات بهداشتی- درمانی، جمعه ۴ اردیبهشت ۹۴ روز سلامت، آموزش همگانی و خودمراقبتی، شنبه ۵ اردیبهشت ۹۴ روز سلامت و مشارکت‌های اجتماعی، یکشنبه ۶ اردیبهشت ۹۴ روز سیاست‌های کلی سلامت، همکاری بین‌بخشی و دوشنبه ۷ اردیبهشت ۹۴ روز اقتصاد سلامت و توسعه سرمایه‌گذاری نامیده شده است.,پزشکی,7,122
سید علی فاطمی عضو هیات مدیره انجمن داروسازان ایران در گفتگو با خبرنگار بهداشت و درمان گروه علمی پزشکی باشگاه خبرنگاران در خصوص حق فنی داروخانه‌ها اذعان داشت: در مقایسه با سایر مشاغل پزشکی داخل کشور، تعرفه کل یک موسسه پزشکی پاراکلینیک در کتاب ارزش نسبی خدمات سلامت (مجموع حق پذیرش و حق مسئولیت حرفه‌ای) ۵۰۰۰ تومان است- یعنی دو و نیم برابر یک داروخانه- لذا کسانی که به تعرفه داروخانه‌ها (به عنوان یک موسسه پزشکی) از نظر قانونی ایراد وارد می‌کنند، اول باید پاسخگوی توجیه دریافت تعرفه حق پذیرش و حق مسئولیت حرفه‌ای موسسات پزشکی پاراکلینیک (جدای از هزینه خدمت اصلی) بر اساس کتاب ارزش نسبی خدمات سلامت باشند- وی افزود: برخلاف فروشگاه‌های عادی که معمولا وجه را نقدا دریافت می‌کنند، تقریبا ۷۰ درصد از فروش داروخانه‌ها، با حدود ۵ تا ۶ ماه تاخیر از بیمه‌ها وصول می‌شود که با یک حساب سرانگشتی بر اساس نرخ سود بانکی، معلوم می‌شود که حداقل ۱۰ درصد از سود دارو به دلیل تاخیر همیشگی سازمان‌های بیمه، از بین می‌رود- وی با اشاره به اینکه سود داروخانه‌ها از محل فروش دارو برای نسخ بیمه‌ای (که عمده نسخ داروخانه را شامل می‌شود)، در بسیاری از موارد کمتر از ۱۰ درصد است، تصریح کرد: جدای از بعد حیثیتی تعرفه مسئولیت فنی برای داروسازان، مبلغ تعرفه از نظر اقتصادی نیز برای داروخانه‌ها بسیار حایز اهمیت است به گونه‌ای که بسیاری از داروخانه‌ها با حذف آن به ورشکستگی کشیده می‌شوند. فاطمی با بیان اینکه نسخه پیچی و ارائه دستور مصرف به بیمار نیازمند دانش و مهارت است خاطرنشان ساخت: هیچگاه داروسازان از این حق خود صرف نظر نخواهند کرد زیرا داروساز با مهر و امضا کردن نسخه، مسئولیت مدنی هر گونه اشتباه احتمالی در هنگام نسخه پیچی یا ایراد دارو ناشی از سهل انگاری در موقع خرید یا نگهداری را بر عهده می‌گیرد.,پزشکی,7,296
به گزارش حوزه آموزش و پرورش گروه علمی پزشکی باشگاه خبرنگاران جوان؛ با آغاز سال تحصیلی ۹۸-۹۷ معاونت توسعه مدیریت و پشتیبانی وزارت آموزش‌وپرورش دستورالعمل بیمه حوادث دانش‌آموزی رتبه استان‌ها ابلاغ کرد. در راستای حمایت هرچه بیشتر از دانش آموزان در زمان بروز حوادث و سوانح مختلف، وزارت آموزش‌وپرورش نسبت به طراحی، انعقاد و اجرای قراردادی به نام بیمه حوادث دانش‌آموزی اقدام نموده است. بر اساس این قرارداد که با بیمه معلم منعقدشده است، تمام دانش آموزان از اول مهرماه ۹۷ تا پایان شهریورماه ۹۸ به‌صورت شبانه‌روزی در داخل و خارج از محیط مدرسه همچنین اردو‌های راهیان نور، تحت پوشش بیمه حوادث و درمان مازاد قرار می‌گیرند. برای مشاهده جزئیات این دستور العمل اینجا کلیک کنید,پزشکی,7,116
دکتر آریایی نژاد، عضو کمیسیون بهداشت و درمان در گفتگو با خبرنگار بهداشت و درمان باشگاه خبرنگاران اظهار داشت: پس از نامه نگاری و رفت و آمدهای فراوان توسط مسئولان وزارت بهداشت بلاخره داروهای دپو شده در گمرک آزاد شد اما مشکلات این حوزه با ترخیص دارو پایان نمی‌یابد. وی با بیان اینکه در حال حاضر شاهد هستیم این داروها که با نرخ ارز مرجع خریداری شده‌اند با قیمت‌های بالاتر توزیع و فروخته می‌شوند خاطرنشان کرد: نبود نظارت و بازرسی لازم بر فروش داروها موجب شده است بیماران مجددا با مشکل نبود نرخ گذاری مصوب برای خریداری داروهای خود مواجه شوند. وی افزود: ما امیدواریم با تغییر مدیریت‌ها و تعیین وزیر جدید شاید تا حدی بتوان جلوی مشکلات این چنینی که توسط مافیای دارویی ایجاد می‌شوند برطرف شود. /ح,پزشکی,7,129
سید کمال خرازی دبیر ستاد توسعه علوم و فناوری‌های شناختی در گفت و گو با خبرنگار حوزه آموزش و پرورش گروه علمی پزشکی باشگاه خبرنگاران جوان با اشاره به حمایت‌های مالی این ستاد به دانشجویان دکتری علاقه مند به شرکت در کنگره‌های بین المللی اظهار داشت: به دانشجویان دوره‌های دکتری رشته‌های مرتبط در دانشگاه‌ها و موسسات آموزش عالی کشور، کمک هزینه شرکت در کنگره‌های بین المللی علوم و فناوریهای شناختی، اعطا می‌کند. ستاد توسعه علوم و فناوری‌های شناختی در خصوص فعالیت دانشجویان علاقه‌مند در این حوزه گفت: دانشجویان علاقمند فعال در حوزه‌های مرتبط با علوم و فناوریهای شناختی در یکی از دانشگاهها و موسسات داخلی کشور که حداقل یک پژوهش اصیل در جایگاه مولف اول، در حوزه‌های مرتبط با علوم شناختی داشته برای ارائه مقاله در کنگره‌های منتخب ستاد پس از کسب شرایط لازم اقدام کنند. وی یاد آور شد: دانشجویان متقاضی پس از ثبت نام در سایت ستاد بر طبق فراخوان اعلام شده با ارائه خلاصه مقاله خود میتوانند از فرصت فراهم شده در این زمینه استفاده و مشخصات خود را در سامانه این ستاد به ثبت برسانند.,پزشکی,7,179
محمد مهدی‌نژاد نوری، معاون پژوهشی وزیر علوم تحقیقات و فناوری در گفتگو با خبرنگار دانشگاهی باشگاه خبرنگاران گفت: ‌ درخصوص این بحث که با توجه به اینکه قانون شرکت‌های دانش بنیان در سال ۸۹ تصویب شده اما هنوز مشکلاتی برای ارائه مجوز وجود دارد باید بگویم که مشکلاتی از جمله معافیت‌های بخش پوشش بیمه‌ای و مشکل دیگر صندوق نوآوری و شکوفایی بوده است. وی افزود: صندوق نوآوری و شکوفایی وابسته به کمیسیون دائمی عتف قرار بود که اساسنامه آن شورای عتف تصویب کند که در اردیبهشت ۹۰ تهیه شده تا اینکه در اواخر ۹۰ یک اساسنامه‌ای با یکسری بیان مشکلات شکل گرفت و در نهایت در اوایل ۹۱ این صندوق شکل گرفت در حالیکه داخل این صندوق پولی وجود نداشت. وی همچنین در خصوص بحث بیمه‌ای اظهار داشت: هنوز ما پوشش بیمه‌ای نداریم و این امر به عنوان یک معضل مطرح است و اگر قانون آن اجرا شود آثار مثبت آن ظاهر نمی‌شود البته با توجه به اهمیتی که شرکت‌های دانش بنیان دارند باید این مسئله هرچه سریعتر حل شود. /ح,پزشکی,7,171
مصطفی اسماعیلی معاون مدیرکل نظارت و ارزیابی فرآورده‌های آرایشی بهداشتی سازمان غذا و دارو در گفتگو با خبرنگار حوزه بهداشت و درمان گروه علمی پزشکی باشگاه خبرنگاران جوان در خصوص نگرانی‌های که با مصرف لوازم آرایشی در افراد ایجاد می‌شود، بیان کرد: لوازم آرایشی که حاوی ترکیبات گیاهی هستند نسبت به محصولاتی که از ترکیبات شیمیایی تولید شده‌اند، عوارض بسیار کمتری دارند اما نباید این نگرانی در افراد ایجاد شود که با مصرف مواد آرایشی به سرطان مبتلا می‌شوند. وی ادامه داد: از آنجایی که بخش‌ عمده‌ای از محصولات آرایشی بهداشتی کشور وارد می‌شود، آزمایشگاه‌های مختلف بر اساس استانداردهای جهانی فرمولاسیون تمام محصولات وارداتی را کنترل می‌کنند. اسماعیلی با اشاره به این که آمار جهانی سرطان رو به افزایش است، عنوان کرد: دنیا به سمت محصولات ارگانیک و گیاهی روی آورده است که البته قیمت این محصولات بیشتر است. وی از بسته حمایتی برای تولیدکنندگان محصولات آرایشی بهداشتی خبر داد و گفت: سازمان غذا و دارو در حال انجام تفاهم‌نامه‌ای با انجمن صنایع شوینده، بهداشتی و آرایشی و وزارت صنعت معدن و تجارت است تا ترکیبات گیاهی بیشتر در محصولات آرایشی بهداشتی استفاده شوند. برای آگاهی از آخرین اخبار و پیوستن به کانال تلگرامی باشگاه خبرنگاران جوان اینجا کلیک کنید.,پزشکی,7,200
وی اظهار داشت: از علت‌های دیگر گودی کمر ساختمان بدن نیز است در افرادی که پشتشان یا به دلیل مادر زادی و یا در جریان رشد حالت قوز داشته باشد این قوز پشت به صورت جبرانی باعث گودی کمر می‌شود و علت دیگر اینکه در افرادی که فرم ساختمانی بدن آنها انحنای کمر داشته باشد گودی کمر به وجود می‌آید زیرا انحنای کمر حدودا ‌۳۰ تا ۴۰ درجه باید به سمت جلو باشد و در صورتی که در این افراد به طور ساختاری و ساختمانی بیشتر از ۵۰ درجه می‌شود. این جراح ستون فقرات گفت: خانم‌ها نسبت به آقایان بیشتر دچار گودی کمر می‌شوند ضمن اینکه بیشتر بیماری‌های کمر درد در خانم‌ها شایع‌تر است. وی خاطر نشان کرد: گودی کمر خیلی حائز اهمیت نیست چیزی که مهم است وزن شکم، ورزش نکردن وضعیت بودن عضلانی است زیرا خیلی از افراد ممکن است انحنای کمر شان زیاد باشد ولی وضعیت عضلانی آنها خوب و شکم‌شان هم کوچک باشد و هرگز هم دچار کمر درد نشوند. وی در پایان گفت: گودی کمر با ورزش‌های مخصوص که توسط کارشناسان فیزیوتراپیست‌ به بیماران آموزش داده می‌شود برطرف می‌شود و با این ورزش‌ها به مرور زمان شکل بدن تغییر می‌کند.,پزشکی,7,195
سیدامیرحسن ضیایی معاون آموزش وزارت بهداشت در گفتگو با خبرنگار بهداشت و درمان باشگاه خبرنگاران گفت: با آغاز طرح تحول سلامت رزیدنت‌ها با افزایش کار ۱۰ درصدی مواجه بودند اما حق الزحمه آن‌ها تفاوتی نداشته است. وی افزود: این افراد در حین آموزش خدمات هم ارائه می‌دهند و یک کار تمام وقت انجام می‌دهند اما حق الزحمه‌ای که دریافت می‌کنند در شان آنها نیست. وی ادامه داد: احتمالا در بسته آموزش طرح تحول بتوانیم نحوه حق الزحمه رزیدنت‌ها را بهبود بخشیم. ضیایی خاطر نشان کرد: ما در این شرایط با رزیدنت‌ها هم عقیده هستیم و وزیر بهداشت هم بر این موضوع تاکید دارد و امیدواریم در سال جاری با شرایط تورمی یک افزایش حق الزحمه برای رزیدنت‌ها داشته باشیم.,پزشکی,7,119
حسین توکلی مشاور عالی سازمان سنجش در گفت و گو با خبرنگار حوزه دانشگاهی گروه علمی پزشکی باشگاه خبرنگاران جوان؛ گفت: کارت شرکت در آزمون استخدامی ۱۲ دستگاه اجرایی کشور، دانشگاه علوم پزشکی و آموزش و پرورش سال ۹۵ از روز سه شنبه ۱۸ آبان برای مشاهده و پرینت بر روی سایت سازمان سنجش قرار می‌گیرد. وی ادامه داد: کلیه داوطلبان متقاضی شرکت در آزمون باید از روز سه شنبه ۱۸ آبان لغایت روز پنج شنبه ۲۰ آبان ماه به سایت سازمان سنجش مراجعه و با وارد نمودن اطلاعات شناسنامه‌ای یا اطلاعات ثبت نامی از کارت شرکت در آزمون خود یک نسخه پرینت تهیه و بر اساس آدرس و زمان تعیین شده به حوزه امتحانی مورد نظر مراجعه کنند. توکلی اظهار داشت: این آزمون در ۵۳ شهرستان به طور همزمان برگزار می‌شود که ۹۹ هزار و ۵۲۲ نفر در سومین آزمون متمرکز دستگاه‌های اجرایی کشور، ۱۲۳ هزار و ۵۷۶ نفر در دانشگاه‌های علوم پزشکی و ۲۳۳ هزار و ۴۲۱ نفر در آزمون استخدامی آموزش و پرورش ثبت نام کرده‌اند. مشاور عالی سازمان سنجش آموزش کشور بیان کرد: فرآیند برگزاری آزمون نوبت صبح از ساعت‌ ۸:۳۰ صبح و نوبت عصر از ساعت‌ ۱۴ روز جمعه ۲۱ آبان ماه ۹۵ آغاز می‌شود. وی یادآور شد: در حوزه‌های امتحانی برای آزمون نوبت صبح رأس‌ ساعت‌ ۸صبح و برای آزمون نوبت عصر رأس‌ ساعت‌ ۱۳:۳۰ بعدازظهر بسته می‌شود، لذا داوطلبان لازم است قبل از بسته شدن درهای ورود به جلسه آزمون در حوزه امتحانی حاضر باشند.,پزشکی,7,242
به گزارش خبرنگار کلینیک گروه علمی پزشکی باشگاه خبرنگاران؛ این دارو به عنوان عاملی موثر در در آغاز رژیم‌های غذایی برای افراد دچار اضافه وزن شدید تجویز می‌شود. با این حال phentermine به عنوان یک محرک است که در صورت سومصرف طولانی می‌تواند هزینه‌های سنگینی برای مصرف کنندگان داشته باشد. مساله مهم اینجاست که بسیاری از پزشکان برای رژیم‌های لاغری این دارو را تجویز می‌کنندو در واقع از ارکان اصلی کلینیک‌های ویژه لاغری به شمار می‌رود. فن ترمین اثر پایداری دارد با این وجود FDA همچنان تایید چهار محصولات کاهش وزن جدید پس از ۲۰۱۲، ادامه می‌دهد. فن ترمین - در سال ۱۹۵۹ تصویب شده و در حال حاضر توسط چند تولید کننده ساخته شده است. فن ترمین ارزان است، اغلب با قیمتی نه چندان زیاد در دسترس قرار دارد.. داروهای جدیدتر، در مقابل، می‌تواند صدها دلار هزینه ماهانه داشته باشد و گاهی اوقات توسط بیمه پوشش داده نمی‌شود. در ۱۹۹۰، فن ترمین به عنوان یکی از درمان‌های ترکیبی شناخته شده مورد استفاده قرار گرفت، احساس کاهش وزن بعدها منجر به این مساله شد که ممکن است کاهش وزن مشکلات دریچه قلبی را ایجاد کند. فن فلورامین و دکس فن فلورامین از دیگر داروهای عمومی است که در بخش درمان کاربرد داشته و با مشکلات قلبی بی ارتباط هستند و اجازه دسترسی به آنها وجود دارد. گفتنی است فن ترمین زمانی تصویب گردید که شرکت سازنده استانداردها را رعایت نکرده و تنها از طریق آزمایشات رسمی مورد شناخت قرار گرفته است. با این حال، بیمارانی که فن ترمین را استفاده می‌کنند باید غربالگری شوند، چرا که دارو می‌تواند مشکلات قلبی موجود را تشدید کرده و افراد مبتلا را دچار اختلالات غذا خوردن کند.,پزشکی,7,273
فریبرز رشیدی متخصص قلب و عروق در گفتگو با خبرنگار بهداشت و درمان باشگاه خبرنگاران گفت: تغییر ساعت در فصل بهار به طور مستقیم بر روی حملات قلبی تأثیر می‌گذارد اما به طور غیر مستقیم در بروز آن مؤثر واقع می‌گردد. وی افزود: با تغییر ساعت در فصل بهار هوا زودتر روشن می‌شود و به همین دلیل فعالیت‌های ورزشی افراد افزایش پیدا می‌کند و در اثر این مسئله احتمال حملات قلبی در افراد مبتلا به این بیماری بیشتر می‌شود. این متخصص قلب و عروق با اشاره به چگونگی تأثیر تغییر ساعت در بروز حملات قلبی اظهار داشت: به دنبال تغییر ساعت در فصل بهار هورمون‌های بدن فرد نیز تغییر پیدا می‌کند و این تغییر هورمون‌ها می‌تواند در بروز حملات قلبی تأثیر بگذارد. البته این تأثیر‌گذاری به مقدار زیادی نخواهد بود و به میزان اندکی در بروز این بیماری میان افراد مؤثر واقع می‌شود.,پزشکی,7,143
به گزارش خبرنگار فوتبال و فوتسال گروه ورزشی باشگاه خبرنگاران جوان درحالی که فدراسیون فوتبال تونس شب گذشته از قطعی شدن دیدار تدارکاتی این تیم با ایران در تاریخ ۲۳ مارس (۲ فروردین ۹۷) خبر داده است اما به نظر می‌رسد مکاتبات طرفین برای برگزاری این بازی همچنان ادامه دارد. یکی از مسئولان کمیته روابط بین الملل فدراسیون فوتبال در گفتگو با خبرنگار ما بیان کرد: ما هم خبر قطعی شدن این بازی را از طرف فدراسیون فوتبال تونس شنیده‌ایم اما مکاتبات مسئولان فدراسیون فوتبال با تونسی‌ها همچنان تداوم دارد. در کنار تونس با ۲ کشور دیگر هم مذاکراتی انجام داده‌ایم تا دومین حریف تیم ملی در نوروز ۹۷ هم مشخص شود. او درباره اینکه چه زمانی تکلیف برگزاری این بازی مشخص می‌شود، تصریح کرد: مذاکرات خوبی با فدراسیون تونس انجام شده است اما تاکنون درباره هزینه برگزاری، زمان و همچنین محل این بازی به توافق قطعی نرسیده‌ایم. هر زمان این امر محقق شود باید برگزاری دیدار دوستانه با تونس را قطعی بدانیم. البته بازهم تاکید می‌کنم فدراسیون فوتبال ایران با ۲ فدراسیون دیگر هم مشغول مذاکره است. این عضو کمیته بین الملل در پایان خاطرنشان کرد: از آنجایی که دیدار ایران و الجزایر هفت فروردین در اتریش برگزار می‌شود به احتمال فراوان اگر بازی ایران و تونس قطعی شود در همین کشور به مصاف این تیم می‌رویم.,ورزشی,6,218
به گزارش خبرنگار دنیای ورزش گروه ورزش باشگاه خبرنگاران جوان، کمیته استیناف فیفا امروز (جمعه) درخواست فرجام خواهی فدراسیون فوتبال آرژانتین مبنی بر لغو محرومیت لیونل مسی را پذیرفت و به این ترتیب مسی که به دلیل توهین به کمک داور دیدار آرژانتین مقابل شیلی چهار جلسه از همراهی تیم ملی کشورش محروم شده بود، از سوی کمیته استیناف فیفا بخشیده شد. البته کاپیتان آلبی سلسته یک جلسه از ۴ جلسه محرومیت خود را پشت سر گذاشته است. کمیته استیناف فیفا با انتشار اطلاعیه‌ای گفت: کمیته استیناف فیفا درخواست تجدید نظر فدراسیون فوتبال آرژانتین، به نمایندگی از لیونل مسی، علیه تصمیم کمیته انضباطی فیفا را پذیرفته، در نتیجه محرومیت تحمیل شده بر او را لغو می‌کند. به این ترتیب با لغو سه جلسه محرومیت مسی، کاپیتان آرژانتین می‌تواند کشورش را در بازی‌های حساس باقی مانده مقابل اروگوئه، ونزوئلا و پرو در انتخابی جام جهانی همراهی کند. مسی روز ۲۳ مارس در جریان پیروزی یک بر صفر آرژانتین برابر شیلی در انتخابی جام جهانی ۲۰۱۸ روسیه چند بار به کمک داور مسابقه توهین کرد و به همین دلیل کمیته انضباطی فیفا او را ۴ جلسه از همراهی تیم ملی کشورش محروم کرد. مسی بازی ۲۸ مارس بازی آرژانتین برابر بولیوی را از دست داد که این مسابقه با پیروزی ۲-۰ بولیوی همراه شد. تیم ملی آرژانتین اکنون در منطقه آمریکای جنوبی در جایگاه پنجم قرار دارد و برای این که به صورت مستقیم به جام جهانی روسیه صعود کند باید یکی از چهار تیم اول باشد.,ورزشی,6,245
به گزارش گروه ورزشی باشگاه خبرنگاران جوان؛ به نقل از سایت رسمی فدراسیون فوتبال، اسماعیل حسن زاده در مورد بازی تیم‌های صبا و استقلال تهران بیان کرد: حوادث این دیدار را با دقت و به صورت کامل و در اسرع وقت بررسی خواهیم کرد. رئیس کمیته انضباطی در این مورد گفت: به هیچ وجه در لیگ برتر که بالا‌ترین سطح فوتبال کشور است نباید شاهد اینگونه اتفاقات باشیم و به طور حتم با این موضوع برخورد می‌شود و کمیته انضباطی رای خود را صادر می‌کند تا این حوادث به سایر لیگ‌ها سرایت نکند. وی در ادامه افزود: در اسرع وقت و به صورت کامل حوادث و حواشی این دیدار به خصوص درگیری بازیکنان و مربیان که باید الگوی جوان‌تر‌ها باشند را مورد بررسی قرار خواهیم داد. وی در ادامه افزود: در اسرع وقت و به صورت کامل حوادث و حواشی این دیدار به خصوص درگیری بازیکنان و مربیان که باید الگوی جوان‌تر‌ها باشند را مورد بررسی قرار خواهیم داد. رئیس کمیته انضباطی در پایان خاطر نشان کرد: هرچند گزارش ناظران مسابقه صبا و استقلال را دریافت نکردیم اما متاسفانه از پخش مستقیم تلویزیون و رسانه‌های گروهی و شبکه‌های مجازی اتفاقات ناپ-ن- این دیدار را دیدیم.,ورزشی,6,195
به گزارش خبرگزاری فارس و به نقل از روابط عمومی فدراسیون تکواندو، بیست و چهارمین دوره مسابقات قهرمانی جهان ۲۵ تا ۲۹ اردیبهشت‌ماه سال آینده به میزبانی منچستر انگلیس برگزار می‌شود. اردوی نفرات راه‌یافته به تیم‌ملی از روز شنبه – ۲۹ دی‌ماه با حضور ۳۳ تکواندوکار در مرکز جهانی تکواندو آغاز می‌شود. اسامی نفراتی که جواز حضور در اردو را کسب کرده‌اند به شرح ذیل است: حمیدرضا صدری – علی صالحی – آرمین هادی پور– آرش صلاحی‌نژاد - ابراهیم صفری – محمدحسن پ-ن- افکن – حسین طالب‌پور – محمدکاظمی - سروش احمدی– حمیدرضا هادیان– آریان محمدی– امیرحسین خانلو - محمدمهدی عمادی – اسماعیل مردانی – میرهاشم حسینی – امیرمحمد بخشی - سیداحمد خسروفر– امیررضا نیک‌سیرت – علی اشکوریان – محمدحسین یزدانی– مهدی جلالی - عرفان ناظمی – مهران برخورداری - محمدعلی خسروی - محمدرضا خانی – امیدرضا چیت‌ساززاده– نیما مهرعلی– علی نجفی - مهدی خدابخشی سعید رجبی– سیاوش فخرایی– سجاد مردانی– حسین قربان‌زاده گفتنی است؛ هدایت این نفرات برعهده فریبرز عسکری به عنوان سرمربی و علی محمد بسحاق و وحید عبداللهی به عنوان مربی است. انتهای پیام/س,ورزشی,6,177
به گزارش خبرنگار حوزه دنیای ورزش گروه ورزشی باشگاه خبرنگاران جوان؛ به نقل از اسکای اسپرت؛ شروع ناامید کننده یوونتوس در این فصل از رقابت‌های لیگ ایتالیا بسیاری را از قهرمانی مجدد این تیم ناامید کرده بود اما در نهایت یووه راحت‌تر از همیشه توانست عنوان قهرمانی را تصاحب کند. مکس آلگری، سرمربی یووه، شروع ضعیف تیمش را در فصل جاری ک چالش بزرگ می‌داند. آلگری پس از بالا بردن جام قهرمانی رقابت‌های سری A گفت: حتی پس از اینکه چند بازی اول را واگذار کردیم، بازیکنان و مجموعه تیم از هدف خود دور نشدند. من عاشق رو به رو شدن با چالش‌ها هستم. روزنامه نگاری نوشته بود که یوونتوس بدون من به هیچ عنوان ۲ بازی اول لیگ را واگذار نمی‌کرد اما من همان مربی هستم که تواسنتم پس از شکست در دو بازی اول، در نهایت عنوان قهرمانی را تصاحب کنم. با این حال می‌دانم که تقریبا غیر ممکن است بار دیگر بتوانیم رکورد کسب ۲۵ پیروزی از ۲۶ بازی را تصاحب کنیم. آلگری در ادامه پیرامون فعالیت تیمش در بازار تابستانی نیز گفت: باید بازیکنانی را پیدا کنیم که DNA یوونتوس را داشته باشند. تنها بازیکنانی را جذب خواهیم کرد که بتوانند کیفیت تیم را افزایش دهند.,ورزشی,6,200
به گزارش خبرنگار گروه ورزش باشگاه خبرنگاران جوان؛ عصر امروز (چهارشنبه۶ اردیبهشت) هتل عشق آباد میزبان کلاس مبارزه با دوپ-ن- بود و پاتریک شاماش رییس کمیسیون مبارزه با دوپ-ن- فدراسیون جهانی به عنوان مدرس در این جلسه حضور داشت. در این نشست مسئولان وزنه برداری ایران، کادرفنی تیم ملی و مسئولان و مربیان کشورهای آسیایی حاضر در رقابت‌های قهرمانی آسیا حضور داشتند. شاماش در این نشست موضوع‌های جدید فدراسیون جهانی در مقابله با دوپ-ن- را مطرح کرد و قوانین جدید را توضیح داد. همچنین لیست داروهای ممنوعه که به تازگی معرفی شده نیز اعلام شد. دکتر باقری نایب رییس فدراسیون وزنه برداری، سجاد انوشیروانی سرمربی تیم ملی، نواب نصیرشلال مشاور سرمربی تیم ملی و وحید ربیعی مربی تیم ملی و برخی دیگر از مسئولان ایرانی حضور داشتند. نکته جالب توجه در این نشست نکاتی بود که مسئولان و مربیان ایرانی در راه مقابله با دوپ-ن- به آن اشاره می‌کردند. سوال‌های مختلف مربیان و کادرهای فنی در راستای کنترل بهتر دوپ-ن- نشان می‌داد که ایران مبارزه با این معضل را در اولویت برنامه‌های خود قرار داده است و از بین بردن دوپ-ن- دغدغه اصلی وزنه برداری ایران است. در جریان این کلاس ارایه شدن مطالبی قدیمی بود که مربیان ایرانی به آن اشاره می‌کردند و اشراف خود به این مسئله را نشان می‌دادند. شایان ذکر است که تیم ملی وزنه برداری ایران تا ساعتی دیگر در سالن تمرین مسابقات حضور پیدا می‌کند و تمریناتش را ادامه می‌دهد و جابر بهروزی نیز اولین پولادمردی است که عصر امروز روی تخته می‌رود.,ورزشی,6,249
به گزارش خبرنگار فوتبال و فوتسال گروه ورزش باشگاه خبرنگاران جوان امسال کمیته پزشکی فدراسیون فوتبال همکاری گسترده‌ای با هیات فوتبال استان تهران برای جلوگیری از اتفاقات ناگوار در دربی انجام داد. از جمله این تمهیدات استقرار چهار پزشک، بیست پزشک سیار، پنج آمبولانس و دو اتاق پزشکی در استادیوم بود. هم چنین استقرار آمبولانس برای تماشاچیان در خارج از ورزشگاه نیز یکی دیگر از اقدامات این کمیته بود. توحید سیف رییس کمیته پزشکی فدراسیون فوتبال پس از دربی به خبرنگار ما گفت: خوش بختانه تلفات جانی نداشتیم. در طول بازی دویست و دوازده نفر به اورژانس استادیوم مراجعه کردند که به طور سرپایی درمان شدند. سیزده نفر نیز به دلیل حاد بودن وضعیتشان به بیمارستان منتقل شدند. شایع‌ترین مصدومیت‌ها در میان سیزده نفر انتقال یافته به بیمارستان در درجه مصدومیت‌های عضلانی و استخوانی ناشی از فشار جمعیت و شکستن میله‌ها بود. در درجه دوم تشنج ناشی از استفاده از داروهای غیرمجاز و سومین مورد بیماری‌های قلبی و درد در قفسه سینه بود. مصدومیت جدی نداشتیم و حال مصدومان رو به بهبودی است. در مقایسه با دربی قبلی تعداد مصدومان کاهش یافته بود. وی ادامه داد: از اورژانس ۱۱۵ مستقر در میان تماشاچیان و استادیوم که برای رسیدگی به همه افراد حاضر قبل، حین و بعد از مسابقه در ورزشگاه تلاش کردند سپاس گزارم.,ورزشی,6,214
به گزارش خبرنگار حوزه دنیای ورزش گروه ورزشی باشگاه خبرنگاران جوان، به نقل از فور فور تو، زلاتکو کرانچار (سرمربی سابق پرسپولیس و سپاهان – م) تنها پس از دو ماه مربی‌گری در تیم دینامو زاگرب ار هدایت این تیم استعفا داد. تیم زاگرب در سه بازی اخیر خودش که مهمترین آن باخت مقابل لیون در لیگ قهرمانان اروپا بود، مغلوب شده است. اگرچه تیم کرانچار در رتبه سوم لیگ کرواسی قرار دارد و تنها ۴ امتیاز با صدر جدول فاصله دارد، اما وی تصمیم به کناره گیری از سمت سرمربی‌گری اش گرفته است. وی در این باره بیان کرده است: نتایجی که اخیرا به دست آورده‌ایم نا امید کننده بوده‌اند. به خاطر عشقی که این باشگاه دارم و به خاطر هواداران دوست داشتنی اش، تصمیم گرفته‌ام که استعفا بدهم. فشار بسیار زیادی را تحمل می‌کنم و ترجیح می‌دهم که جای خودم را به شخص دیگری بدهم. از تماشاچیان، رسانه‌ها و بازیکنان تشکر می‌کنم. انتهای پیام /,ورزشی,6,157
به گزارش خبرنگار ورزشی باشگاه خبرنگاران، به نقل از پایگاه خبری کالچونیوز در پی شکست میلان مقابل تیم ساسوئولو و تنزل بیشتر این تیم در جدول رده بندی باربارا برلوسکنی عضو هیات رئیسه باشگاه میلان بعد از شکست سنگین تیمش مقابل تیم ساسوئولو خاطر نشان کرد: شبی بسیار ناراحت کننده و تاسف بار برای میلان و بازیکنانش بود و من تنها چیزی که می‌توانم بگویم در این شرایط فعلی این است که ایجاد تغییرات اساسی در تیم کاملا ضروری بوده و باید هرچه سریعتر انجام شود. ما نباید بیشتر از این زمینه ناراحتی و تاسف هواداران خودرا فراهم کنیم و باید هر چه سریعتر درمورد شرایط بوجود آمده تصمیم گیری کرده تا زمینه موفقیت میلان در ادامه فصل فراهم شود.,ورزشی,6,120
به گزارش گروه ورزش باشگاه خبرنگاران؛ به نقل از سایت رسمی باشگاه پرسپولیس، سرخپوشان از ساعت ۱۱ امروز در جلسه‌ای فنی گرد هم آمدند تا به توضیحات و توصیه‌های کادر فنی گوش بدهند. برانکو ایوانکوویچ در این جلسه ضمن اشاراتی به عملکرد تیم در بازی قبل و توصیه‌هایی در این ارتباط به سرخپوشان، به آنالیز بازی تیم الوحده پرداخت و نقاط ضعف و قوت‌های این تیم را برای بازیکنانش تشریح کرد. سرمربی پرسپولیس همچنین در مورد ویژگی‌های فردی بعضی بازیکنان این تیم و نحوه رویارویی با آنها نیز مواردی را متذکر شد. گفتنی است؛ این جلسه فنی در حالی برگزار شد که در جریان تمرینات، برانکو بر اساس انتظارات خود از سرخپوشان در بازی با الوحده و با توجه به آنالیز بازی‌های آن تیم، برنامه‌هایی را تدارک دیده است.,ورزشی,6,129
به گزارش گروه ورزشی باشگاه خبرنگاران مایکل اومانا افزود: دربی، دیداری است که با بازی‌های دیگر قابل مقایسه نیست ولی حالا دربی در مسیر اهداف بزرگتر تیم ما قرار گرفته است و به همین دلیل فکر می‌کنم ما شرایط خوبی برای این بازی داریم. پرسپولیس روند خوبی پیدا کرده و من امیدوارم نتایج خوبی در بازی‌های بعدی بگیریم. خیلی خوشحال هستم که شرایط برای ما تغییر کرد و اکنون شانس و اقبال خیلی خوبی داریم تا خودمان را در جدول بالا و بالاتر بکشیم. دربی هم بازی مهم و سختی است ولی ما می‌توانیم به برد برسیم و باز چند پله‌ای بالاتر برویم. وی درباره تحلیل خود از تغییر روند نتیجه‌گیری پرسپولیس ادامه داد: من با بن‌سون هم عقیده هستم. گاهی شما همه کارهای لازم را انجام می‌دهید و خوب بازی می‌کنید ولی همه عوامل دیگر در کنار هم مانع می‌شود. ما چنین شرایطی داشتیم. لیگ را خوب شروع نکردیم. فشار زیاد بود ولی همه می‌دانستیم واقعیت تیم ما چیست و فقط می‌خواستیم به این واقعیت نزدیک شویم. البته هنوز تا نشان دادن این واقعیت فاصله داریم و باید چند هفته دیگر صبر کرد. اومانا درباره دلیل و وضعیت آسیب‌دیدگی خود خاطر نشان کرد: در جریان یکی از تمرینات، روی یک چرخش احساس کردم تیری به زانویم شلیک شده است ولی حالا بهتر هستم و احساس خوبی دارم. احتمالا تا یک هفته دیگر به تمرینات باز خواهم گشت تا برای بازی‌های آینده آماده شوم. مدافع میانی سرخپوشان درباره عدم دعوت به تیم ملی کشورش در ماه‌های اخیر تصریح کرد: مربی تیم ملی ما عوض شده و او برنامه‌های خود را دنبال می‌کند، من هم به نظر سرمربی احترام می‌گذارم. بعد از حضور او، دعوت نشده‌ام و نمی‌دانم در آینده چه اتفاقی روی خواهد داد.,ورزشی,6,284
به گزارش خبرنگار دنیای ورزش گروه ورزشی باشگاه خبرنگاران جوان، تازه‌ترین رده بندی تیم‌های ملی فوتبال جهان روز پنج شنبه ۱۰ آگوست از سوی فیفا به طور رسمی اعلام خواهد شد اما مطابق ماه‌های گذشته با بهره گیری از الگوهای امتیاز دهی، جایگاه غیر رسمی تیم‌ها تقریبا قابل سنجش است. در این میان سایتESPNگزارشی از رنکینگ جدید فیفا در ماه آگوست تهیه کرده و در این گزارش پیش بینی کرده تیم ملی فوتبال ایراننسبت به رده بندی ماه قبل یک پله نزول خواهد کرد و در رده بندی جدید در جایگاه بیست و چهارم قرار خواهد گرفت. بر اساس گزارش این سایت، ایران در رده بندی جدید فیفا همچنان در رده اول آسیا باقی خواهد ماند. بر اساس گزارش ESPN برزیل که ماه قبل به رتبه دوم سقوط کرده بود، با سبقت از آلمان صدر نشین رده بندی ماه آگوست خواهد بود و تیم‌های آلمان و آرژانتین در رتبه‌های دوم و سوم قرار خواهند گرفت. بر این اساس ۲۰ تیم برتر جهان در تازه‌ترین رنکینگ فیفا به ترتیب زیر خواهند بود: ۱ برزیل۲ آلمان۳ آرژانتین۴ سوئیس۵ لهستان۶ پرتغال۷ شیلی۸ کلمبیا۹ بلژیک۱۰ فرانسه۱۱ اسپ-ن-ا۱۲ ایتالیا۱۳ انگلستان۱۴ مکزیک۱۵ پرو۱۶ کرواسی۱۷ اروگوئه۱۸ ولز۱۹ سوئد۲۰ ایسلند,ورزشی,6,192
به گزارش گروه ورزشی باشگاه خبرنگاران؛ با پایان یافتن دومین مرحله از تمرینات تیم ملی، هادی رضایی، سرمربی تیم ملی والیبال نشسته گفت: با توجه به اینکه تمرینات تیم‌های ملی الف و ب به موازات هم برگزار می‌شود و در هر دو تیم نیروهای خوبی را در اختیار داریم، این امکان وجود دارد که بتوانیم نسبت به انتخاب جابه جایی بازیکنان اقدام کنیم. سرمربی تیم ملی افزود: رقابت خوبی بین بازیکنان قدیمی و جوان ایجاد شده و این رقابت به پویایی بیشتر تمرینات تیم ملی کمک می‌کند و در اختیار داشتن همزمان استعداد جوانان و تجربه بازیکنان قدیمی‌تر، امتیاز مثبتی محسوب می‌شود. وی گفت: تا پایان سال ۸ مرحله دیگر اردوی آمادگی پیش بینی شده و در نیمه دوم سال نیز در نظر داریم در دیداری تدارکاتی شرکت کنیم که هنوز برنامه آن مشخص نشده است. رضایی در پایان افزود: در این مرحله از تمرینات شرایط بدنی ورزشکاران مورد سنجش قرار گرفت و برای هر یک از بازیکنان جدول ویژه‌ای در این خصوص تنظیم شد. دومین مرحله تمرینات تیم ملی ۱۴ خرداد ماه پایان یافت و مرحله بعدی آن پس از ماه مبارک رمضان برگزار خواهد شد.,ورزشی,6,187
به گزارش خبرنگار ورزشی باشگاه خبرنگاران؛ محمد یوسف وند بازیکن هفت الماس قزوین که در دیدار مقابل پمینا ۲۲ امتیاز، ۹ ریباند، ۳ پاس گل و ۳ توپربایی را ثبت کرد با تاثیرگذاری ۳۴ عنوان موثرترین بازیکن هفته دهم جام ملی را به خود اختصاص داد. یونس لاله زاده بازیکن نفت آبادان هم با ۲۸ امتیاز، ۴ ریباند، ۳ پاس گل، ۵ توپربایی و ۲ بلاک شات مقابل شهرداری گرگان، دومین بازیکن تاثیرگذار و بهترین امتیازآور هفته بود. برترین‌های سایر شاخص‌های آماریتوپربایی: یونس لاله زاده و مهدی برون با ۵ توپرباییریباند: اصغر کاردوست با ۱۸ ریباندپاس گل: مهدی زکی زاده با ۶ پاسبرترین‌های آماری ۴ بازی هفته دهمثامن ۶۴ - ۸۰ مهرامثامن: صالح فروتن با ۱۵ امتیاز و ۷ ریباند؛ محمد خالقی فر با ۱۲ امتیاز و ۳ ریباندمهرام: سجاد مشایخی با ۱۷ امتیاز، ۳ ریباند و ۳ توپربایی؛ موسی نبی پور با ۱۶ امتیاز و ۴ ریباندصنایع ماهشهر ۴۳ - ۷۱ دانشگاه آزادصنایع: فرید حقایقی با ۱۵ امتیاز؛ امین باغلانی با ۱۳ امتیاز و ۶ ریبانددانشگاه آزاد: حامد حسین زاده با ۱۱ امتیاز، ۳ ریباند، ۴ پاس گل و ۳ توپربایی؛ رسول مظفری با ۱۳ امتیاز، ۳ ریباند و ۳ توپربایی؛ حسن رحمتی با ۱۳ امتیاز و ۱۲ ریباندگرگان ۶۸- ۷۳ نفت آبادانگرگان: محمد زارعی با ۱۹ امتیاز و ۵ ریباند؛ پویا تاجیک با ۱۴ امتیاز، ۹ ریباند و ۳ پاس گلنفت آبادان: یونس لاله زاده با ۲۸ امتیاز، ۴ ریباند، ۳ پاس گل و ۵ توپربایی؛ اصغر کاردوست با ۱۰ امتیاز و ۱۸ ریباندپمینا ۷۶-۸۵ هفت الماسپمینا: ایمان زندی با ۲۰ امتیاز، ۴ ریباند و ۳ پاس گل؛ رامین هنرمند با ۱۴ امتیاز، ۳ ریباند و ۳ توپرباییهفت الماس: محمد یوسف وند با ۲۲ امتیاز، ۹ ریباند، ۳ توپربایی و ۳ پاس گل؛ وحید اسلامی با ۱۴ امتیاز، ۳ ریباند و۳ پاس گلانتهای پیام/,ورزشی,6,296
به گزارش خبرنگار حوزه دنیای ورزش گروه ورزشی باشگاه خبرنگاران جوان، پس از کناره گیری استفن کری از شرکت در بازی‌های المپیک ریو، جیمز هاردن و راسل وستبروک نیز از حضور در مسابقات المپیک برزیل سر باز زدند. جیمز هاردن بازیکن تیم هیوستون راکتس با انتشار پیامی اعلام کرده است که پس از گفتگو با خانواده و مشاورانش به این نتیجه رسیده است که به برزیل سفر نکند. اما راسل وستبروک درباره علت تصمیم خود هیچ توضیحی را ارائه نداده است. به نظر می‌رسد ورزشکاران المپیکی به علت ترس از شیوع ویروس کشنده زیکا در کشور برزیل، قصد شرکت در بازی‌های المپیک ریو را ندارند. با این حال سه بسکتبالیست یاد شده اعلام کرده‌اند که قصد استراحت و تمرکز بر روی فصل آینده NBA را دارند.,ورزشی,6,126
پریرا مهاجم سپاهان با وجود قرارداد یک ساله با سپاهان از لحاظ مالى با این تیم به توافق نرسیده است چرا که مسئولان سپاهان خواستار کاهش قرارداد این بازیکن هستند. براین اساس سپاهانى‌ها قصد دارند با موافقت ویسى، پریرا را با بازیکن ذوب آهن معاوضه کنند. به هر حال باشگاه ذوب آهن هنوز در مورد معاوضه پریرا با حسن زاده موافقتشان را اعلام نکردند. انتهاى پیام / پریرا مهاجم سپاهان با وجود قرارداد یک ساله با سپاهان از لحاظ مالى با این تیم به توافق نرسیده است چرا که مسئولان سپاهان خواستار کاهش قرارداد این بازیکن هستند. براین اساس سپاهانى‌ها قصد دارند با موافقت ویسى، پریرا را با بازیکن ذوب آهن معاوضه کنند. به هر حال باشگاه ذوب آهن هنوز در مورد معاوضه پریرا با حسن زاده موافقتشان را اعلام نکردند. انتهاى پیام /,ورزشی,6,134
در اوایل تابستان گذشته خبری مبنی بر توقف پروژه موبایل تاشوی مایکروسافت موسوم به آندرومدا منتشر شد که امید کاربران علاقمند به این گجت را بر باد داد. حالا اما مشاهده فایل‌های مرتبط به این دستگاه در قالب بسته زبان سیستم عامل اندرومدا در فروشگاه مایکروسافت از ادامه این پروژه حکایت دارد. بر اساس رشته‌های متنی موجود در بسته زبان، دستگاه تاشوی مذکور یک موبایل است و در آن به شماره گیر، قابلیت برقراری تماس تلفنی، و ضبط خودکار مکالمات نیز اشاره شده و ظاهرا کمپ-ن- ردموندی در حال تست این سیستم عامل است. ظاهرا موبایل آندرومدا دارای دو نمایشگر مقابل هم و یک نمایشگر سوم خواهد بود که با دو بار ضربه زدن روی آن خاموش می‌شود. این دستگاه منحصر به فرد از اپلیکیشن‌های پلتفرم عمومی ویندوز پشتیبانی خواهد کرد و با توجه به مشخصات و قابلیت‌های ویژه آن از اپ‌های به خصوصی نیز بهره خواهد برد. موبایل مبتنی بر سیستم عامل آندرومدا به کاربر اجازه می‌دهد با ترسیم شکلی خاص روی نمایشگر از آن اسکرین شات تهیه کند. علاوه بر این فایل‌های منتشر شده حاکی از امکان بازگشایی دستگاه با استفاده از سنسور اثر انگشت و اسکنر عنبیه چشم هستند. ویژگی دیگری که در این اسناد ارایٔه شده Productivity نام دارد که از طریق آن می‌توان موبایل را به مانیتوری بزرگتر متصل کرد. شاید امسال شاهد معرفی موبایل تاشوی مایکروسافت نباشیم اما تست سیستم عامل این دستگاه حاکی از تمرکز متخصصان مایکروسافت روی پروژه آندرومدا بوده و احتمالا در آینده نزدیک خبرهایی بیشتری از آن منتشر خواهد شد. دوماه قبل نیز پ-ن-ی از گجت تاشوی مایکروسافت منتشر شد که قابلیت‌های منحصر به فردی نظیر ورق زدن را توضیح می‌داد که از طریق لولای میان دو نمایشگر میسر می‌شود. تماشا کنید: نگاه نزدیک به مایکروسافت سرفیس لپ تاپ ی,علمی فناوری,4,290
آرژانتین قرار است به قلمرویی ویژه برای تولید کنندگان دستگاه‌های خودپرداز بیت کوین بدل شود و در ماه‌های آتی میزان دستگاه‌های BATM را به ۱۶۰۰ عدد برساند. کشور واقع در آمریکای جنوبی قرار است تا انتهای سال جاری میلادی ۳۰ دستگاه ATM مرتبط با ارز دیجیتال بیت کوین (BATM) را دریافت کند. در نهایت قرار است این میزان تا انتهای سال ۲۰۱۹ به ۱۶۰۰ عدد افزایش یابد. شرکت Odyssey Group از سازندگان دستگاه‌های خودپرداز بیت کوین در ایالات متحده قصد دارد تا انتهای سال جاری میلادی ۱۵۰ دستگاه را در آرژانتین نصب کند. البته قرار است بیشتر این دستگاه‌ها کار خود را از اوایل ۲۰۱۹ آغاز کنند. اولین دستگاه ATM مرتبط با این ارز دیجیتال در آرژانتین در سال جاری میلادی توسط شرکت آتنا بیت کوین نصب شد. تنها در سال ۲۰۱۸ پزو واحد پول آرژانتین ۵۰ درصد از ارزش خود در برابر دلار را از دست داده است. سازندگان خودپرداز بیت کوین این موضوع را به عنوان فرصتی می‌بینند تا به این طریق بتوانند بیت کوین را به عنوان ارزی جایگزین ارایٔه دهند. به گفته مدیر عملیات آرژانتین شرکت آتنا بیت کوین با کاهش ارزش پزو افزایش قابل توجهی در معاملات بیت کوین در این کشور مشاهده شده است. اما از سوی دیگر باید اشاره کرد که اجماع نظری در این باره وجود ندارد که آیا سرمایه گذاری در ارزهای دیجیتال می‌تواند از سرمایه گذاران در برابر کاهش ارزش ارزها محافظت کند یا خیر. فراموش نکنیم که خود این ارزها از جمله بیت کوین نیز نوسانات قابل توجهی را تجربه کرده‌اند. دستگاه‌های شرکت آتنا گروپ تنها امکان تراکنش‌های بانکی را فراهم می‌کند در حالی که دستگاه‌های اودیسه گروپ اجازه تراکنش‌های بانک‌های سنتی را نیز به کاربران می‌دهد. تماشا کنید: نابودی خودکار یکی از آثار بنکسی در حراجی لندن,علمی فناوری,4,289
به گزارش خبرآنلاین، دکتر وی بایٔو از دانشگاه آیووا می‌گوید مردم می‌دانند غذای سرخ‌کردنی پیام منفی برای سلامتی آن‌ها دارد اما شواهد علمی کمی برای نشان دادن اثرات نامطلوب درازمدت در مورد غذاهای سرخ‌کردنی وجود دارد. {لینک} {لینک} وی افزود به‌طورکلی متوجه شده‌ایم که مصرف غذای سرخ‌شده با مرگ‌ومیر کلی رابطه دارد. این گروه تحقیق اطلاعات ۱۰۷ هزار زن ۵۰ تا ۷۹ سال را به مدت ۲۰ سال از ۱۹۹۰ تا ۲۰۱۷ بررسی کردند که در این فاصله ۳۱۵۰۰ نفرشان فوت‌شده بودند. کسانی که گزارش داده بودند که هرروز سرخ‌کردنی می‌خورند، ۸ درصد بیشتر از سایرین دچار مرگ زودرس و به‌ویژه بیماری‌های قلبی-عروقی شدند. نکته قابل‌توجه اینکه علی‌رغم تحقیقات قبلی، سرخ‌کردنی‌ها باعث مرگ ناشی از سرطان نمی‌شوند. هرچند نوع غذا در پیشگیری از سرطان نقش دارد، اما در این مورد به‌خصوص حیاتی نیست. نکته مهم دیگر اینکه در میان سرخ‌کردنی‌ها مرغ و ماهی سرخ‌کرده بیشتر از سایر غذاهای مشابه، در مرگ زودرس نقش دارند. استفاده دوباره از روغن سرخ‌کردنی در رستوران‌ها دراین‌بین نقش اصلی در انتقال را دارد. تحقیقات دیگر ارتباط میان غذاهای سرخ‌کردنی و چاقی، دیابت نوع ۲ و یا بیماری‌های قلبی را متذکر می‌شوند اما واقعیت این است که به گفته محققان ۴۰ درصد از آمریکایی‌ها هرروز فست فود می‌خورند. ۵۶۵۶,علمی فناوری,4,203
هواوی عضو جدیدی به مجموعه تبلت‌های سری مدیا پد افزوده: مدیا پد ام ۵ لایت، میان رده‌ای با ۴ اسپیکر. شاخص‌ترین مشخصه این محصول همان اسپیکرها است که با همکاری هارمان کاردن تولید شده است. نمایشگر ۱۰-۱ اینچی با رزولوشن ۱۹۲۰ در ۱۲۰۰ پیکسلی و با نسبت ۱۶ به ۱۰ است. چیپست در نظر گرفته شده برای این محصول کایرین ۶۵۹ است که ۳ گیگابایت رم به همراه ۳۲ گیگابایت حافظه داخلی آن را همراهی می‌کند. البته نسخه‌ای با ۴ گیگابایت رم و ۶۴ گیگابایت حافظه داخلی هم در نظر گرفته شده است. هواوی همچنین یک قلم ام پ-ن-لایت با پشتیبانی از ۲۰۴۸ سطح فشار را هم برای مدیا پد ام ۵ لایت ارایٔه می‌کند که البته در برخی مناطق باید مبلغی اضافی برای آن بپردازید و در برخی دیگر در جعبه تبلت قرار داده می‌شود. باتری ۷۵۰۰ میلی آمپر ساعتی است که به لطف فناوری شارژ سریع می‌تواند در عرض کمتر از ۳ ساعت به طور کامل شارژ شود. این تبلت با اندروید ۸ به دست خریداران می‌رسد مدیا پد ام ۵ لایت قرار است در رنگ‌های طلایی و خاکستری روانه بازار شود البته قیمت و زمان عرضه آن هنوز مشخص نشده است.,علمی فناوری,4,194
یک شرکت آمریکایی دستگاهی تولید کرده است که جا ماندن کودکان در ماشین را هشدار می‌دهد. به گزارش ایسنا و به نقل از گیزمگ، گاهی اوقات خبرهایی از مرگ کودکان در ماشین به گوش می‌رسد که علت مرگ نیز گرمای درون ماشین اعلام می‌شود. زمانی که این اخبار به گوش ما می‌رسد، بی مسئولیتی والدین را عامل مرگ کودک می‌دانیم. گاهی اوقات این اتفاق علاوه بر کودکان برای حیوانات خانگی نیز می‌افتد و راننده فراموش می‌کند که یک مسافر دیگر نیز در ماشین داشته است. حال یک شرکت آمریکایی دستگاهی به نام Payton's Charm تولید کرده است که حضور کودکان در ماشین را هشدار می‌دهد. این دستگاه زمانی ساخته شد که یک دختر بچه در ماشین جا مانده بود و بر اثر گرما، جان خود را از دست داد. این دستگاه به سوکت برق خودرو وصل می‌شود و با شارژ باتری نیز تا یک ماه کار می‌کند. زمانی که خودرو از حرکت متوقف شد، یک شتاب سنج این توقف را تعیین می‌کند. دستگاه قادر است میزان دمای خودرو و مقدار کربن دی اکسید را تشخیص دهد. اگر میزان کربن دی اکسید حاکی از آن بود که یک کودک درون ماشین است و درجه حرارت درون خودرو نیز بالا بود، Payton's Charm به گوشی هوشمند صاحب خودرو یک پیام هشدار ارسال می‌کند. اگر راننده خودرو به پیام هشدار ارسال شده جوابی نفرستاد، پیام هشدار دوم به شماره‌ای دیگر ارسال می‌شود. قیمت این دستگاه ۳۴۹ دلار تعیین شده است.,علمی فناوری,4,237
به گزارش خبرنگار گروه علمی و دانشگاهی خبرگزاری فارس به نقل از topuniversities، نتایج یک بررسی جدید که توسط آموزش عالی انگلیس صورت گرفته بیانگر آن است که دانشجویان این کشور در هفته دست کم ۱۰۰ پ-ن- اجاره خانه پرداخت می‌کنند. پرداخت اجاره خانه در لندن و جنوب شرقی انگلیس به مراتب بدتر از دیگر منطقه‌های این کشور است؛ در لندن دانشجویان علاوه بر اینکه با هزینه‌های بیشتری مواجه هستند، با حقوق کم خود بهای بیشتری برای اجاره پرداخت می‌کنند. آمارها حاکی از آن است که بیش از ۸۰ درصد دانشجویان در فراتر از ۱۰۰ پ-ن- برای اجاره خانه پرداخت می‌کنند و این در شرایطی است که بسیاری از آنها حتی از داشتن شغل نیمه وقت محروم هستند. آموزش عالی انگلیس در بررسی‌های خود دریافت، ۴۸ درصد دانشجویان به طور نیمه وقت کار می‌کنند و حدود ۱۹ درصد تنها در روزهای تعطیل صاحب درآمد هستند. در سال جاری، اتحادیه ملی دانشجویان برای سومین سال متوالی اعتصاب اجاره را پشت سر گذاشت. معترضان تابستان گذشته در لندن، مجبور شدند کالج لندن دانشگاه را ترک کنند تا هزینه اجاره خانه را پرداخت کنند. انتهای پیام/,علمی فناوری,4,183
به گزارش خبرآنلاین، ماه‌گرفتگی کامل ۶۲ دقیقه‌ای روز ۲۱ ژانویه در مناطق آمریکا به‌خوبی دیده می‌شود اما سایر نقاط ازجمله ایران تنها چند دقیقه اول صبح هنگامی‌که ماه غروب کرده و خورشید می‌آید، به‌صورت بسیار جزیٔی آن را مشاهده می‌کنند. {لینک} بر اساس اعلام مرکز تقویم مؤسسه ژیٔوفیزیک دانشگاه تهران، روز دوشنبه اول بهمن ۱۳۹۷، از ساعت ۰۷:۰۴ صبح، ماه‌گرفتگی آغازشده و ماه در تهران در ساعت ۰۷:۱۳ دقیقه غروب می‌کند. از همه مهم‌تر گرفتگی کلی در ساعت ۰۸:۱۱ دقیقه صورت می‌پذیرد و به دلیل اینکه ماه در این زمان در تمام پ-ن- ایران غروب کرده است؛ در هیچ نقطه‌ای از کشور این مرحله از گرفتگی قابل‌مشاهده نیست. گفتنی است هنگام وقوع، زمین میان خورشید و ماه قرارگرفته و نور خورشید از طریق جو زمین فیلتر شده و چهره ماه به سرخی می‌زند. ۵۶۵۶,علمی فناوری,4,134
به گزارش خبرآنلاین، آپوفیس به گفته این محققان در قرن آینده فرصت‌های زیادی برای ضربه زدن به زمین خواهد داشت. {لینک} آپوفیس که برگرفته از نام خدای شیطان، تاریکی و تخریب است با نام علمی Apophis ۹۹۹۴۲ در سال ۲۰۲۹ به فاصله ۳۷ هزار کیلومتری زمین می‌رسد که این معادل یک‌دهم فاصله ما با ماه است. محققان دپارتمان مکانیک سماوی دانشگاه دولتی سن‌پترزبورگ هشدار می‌دهند که ممکن است این سیارک با سرعت کیلومتر بر ثانیه حوالی سال ۲۰۶۸ با زمین برخورد کند. بااین‌حال در سال ۲۰۲۹ پروازی نزدیک به زمین خواهد داشت و می‌تواند دلهره‌آور باشد. به همین دلیل محققان دانشگاه Tomsk در سیبریه از طریق ابرکامپیوتر محاسباتی انجام داده تا بتوانند به وسیله سلاح هسته‌ای در زمان لازم این سیارک را تخریب کرده و مانع از برخورد آن با زمین شوند. ۵۶۵۶,علمی فناوری,4,133
مطالعات جدید نشان می‌دهد که هرچه‌ قدر تعداد سلول‌های مغزی انسان بیشتر باشد، خطر ابتلا به سرطان مغز بیشتر می‌شود. ایون هاویگ فیلینگن (Even Hovig Fyllingen) کاندیدای دکتری دانشگاه علم و فناوری نروژ (NTNU) اظهار کرد، داشتن یک مغز بزرگ به معنی داشتن سلول‌های مغزی زیاد است- این سلول‌های زیاد مغزی نیز می‌توانند تقسیم سلولی زیاد داشته باشند- اگر در روند این تقسیم سلولی یک جهش ایجاد شود، این امر منجر به بروز سرطان می‌شود- سرطان مغز جزو سرطان‌های نادر است ولی اگر فردی به این بیماری مبتلا شود، احتمال زنده ماندن فرد نسبتا کم خواهد بود- مطالعات متعدد نشان می‌دهد که اندازه اندام‌های مختلف بدن عاملی مهم در ابتلا به سرطان به حساب می‌آید- به طور مثال، زنانی که سینه بزرگتری داشته باشند، خطر ابتلا به سرطان سینه در آنها بیشتر است- محققان این مطالعه از داده‌های موجود در مرکز بهداشت Nord-Trondelag استفاده کردند- این داده‌ها از هزاران نروژی گردآوری شده بود- این اطلاعات از افرادی بود که طی سال‌های ۲۰۰۷ تا ۲۰۱۵ میلادی دچار تومور مغزی بودند- محققان برای اندازه‌گیری اندازه مغز، از اسکن ام‌آرآی (MRI) استفاده کردند. سپس از این اسکن‌ها یک مدل سه‌بعدی ساختند تا حجم داخل مغز میلی‌متری اندازه‌گیری شود. این مطالعات همچنین نشان داد، مردان بیشتر از زنان به تومور مغزی دچار می‌شوند. فیلینگن گفت: این امر به این دلیل است که بدن مردان بزرگتر از زنان است بنابر این مغز بزرگ‌تری دارند. البته این به این معنا نیست که مردان باهوش‌تر از زنان هستند. این در حالی است که زنانی که مغز بزرگی دارند، در مقایسه با مردانی که مغز بزرگی دارند، با احتمال بیشتری به تومور مغزی مبتلا می‌شوند. ۵۶۵۶,علمی فناوری,4,268
سیستم تشخیص چهره دو بعدی که سال‌ها است در بسیاری از گوشی‌های اندرویدی استفاده می‌شود چندان هم امن نیست. اپل اولین سیستم‌های مبتنی بر اسکن چهره ۳ بعدی یا Face ID را معرفی کرد که اگر چه مشکلاتی داشت اما به اندازه کافی و تقریبا در حد حسگر اثر انگشت امن بود اما ظاهرا سیستم تشخیص چهره جدیدترین گوشی هواوی، میت ۲۰ پرو هم به راحتی فریب می‌خورد. دو فرد آلمانی موفق شده‌اند از سد سیستم امنیتی تشخیص چهره میت ۲۰ پرو گذر کنند؛ آن هم در حالی که تنها چهره یکی از آنها در گوشی تعریف شده بود. میت ۲۰ پرو از سیستم تشخیص چهره سه بعدی بهره می‌برد و از نظر تیٔوری انتظار می‌رود نرخ خطای آن یک در هر یک میلیون باشد. علاوه بر این دو فردی که میت ۲۰ پرو را فریب داده‌اند دوقلو یا خواهر یا برادر هم نیستند و حتی نسبت خانوادگی با هم ندارند. این دو تنها موی کوتاه و ریش مشابه با هم دارند و یکی از آنها عینک به چشم می‌زند. همچنین برای اطمینان از این موضوع دو گوشی مختلف میت ۲۰ پرو را آزمایش کرده‌اند. در تماسی که با هواوی در مورد این موضوع صورت گرفته پاسخگویی به آینده موکول شده است. البته گفته می‌شود که خوشبختانه این موضوعی است که با ارایٔه آپدیت‌های نرم افزاری قابل حل است و ناشی از سخت افزار نیست اما در هر حال اینکه چنین موضوعی چطور از آزمایشگاه‌های هواوی گذر کرده جای تعجب دارد.,علمی فناوری,4,241
پس از گذشت مدت‌های طولانی و تاخیرهای چندباره، سرانجام موسسه ۳GPP (گروهی بین المللی که مسیٔول تدوین استانداردها برای شبکه‌های سلولار است) تدوین استانداردهای لازم برای ابزارهای مستقل مبتنی بر رادیوی جدید شبکه ۵G موسوم به ۵G NR را به پایان رساند. لازم به ذکر است که ۳GPP تدوین استانداردها برای شبکه ۵G را برای ابزارهای مستقل در دسامبر سال گذشته میلادی به انجام رسانده بود، اما تعریف استانداردها برای ابزارهای مستقل، به دلیل پیچیدگی‌های بیشتر سخت افزاری تا به امروز به طول انجامید. ابزارهای غیر مستقل ۵G امکان نصب روی تجهیزات شبکه فعلی LTE و ارتقای آنها به نسل بعد را دارا هستند، اما با ابزارهای مستقل می‌تواند به طور جداگانه شبکه‌های مخابراتی نسل پنجم را راه اندازی نمود. با تکمیل استاندارد سازی مشخصات در تجهیزات شبکه، به طور رسمی توسعه و آماده سازی فناوری ۵G به اتمام رسیده و کار وارد حوزه توسعه سخت افزارهای سمت کاربر از جمله چیپ‌ها، مودم‌ها، موبایل‌ها و آنتن‌های سازگار با این استانداردها می‌شود. اگر روند کارها با همین سرعت به پیش برود، وعده‌های پیشین کمپ-ن-‌ها برای ورود به عصر ۵G در واخر سال یییی به هیچ وجه دور از دسترس نخواهد بود.,علمی فناوری,4,190
شرکت خودروسازی فولکس‌واگن امروز (سه‌شنبه) اعلام کرد که از باتری‌های شرکت تسلا موسوم به پاورپک (Powerpack) در بیش از ۱۰۰ ایستگاه شارژ خودروهای برقی در آمریکا استفاده خواهد کرد. این باتری‌ها در طول سال ۲۰۱۹ نصب می‌شوند و در مناطقی قرار می‌گیرند که تراکم بیشتری از خودروهای برقی وجود دارد. این باتری‌ها عمدتا در ایستگاه‌های شارژ کرانه غربی آمریکا نصب خواهند شد. باتری‌های پاورپک تسلا با ذخیره نیروی اضافی شبکه‌های تولید برق در ساعات خالی کار می‌کنند. این امر به ایستگاه‌های شارژ امکان می‌دهد تا تقاضا را به خوبی پاسخ دهند و از افزایش قیمت‌ها در ساعت‌های اوج مصرف جلوگیری می‌کند. این باتری‌ها در ایستگاه‌های شارژ با ظرفیت ۳۵۰ کیلووات‌ساعت استفاده می‌شوند و قادر به ارایٔه شارژ سریع ۲۱۰ کیلوواتی خواهند بود. شرکت فولکس‌واگن آمریکا در حال کار بر روی فراهم کردن زیرساخت‌های شارژ برقی خود و نصب حدود ۵۰۰ ایستگاه شارژ در سراسر این کشور از جمله اولین سری از آنها با ظرفیت ۳۵۰ کیلووات در کالیفرنیا است. با توجه به افزایش قابل توجه تعداد خودروهای برقی و از آنجایی که نیاز به ایستگاه‌های شارژ به سرعت در حال افزایش است، ماه گذشته تأسیسات شارژ فولکس‌واگن دچار قطعی شد. این مشکل چند روز بعد حل و فصل شد و شارژرها از آن زمان دوباره به صورت عادی خدمت‌رسانی می‌کنند. ۵۶۵۶,علمی فناوری,4,211
به گزارش خبرنگار گروه علمی و دانشگاهی خبرگزاری فارس به نقل از انگجت، تولید نمایشگرهایی با قلم الکترونیک که نوشتن بر روی آنها ممکن است، پدیده تازه‌ای نیست، اما نمایشگر تازه شرکت ای – اینک به شما امکان می‌دهد مانند یک کاغذ بر رویش بنویسید. این نمایشگر که جاست رایت نام دارد تجربه نوشتن را به صورت طبیعی برای شما به ارمغان می‌آورد. برای نوشتن با دست خط خود بر روی این نمایشگر نیازی به تابش نور از طریق نمایشگر یا افزوده شده لایه‌ای خاص به آن نیست و تقریبا هیچ فاصله زمانی میان زمانی که کاربر مطلبی را با دست بر روی نمایشگر می‌نویسد و زمانی که آن مطلب بر روی آن نمایش داده می‌شود، وجود ندارد. همچنین دقت این نمایشگر در زمینه نمایش اطلاعات واردشده با دست بالاست و دقیقا حروف و کلمات را با همان شیوه‌ای که توسط کاربر بر روی صفحه نمایشگر وارد شده، ترسیم می‌کند. نمایشگر یادشده به شکل خم شدنی طراحی شده و لذا در شرایط مختلف قابل استفاده بوده و بسیار انعطاف پذیر است. برای استفاده از این نمایشگر تنها نیاز به قلمی عادی دارید و البته اگر از قلم هایی با پ-ن-ی نوک متفاوت استفاده کنید، نتایج کار نیز بسیار متفاوت خواهد بود. این نمایشگر هنوز به طور عمومی عرضه نشده و مشخص نیست چه زمانی به بازار می‌آید، اما می‌توان تصور کرد که محصول یادشده کاربردهای پزشکی، آموزشی، تجاری و غیره گسترده‌ای در بازار پیدا کند و بتوان از آن برای نگارش محتوای مختلف بهره گرفت. انتهای پیام/,علمی فناوری,4,247
محققان از طریق ردگیری پروتیٔین‌ها در بدن موجودات زنده، پروتیٔین جدیدی موسوم به Matrin-۳ را شناسایی کردند که سرنوشت سلول‌های بنیادی عصبی را مشخص می‌کند. بر اساس این تحقیقات، کمبود پروتیٔین Matrin-۳ موجب اختلال در تبدیل سلول‌های بنیادی به سلول‌های عصبی و در نتیجه تخریب ساختار لایه‌ای مغز می‌شود. کاملا واضح است که وجود این پروتیٔین برای حفظ سلول‌های بنیادی موردنیاز برای رشد مغز نقش بسیار مهمی دارد. سلول‌های بنیادی عصبی پستانداران در دوره جنینی به سلول‌های عصبی بالغ مانند نورون‌ها و آستروسیت‌ها تبدیل شده و مغز را می‌سازند. این سلول‌ها توسط ترکیبی از ژن‌ها، فاکتورهای استنساخ و مسیرهای چندگانه انتقال سیگنال، هدایت می‌شوند. اما تاکنون در مورد مکانیزم‌های مولکولی موثر بر سرنوشت این سلول‌ها اطلاعات چندانی به دست نیامده است. درک چگونگی حفظ سلول‌های بنیادی در حالت نابالغ یا نحوه تشخیص نوع سلول‌های بالغی که قرار است این سلول‌های بنیادی به آن‌ها تبدیل شوند، دارای اهمیت بسیاری است. در این تحقیقات مشخص شد بخشی از دنباله اسید آمینه پروتیٔین Matrin-۳ وظیفه حفظ سلول‌های بنیادی عصبی را در حالت نابالغ بر عهده دارد. گزارش کامل این تحقیقات در نشریه Scientific Reports منتشر شده است. ۵۶۵۶,علمی فناوری,4,185
به تازگی یک آسیب پذیری در بخش مرتبط با حفاظت از حریم شخصی مک او اس موهاوی پیدا شده که می‌تواند امکان سوء استفاده هکرها از داده‌های کاربران را فراهم کند. پاتریک واردل، محقق امنیتی که بارها حفره‌های امنیتی سیستم عامل‌های مک را یافته، اخیرا نشان داده که چگونه قابلیت امنیتی جدیدترین سیستم عامل مک اپل می‌تواند داده‌های حساس کاربران از جمله دفترچه آدرس‌ها را مورد دسترسی قرار دهد. واردل مدعی است که موفق شده به اطلاعات تماس محرمانه کاربر از طریق اپلیکیشنی بدون نیاز به مجوز دسترسی ادمین دست بیابد. البته اشاره شده که این روش دور زدن قابلیت‌های امنیتی روی تمامی سیستم‌های حفاظتی تعبیه شده در مک او اس موهاوی و اجزای سخت افزاری از جمله وب کم کار نمی‌کند و به عبارتی این بخش‌ها تحت تأثیر قرار نمی‌گیرند. واردل جزیٔیاتی از نحوه این سوء استفاده را فاش نکرده ولی قصد دارد در ماه آتی میلادی (آبان تا آذر) این موارد را اعلام کند. در مک او اس موهاوی، اپل قابلیتی را به سیستم عامل خود افزوده که بر اساس آن برای دسترسی اپلیکیشن‌ها به داده‌های موقعیت، دوربین، لیست مخاطبین، تقویم، یادآورها، تاریخچه پیام‌ها، اطلاعات مرورگر سافاری، پایگاه داده ایمیل‌ها و دیگر داده‌های حساس از کاربر سوال می‌شود. به طور معمول انتظار می‌رود این قابلیت از دسترسی‌های غیر مجاز این چنینی که واردل به نمایش گذاشته جلوگیری کند ولی در عمل مشخص شده که این سیستم از حفره امنیتی رنج می‌برد. در حال حاضر اپل از این آسیب پذیری مطلع است و بنا دارد با ارایٔه روز رسانی بعدی برای مک او اس موهاوی آن را رفع کند. این نسخه از سیستم عامل اپل از دیروز دوم مهر ماه برای عموم عرضه شده است. تماشا کنید: بررسی قابلیت تشخیص افتادن اپل واچ سری ۴,علمی فناوری,4,286
شرکت لومی فرچه دستشویی هوشمندی تولید کرده که خود را به طور خودکار ضدعفونی می‌کند و قادر به پاکسازی محیط اطراف از تمامی آلودگی‌ها با استفاده از اشعه ماوراء بنفش است. به گزارش مهر به نقل از نیواطلس، دستشویی و حمام از جمله نقاطی از منزل است که احتمال وجود انواع آلودگی‌ها در آن وجود دارد و معمولا با استفاده از فرچه‌های عادی نمی‌توان به خوبی و با دقت این نوع محیط‌ها را تمیز کرد. اما فرچه هوشمند لومی نه تنها قادر به شناسایی و پاک کردن انواع آلودگی‌ها در محیط‌های مذکور است، بلکه می‌تواند محل نظافت شده را ضدعفونی هم بکند. این فرچه دارای یک سر قابل تعویض است که در سر آن یک لامپ ضدعفونی کننده ماوراء بنفش نصب شده که با تاباندن این نور به جهات مختلف تمامی میکروب‌ها و ذرات آلاینده را از بین می‌برد. نحوه تابش نور این فرچه به گونه‌ای است که که هیچ زاویه از دستشویی یا حمام را بدون نظافت باقی نمی‌گذارد. این فرچه دارای یک دریچه تخلیه هم هست که باعث می‌شود رطوبت و آب آن به سرعت تخلیه شده و فرچه به زودی خشک شده و برای استفاده مجدد آماده شود. مخزن تبخیر مخفی این فرچه هم خروج تمامی آب باقی مانده را تضمین می‌کند. فرچه یادشده با نصب یک باتری کوچک کار می‌کند و با لمس درب آن باز شدن و بعد از لمس مجدد بسته می‌شود. قیمت این فرچه که در زمستان امسال روانه بازار می‌شود ۴۰ دلار است.,علمی فناوری,4,241
حسین مهاجران رئیس اتحادیه میوه و سبزی در گفتگو با خبرنگار صنعت، تجارت و کشاورزی گروه اقتصادی باشگاه خبرنگاران جوان با بیان اینکه رکود سنگینی بر بازار حاکم است، اظهار داشت: با توجه به فرارسیدن تاسوعا و عاشورای حسینی تقاضای چندانی در بازار وجود ندارد. وی از ثبات قیمت میوه در این ایام خبر داد و گفت: تا پایان ایام محرم پیش بینی می‌شود که با فروانی عرضه و کاهش تقاضا قیمت‌ها تغییری نیابد. مهاجران با بیان اینکه هیچ کمبودی در زمینه میوه، صیفی و سبزی وجود ندارد، افزود: با توجه به افزایش تقاضا برای برخی محصولات صیفی و سبزی اما قیمت‌ها به سبب فراوانی محصول همانند سابق است. رئیس اتحادیه میوه و سبزی نرخ هر کیلو گوجه را از ۴۰۰ تا ۸۰۰ تومان اعلام کرد و گفت: هر کیلو خیار بوته‌ای ۳ الی ۳ هزار و ۵۰۰ تومان، گلخانه‌ای هزار الی هزار و ۵۰۰ تومان، سیب زمینی و پیاز ۶۰۰ تا ۸۰۰ تومان است. وی ادامه داد: قیمت هر کیلو موز ۳ هزار و ۵۰۰ الی ۴ هزار تومان، نارنگی ۲ الی ۳ هزار تومان، پرتقال جنوب ۲ هزار و ۵۰۰ الی ۳ هزار و ۵۰۰ تومان، گریپ فروت ۲ الی ۳ هزار تومان، انگور بی دانه ارومیه قرمز ۸ هزار تومان و انگور بی دانه سفید ارومیه ۶ هزار تومان است. مهاجران با بیان اینکه در حال حاضر نرخ هر کیلو سبزی خوردن را ۶۰۰ تا هزار و ۲۰۰ است، تصریح کرد: با توجه به فروانی عرضه محصول در این فصل هر کیلو سبزی جور (پلو، آش، قورمه) هزار تا هزار و ۵۰۰ تومان به فروش می‌رسد.,اقتصادی,1,259
به گزارش خبرنگار اقتصادی باشگاه خبرنگاران صالحی نماینده اتاق بازرگانی در نشست تخصصی حمایت از کسب و کار در صنعت آب و آبفا که در حاشیه دهمین نمایشگاه بین‌المللی صنعت آب برگزار شد گفت: باید با برنامه ریزی کاری کنیم که اتاق بازرگانی صرفا برای بازرگانان نباشد و صنعتگران نیز در آن حضور داشته باشند. وی ادامه داد: باید بخش خصوصی یکصدا شود چون چند صدایی موجب می‌شود دولت نتواند و یا نخواهد با بخش خصوصی تعامل کند. صالحی از تشکیل فدراسیون آب در اتاق خبر داد و گفت: اقدامات برای راه‌اندازی این فدراسیون انجام شده و در شرف برگزاری مجمع هستیم و همچنین یه دنبال تشکیل فدراسیون برق، نفت و گاز و پتروشیمی و مخابرات نیز هستیم که مجموعه این فدراسیون‌ها در آینده تبدیل به کنفدراسیون انرژی خواهد شد. وی تصریح کرد: طبق ماده دیگری اتاق اجازه داده که نسبت به تاسیس مرکز مطالعات کشاورزی و آب اقدام کنیم. صالحی بابیان اینکه اگر می‌خواهیم مقام اول اقتصاد را در منطقه داشته باشیم ابتدا باید جلوی هدر رفت انرژی را بگیریم افزود: باید به بخش خصوصی اجازه مانور داده شود و دولت رگلاتوری کند تا بخش خصوصی نیزبه خود بیاورد و کار را اجرا کند. انتهای پیام/,اقتصادی,1,197
حبوبات، برنج و خشکبار نخود ۹۰۰ (بسته‌ای/ریال) - (قیمت میدان میوه وتره بار) لوبیا چیتی ۹۰۰ گرمی (بسته‌ای/ریال) (قیمت میدان میوه وتره بار) لوبیا قرمز جگری ۹۰۰ گرمی (بسته‌ای/ریال) (قیمت میدان میوه وتره بار) لوبیا سفید ۹۰۰ گرمی (بسته‌ای/ریال) (قیمت میدان میوه وتره بار) لوبیا چشم بلبلی ۹۰۰ گرمی (بسته‌ای/ریال) (قیمت میدان میوه وتره بار) لپه آذر شهر ۹۰۰ گرمی (بسته‌ای/ریال) (قیمت میدان میوه وتره بار) ماش ۹۰۰ گرمی (بسته‌ای/ریال) (قیمت میدان میوه وتره بار) عدس درشت ۹۰۰ گرمی (بسته‌ای/ریال) (قیمت میدان میوه وتره بار) لیمو عمانی ۳۰۰ گرمی (بسته‌ای/ریال) (قیمت میدان میوه وتره بار) آلو بخارا درجه یک (کیلویی/ریال) (قیمت میدان میوه وتره بار) پسته اکبری (کیلویی/ریال) (قیمت میدان میوه وتره بار) تخمه آفتابگردان دورسفید (کیلویی/ریال) (قیمت میدان میوه وتره بار) تخمه جابانی شور (کیلویی/ریال) - (قیمت میدان میوه وتره بار) تخمه کدو درشت مرمری (کیلویی/ریال) - (قیمت میدان میوه وتره بار) کشمش پلویی (کیلویی/ریال) - (قیمت میدان میوه وتره بار) مغز گردو (کیلویی/ریال) - (قیمت میدان میوه وتره بار) رطب مضافتی بم (کیلویی/ریال) - (قیمت میدان میوه وتره بار) برنج هاشمی (کیلویی/ریال) - (قیمت میدان میوه وتره بار) برنج طارم اصل (کیلویی/ریال) - (قیمت میدان میوه وتره بار) برنج پاکستانی (کیلویی/ریال) (قیمت میدان میوه وتره بار) برنج هندی (کیلویی/ریال) (قیمت میدان میوه وتره بار) شکر فله (کیلویی/ریال) (قیمت میدان میوه وتره بار) قند کله فله (کیلویی/ریال) (قیمت میدان میوه وتره بار) قند شکسته کارتنی (کیلویی/ریال) (قیمت میدان میوه وتره بار),اقتصادی,1,232
به گزارش خبرنگار اقتصادی باشگاه خبرنگاران؛ در جریان معاملات امروز بورس تهران ۷۰۷ میلیون و ۴۶۵ هزار سهم و حق تقدم به ارزش ۲۳۹ میلیارد و ۴۹۱ میلیون تومان در ۲۰ هزار و ۸۱۹ نوبت معاملاتی به فروش رفت. /ق۲ شاخص۵۰ شرکت فعالتر برترین تقاضا، عرضه و نمادهای پربیننده برترین تقاضا، عرضه و نمادهای پربیننده سرمایه‌گذاری‌ملت‌ گروه‌ صنعتی‌ ملی‌ (هلدینگ‌ گسترش نفت و گاز پارسیان پالایش نفت اصفهان حمل‌ونقل‌توکا صنعتی‌ دریایی‌ ایران‌ پتروشیمی شازند هلدینگ صنایع معدنی خاورمیانه سرمایه‌گذاری صنایع پتروشیمی‌ سرمایه‌گذاری‌غدیر (هلدینگ‌) بیشترین تأثیر بر شاخص کل بیشترین تأثیر بر شاخص کل ملی‌ صنایع‌ مس‌ ایران‌ توسعه‌معادن‌وفلزات‌ معدنی و صنعتی گل گهر سرمایه گذاری صندوق بازنشستگی بیشترین حجم معاملات بیشترین حجم معاملات فولاد مبارکه اصفهان ح. صنایع پتروشیمی کرمانشاه صنایع پتروشیمی کرمانشاه پتروشیمی فناوران بیشترین افزایش قیمت بیشترین افزایش قیمت سرمایه گذاری کارکنان بانک‌ها توسعه‌ صنایع‌ بهشهر (هلدینگ (بیمه پارسیان بیشترین کاهش قیمت امتیازتسهیلات مسکن مردادماه۹۰ امتیازتسهیلات مسکن مهرماه۹۰ امتیازتسهیلات مسکن خردادماه۹۰,اقتصادی,1,153
داوود یارمحمدی کارشناس کشاورزی در گفتگو با خبرنگار اقتصادی باشگاه خبرنگاران گفت: توسعه کشاورزی در روستاها متکی بر منابع طبیعی است به طوری که هدر رفت بیش از حد منابع در روستاها رکود قتصادی را موجب می‌شود. وی گفت: عدم دسترسی به سرمایه و امکانات، مشکلات موجود در عرضه کالا و خدمات، تأکید بر کشاورزی تک محصولی و عدم حمایت دولت از جمله مشکلاتی است که هدررفت منابع طبیعی را در روستاها برای صرفه اقتصادی بیشتر سبب می‌شود. این کارشناس تبدیل کشاورزی سنتی به مدرن را عاملی کلیدی در تقویت منابع طبیعی روستاها دانست و گفت: تبدیل کشاورزی سنتی به مدرن، توسعه کارآفرینی و انجام فعالیت‌های غیرکشاورزی توسط روستاییان سبب کنترل منابع طبیعی می‌شود. یارمحمدی تأکید کرد: حفظ منابع طبیعی در روستا برای صرفه اقتصادی و تقویت زیر ساخت‌های بخش کشاورزی پایدار است. /عب,اقتصادی,1,134
به گزارش گروه اقتصادی باشگاه خبرنگاران جوان، قیمت برخی خودروهای تولید داخلی امروز نسبت به آخرین روز هفته گذشته کاهش یافته است. براساس این گزارش، خودرو پراید ۱۱۱ امروز با قیمت ۲۸ میلیون تومان نسبت به هفته گذشته ۵۰۰ هزار تومان کاهش یافت. همچنین پژو ۲۰۰۸ که در آخرین روز هفته گذشته با قیمت ۲۰۰ میلیون تومان عرضه می‌شد، امروز با کاهش ۵ میلیون تومانی به قیمت ۱۹۵ میلیون تومان رسید. پژو ۲۰۶ تیپ ۲ هم ۲ و نیم میلیون تومان کاهش قیمت داشت و امروز به قیمت ۴۸ میلیون و ۵۰۰ هزار تومان عرضه شد، خودرو چانگان هم با ۲ میلیون تومان کاهش به قیمت صد و ۳ میلیون تومان رسید. قیمت برخی از خودروهای تولید داخلی,اقتصادی,1,118
به گزارش خبرنگار اقتصادی باشگاه خبرنگاران؛ همایش ملی گز که در سه بخش اقتصادی، بهداشت و کیفیت و اجتماعی فرهنگی برگزار شد و از ۷۷ مقاله ارسالی رسیده به دبیرخانه این همایش ۱۲مقاله به عنوان مقالات برتر از استانهای تهران، اصفهان و چهار محال و بختیاری برگزیده شدند. بررسی کیفیت باکتریولوژی گزهای عرضه شده در سطح شهرستانهای شهرکرد و کیار به منظور ارتقای سطح ایمنی مواد غذایی، بررسی اهمیت نقش برند در مدیریت بازاریابی صادراتی، تعیین و روش مناسب ترفیع محصول، پتانسیل‌های ویژه گردشگری گز اصیل بلداجی، تعیین خوشه‌هایی با اولویت در بخش صادرات گز، بررسی نگرش و عملکرد مصرف‌کنندگان گز استان و اجرای کاربردیhaccep در کارگاه گز با مغز پسته از دیگر مقاله‌های برگزیده در همایش ملی گز است. در این راستا همچنین ۴ مقاله به صورت ذخیره برگزیده شده است و ۴۸ مقاله به صورت پوستر تهیه و ارائه می‌شود. همچنین در این همایش از نخستین تمبر یادبود همایش ملی گز رونمایی گردید. که این تمبر یادبود نمادی ماندگار در چهارمحال و بختیاری است که همیشه بلداجی، پایتخت گز ایران را به خاطر می‌آورد. /عب,اقتصادی,1,177
به گزارش حوزه نفت گروه اقتصادی باشگاه خبرنگاران جوان، به نقل از روابط عمومی شرکت ملی پخش فرآورده‌های نفتی منطقه آبادان، علی حکمت با بیان اینکه آل پی جی ایران از مرزهای زمینی و دریایی به دیگر کشورها صادر می‌شود، گفت: آل پی جی از فرآورده‌های باارزش پالایشگاه نفت آبادان است که با استفاده از ۴۰۰ دستگاه تانکر گازکش صادرشده است. وی تصریح کرد: این میزان صادرات همسو باهدف افزایش صادرات غیرنفتی کشور انجام‌شده است. حکمت همچنین درباره مقدار مصرف امسال فرآورده‌های نفتی در حوزه عملیاتی این منطقه گفت: مصرف بنزین در سه ماه نخست امسال در مقایسه با مدت مشابه سال قبل، ۴۰ درصد و مصرف گازوییل نیز ۳۵ درصد کاهش‌یافته است. مدیر شرکت ملی پخش فرآورده‌های نفتی منطقه آبادان ادامه داد: مصرف نفت سفید نیز در مقایسه با مدت مشابه سال گذشته ۳۲ درصد کاهش و مصرف نفت کوره نیز پارسال ۸۷ درصد کاهش نشان می‌دهد. گفتنی است؛ شرکت ملی پخش فرآورده‌های نفتی منطقه آبادان مسئولیت راهبری و توزیع فرآورده‌های سوختی در مناطق جنوبی خوزستان را بر عهده دارد. انتهای پیام/,اقتصادی,1,173
به گزارش گروه اقتصادی باشگاه خبرنگاران جوان، محمدرضا پورابراهیمی درباره مصوبه هیات وزیران مبنی بر تغییر واحد پول رسمی کشور و تبدیل ریال به تومان، گفت: مجلس به دلیل تاخیر دولت در ارائه لوایح بانکی، موضوع اصلاح نظام بانکی را در قالب طرح بانکداری جمهوری اسلامی پیگیری کرده است. نماینده مردم کرمان و راور در مجلس شورای اسلامی افزود: با تصویت کلیات طرح بانکداری جمهوری اسلامی در کمیسیون اقتصادی، این کمیسیون وارد بررسی جزییات طرح مذکور شده و در این راستا موضوع اصلاح قانون پولی و بانکی را بررسی می‌کند. پورابراهیمی داورانی افزود: دولت با تاخیر و موازی با بررسی طرح بانکداری جمهوری اسلامی، در حال اصلاح قانون پولی و بانکی بوده و بحث تغییر واحد پولی در این راستا است. وی ادامه داد: با وجود اینکه حذف یک صفر از پول ملی کارهای محاسباتی را تسهیل می‌کند، اما پیشنهاد این است با توجه به آثار روانی و تورمی در چند سال گذشته، حذف چهار صفر در دستور کار قرار گیرد؛ البته اصطلاح تومان نیز نسبت به ریال در مراودات رایج‌تر است. پورابراهیمی داورانی افزود: بدیهی است لایحه دولت در خصوص اصلاح قانون پولی و بانکی بعد از ارسال به مجلس در کمیسیون اقتصادی بررسی و نهایتا باید در صحن علنی مصوب شود البته در صورتی که لایحه مذکور به موقع به مجلس ارسال شود در طرح بانکداری جمهوری اسلامی لحاظ می‌شود. رییس کمیسیون اقتصادی مجلس شورای اسلامی، یادآور شد: پیش نویس لوایح بانکی دولت در اختیار کمیسیون اقتصادی مجلس و این پیش نویس در بررسی طرح بانکداری جمهوری اسلامی لحاظ می‌شود. گفتنی است در هیات وزیران لایحه اصلاح قانون پولی بانکی تصویب و واحد پول رسمی کشور، تومان و معادل ده ریال تعیین شده است.,اقتصادی,1,276
به گزارش خبرنگار اقتصادی باشگاه خبرنگاران دکتر تمدن استاندار تهران با بیان اینکه مردم ایران مردمی هستند که در محدودیت‌ها و محرومیت‌ها فعال‌تر، شکوفاتر و باانگیزه‌تر می‌شوند اظهار داشت: یکی از مظلومیت‌های مردم ایران این است که عظمت و منزلت اقدامات انجام شده این ملت در طول سی و چند سال بعد از پیروزی انقلاب باسلامی به گوش جهانیان نرسیده است. وی با بیان اینکه تبلیغات و معرفی اقدامات انجام شده مردم ایران به جهانیان برای معرفی بهتر خود به دنیا حق آنان است، اظهار داشت: ‌کسب رتبه اول علمی ایران در منطقه که براساس برنامه توسعه اقتصادی صنعتی ایران باید ۱۴ سال دیگر به وقوع می‌پیوست حکایت از عزم بالای ایرانیان برای ساخت و توسعه همه جانبه کشورشان دارد. وی در خصوص توسعه صنعتی و اقتصادی ایران گفت: باید کاهش قیمت تمام شده و پایین آوردن میزان واردات به کشور را سرلوحه‌ برنامه‌های خود قرار دهیم تا بتوانیم بیش از پیش به توسعه تولید و صادرات غیر نفتی کشورمان بپردازیم. /ک,اقتصادی,1,162
به گزارش سرویس اقتصادی باشگاه خبرنگاران؛ وزیر اقتصاد و بازرگانی سوریه در بخشنامه‌ای اعلام کرد: براساس توافقنامه تجارت آزاد با جمهوری اسلامی ایران، واردات همه فرآوردهای ایرانی به سوریه بدون درنظر گرفتن قوانین ممنوعیت، واردات و قانون حمایت از صنایع داخلی آزاد است. بخشنامه وزیر اقتصاد سوریه در حالی صادر شد که توافقنامه تجارت آزاد میان ایران و سوریه از یکم فروردین پس از تصویب دولت‌های دو کشور به اجرا گذاشته شد. در این بخشنامه آمده است؛ صاحبان صنایع و بازرگانان سوریه می‌توانند در قبال ارائه مدارک دال بر ایرانی بودن منشا کالاها، آنها را براساس تعرفه‌های گمرکی درنظر گرفته شده در توافقنامه تجارت آزاد دو کشور وارد سوریه کنند. وزارت اقتصاد سوریه همچنین خاطرنشان کرد: بازرگانان سوری نیز می‌توانند تولیدات این کشور را با ارائه گواهی منشا سوری به ایران صادر کنند. مبادلات تجاری ایران و سوریه در حدود ۳۰۰ میلیون دلار برای سال گذشته شمسی اعلام شد که پیش بینی می‌شود با توجه به توافقنامه تجارت آزاد دو کشور، این رقم چند برابر شود. /ق۲,اقتصادی,1,167
به گزارش گروه اقتصادی باشگاه خبرنگاران جوان، بانک مرکزی جداول گزیده آمارهای اقتصادی بهمن ماه ۹۵ را منتشر کرد، بر این اساس نقدینگی در بهمن ماه به ۱۲۱۱ هزار میلیارد تومان رسید. این در حالی است که این رقم نسبت به بهمن ۹۴ حدود ۲۴٫۱ درصد و نسبت به اسفند ۹۴ حدود ۱۹٫۱ درصد رشد داشته است. در این میان سهم پول حدود ۱۵۲ هزار میلیارد تومان بوده که نسبت به بهمن ماه سال گذشته ۲۳٫۳ درصد و نسبت به اسفندماه سال ۹۴ هم ۱۱٫۴ درصد رشد داشته است. این در حالی است که سهم شبه پول ۱۰۵۸ هزار میلیارد تومان بوده که نسبت به بهمن ماه سال قبل از آن، ۲۴٫۲ درصد و نسبت به اسفندماه ۹۴ هم ۲۰٫۲ درصد رشد داشته است.,اقتصادی,1,124
مسعود صادقی مدیرکل نظارت بر توزیع توانیر در گفتگو با خبرنگار اقتصاد و انرژی گروه اقتصادی باشگاه خبرنگاران جوان،؛ اظهار کرد: گستردگی تخریب زلزله در روستا‌ها به قدری زیاد است که در برخی از مناطق تا ۱۰۰ درصد ویرانی به بارآورده است و سازه‌ای برای وصل برق وجود ندارد در تلاش هستیم که برق رسانی در مناطقی که شرایط اتصال به شبکه برق را دارند انجام دهیم. وی افزود: برق رسانی سرپل ذهاب کامل صورت گرفته است و از لحاظ روشنایی و تامین برق در وضعیت مناسبی قرار دارد؛ تنها بحث موردی و قظعی تک انشعاب وجود دارد که با اعزام اکیپ‌های سیار این قطعی‌های موردی نیز در حال وصل شدن انشعاب می‌باشد. مدیرکل نظارت بر توزیع توانیر تصریح کرد: برق رسانی در روستا‌ها با اولویت برق آبی صورت گرفت و بیشتر چاه‌های آب شرب برق دار شدند که تا پایان روز این برق رسانی به چاه‌های آب کامل خواهد شد. وی ادامه داد: اردوگاه‌هایی رسمی برای استقرار مردم در نظر گرفته شده که با راه اندازی پروژکتور نور آن تامین شده است و با توجه با چادر زدن مردم در پارک‌ها و بوستان‌ها، توانیر با تجهیز و ترمیم سیستم برق رسانی، روشنایی را در اسکان‌های غیررسمی تامین کرده است. صادقی در پایان ضمن قدردانی از حس نوع دوستی و احساس مسولیت مردم برای خدمت رسانی به زلزله زدگان، گفت: ترافیک زیاد ناشی از خودرو‌های خدمت رسان باعث کندی حمل و نقل خودرو‌های لجستیکی برای تجهیز و تامین قطعات شده است و توصیه من به مردم این است که برای کمک به زلزله زدگان از طریق هلال احمر و سایر ارگان‌های دولتی اقدام کنند و از حضور در منطقه که باعث ترافیک و اختلال در خدمت رسانی گروه‌های فعال در منطقه می‌شود، خودداری نمایند.,اقتصادی,1,284
امین دلیری رئیس هیات مدیره و مدیرعامل سازمان اموال تملیکی در گفتگو با خبرنگار صنعت، تجارت و کشاورزی گروه اقتصادی باشگاه خبرنگاران جوان در خصوص امحای کالاهای قاچاق اظهار داشت: سخن و صحبت مقام معظم رهبری برای ما بالاتر از قانون است و خود را ملزم به اجرای آن می‌دانیم. ماده ۵۵ و ۵۶ آیین نامه قانون مبارزه با قاچاق کالا و ارز به صراحت ۳ راه را برای تعیین تکلیف کالاها پیش روی ما قرار داده است که عبارتند از فروش، صادرات و انهدام اما ما مدافع این هستیم که تمام کالاهای قاچاق را نمی‌شود امحاء نمود. وی افزود: این درست است که انهدام کالا می‌تواند بطور غیر مستقیم بر ورود کالای قاچاق به کشور تاثیر بگذارد اما سخنان مقام معظم رهبری به این امر صحه می‌گذارد که کالاهای با دوام و دارای مجوزهای مصرف را می‌توانیم صادر کنیم. مدیرعامل سازمان اموال تملیکی اظهار داشت: با عنایت به ابلاغ آئین نامه مواد ۵۵ و ۵۶ قانون مبارزه با قاچاق کالا و ارز، این سازمان در حال بررسی و تنظیم شیوه نامه و دستورالعمل‌های اجرایی برای تعیین تکلیف مطلوبتر کالاها هستیم. دلیری در پایان با اشاره به اینکه کار سازمان اموال تملیکی بیش از پیش حساس و دشوار شده و در معرض اخبار روز کشور قرار گرفته است گفت: ما باید با کمک هم بتوانیم با اجرای دقیق قانون در به حرکت درآمدن چرخ اقتصاد کشور نقشی تاثیر گذار و مثبت داشته باشیم.,اقتصادی,1,233
عنوان شغلی مسئول دفتر مدیر عامل برخوردار از روابط عمومی بالا دارای سابقه کار مرتبط آشنا به زبان انگلیسی مسلط به نرم افزارهای مرتبط عنوان شغلی شرایط احراز مهندس مکانیک سیالات یا تاسیسات آشنا به پمپ‌های آب و فاضلاب و فنون مذاکره و فروش جهت اشتغال در واحد مهندسی فروش الکتروپمپ علاقه مندان با سابقه کاری فروش در اولیت می‌باشند مدیر بازرگانی جسیت: خانم دارای۷ سال سابقه کارمند بازرگانی جنسیت: خانم دارای ۵ سال سابقه کار دارای ۷ سال سابقه کار مسلط به کلیه امور حسابداری (خرید و فروش، حقوق و دستمزد، بیمه، مالیات، سفارشات خارجی، اظهارنامه مالیاتی، انبار) عنوان شغلی شرایط احراز کارشناس فروش مسلط به فنون مذاکره ترجیحا آشنا به فروش صنعتی روابط عمومی و اعتماد به نفس بالا کارشناس بازاریابی مسلط به تمامی روشهای بازاریابی (سنتی و مدرن) کارشناس اداری خدمات پس از فروش ترجیحا دارای مدرک فنی (برق، مکانیک، صنایع) قدرت برنامه ریزی و نظم دهی مسلط به امور اداری ترجیحا تجربه کاری مرتبط در زمینه صنعتی مسلط به مباحث مختلف حسابداری آماده به کار به صورت تمام وقت,اقتصادی,1,173
به گزارش گروه اقتصادی باشگاه خبرنگاران جوان، به نقل از روابط عمومی و اطلاع رسانی موسسه اعتباری کاسپ-ن-مشتریانی که تا تاریخ / ۹۷ نسبت به تسویه بدهی تسهیلاتی خود اعم از اقساط معوقه و یا به روز رسانی اقساط اقدام نمایند، از مزایای طرح ویژه بخشودگی جرایم تاخیر برخوردار خواهند شد. بر این اساس، مشتریان محترم می‌توانند جهت کسب اطلاعات بیشتر از نحوه اجرای طرح ویژه بخشودگی، واریز اقساط معوق و تسویه بدهی‌های خود حداکثر تا پایان دی ماه سال جاری به یکی از شعب موسسه اعتباری کاسپ-ن-در سراسر کشور مراجعه نمایند. خاطرنشان می‌شود؛ آن دسته از مشتریانی که امکان مراجعه به شعب را ندارند، جهت کسب اطلاعات بیشتر می‌توانند با شماره تلفن ۴۲۷۵۹ -۰۲۱ (داخلی‌های ۳۰۴ و ۳۰۵) اداره پیگیری و وصول مطالبات و (داخلی‌های ۴۰۵ تا ۴۰۸) اداره رسیدگی به شکایات و تقاضاها تماس بگیرند.,اقتصادی,1,137
به گزارش سرویس بین‌الملل باشگاه خبرنگارانبه نقل ازشبکه تلویزیونی المنار؛ فهد جاسم الفریج از شهرک کارگری عدرا، البلد و الجدیده دیدن کرد و همچنین از مناطقی که عناصر مسلح به عنوان پایگاه نظامی در منطقه عدرا البلد استفاده می‌کردند بازید کرد. وزیر دفاع سوریه درباره وضع مناطق جنگی با افسران ارتش سوریه گفتگو کرد و از فداکاری‌های آنها در جنگ علیه تروریسم قدردانی و مراتب قدردانی بشار اسد رئیس جمهور این کشور را به آنها منتقل کرد. فهد جاسم الفریج گفت: من از اینجا می‌گویم، تروریست‌ها در سرزمین سوریه جایی یا پناهگاهی ندارند و ما آنها را اگر زیر زمین هم بروند پیدا خواهیم کرد. وی افزود: ما به آنهایی که از تروریسم حمایت می‌کنند می‌گویم، با خشن‌ترین گروه‌های تروریستی جهان می‌جنگیم و بر آنها پیروز خواهیم شد و این پیروزی بسیار نزدیک است. انتهای پیام/,بین الملل,2,136
به گزارش گروه بین‌الملل باشگاه خبرنگاران جوان به نقل از اسپوتنیک، رسانه‌های محلی فنلاند امروز (شنبه) اعلام کردند بیش از ۱۵۰۰۰ پناهجو در سال ۲۰۱۵ وارد این کشور شده است. سرویس مهاجرت فنلاند این هفته گزارش داد ظرفیت تمامی مراکز پذیرش مهاجر در این کشور تکمیل شده است و مقامات به دنبال مکان‌های جدید برای اسکان پناهجویان هستند. سخنگوی سرویس مهاجرت فلاند اظهار داشت: در سال ۲۰۱۵ بیش از ۱۵۰۰۰ پناهجو وارد کشور شده‌اند. شمار مهاجران وارد شده به فنلاند در روزهای اخیر نشان می‎‎‌دهد ما در هر روز ۶۰۰ نفر مهاجر را پذیرش کرده‌ایم. این سخنگو در ادامه افزود: فنلاند سالانه حدود ۱۵۰۰۰ یورو برای پناهجویان ساکن در مراکز پذیرش مهاجر هزینه می‌کند. فنلاند اوایل این ماه توافق کرد ۲۴۰۰ پناهجو را به عنوان بخشی از طرح کمسیون اروپا مبنی بر پذیرش ۱۲۰ هزار پناهجو در کشورهای عضو این اتحادیه، بپذیرد.,بین الملل,2,142
به گزارش گروه بین‌الملل باشگاه خبرنگاران جوان به نقل از خبرگزاری رویترز؛ سخنگوی قضایی در بغداد گفت دادگاه کیفری عراق یک زن آلمانی تبار که قصد پیوستن به گروه تروریستی داعش را داشت امروز یکشنبه به اعدام محکوم شد. نیروهای ارتش عراق این زن را که نامی از او برده نشده است سال گذشته همزمان با عملیات آزادسازی موصل بازداشت کردند. پس از بازجویی‌های مکرر و اعتراف این زن آلمانی تبار برای پیوستن به گروه تروریستی داعش، یک دادگاه کیفری در بغداد حکم اعدام برای او صادر کرد. این نخستین بار در عراق است که یک زن خارجی که در صدد پیوستن به گروه‌های تروریستی بوده به اعدام محکوم می‌شود. به گفته سخنگوی دستگاه قضای عراق این زن می‌تواند از دادگاه تقاضای تجدید نظر کند.,بین الملل,2,125
به گزارش سرویس بین‌الملل باشگاه خبرنگاران به نقل از پایگاه خبری موسوعه العراق، سرتیپ سعد معن سخنگوی رسمی عملیات بغداد گفت: نیروهای امنیتی عراق دیروز سه منطقه الهوره، البحیرات و تل طاسه را از حضور تروریست‌های مسلح پاکسازی کردند. سرتیپ معن افزود نیروهای امنیتی عراق پس از درگیری شدید با عناصر داعش در مناطق شمال عراق شمار زیادی از آنان را به هلاکت رساندند. سرتیپ سعد معن افزود پس از آزادی مناطق الهوره، البحیرات و تل طاسه از حضور عناصر مسلح، نیروهای ویژه یگان مهندسی ارتش عملیات ویژه‌ای را برای پاکسازی جاده‌های اصلی و فرعی و خانه‌های این مناطق از انواع بمب و مین آغاز کردند. عناصر داعش پیش از خروج از مناطق تحت کنترل خود مسیر‌های اصلی، خانه‌های مسکونی و ساختمان‌های دولتی را بمب گذاری می‌کنند تا از این طریق روند پیش روی ارتش عراق را کند‌تر کنند. انتهای پیام. /. به گزارش سرویس بین‌الملل باشگاه خبرنگاران به نقل از پایگاه خبری موسوعه العراق، سرتیپ سعد معن سخنگوی رسمی عملیات بغداد گفت: نیروهای امنیتی عراق دیروز سه منطقه الهوره، البحیرات و تل طاسه را از حضور تروریست‌های مسلح پاکسازی کردند. سرتیپ معن افزود نیروهای امنیتی عراق پس از درگیری شدید با عناصر داعش در مناطق شمال عراق شمار زیادی از آنان را به هلاکت رساندند. سرتیپ سعد معن افزود پس از آزادی مناطق الهوره، البحیرات و تل طاسه از حضور عناصر مسلح، نیروهای ویژه یگان مهندسی ارتش عملیات ویژه‌ای را برای پاکسازی جاده‌های اصلی و فرعی و خانه‌های این مناطق از انواع بمب و مین آغاز کردند. عناصر داعش پیش از خروج از مناطق تحت کنترل خود مسیر‌های اصلی، خانه‌های مسکونی و ساختمان‌های دولتی را بمب گذاری می‌کنند تا از این طریق روند پیش روی ارتش عراق را کند‌تر کنند. انتهای پیام. /.,بین الملل,2,284
به گزارش گروه بین‌الملل باشگاه خبرنگاران جوان به نقل از خبرگزاری اسپوتنیک، ائتلاف آمریکایی باصطلاح ضد داعش اعلام کرد که از ابتدای شروع عملیاتش در عراق و سوریه تاکنون دست‌کم ۷۳۵ غیرنظامی به طور غیر عمد کشته شده‌اند. ائتلاف آمریکایی در ماه اوت اعلام کرده بود از ابتدای عملیات علیه داعش در عراق و سوریه دست‌کم ۶۲۴ غیرنظامی کشته شده‌اند. روز دوشنبه نیز در پی حملات هوایی ائتلاف ضد داعش در حسکه واقع در شمال شرقی سوریه ۹ غیرنظامی کشته شدند که یک خانواده شش نفره در میان آنها بودند. این خانواده در حال فرار از خشونت‌های داعش در موصل بودند.,بین الملل,2,101
به گزارش گروه بین الملل باشگاه خبرنگاران جوان به نقل از القدس العربی؛ یکی از سرکرده‌های ارتش آزاد در سوریه گفت: تا زمانیکه روسیه به حملات خود در سوریه ادامه می‌دهد و از حمایت بشار اسد دست برنداشته است، ما گفتگویی با این کشور نخواهیم داشت. محمد منصور مدعی شد: جنگنده‌های روسی، مواضع ارتش آزاد در ریف لاذقیه را بمباران کرده‌اند و این فرصت را برای نیروهای بشار اسد فراهم کردند تا در جبهه‌های مختلف ریف حماه پیشروی کنند. منصور در ادامه افزود: گروه‌های وابسته به ارتش آزاد یک اتاق عملیات مشترک را تشکیل داده‌اند و توانسته‌اند پس از دوره‌ای کوتاه از تسلط نیروهای اسد بر شهرک کفرنبوده مجددا کنترل این منطقه را به دست بگیرند. این سرکرده ارتش آزاد در سوریه تأکید کرد: هدف اصلی ما سرنگونی بشار اسد، چه از طریق سیاسی و چه با توسل به زور است. برای آگاهی از آخرین اخبار و پیوستن به کانال تلگرامی باشگاه خبرنگاران جوان اینجا کلیک کنید.,بین الملل,2,157
به گزارش گروه بین‌الملل باشگاه خبرنگاران جوان به نقل از المسیره، وزارت دفاع یمن اعلام کرد در تلاش نافرجام مزدوران سعودی برای پیشروی به سمت شهرستان الدریهمی و اشغال آن، ۱۸۰ مزدور سعودی به هلاکت رسیدند و ۱۳۶ نفر دیگر زخمی شدند. یک منبع آگاه خبر داد بر اساس گزارش‌های اطلاعاتی، ۱۴۳ جسد مزدوران سعودی که در تلاش نافرجام برای اشغال الدریهمی به هلاکت رسیدند به سردخانه‌های بیمارستان‌ها در شهر‌های عدن، خوخه و المخاء منتقل شده است. یک منبع آگاه گفت: مزدوران سعودی ۱۰۰ مجروح را از جبهه الدریهمی و ۳۲ مجروح را از مناطق التحیتا، الفازه و الجبلیه در استان الحدیده خارج کرده‌اند.,بین الملل,2,104
به گزارش گروه بین الملل باشگاه خبرنگاران جوان به نقل از راشاتودی، برنار باژوله، رئیس دستگاه اطلاعات خارجی فرانسه در سخنانی با بیان اینکه خاورمیانه‌ای که می‌شناختیم به پایان رسید، تأکید کرد کشورهایی مانند سوریه و عراق هرگز به وضع سابق خود بازنخواهند گشت. وی در کنفرانسی که در واشینگتن و با حضور جان برنان، رئیس دستگاه اطلاعات مرکزی آمریکا (سیا) برگزار شد، مدعی شد: خاورمیانه‌ای که می‌شناختیم به پایان رسید. ما می‌بینیم سوریه در حقیقت تقسیم شده است. دولت جز بر بخش کوچکی از کشور مسلط نیست که آن هم یک سوم مساحت سوریه تأسیس شده پس از جنگ جهانی دوم را شامل می‌شود. شمال کشور در دستان کردهاست و در مرکز نیز داعش مسلط است. وی در ادامه افزود: اوضاع در عراق نیز به همین منوال است. من اعتقادی ندارم امکان بازگشتی به اوضاع سابق دیگر وجود داشته باشد. باژوله با بیان اینکه اطمینان دارد منطقه در آینده باردیگر با ثبات خواهد شد گفت: اینکه این مسأله به چه شکلی انجام خواهد شد را نمی‌دانم. رئیس دستگاه اطلاعات خارجی فرانسه تأکید کرد خاورمیانه آینده بطور حتم از خاورمیانه پس از جنگ جهانی دوم متفاوت خواهد بود. جان برنان، رئیس سازمان سیا نیز در این نشسته مدعی شده بود اطمینان دارد روس‌ها در پایان کار، خواهان برکناری بشار اسد شوند. برای آگاهی از آخرین اخبار و پیوستن به کانال تلگرامی باشگاه خبرنگاران جوان اینجا کلیک کنید. برای آگاهی از آخرین اخبار و پیوستن به کانال تلگرامی باشگاه خبرنگاران جوان اینجا کلیک کنید.,بین الملل,2,243
وزارت دفاع آلمان اعلام کرد چند روز پیش مبارزان کرد در جنوب غرب اربیل در شمال عراق، مورد جمله شیمیایی قرار گرفته‌اند. سخنگوی وزارت دفاع آلمان که این نیروها را آموزش داده است گفت: چند روز پیش نیروهای پیشمرگه هدف حمله شیمیایی قرار گرفتند که به دنبال آن تعدادی از آنان آسیب دیدند و در مجاری تنفسی خود احساس سوزش کردند. این وزارتخانه در خصوص عامل این حمله توضیحی نداده است. انتهای پیام/ وزارت دفاع آلمان اعلام کرد چند روز پیش مبارزان کرد در جنوب غرب اربیل در شمال عراق، مورد جمله شیمیایی قرار گرفته‌اند. سخنگوی وزارت دفاع آلمان که این نیروها را آموزش داده است گفت: چند روز پیش نیروهای پیشمرگه هدف حمله شیمیایی قرار گرفتند که به دنبال آن تعدادی از آنان آسیب دیدند و در مجاری تنفسی خود احساس سوزش کردند. این وزارتخانه در خصوص عامل این حمله توضیحی نداده است.,بین الملل,2,144
به گزارش گروه بین‌الملل باشگاه خبرنگاران جوان به نقل از پایگاه روسیا الیوم، منابع نظامی رژیم صهیونیستی اعلام کردند یک گلوله از خاک سوریه به سوی بلندی‌های جولان شلیک شده است. بر این اساس گلوله مذکور در منطقه‌ای باز سقوط کرده و خسارت یا تلفاتی نداشته است. در هیمن حال، اسکای نیوز خبر داد که ارتش رژیم صهیونیستی در پاسخ به خمپاره‌ای که در بخش اشغال شدۀ جولان سقوط کرده، یک پایگاه ارتش سوریه را در شمال جولان هدف گلوله باران قرار داده است. به دلیل آنکه ارتش سوریه و گروه‌های مسلح اکنون در ریف قنیطره و نزدیک خط آتش بس در جولان با هم درگیر هستند، بخش اشغال شدۀ جولان به دست اسرائیل گاهی شاهد سقوط گلوله‌های توپ و خمپاره شلیک شده از اراضی سوریه است.,بین الملل,2,127
به گزارش سرویس بین‌الملل باشگاه خبرنگاران به نقل از سایت وزارت خارجه آمریکا، جان کری وزیر خارجه این کشور به پاریس و پ-ن-سفر می‌کند. مقام ارشد این وزارتخانه درباره سفر او گفت ما فردا عازم پاریس خواهیم شد و طبق برنامه ملاقات دوجانبه‌ای با فابیوس وزیر خارجه فرانسه خواهیم داشت. در این ملاقات، درباره موضوعات متنوعی از جمله مذاکرات پنج بعلاوه یک با ایران بحث می‌شود. ما مشخصا به ضرب الاجل بیست و چهار نوامبر نزدیک هستیم و این فرصت خوبی برای وزیر خارجه است تا در آستانه نشست سه جانبه با آقای ظریف وزیر خارجه ایران و کاترین اشتون مسئول سابق سیاست خارجی اتحادیه اروپا در عمان، با یکی از طرف‌های ما در پنج بعلاوه یک ملاقات داشته باشیم. این فرصت خوبی برای وزیر خارجه است تا درباره این موضوع با یکی از نزدیکترین طرف‌های ما، تبادل نظر کند. آنها همچنین درباره داعش و ائتلاف علیه این گروه، اقداماتی که ما در عراق و سوریه انجام می‌دهیم، بحث می‌کنند. موضوع ابولا و آنچه ما می‌توانیم برای مهار آن انجام دهیم و قضیه اوکراین نیز از موضوعاتی است که درباره آنها بحث می‌شود. مقام وزارت خارجه آمریکا افزود: جان کری فردا درباره توازن‌بخشی مجدد ما در منطقه آسیا-اقیانوسیه و مشخصا درباره اینکه چقدر روابط سازنده آمریکا-چین برای آمریکا، چین و منطقه و کل دنیا سودمند است، سخنرانی می‌کند. انتهای پیام. /,بین الملل,2,221
به گزارش سرویس بین‌الملل باشگاه خبرنگاران به نقل از شبکه العالم، گروهک تروریستی النصره در بیانیه خود تاکید کرده که دولت لبنان برای اثبات حسن نیت خود باید جمانه حمید (یکی از اعضای این گروهک تروریستی) را آزاد کند-در بیانیه النصره ادعا شده که حزب الله مانع آزادی نظامیان ربوده شده ارتش لبنان است-گروهک تروریستی النصره در بیانیه خود می‌افزاید: ما به دولت لبنان که وابسته به حزب الله است، برای آخرین بار هشدار می‌دهیم که باید مذاکرات جدی را آغاز کند، در غیر این صورت یکی از نظامیان ارتش لبنان را پس از ۲۴ ساعت خواهیم کشت-در این بیانیه همچنین آمده است: دولت لبنان با تحویل برخی از اسرای جبهه النصره به نظام سوریه نشان داده که ارزشی برای مبادله اسرا قائل نیست و فقط برای تأمین منافع حزب الله تلاش می‌کند-انتهای پیام-/ به گزارش سرویس بین‌الملل باشگاه خبرنگاران به نقل از شبکه العالم، گروهک تروریستی النصره در بیانیه خود تاکید کرده که دولت لبنان برای اثبات حسن نیت خود باید جمانه حمید (یکی از اعضای این گروهک تروریستی) را آزاد کند. در بیانیه النصره ادعا شده که حزب الله مانع آزادی نظامیان ربوده شده ارتش لبنان است. گروهک تروریستی النصره در بیانیه خود می‌افزاید: ما به دولت لبنان که وابسته به حزب الله است، برای آخرین بار هشدار می‌دهیم که باید مذاکرات جدی را آغاز کند، در غیر این صورت یکی از نظامیان ارتش لبنان را پس از ۲۴ ساعت خواهیم کشت. در این بیانیه همچنین آمده است: دولت لبنان با تحویل برخی از اسرای جبهه النصره به نظام سوریه نشان داده که ارزشی برای مبادله اسرا قائل نیست و فقط برای تأمین منافع حزب الله تلاش می‌کند. انتهای پیام. /,بین الملل,2,273
به گزارش سرویس بین‌ الملل باشگاه خبرنگاران، روسیا الیوم در خبری فوری گزارش داد: پوتین دستور بازگشت نیروهای روسیه که در مانورها شرکت داشته‌اند را داده است. دیمیتری پسکوف دبیر مطبوعاتی رئیس جمهور روسیه اعلام کرد: ولادیمیر پوتین فرمانده عالی نیروهای مسلح دستور بازگشت یگانهای ارتش روسیه که در مانورهای نظامی شرکت داشتند به پایگاه‌های استقرار دائمی این نیروها را صادر نموده است. وی گفت: صدور این فرمان پس از آن است که پوتین نتایج موفقیت آمیز این مانورها را دریافت نمود. ‎ دیمیتری پسکوف اعلام کرد برپایی رزمایش‌های نظامی که مسکو ارتباط آنها را با وقایع اوکراین رد می‌کند یک موفقیت محسوب می‌شود. این رزمایش‌ها در غرب روسیه و در منطقه‌ای در مجاورت مرز اوکراین برگزار شدند. دیمیتری پسکوف اعلام کرد برپایی رزمایش‌های نظامی که مسکو ارتباط آنها را با وقایع اوکراین رد می‌کند یک موفقیت محسوب می‌شود. این رزمایش‌ها در غرب روسیه و در منطقه‌ای در مجاورت مرز اوکراین برگزار شدند.,بین الملل,2,153
به گزارش گروه بین‌الملل باشگاه خبرنگاران جوان، مقاله نویس وال استریت ژورنال در واکنش به بیانیه وزارت امور خارجه آمریکا درباره بستن کنسولگری این کشور در بصره در پی تهدید و حملات به این مکان، در پیامی در صفحه توییتر خود نوشت: من در عراق بودم زمانیکه سفارت آمریکا در بغداد در منطقه سبز با چند حمله خمپاره‌ای و تیراندازی‌های چندباره در شب و روز مواجه شد. آنها هرگز سفارتخانه را تعطیل نکردند. به نظر می‌رسد این اقدام بیشتر یک حرکت سیاسی در قبال ایران است. شب گذشته مایک پمپئو، وزیر امور خارجه آمریکا اعلام کرد با توجه به افزایش تهدیدات دستور داده است که مکان نیرو‌های دیپلماتیک آمریکا در عراق به طور موقت تغییر پیدا کند. وزیر خارجه آمریکا پس از صدور دستور تعطیلی کنسولگری این کشور در بصره، بدون ارائه هیچ شواهدی، بار دیگر ایران را به نقش‌آفرینی در حمله به اماکن دیپلماتیک آمریکا در عراق متهم کرد.,بین الملل,2,150
به گزارش سرویس بین‌الملل باشگاه خبرنگاران به نقل از شبکه اسکای نیوز عربی، معاون فرمانده نیروهای پیشمرگه در محور خازر در استان نینوا عراق اعلام کرد نیروهای پیشمرگه موفق شدند به کمک جنگنده‌های ائتلاف بین المللی حمله داعش به محور خازر را خنثی کنند. سرتیپ سید هزار اظهار کرد: ساعت یک و نیم صبح بلدوزرها و خودروهای زرهی عناصر داعش حمله به روستای وردک در نزدیکی موصل را آغاز کردند. وی تأکید کرد نیروهای پیشمرگه با بدست آوردن اطلاعات امنیتی و محرمانه این حمله موفق شدند آن را خنثی کنند. این حمله موجب هلاکت ده‌ها نفر از عناصر داعش و انهدام خودروهای تهاجمی آنان شد. انتهای پیام/,بین الملل,2,107
به گزارش گروه بین الملل باشگاه خبرنگاران جوان به نقل از خبرگزاری فرانسه؛ ترکیه روز جمعه رزمایش ‏یونان در آب‌های دریای ‏اژه را محکوم و اعلام ‏کرد این کار برخلاف ‏قوانین بین المللی ‏انجامم می‌گیرد. ‏ این رزمایش در حالی ‏صورت می‌گیرد که تنش ‏میان یونان و ترکیه به ‏علت بازنگرداندن ‏نظامیان ترکیه‌ای که ‏به دست داشتن در ‏کودتای نظامی نافرجام ‏پ-ن-دهم ژوئیه متهم هستند به تازگی ‏بالا گرفته است. این درحالیست که کشورهای ترکیه و یونان هر دو عضو سازمان پیمان آتلانتیک شمالی (ناتو) هستند‏ ‏وزارت امور خارجه ‏ترکیه امروز در اطلاعیه ‏ای اعلام کرد از فرود ‏چتربازان یونانی بر ‏جزیره دودکانس آگاه ‏است و این در حالی است ‏که به موجب پیمان مصوب ‏سال ۱۹۴۷ انجام این ‏گونه رزمایش‌ها بر روی ‏این جزیره ممنوع است. یک منبع خبری در وزارت ‏دفاع یونان خبر انجام ‏رزمایش با حضور ‏چتربازان نیروی هوایی ‏این کشور را تایید کرد ‏و گفت این عملیات از ‏اول این هفته آغاز شده ‏است و برنامه آموزشی ‏نیروهای مسلح یونانی ‏متوقف نخواهد شد. ‏,بین الملل,2,168
منصور غفاری در گفتگو با خبرنگار اجتماعی باشگاه خبرنگاران، استفاده از ظرفیت‌های محلی را یکی از وظایف سراهای محله دانست و افزود: در هر محله‌ای ظرفیت‌های محلی خاصی وجود دارد که هر کدام توانایی انجام فعالیتی را دارند. مدیر سرای محله پیروزی اظهار داشت: سرای محله باید در راستای مدیریت محله از این نهاد‌ها و تشکل‌های محلی بهره ببرد وی با بیان اینکه ایجاد تعامل تنگاتنگ با نهاد‌های محلی موجود می‌تواند سرای محله را در ارائه هر چه بهتر برنامه‌ها یاری کندتصریح کرد: در این راستا سرای محله پیروزی ابتدا با شناسایی نهاد‌های محلی و سنجش ظرفیت و توانایی آنها، اجرای این امر مهم را دنبال می‌کند. به گفته مدیر محله پیروزی یکی از این مراکز محلی، بوستان حافطیه است که با قرار گرفتن در قلب محله روزانه افراد بسیاری را از گوشه کنار محله به سوی خود می‌کشاند. غفاری ادامه داد: ما سعی داریم در کنار فضای مفرح این بوستان، یک نوع خوراک فرهنگی و فکری را به اهالی ارائه دهیم و در این زمینه به صورت جدی عمل کنیم. وی خاطرنشان کرد: همچنین مسجد محوری را در محله پیروزی اجرا کردیم که در این زمینه با ایجاد تعامل با مساجد محله، از نظرات ادمه جماعات بهره می‌بریم و خدماتی از قبیل اجرای برنامه‌های سلامت، گردشگری و مناسبت‌های مذهبی به آنها ارائه می‌دهیم. انتهای پیام/,اجتماعی,0,216
به گزارش خبرنگار حوادث باشگاه خبرنگاران، صبح روز گذشته (روز طبیعت) دو مرد در شهر سنندج به دلیل بی احتیاطی دچار حادثه شدند. اولین حادثه نزدیک پلیس راه سنندج به وقوع پیوست که در آن یک مرد ۳۹ ساله بر اثر بی احتیاطی در استخر باغ شخصی خود غرق شد و جان خود را از دست داد. دومین حادثه نیز گریبان یک مغازه دار را گرفت به طوری که این مرد با انفجار یک نارنجک دستی که از قبل در مغازه‌اش بود دجار جراحت شد و متاسفانه شدت انفجار به خدی بود که قربانی یک چشم و یک دست خود را از دست داد. انتهای پیام/,اجتماعی,0,106
سید جلال ملکی سخنگوی سازمان آتش نشانی تهران در گفتگو با خبرنگار حوزه حوادث و انتظامی گروه اجتماعی باشگاه خبرنگاران جوان؛ با اشاره به حادثه تصادف دو خودرو در جاده ورامین اظهار داشت: حادثه در ساعت ۲۰:۴۰ شب گذشته (چهارشنبه۱۸ مردادماه) در جاده ورامین، کمربندی دوم اعلام و ایستگاه ۸۶ و آتش نشانی باقرشهر به محل اعزام شدند. وی ادامه داد: در محل حادثه مشاهده شد یک دستگاه کامیونت ایسوز و و یک دستگاه پیکان وانت به شدت باهم برخورد کردند. ملکی گفت: راننده هر دو خودرو داخل خودروها محبوس بودند و نیروهای آتش نشانی با کمک آتش نشانان باقرشهر عملیات را آغاز کردند. وی افزود: نیروهای آتش نشانی قطعات ویران شده خودرو را برش دادند و هر دو راننده را از خودرو خارج کردند. سخنگوی آتش نشانی تهران تصریح کرد: راننده کامیونت یک مرد ۳۰ ساله بود که به شدت مصدوم و به عوامل اورژانس تحویل داده شد و راننده وانت یک مرد ۴۰ ساله بود که با تایید عوامل اورژانس در این حادثه فوت شد. ملکی گفت: خودروها به محل امن منتقل و محل به عوامل پلیس راهور تحویل داده شد و عملیات در ساعت ۲۱:۰۹ به پایان رسید. انتهای پیام/,اجتماعی,0,193
به گزارش گروه اجتماعی باشگاه خبرنگاران از صندوق بازنشستگی کشوری، ایراندخت عطاریان مدیرعامل این صندوق با اعلام این مطلب گفت: برکات و آثار پربار و ارزشمند سفر مقام معظم رهبری به استان خراسان شمالی موجب به ثمر نشستن بسیاری از طرحها و پروژه‌های اقتصادی، فرهنگی، عمرانی، آموزشی خواهد شد و افتتاح مرکز فرهنگی خانه مهر برای بازنشستگان، نمونه‌ای از دستاوردهای حضور پر یمن و برکت مقام عظمای ولایت در منطقه شرق کشور است. وی افزود: خانه مهربازنشستگان درشهرستان بجنورد ازبخشهای مختلفی همچون کتابخانه، سالن اجتماعات، مراکزمشاوره، خانه سلامت، اتاق رایانه، مرکزفعالیت‌های فرهنگی، هنری و … تشکیل شده است وبه صورت هیات امنایی با حضورفعال بازنشستگان اداره می‌شود. عطاریان با بیان اینکه خدمات ارایه شده درخانه مهربه بازنشستگان رایگان است، اظهارداشت: توجه به نیازهای فرهنگی وارایه برنامه‌های شاد وبا نشاط برای بازنشستگان بخشی ازفعالیت‌های خانه مهراست ودیگرآن که بهترین مکان برای دستگاهها ونهادهای اجرایی است تا از تجربیات و توانایی بازنشستگان بهره مند شوند. به گفته مدیرعامل صندوق بازنشستگی کشوری خانه مهر بجنورد با اعتباری به مبلغ ۶۵۰ میلیون تومان ساخته شده است. /ف,اجتماعی,0,173
سرهنگ عرفانی در گفتگو با خبرنگار حوادث باشگاه خبرنگاران گفت: پیرو شکایت فردی مبنی بر برداشت غیرمجاز از حساب بانکی وی، مأمورین اقدامات خود را آغاز کردند و در تحقیقات اولیه شاکی که از کارمندان بازنشسته بود، اظهار داشت: چندی پیش جهت برداشت پول به عابر بانک مراجعه کردم و با توجه به اینکه کمی با مشکل برخوردم فردی به عنوان کمک، کارت و رمز بنده را گرفت و پس از دقایقی عنوان داشت دستگاه کار نمی‌کند و کارتم را بازگرداند. رئیس پلیس فتای استان خراسان رضوی اذعان کرد: طی بررسی بر روی کارت شاکی مشخص شد که متهم با ترفندی کارت سوخته دیگری را به وی برگردانده و این کارت نیز سرقتی است. وی در خاتمه بیان کرد: پس از پیگیری‌های تخصصی و استعلام‌های صورت گرفته نهایتا متهم شناسایی و دستگیر شد. /ز,اجتماعی,0,134
عباسی در گفتگو با خبرنگار اجتماعی باشگاه خبرنگاران گفت: همچنین درخانه سلامت خرمرودی در روزهای ۸ تا ۱۰ مهرماه دو برنامه سالمندان و کرامت اجتماعی و سالمندان وشهر دوستدار سالمند نیز برگزار خواهد شد وی افزود: در خانه سلامت خرمرودی در ۶ مهرماه نیز برنامه‌ای در خصوص سالمندان و سبک زندگی سالم برای سالمندان منطقه ۲ نیز برگزار می‌کنیم که به منظور تغییر سبک تغذیه شهروندان و بازنگری در زندگی آن‌ها است. رئیس خانه سلامت شهرداری منطقه ۲ در ادامه اظهار داشت: همچنین در روز ۷ مهرماه درهمین خانه سلامت برنامه‌ای ویژه سالمندان و ارتقای سلامت آن‌ها در نظر گرفته‌ایم. /ف,اجتماعی,0,101
علی اکبر مختاری مدیرکل سازمان تعزیرات حکومتی استان البرز در گفت و گو با خبرنگار گروه اجتماعی باشگاه خبرنگاران جوان؛ اظهار کرد: ماموران نیروی انتظامی در یکی از محورهای مواصلاتی به یک دستگاه تریلر مظنون شده و در ادامه اقدام به توقف این وسیله نقلیه کردند. وی در ادامه افزود: در بازرسی از این تریلی مقادیر زیادی پوشاک به طرز ماهرانه‌ای جاسازی شده بود که کشف کردند و با توجه به عدم ارائه اسناد گمرکی، کالا به ظن قاچاق ضبط شد که در همین راستا پرونده‌ای تحت عنوان قاچاق کالا تشکیل و جهت رسیدگی پرونده به شعبه ویژه قاچاق کالا و ارز ارجاع شد. مختاری بیان کرد: پس از رسیدگی به پرونده توسط شعبه هفتم ویژه قاچاق کالا حکم به محکومیت ۶ میلیارد و ۹۳۰ میلیون ریال داده و کالا به نفع دولت ضبط شد. برای آگاهی از آخرین اخبار و پیوستن به کانال تلگرامی باشگاه خبرنگاران جوان اینجا کلیک کنید.,اجتماعی,0,151
خودروی پژو رئیس جمهور که به قیمت بالایی در منطقه آزاد اروند به فروش رسید و مبلغ حاصل از آن برای ساخت مسکن مددجویان هزینه شده سال گذشته نیز چندین قلم از هدایای اهدایی رییس جمهور به سازمان بهزیستی به معرض فروش گذاشته شد و خیرین در خرید این هدایا سنگ تمام گذاشتند تا کمکی باشد بر مسکن و معاش مددجویان بهزیستی. اما قرار بود فاز دوم فروش هدایای رییس جمهور مدتی پس از فروش هدایا در فاز اول انجام شود اما با تاخیر چندین ماهه مواجه شد. در همین باره بدخشان، معاون مشارکت‌های مردمی سازمان بهزیستی کشور اظهار داشت: در فاز اول فروش هدایای رییس جمهور ۲۰ قلم از کالاهای اهدایی که شامل ساعت‌های مچی، خودنویس، سرویس‌های نقره و گردنبدهای زیستی بودند با بیش از ۴ برابر قیمت تعیین شده به فروش رسیدند. وی با اشاره به اینکه فاز دوم فروش هدایا قرار بود در اردیبهشت ماه برگزار شود، یادآور شد: قرار است مرحله دوم و سوم فروش هدایای رییس جمهور به صورت استانی انجام شود. چهار ماه از زمان وعده داده شده برای فروش فاز دوم هدایا می‌گذرد اما هنوز اقدامی در این زمینه صورت نگرفته است. باشد که مسئولان نظری به وعده هایی که می‌دهند داشته باشند تا چشمانی منتظر به دنبال اجرایی شدن وعده‌ها نباشد. /ز گزارش: سمیه زرچینی,اجتماعی,0,213
به گزارش خبرنگار حوادث باشگاه خبرنگاران، ساعت ۱۹ دقیقه بامداد ۱۸ اسفند ماه بود که صدای آژیر بانک آتیه در صادقیه به صدا درآمد و سریعا ماموران کلانتری ستارخان به محل اعزام شدند. عوامل کلانتری پس از حضور در محل مشاهده کردند که یک دستگاه خودرو سواری پراید با درب بانک برخود کرده و تا حدودی وارد بانک شده است و راننده نیز در حالی که اوضاع مناسبی ندارد در خودرو به حالت بیهوش افتاده است. در ادامه ماموران طی بررسی‌ها دریافتند که پسر جوان به دلیل مصرف مواد روانگردان دچار توهم شده و به هیچ عنوان قدرت اختیار ندارد و دائما هذیان می‌گوید. همچنین در بازرسی بدنی از پسر جوان مقادیری قرص اکس و ماده روانگردان کشف و ضبط گردید و فرد برای انجام تحقیقات و سیر مراحل قانونی به کلانتری منتقل شد. رئیس کلانتری ۱۱۸ ستارخان سرهنگ امیر حسین رضایی درباره این خبر به باشگاه خبرنگاران، گفت: به منظور جلوگیری از سرقت به دلیل تخریب کامل درب بانک ماموران انتظامی تا حضور مسولان بانک در محل حضور داشتند و از اموال حراست کردند. انتهای پیام/,اجتماعی,0,177
علی توکلی کلپایگانی در گفتگو با خبرنگار اجتماعی باشگاه خبرنگاران، گفت: نوزده نفر از مدیران و مربیان کشور افغانستان در دوره‌های آموزشی تعیین شده از سوی این مرکز که به صورت کاربردی است، به مدت چهار هفته حضور خواهند یافت. وی در ادامه افزود: ‌ این دوره آموزشی شامل نظارت بر روش‌ها و مدل‌های ارزشیابی اثر بخش آموزش و آزمون، تهیه و تدوین برنامه‌های درسی و پودمان آموزشی بار دیگر شایستگی، تدوین استاندارد شغلی و … در فضای مجازی و گروه‌ها شبیه سازی شده به تمرنی‌های خود می‌پردازند. رئیس مرکز تربیت مربی سازمان آموزش فنی و حرفه‌ای کشور خاطرنشان کرد: برگزاری این دوره آموزشی دومین دوره امسال در مرکز تربیت مربی و با مشارکت سازمان آموزش فنی و حرفه‌ای کشور جایکا ژاپن برگزار می‌شود. انتهای پیام/,اجتماعی,0,126
محمد صارمی زاده در گفتگو با خبرنگار اجتماعی باشگاه خبرنگاران، گفت: با توجه به ریزش پل کن در بزرگراه فتح و انسداد مسیر غرب به شرق این شریان ارتباطی، با بازدید و ارزیابی قائم مقام و معاون عمرانی شهر تهران، با تاکید ویژه بر تسریع در اتمام عملیات احداث بلوار ۳۵ متری شهید مهتدی (ابراهیم آباد) عملیات تکمیلی این پروژه در دستور کار شهرداری منطقه ۱۸ قرار گرفت. وی با بیان توضیحات بیشتر افزود: روند پیشرفت بلوار ۳۵ متری شهید مهتدی در منطقه ۱۸ با هدف کاهش بار ترافیک بزرگراه فتح و تسهیل در امر تردد وسائط نقلیه مورد ارزیابی شهرداری تهران قرار گرفت. صارمی ادامه داد: بهره برداری و ساماندهی طرح فوری و ضربیت آماده سازی بلوار ۳۵ متری شهید مهتدی منطقه ۱۸ در پی ارزیابی‌های شهرداری تهران تنها راه و جایگزین ریزش پل کن، انسداد بزرگراه فتح، تردد و ترافیک شهر تهران، در دستور کار شهرداری منطقه ۱۸ قرار گرفت. وی در پایان با اشاره به لزوم پیشرفت عملیات اجرایی و آماده سازی شهید مهتدی منطقه ۱۸ افزود: پروژه بلوار ۳۵ متری شهید مهتدی به طول ۴ کیلومتر مهم از سمت بلوار الغدیر به بلوار خلیج فارس و از شمال به جنوب به دو بزرگراه فتح و آزادگان امتداد خواهد یافت. پس از افتتاح به عنوان یک شریان ارتباطی مهم جایگزین مسیر مسدود غرب به شرق بزرگراه فتح خواهد شد. /ف,اجتماعی,0,223
دادستان عمومی و انقلاب مرکز استان خوزستان می‌گوید مدیر عامل شرکت هفت تپه متواری نیست. به گزارش ایسنا، حسینی پویا، با تکذیب خبر منتشره درباره متواری شدن مدیر عامل شرکت هفت تپه اظهار، کرد: نامبرده متواری نیست و در جلسات کار گروه زیر مجموعه شورای تامین که به منظور بررسی و مشکلات هفت تپه تشکیل می‌شود؛ در دادستانی مرکز استان خوزستان حضور مستمر دارد. وی گفت: مدیر عامل شرکت هفت تپه در خصوص حل مشکلات کارگران و پرداخت حقوق معوقه آن‌ها و همچنین تامین منابع مالی برای تعمیر و تجهیز کارخانه تعامل خوبی دارد و قول مساعد داده است طی چند روز آینده یک ماه معوقه دیگر کارگران را پرداخت نماید تا کارگران با دل گرمی و روحیه مضاعف فصل برداشت نیشکر را از مزارع شروع نمایند. دادستان اهواز اظهار کرد: همچنین جلساتی به منظور حل مشکلات تعدادی از بازنشستگان تشکیل شده است که نتیجه آن متعاقبا به اطلاع کارگران بازنشسته خواهد رسید. وی با تاکید بر اینکه آرامش در شرکت حکم فرماست و کارگران با همدلی مشغول کار هستند افزود: در صورت مساعد بودن هوا برداشت نیشکر از مزارع از هفته آینده شروع می‌شود. دادستان اهواز همچنین گفت: هفته آینده با تشکیل جلسه کارگروهی در دادستانی در خصوص مشکل نی بران و بازنشستگان بررسی‌های لازم صورت می‌گیرد. انتهای پیام,اجتماعی,0,210
به گزارش خبرنگار حوزه حوادث گروه اجتماعی باشگاه خبرنگاران جوان، چهار عضو یک خانواده به جرم تعرض به دختر ۱۴ساله شان دستگیر شدند. چهار جنایت کاراعضای یک خانواده اهل تگزاس ساکن دالاس با مورد تعرض قرار دادن دختر ۱۴ ساله شان و سپس باردار شدن قربانی مبادرت به ضرب و شتم او به منظور سقط جنین او کردند. براساس گزارش پلیس: آنها پس از رسیدن به محل جنایت که خانه‌ی آنها واقع در دالاس بود، جنایت کاران در حال سوزاندن جسد نوزاد مرده، در کوره‌ی زغال بودند. پلیس در ادامه گفت: آقایان لونل ام سی دونالد ۲۷ ساله کدریک لی چونز ۲۷ ساله یسیلا ام سی دونالد ۲۵ ساله و خانم شارون لی جونز ۴۵ ساله در این جنایت دست داشتند و توسط پلیس بازداشت شدند. قربانی در گزارش خود به پلیس گفت: آگوست ۲۰۱۲ مورد تعرض و اذیت و آزار اعضای خانواده‌اش قرار گرفت اما به دلیل شرمساری از گزارش آن به پلیس اجتناب کرد. قربانی افزود: در ژانویه ۲۰۱۳ فهمیدم که باردارم و آنها مرا مجبور به خوردن قرصهایی کردند تا جنین سقط شود اما وقتی قرص‌ها عمل نکرد آنها شروع به اذیت و آزار من کردند و مرا مورد ضرب و شتم قرار می‌دادند به طوری که آخرین بار حمله وحشیانه آنها به مدت ۶ ساعت به طول انجامید و باعث شد براثر لگدهای آنها با خونریزی شدید نوزاد مرده را به دنیا بیاوریم و سپس آنها تصمیم به سوزاندن آن در کوره زغال کردند. پلیس این جنایت کاران بیرحم را تا رسیدن روزمحاکمه در دادگاه، به زندان برد. انتهای پیام/,اجتماعی,0,254
پوراندخت نیرومند معاون آموزش سازمان آموزش فنی و حرفه‌ای کشور در گفتگو با خبرنگار اجتماعی باشگاه خبرنگاران، گفت: در تدوین برنامه‌های آموزشی ادارات کل آموزش فنی و حرفه‌ای از ظرفیت‌های بخش دولتی و غیردولتی بهره‌برداری شده تا سهم بخش‌های مختلف صنعت، خدمات، کشاورزی، فرهنگ و هنر و فناوری‌های راهبردی بر اساس نیاز سنجی و قطب‌بندی و شاخص‌های جمعیتی، سند توسعه استان سند اشتغال در برنامه مشخص شود. وی در ادامه تصریح کرد: همچنین بازنگری مستمر استانداردهای آموزش شغلی و شایستگی، تدوین استاندارد و آموزش‌های مورد نیاز منطبق کردن شایستگی‌های حرفه‌ای مربیان با تغییرات صنایع و فناوری‌ها هم از ضروریاتی است که برای انطباق آموزش‌های فنی و حرفه‌ای با نیاز بازار کار باید صورت بگیرد. معاون آموزش سازمان آموزش فنی و حرفه‌ای خاطر نشان کرد: در سال‌های اخیر برنامه‌های مدولی به منظور توسعه وسط آموزش‌های مهارتی از سوی سازمان آموزش فنی و حرفه‌ای مورد توجه قرار گرفته است امیدواریم با انجام کارهای اصولی و بنیادی در این نوع آموزش شاهد تحولی عظیم در کشور باشیم. انتهای پیام/,اجتماعی,0,166
به گزارش خبرنگار اجتماعی باشگاه خبرنگاران، تا قبل از سال ۱۲۹۵ خورشیدی در ایران ثبت وقایع حیاتی چهار گانه با نوشتن نام و تاریخ در پشت جلد قرآن یا کتاب‌های مورد احترام ایرانیان در یاد‌ها می‌ماند. کم کم با افزایش جمیعت کشور احتیاج به سازمانی برای ثبت ولادت و وفات و صدور شناسنامه برای ملت قوت گرفت و در آذر ماه سال ۱۲۹۷ هجری شمسی سندی مشتمل بر ۴۱ ماده به تصویب هیات وزیران وقت رسید پس از تشکیل اداره ثبت احوال نخستین شناسنامه برای دختری به نام فاطمه ایرانی در تاریخ سه دی ماه ۱۲۹۷ در تهران فعالیت خود را آغاز کرد متقابعا در اردیبهشت ماه سال ۱۳۱۹ قانون جامع و کاملی مشتمل بر ۵۵ ماده تصویب شد و پس از آن آیین نامه مربوط به این قانون نیز در همان سال مشتمل بر ۱۳۱ ماده به تصویب رسید و این قانون نزدیک به ۳۶ سال پایدار ماند. بالاخره به موجب اصلاحیه دی ماه سال ۱۳۶۳ مجلس شورای اسلامی، در برخی از موارد اصلاحاتی صورت گرفت و تاکنون این قانون به قوت خود باقی مانده است. شناسنامه‌های سبز رنگ پیش از انقلاب شامل اطلاعات اصلی فرد، ازدواج و طلاق، فوت همسر و فوت صاحب شناسنامه بوده که در دو ممیزی شناسنامه اصلی و المثنی وجود داشت. پس از انقلاب شناسنامه هایی به ملت اعطا شد به رنگ قرمز که برابر دستور امام خمینی مبنی برطاغوت زدایی در ۱۵ خرداد سال ۶۴، تعویض شناسنامه‌ها با بهره گیری از فناوری اندکی که آن زمان وجود داشت آغاز شد در آن سال‌ها ابتدا مدالیه و در گام بعدی متولدان ۵۷ تا ۶۴ و سپس با اعلام فراخوان در سال ۶۷ تا ۷۳- ۶۰ میلیون ایرانی شناسنامه جدید گرفتند. /ف,اجتماعی,0,277
به گزارش خبرنگار حقوقی قضایی باشگاه خبرنگاران، در آیین‌نامه کمیسیون عفو (تخفیف و تبدیل مجازات) شرایط اعطای عفو و مواردی را که شامل عفو می‌شود، مشخص شده است‌- در ماده ۲۴ این آیین نامه جرائمی‌که شامل عفو نمی‌شود آمده است که مفهوم مخالف، این است که برای سایر جرائمعفو امکان پذیر است‌-در بند۲ این ماده، اگرفردی به اعدام محکوم و مجازات آن به حبس ابد تبدیل شده باشد بعد ازگذشت۱۰ سال ممکن است عفو شامل حال وی شود- یا اگرمجازات فردی حبس ابد باشد و حبس ابد آن به ۱۵ سال تبدیل شده باشد بعد گذشت ۵ سال عفو می‌شود- در ماده ۲۵ به صراحت بیان شده است که جرائمی‌مانند قاچاق مواد مخدر، در موارد حق الناس (قصاص، که باید ازسوی اولیای دم صورت گیرد) سرقت مسلحانه، تجاوز به عنف و جرائم علیه امنیت (جاسوسی، محاربه، آدم ربایی، اغتشاش) عفو شامل این مجرمان نمی‌شود که مفهوم مخالف آن این است که عفو شامل جرائم دیگر می‌شود. طبق بند ۱۱ اصل ۱۱۰ قانون اساسی عفو یا تخفیف مجازات محکومان در حدود موازین اسلامی‌ پس از پیشنهاد رئیس قوه قضاییه توسط مقام رهبری انجام می‌شود که این عفو خاص است که با عفو عمومی ‌متفاوت است. عفو عمومی‌را قوه‌مقننه و مجلس مقرر می‌کند. عفو عمومی‌شامل متهمانی می‌شود که طبق ماده ۹۷ قانون مجازات اسلامی‌مثلا در جریان یک شورش، حادثه‌ای اتفاق افتاده و ۱۰۰ نفر در این شورش، هنوز محکوم نشده‌اند و قانون این ۱۰۰ نفر محکوم را از مجازات معاف می‌کند‌. انتهای پیام/,اجتماعی,0,241
به گزارش خبرنگار پارلمانی باشگاه خبرنگاران، سید مهدی موسوی‌نژاد نماینده مردم دشتستان در جلسه علنی امروز سه‌شنبه (۱۸ فرورین ماه) در تذکر شفاهی خود مجلس گفت: امیدوارم هر چه سریعتر وزارت خارجه به فضل و مدد الهی فکت‌شیت ایرانی را منتشر کند تا ان‌شاءالله دستاوردهای جمهوری اسلامی به هدر نرود. وی در تذکر خود خطاب به رییس‌جمهور افزود: رییس‌جمهور بگوید چرا در سال جاری برای ساخت راه‌آهن بوشهر اعتباری اختصاص داده نشده است، در حالیکه ما شاهد بودیم اعتباراتی برای راه‌آهن برخی استان‌ها که رییس‌جمهور به آن سفر کرده است گذاشته شده است. نماینده مردم دشتستان در مجلس شورای اسلامی خاطر نشان کرد: وزارت نیرو چرا و به چه دلیل به وضعیت بحرانی آب شرب دشتستان رسیدگی نمی‌کند؟ چرا وزارت نفت، پتروشیمی دشتستان را که همه مقدمات آن آماده شده اجرایی نمی‌کند و وزیر آموزش و پرورش نیز باید پاسخگو باشد که تا به کی می‌خواهد ظلم به فرهنگیان را ادامه دهد و مجلس نیز کماکان استیضاح وزیر آموزش و پرورش را به تاخیر بیندازد در حالیکه بسیاری از مشکلات در حوزه آموزش و پرورش پابرجاست.,سیاسی,3,176
محسن رضایی فرمانده کل سپاه در دوران دفاع مقدس در گفتگو با خبرنگار ویژه‌نامه دفاع مقدس باشگاه خبرنگاران درباره جنگ نفتکش‌ها گفت: این جنگ ظالمانه‌ترین جنگ علیه ایران بود. وی افزود: صراحتا باید بگویم که جنگ ایران و عراق یک عنوان کلی داشت اما در درون خودش حاوی چند جنگ زمینی، دریایی و هوایی بود که در جنگ دریایی بدترین اتفاق حمله به نفت‌کش‌ها بود. رضایی اظهار داشت: حزب بعث عراق در جنگ دریایی به نفت‌کش‌ها سعی داشت به گلوگاه اقتصادی ایران که صادرات نفت بود حمله کند لذا در این مسیر همه کشتی‌هایی که متعلق به کل دنیا بود و به سمت ایران روانه می‌شد بدون هیچ ملاحظه‌ای مورد هدف قرار داد لذا ایران نیز برای مقابله با این موضوع قایق‌های تندرویی را ابداع کرد و کشتی‌های نفتی عراق را به ناچار مورد حمله قرار داد لذا این مقابله به مثل ایران با عراقی‌ها سبب شد که آنها از حمله به نفتکش‌ها دست بردارند. انتهای پیام/,سیاسی,3,157
به گزارش حوزه دولت باشگاه خبرنگاران، حجت‌الاسلام و المسلمین دکتر حسن روحانی رئیس جمهوری اسلامی ایران، در پیامی فرا رسیدن روز ملی آلبانی را به رییس جمهور، دولت و ملت این کشور تبریک گفت. متن کامل پیام روحانی به شرح زیر است: بسم‌الله الرحمن الرحیم جناب آقای بویار نیشانی رئیس‌جمهوری آلبانی فرا رسیدن روز ملی کشورتان را به جنابعالی، دولت و ملت آلبانی صمیمانه تبریک می‌گویم. امیدوارم با عنایت به پیوندهای تاریخی دو ملت و آغاز فعالیت دولت‌های جدید در جمهوری اسلامی ایران و جمهوری آلبانی، توسعه روزافزون مناسبات دوجانبه در همه زمینه‌های سیاسی، اقتصادی و فرهنگی و نیز ارتقاء همکاری‌های بین‌المللی را شاهد باشیم. از خداوند متعال، سلامتی و موفقیت آن جناب و بهروزی و سرافرازی دولت و ملت آلبانی را مسألت دارم. حسن روحانی رئیس‌جمهوری اسلامی ایران انتهای پیام/,سیاسی,3,131
به گزارش حوزه دولت گروه سیاسی باشگاه خبرنگاران جوان؛ عبدالرضا رحمانی فضلی وزیر کشور در صدر هیأتی بلندپایه سیاسی و امنیتی تهران را به مقصد بغداد ترک کرد. دیدار دوجانبه با وزیر کشور عراق از جمله برنامه‌های سفر یک روزه رحمانی فضلی به این کشور است. رایزنی و گفتگو پیرامون برگزاری هر چه با شکوه‌تر مراسم اربعین حسینی، مسائل مرزی و منطقه‌ای از موضوعات مورد بحث بین دو طرف خواهد بود. گفتنی است، وزیر کشور را در این سفر ذوالفقاری معاون امنیتی انتظامی وزارت کشور، سردار رضایی فرمانده مرزبانی ناجا، بازوند استاندار کرمانشاه و شجاعی کیاسری رئیس مرکز اطلاع رسانی و امور بین الملل وزارت کشور همراهی می‌کنند.,سیاسی,3,108
امیرحسین یوسفی در گفتگو با خبرنگار دانشگاه باشگاه خبرنگاران، با اشاره به عدم سخنرانی حسین شریعتمداری در دانشگاه امیرکبیر گفت: چندی پیش بسیج دانشجویی دانشگاه صنعتی امیرکبیر برای برنامه این تشکل در ۱۶ آذر، روز دانشجو از شریعتمداری دعوت به عمل آورده بود. وی تصریح کرد: مدیریت دانشگاه با نگرانی ایجاد تشنج و به هم زدن برنامه به این برنامه مجوز نداده و این نگرانی برخاسته از فعالیت‌های طیف رادیکال و عده‌ای معدود و افراطی است که به هم زدن برنامه‌های قانونی دانشگاه نظیر برنامه جلیلی و حتی کواکبیان و سابقه ایجاد اغتشاش در دانشگاه و همچنین شکستن درهای دانشگاه را هم در کارنامه خود دارند. مسئول سیاسی بسیج دانشجویی دانشگاه صنعتی امیرکبیر با بیان اینکه دیروز هم در برنامه مناظره دانشجویی پیرامون جنبش دانشجویی عده‌ای معدود سعی در به هم ریختن مناظره را داشتند، اظهار داشت: این عده در شعار‌ها و اظهاراتشان با حمایت تمام قد از فتنه، فتنه گران و توهین کنندگان به مقدسات ملت، خط مشی خود را نشان دادند. وی بیان داشت: مادامی که در دانشگاه صنعتی امیرکبیر برخورد قاطع با این گروه هوچی‌گر صورت نگیرد، نمی‌توان شاهد برگزاری برنامه‌ها در شرایط منطقی بود و برنامه‌های دانشجویی قربانی این غوغاسالاری خواهد شد. یوسفی در پایان خاطر نشان کرد: بسیج دانشجویی نیز با سعه صدر منتظر عکس العمل قاطع دانشگاه در برابر این گروه خواهد بود. انتهای پیام/,سیاسی,3,221
عضو هیات رئیسه کمیسیون امنیت ملی مجلس، گفت: ایران برای این حمله اخیر به سازمان‌های بین المللی شکایت خواهد کرد و در صورت لابی صهیونیست‌ها از حق مقابله به مثل استفاده می‌کنیم. محمدجواد جمالی نوبندگانی در گفت وگو با خانه ملت، با اشاره به حمله سایبری اسرائیل به ایران، گفت: آمریکا و رژیم صهیونیستی جنگ سایبری را به عنوان یکی از موارد جنگ اعلام نشده علیه جمهوری اسلامی دنبال می‌کنند، سابقه آن‌ها هم در بکارگیری سلاح سایبری برای حمله به سایت بانک‌ها، سیستم &lrm;های دفاعی، سیستم‌های مربوط به غنی سازی و انرژی هسته‌ای همچون پرونده هایی چون استاکس نت مشخص است. تاکید رهبری و برنامه ششم بر فعال سازی بخش پدافند غیرعامل سازمان‌ها نماینده مردم فسا در مجلس شورای اسلامی، تصریح کرد: با توجه به تاکید مقام معظم رهبری در حوزه پدافند غیرعامل در برنامه پنج ساله ششم توسعه بر فعال شدن سازمان‌ها، ادارات و دستگاه‌ها در حوزه پدافند غیرعامل تاکید شد زیرا ضربه‌های دشمن در این زمینه‌ها را پیش بینی می‌کردیم. ایران پیگیر شکایت از اسرائیل به سازمان‌های بین المللی برای حمله سایبری اخیر جمالی نوبندگانی افزود: این حملات سایبری با هدف مختل شدن خدمات رسانی به مردم و ضربه زدن به موضوعات امنیتی کشور است، با توجه به دانش سایبری بسیار پیشرفته برای این حمله اخیر به سازمان‌های بین المللی شکایت خواهیم کرد.,سیاسی,3,215
به گزارش حوزه مجلس گروه سیاسی باشگاه خبرنگاران جوان؛ علی لاریجانی رییس مجلس شورای اسلامی در پیام هایی جداگانه درگذشت مادر شهید سرافراز سپهبد علی صیاد شیرازی و بانو مهدیه الهی قمشه‌ای را تسلیت گفت. متن پیام‌ها به شرح زیر است: بسم الله الرحمن الرحیم انا لله و انا الیه راجعون درگذشت مادر بزرگوار شهید سرافراز سپهبد علی صیاد شیرازی مرحومه سرکار خانم شهربانو شجاع را تسلیت گفته برای آن بانوی فاضله که اینک در جوار فرزند دلاور شهیدش آرام گرفته علو درجات و برای بازماندگان صبر و اجر از پروردگار متعال مسئلت می‌کنم. علی لاریجانی رییس مجلس شورای اسلامی بسم الله الرحمن الرحیم انا لله و انا الیه راجعون در گذشت بانوی گرانقدر و پژوهشگر فاضل مرحومه سرکار خانم مهدیه الهی قمشه‌ای که پرورش یافته در خانواده‌ای ادیب و دانشمند و نزد پدر بزرگوار خویش بودند و سالها در جهت ترویج فرهنگ و ادبیات فارسی تلاش کردند را تسلیت گفته، برای ایشان رحمت و مغفرت و برای بازماندگان صبر و اجر از درگاه خداوند مسئلت می‌کنم. علی لاریجانی رئیس مجلس شورای اسلامی انتهای پیام/,سیاسی,3,175
وزیر امور خارجه در تویئتی خطاب به پمپئو نوشت: ایالات متحده با ماجراجویی در عراق و افغانستان و با حمایت کورکورانه از اسرائیل و دیگر رژیم‌های تروریست پرور منابع مردمش را برباد می‌دهد. به گزارش گروه سیاسی باشگاه خبرنگاران جوان؛ محمد جواد ظریف وزیر امور خارجه در تویئتی در پاسخ به بیانیه پمپئو وزیر امور خارجه آمریکا نوشت: آنکه در خانه شیشه‌ای زندگی می‌کند نباید سنگ پرتاب کند. ایالات متحده منابع مردمش را برباد می‌دهد، چه با ماجراجویی در عراق و افغانستان، چه با حمایت کورکورانه از اسرائیل و دیگر رژیم‌های تروریست پرور و یا با گسترش بی مصرف سلاح‌های هسته‌ای اش: این اقدامات تنها به رنج مردم آمریکا می‌افزاید. همانگونه که قبلا هم گفته‌ام، هیچکس نباید تعجب کند که تظاهرات در آمریکا ادامه پیدا می‌کند: در مرزها، در زندان‌ها و همین آخر هفته در واشنگتن و تمام ۵۰ ایالت. مردم آمریکا از رهبرانشان می‌خواهند که ثروت کشورشان را به مردم واگذار کرده و پاسخگوی نیازهای مشروع آنان باشند تا ۴۰ میلیون نفر در ثروتمندترین کشور جهان زیر خط فقر زندگی نکنند. ما تداوم سیاست‌های عبث دولت ایالات متحده در سرکوب، زندانی کردن تظاهرکنندگان، جداکردن مهاجرین از خانواده‌هایشان و نگهداری اطفال آنها در قفس و نیز سرپوش نهادن و انکار ناکامی‌های مردم آمریکا را محکوم می‌کنیم. مردم ایالات متحده از فساد، بی عدالتی و بی کفایتی رهبرانشان به ستوه آمده‌اند. جهان صدای آنها را می‌شنود.,سیاسی,3,225
محمد جواد ابطحی نماینده مردم خمینی‌شهر در گفت‌وگو با خبرنگار مجلس گروه سیاسی باشگاه خبرنگاران جوان، درباره میزان تحقق شعار سال ۹۶ یعنی اقتصاد مقاومتی؛ تولید و اشتغال، اظهار کرد: چندین سال است که در شعارهای سال، رهبر معظم انقلاب به اقتصاد مقاومتی تاکید می‌کنند. وی با تاکید بر اینکه دولت در سال جدید باید بیش از پیش به اقتصاد مقاومتی عمل کند، گفت: یکی از راه‌های اساسی برای خنثی کردن تحریم‌های علیه کشور این است که اقتصاد مقاومتی را اجرایی کنیم. نماینده مردم خمینی‌شهر تصریح کرد: آمار‌ دولت در زمینه اجرای اقتصاد مقاومتی ملموس نیست و متاسفانه دولت در این زمینه به خوبی عمل نکرده است و باید در سال جدید این مسئله را در اولویت کاری خود قرار دهد.,سیاسی,3,121
به گزارش خبرنگار احزاب باشگاه خبرنگاران، حسین شریعتمداری مدیر مسئول روزنامه کیهان در حاشیه مراسم یادبود مرحوم علی‌اکبر پرورش که از سوی مجلس شورای اسلامی در حال برگزاری است در جمع خبرنگاران حضور یافت و در پاسخ به سوالی مبنی براینکه نظر شما در مورد فیلتر شدن سایت مطهری چیست؟ اظهار داشت: در این مورد به همین راحتی‌ها نمی‌شود صحبت کرد. وی در پاسخ به سوالی مبنی براینکه نظرتان در مورد پیشتازی اصولگرایان در برخورد با مفاسد اقتصادی چیست؟ افزود: با یک نگاه به سوابق کاری آنها این موضوع محسوس است. شریعتمداری در خصوص ویژگی‌های اخلاقی مرحوم پرورش تصریح کرد: آقای پرورش بسیار ساده‌زیست بود؛ زمانی که ایشان به مأموریت‌های خارج از کشور می‌رفت تمام حقوق ارزی خود را تحویل می‌داد و می‌گفت که من به آن احتیاجی ندارم. مدیر مسئول روزنامه کیهان با بیان اینکه مرحوم پرورش حرکت خود را از زمان حضرت امام با مسیر رهبری تنظیم می‌کرد، افزود: فقدان وی یک فاجعه است. وی در خصوص مرگ مشکوک ماجد الماجد و اعزام یک تیم از ایران در این زمینه تصریح کرد: آنطور که خبرهای اولیه نشان می‌داد ماجد الماجد باید زنده دستگیر می‌شد، او جعبه سیاه اطلاعات عربی اسرائیلی بود و به همین دلیل پس از دستگیری او عربستان هزینه بسیاری برای بازپس‌گیری و آزادی او فراهم کرد. شریعتمداری خاطر نشان کرد: اگر ماجد الماجد دستگیر می‌شد می‌توانست سرنخ‌های بسیار زیادی را فاش و برملا کند لذا شواهد نشان می‌دهد که او را کشته‌اند و تیم‌های سعودی و اسرائیل که به آدمکشی و انفجارهای تروریستی شهرت دارند بعید نیست که مهره سوخته خود را از بین برده باشند.,سیاسی,3,261
به گزارش حوزه دولت گروه سیاسی باشگاه خبرنگاران جوان، به نقل از خبرگزاری صدا و سیما، حجت الاسلام و المسلمین حسن روحانی رئیس جمهور در حاشیه نشست افتتاحیه پنجمین دوره مجلس خبرگان رهبری با اشاره به اهمیت این مجلس در نظام جمهوری اسلامی ایران گفت: این مجلس در واقع مجلسی است که به مردم اطمینان می‌دهد برای شرایط سختی که پیش روی تاریخ ملت ما قرار می‌گیرد. وی افزود: وظیفه مجلس خبرگان آن است که در روز مبادا، رهبر را در شرایطی که در قانون اساسی آمده است انتخاب و به مردم معرفی کند. رئیس جمهور گفت: یک بار مجلس خبرگان در آزمونش بسیار موفق بوده است و آن در ۱۴ خرداد بعد از رحلت حضرت امام (ره) بود که توانست هم با سرعت و هم با دقت رهبر شایسته‌ای را انتخاب کند، به گونه‌ای که در ۱۴ خرداد وقتی انتخابات تمام شد دنیا از سرعت عمل مجلس خبرگان دچار شگفتی شد. وی تصریح کرد: امیدواریم سالیان دراز عمر بابرکت رهبر معظم انقلاب پایدار بماند و مجلس خبرگان نیازی نداشته باشد در این زمینه تصمیم بگیرد، اما بسیار مهم است که فقهایی تصمیم گیر هستند که منتخب مردم هستند. رئیس جمهور گفت: در واقع مردم سالاری دینی به معنای واقعی کلمه تبلور پیدا می‌کند اولا همه نمایندگان منتخب مردم هستند ثانیا همه آنها فقهای شایسته‌ای هستند، فقهای شورای نگهبان آنان را تأیید کرده‌اند. روحانی در پایان اظهار امیدواری کرد: مجلس خبرگان پنجم در ادای وظایفش و در کمیسیون هایی که پیش رو دارد در فعال کردن کمیسیون‌ها فعال‌تر باشد و مردممان هم با استقرار مجلس پنجم خبرگان از آینده‌شان مطمئن باشند. انتهای پیام/,سیاسی,3,263
&nbsp;یک منبع امنیتی در استان بصره عراق روز چهارشنبه خبر داد که پلیس گمرک این کشور دو مسافر ایرانی را به دلیل همراه داشتن مواد مخدر دستگیر کرد. به گزارش ایرنا، این منبع در گفتگو با خبرگزاری السومریه نیوز گفت: پلیس گمرک عراق در گذرگاه مرزی شلمچه دو مسافر ایرانی را هنگامی که وارد سالن مسافرین شدند، دستگیر کرد. به گفته وی، این دو مسافر ایرانی ۷۲ گرم مواد مخدر از نوع هروئین به همراه داشتند و به دستگاه‌های قضایی معرفی شدند. گفتنی است که نیروهای امنیتی عراق طی ماه‌های گذشته چندین مسافر خارجی را در گذرگاه‌های مرزی بصره (واقع در جنوب عراق) به دلیل تلاش برای وارد و یا خارج کردن مواد ممنوعه به ویژه مواد مخدر که مقدارهای کم و برای استفاده‌های شخصی می‌باشند را دستگیر کردند. عراق اعتیاد را جرم می‌داند و با حاملین مواد مخدر حتی به میزان مصرف شخصی نیز هم در بخش انتظامی و هم بخش قضائی بشدت برخورد می‌کند. مسوولان مربوطه تاکنون بارها نسبت به عواقب نامعلوم حمل مواد مخدر به داخل عراق به مسافران خارجی هشدار داده‌اند.,سیاسی,3,175
به گزارش حوزه دفاعی امنیتی باشگاه خبرنگاران، دبیر قرارگاه جهادی شهید شوشتری اعلام کرد: جهادگران این قرارگاه با مشخص شدن میزان خسارت مناطق زلزله زده، خود را به محل حادثه خواهند رساند و نسبت به آواربرداری و کمک به حادثه دیدگاه فعالیت خواهند کرد. وی گفت: تاکنون هشت گروه جهادی در استان‌های تهران، گیلان، لرستان، البرز و اصفهان آمادگی خود را اعلام کرده‌اند. عالی با توجه به لزوم حضور جهادگران در این مناطق خاطر نشان کرد: گروهایی که تمایل به حضور در این مناطق را دارند به پایگاه اطلاع رسانی مراجعه کرده و یا به شماره پیامک ۳۰۰۰۱۳۵۷۱۱۲۲ اسم گروه خود را ارسال کنند. این فعال جهادی اعلام کرد: گروه‌های جهادی این قرارگاه عرصه‌های مختلف بهداشتی، عمرانی، امداد و نجات و … سازماندهی شده‌اند. عالی در پایان افزود: قرارگاه جهادی شهید شوشتری تا کنون در ۳ سال گذشته و در نقاط مختلف استان سیستان و بلوچستان حضوری فعال و موثر داشته است. انتهای پیام /,سیاسی,3,155
به گزارش خیمه گاه باشگاه خبرنگاران؛ خداوند متعال فرشتگانى دارد که موکل قبر حضرت امام حسین علیه السلام مى‏ باشند هنگامى که شخص قصد زیارت آن حضرت را مى‏ نماید حق تعالى گناهان او را در اختیار این فرشتگان قرار مى‏ دهد و زمانى که وى قدم برمی دارد فرشتگان تمام گناهانش را محو مى‏ کنند و سپس قدم دوم را که برداشت حسناتش را مضاعف و دو چندان مى‏کنند و پیوسته با قدم‏هائى که برمى‏دارد حسناتش مضاعف مى‏گردد تا به حدى مى ‏رسد که بهشت برایش واجب و ثابت مى‏ گردد، سپس اطرافش را گرفته و تقدیسش مى ‏کنند و فرشتگان آسمان نداء داده و مى‏ گویند: زوار دوست خدا را تقدیس نمائید. و وقتى زوار غسل کردند حضرت محمد صلى الله علیه و آله و سلم ایشان را مورد نداء قرار داده و مى فرماید: اى مسافران خدا! بشارت باد بر شما که در بهشت با من هستید. سپس امیر المؤمنین علیه السلام به ایشان نداء نموده و مى‏ فرماید: من ضامنم که حوائج شما را بر آورده نموده و بلاء را در دنیا و آخرت از شما دفع کنم، سپس پیامبر اکرم صلى الله علیه و آله و سلم با ایشان از طرف راست و چپ ملاقات فرموده تا اینکه به اهل خود بازگردند. برای دیدن فیلم اینجا کلیک کنید. برای دیدن فیلم اینجا کلیک کنید.,سیاسی,3,219
به گزارش خبرنگار دفاعی امنیتی گروه سیاسی باشگاه خبرنگاران جوان؛ امیر سرتیپ حسین لشکری رییس اداره بهداشت و درمان اجا در همایش فرهنگ و سلامت از منظر قرآن و حدیث که در دانشگاه علوم پزشکی ارتش برگزار شد اظهار داشت: اگر کلید واژه‌های همایشمان را بررسی کنیم به نکات مهمی می‌رسیم. وی ادامهه داد: در سیستم مراقبت و سلامت به سه سطح مراقبت اولیه و ثانویه و ثالثیه است که همه به پیشگیری و درمان و توانبخشی و درمان است. رییس اداره بهداشت و درمان اجا با اشاره به اهمیت سلامت و سرمایه‌گذاری در این بخش گفت: توجه به بخش پژوهش و سلامت بسیار مهم بوده و ارگان‌های اجا به دانشجویان جهت پژوهش کمک خواهد کرد. امیر لشکری با اشاره به مدیریت جوانان امروز در اینده ارتش تاکید کرد: انشاء الله به گونه‌ای دانشجو آموزش ببیند که سبک زندگی ایرانی اسلامی و اخلاق اسلامی را در حیات و آینده خود پیاده کند. برای آگاهی از آخرین اخبار و پیوستن به کانال تلگرامی باشگاه خبرنگاران جوان اینجا کلیک کنید,سیاسی,3,168
به گزارش حوزه احزاب باشگاه خبرنگاران، محدرضا عارف طی پیامی جان باختن جمعی از هموطنان‌مان در سانحه سقوط هواپیما را تسلیت گفت. متن پیام بدین شرح است: ضمن عرض تسلیت این مصیبت و ضایعه اسفناک به خانواده‌های داغدار به ویژه مردم شریف استان‌ خراسان جنوبی و شهر طبس همدردی خود را با بازماندگان اعلام داشته، از درگاه خداوند غفور و رحیم برای جانباختگان غفران الهی و برای آسیب‌دیدگان و مجروحان، آرزوی سلامتی و شفای عاجل مسالت می‌نمایم. امید آنکه با تلاش پرسنل زحمتکش بهداشت و درمان کشور، سلامتی آسیب‌دیدگان این حادثه در کوتاهترین زمان حاصل شود و با راهکارهای مسئولان ذی‌ربط ضمن بررسی و مشخص شدن علت وقوع این حادثه، در آینده شاهد اینگونه حوادث دردناک نباشیم. محمدرضا عارفگفتنی است؛ حدود ساعت ۹:۲۰ صبح روز گذشته (یکشنبه) یک فروند هواپیما آنتونوف که از تهران عازم طبس بود با ۴۰ سرنشین و ۸ خدمه پرواز پس از برخاستن از فرودگاه مهرآباد سقوط کرد. لازم به ذکر است؛ این حادثه منجر به مرگ ۳۹ نفر از هموطنان‌مان و مجروح شدن ۹ نفر شد که بلافاصله به مراکز درمانی انتقال یافتند. انتهای پیام/,سیاسی,3,180
