به گزارش خبرنگار گروه علمی و دانشگاهی خبرگزاری فارس به نقل از timeshighereducation، آموزش عالی آمریکا می‌گوید، مزایای آموزش آنلاین برشمرده نمی‌شود و همین موضوع منجر شده است تا دانشجویان نسبت به آن بی‌اطلاع باشند. کارشناسان علمی باور دارند، گسترش آموزش عالی آنلاین به نفع تمام دانشجویان در تمام سراسر جهان است، اما نهایت اطلاعاتی که دانشجویان نسبت به آن دارند، برای استفاده از کنفرانس‌ها است. دانشجویانی که به علت شاغل بودن، بیمار بودن یا هر علل دیگری قادر به شرکت در کنفرانس اساتید یا هم‌کلاسی‌های خودشان نیستند، به صورت آنلاین آنها را دنبال می‌کنند. اساتید دانشگاه‌ها باور دارند، ایجاد رویکرد مثبت برای توسعه آموزش آنلاین اگرچه با کاهش هزینه‌ها برای دانشجو همراه است اما در واقع کیفیت پایین آموزشی را نیز برای وی به دنبال دارد. ریچارد گرت، مدیر نظارت بر آموزش عالی به یک انجمن گفته است: یادگیری آنلاین اثری نسبتا جزئی در الگوهای جهانی آموزش عالی اعمال کرده و تنها دلیل این موضوع نپرداختن به آن است. گرت به این کنفرانس که سازمان تنظیم مقررات کیفیت و استانداردهای تدریس برگزار کرد، گفت: آموزش عالی باید با جهان امروز مدرن و هماهنگ شود. داده‌های ایالات متحده نشان می‌دهد که مؤسسات آموزش عالی با ارائه کلاس‌های‌آنلاین، توانستند جوانان را به خود جذب کنند؛ زنان به میزان قابل توجهی بیش از مردان برای حضور در آموزش عالی استقبال می‌کنند و این روند در‌ آموزش عالی آنلاین نیز مشاهده می‌شود. انتهای پیام/,علمی فناوری,4,231
هواوی عضو جدیدی به مجموعه تبلت‌های سری مدیا پد افزوده: مدیا پد ام ۵ لایت، میان رده‌ای با ۴ اسپیکر. شاخص‌ترین مشخصه این محصول همان اسپیکرها است که با همکاری هارمان کاردن تولید شده است. نمایشگر ۱۰-۱ اینچی با رزولوشن ۱۹۲۰ در ۱۲۰۰ پیکسلی و با نسبت ۱۶ به ۱۰ است. چیپست در نظر گرفته شده برای این محصول کایرین ۶۵۹ است که ۳ گیگابایت رم به همراه ۳۲ گیگابایت حافظه داخلی آن را همراهی می‌کند. البته نسخه‌ای با ۴ گیگابایت رم و ۶۴ گیگابایت حافظه داخلی هم در نظر گرفته شده است. هواوی همچنین یک قلم ام پ-ن-لایت با پشتیبانی از ۲۰۴۸ سطح فشار را هم برای مدیا پد ام ۵ لایت ارایٔه می‌کند که البته در برخی مناطق باید مبلغی اضافی برای آن بپردازید و در برخی دیگر در جعبه تبلت قرار داده می‌شود. باتری ۷۵۰۰ میلی آمپر ساعتی است که به لطف فناوری شارژ سریع می‌تواند در عرض کمتر از ۳ ساعت به طور کامل شارژ شود. این تبلت با اندروید ۸ به دست خریداران می‌رسد مدیا پد ام ۵ لایت قرار است در رنگ‌های طلایی و خاکستری روانه بازار شود البته قیمت و زمان عرضه آن هنوز مشخص نشده است.,علمی فناوری,4,194
گوشی فرا میان رده سامسونگ به نام A۹ پس از مدت‌ها لورفتن و شایعه، رسما رونمایی شد تا کاربران با پرداخت ۵۹۹ یورو / ۵۴۹ پ-ن- یا ۷۰۰ دلار مالک این گوشی ۶-۳ اینچی شوند. به گزارش خبرآنلاین، طراحی این گوشی مدل فلت اس ۹ را در ترکیبی با نوت ۵ به یاد می‌آورد که در ابعاد ۶-۳ اینچی با رزولوشن ۱۰۸۰ در ۲۲۲۰ پیکسل تعریف شده است و حسگر اثرانگشت در پشت گوشی و در وسط قرارگرفته است که دلیل اصلی این نوع طراحی چینش ۴ لنز زیر هم است که به عنوان اولین گوشی جهان با ۴ دوربین در پشت ثبت شده است. {لینک} از اسپیکر استریو خبری نیست و جک هدفون در کنار یو اس بی تایپ سی قرارگرفته است. مشکی خاویاری، آبی لیمونادی و صورتی بادکنکی سه رنگ اختصاصی برای این گوشی است که ضمن داشتن اسلات برای افزودن حافظه جانبی، مجهز به ۸ گیگ رم و ۱۲۸ گیگ حافظه داخلی است و از نوامبر به قیمت ۷۰۰ دلار راهی بازار می‌شود. گوشی ۱۸۳ گرمی پردازنده ۱۴ نانومتری اسنپ دراگون ۶۶۰ با معماری ۸ هسته‌ای دارد و گرافیک آن نیز آدرنوی ۵۱۲ است. اندروید ۸ اوریو و باتری ۳۸۰۰ میلی آمپر ساعتی، همراه با ان اف سی، بلوتوث ۵، شارژ سریع و دو سیم کارته؛ از دیگر مشخصات گوشی A۹ مدل ۲۰۱۸ است. دوربین سلفی ۲۴ مگاپیکسلی و باکیفیت تعریف شده اما نکته مهم نصب ۴ دوربین در پشت گوشی است که آن را متفاوت از سایر گوشی‌ها کرده است.,علمی فناوری,4,244
اگر از طرفداران سرویس کوتاه کننده لینک گوگل موسوم به هستید، متأسفانه باید به زودی با این سرویس خداحافظی کنید. ساعاتی پیش گوگل با انتشار پستی در وبلاگ توسعه دهندگان خود از تعطیلی این سرویس در تاریخ یی آوریل (معادل یی فروردین ماه) خبر داده است- با عملی شدن این تصمیم، از تاریخ یاد شده به بعد دیگر قادر به ساخت لینک‌های کوتاه در سرویس نخواهید بود، هر چند تا یک سال بعد از این موضوع (یی مارس یییی) همچنان قادر هستید که آن‌ها را در کنسول ویرایش نمایید. ضمنا لینک‌های کوتاه تا بعد از این تاریخ نیز همچنان قابل استفاده خواهند بود. اما گوگل با قطع پشتیبانی از سرویس جایگزینی را هم برای آن معرفی کرده. Firebase Dynamic Links یا به اختصار FDL، آدرس‌های اینترنتی هوشمندی هستند که گوگل برای جایگزینی با سرویس کوتاه کننده لینک سابق خود در نظر گرفته است. به لطف این لینک‌های جدید می‌توانید افراد را به غیر از صفحات معمولی وب مستقیما به صفحات خاصی در درون اپلیکیشن‌های iOS، اندروید یا اپ‌های تحت وب بفرستید. در حال حاضر می‌توانید با مراجعه به این آدرس، وارد حساب کاربری گوگل خود شده و برای خود لینک‌های FDL بسازید. هر چند متأسفانه مثل بسیاری از سرویس‌های گوگل دسترسی به این سرویس نیز برای کاربرانی ایرانی بدون استفاده از ابزار تغییر دهنده آی پی ممکن نیست.,علمی فناوری,4,218
به گزارش خبرآنلاین، آنالیز پروتیٔین و بقایای کاسه سرامیکی کشف‌شده در سایت Friesack ۴ در منطقه باستانی Brandenburg نزدیک برلین نشان می‌دهد غذای مردم این منطقه در ۶ هزار سال پیش آبگوشت ماهی بوده است که در آن تخم ماهی کپور (چیزی مثل خاویار به‌عنوان غذای لاکچری) دیده می‌شود. {لینک} آنا شوچنکو از موسسه زیست‌شناسی مولکولی مکس پلانک در درسدن آلمان با رادیوکربن متوجه شد که کاسه مذکور متعلق به ۴۳۰۰ سال پیش از میلاد مسیح است. تحقیق مذکور در مجله PLOS One منتشرشده که رویکردهای غذایی مردم آن روزگار را نشان می‌دهد. در سایت باستانی Friesack ۴ بیش از ۱۵۰ هزار آیتم کشف‌شده است که امور غذایی می‌تواند به ما کمک کند تا بفهمیم مردمان باستان چگونه پخت‌وپز می‌کردند. این محقق می‌گوید در حالی که مردم عصر میان سنگی، گوشت یک تکه را روی آتش می‌گرفتند، مردم ساکن این منطقه از آلمان آبگوشت ماهی لاکچری می‌خوردند! ۵۶۵۶,علمی فناوری,4,148
به گزارش خبرآنلاین، شهاب‌سنگ وسط آسمان و زیر نور خورشید منفجر شد و با ریخته شدن روی خانه‌ها، باعث شکستگی شیشه‌ها شد. گفته می‌شود مردم در فلوریدا قبل از انفجار این شهاب‌سنگ را با چشمان خود دیدند. {لینک} حادثه روز جمعه بر فراز شهر وینالس در استان پ-ن-ر دل ریو رخ داد و شاهدان از وقوع دو انفجار مهیب بر فراز آسمان خبر دادند. دود ناشی از انفجار بخشی از آسمان شهر را فراگرفت و مردم با موبایل‌های خود تصاویری که در زیر مشاهده می‌کنید را ثبت کردند. بارش شهابی پس‌ازآن باعث شکسته شدن شیشه‌خانه شد اما آسیب جانی وارد نساخت. شبکه محلی تله پ-ن-ر توانست اولین سنگ‌های ناشی از انفجار را نشان دهد که در زیر مشاهده می‌کنید. ۵۶۵۶,علمی فناوری,4,120
به گزارش خبرآنلاین، بیل آندرس خلبان ماژول ماه فضاپیمای آپولو ۸ و اولین انسانی که از مدار زمین خارج‌شده، گفت: فرستادن انسان به ماه تقریبا مسخره به نظر می‌رسد. {لینک} ناسا در حال برنامه‌ریزی برای ارسال انسان به ماه است و در حال آزمایش فناوری‌هایی است که بتواند این مأموریت را به‌خوبی انجام دهد. پس از اظهارات آندرس، ناسا هیچ جوابی به اظهارات وی نداد. ویلیام آندرس ۸۵ ساله می‌گوید وی از طرفداران برنامه‌های بدون انسان فضایی است که هزینه‌های تحقیقاتی را به‌شدت کاهش می‌دهد. وی با زیر سؤال بردن ارسال انسان به مریخ گفت: فکر نمی‌کنم مردم علاقه چندانی به چنین مأموریتی داشته باشند. به‌هرحال برنامه رباتیک ناسا در مریخ با ارسال اینسایت در ماه گذشته نشان از عزم جدید این سازمان برای اکتشافات در آینده دارد. دسامبر ۱۹۶۸ آندرس به همراه فرانک بورمن مرکز فضایی کیپ کاناورال را ترک کرده و سپس ۱۰ بار به دور ماه چرخیدند. ۵۶۵۶,علمی فناوری,4,151
شرکت پ-ن-سونیک (Panasonic)، نوعی تختخواب بیمارستان ارایٔه داده است که می‌توان آن را به ویلچر تبدیل کرد- این فناوری جدید موسوم به تختخواب رباتیک (Robotic Bed)، یک تختخواب بسیار پ-ن-و بی‌نهایت راحت است که تشک آن، در صورت لزوم از شکاف وسط جدا می‌شود تا نیمه چپ تشک، به نشیمن‌گاه ویلچر تبدیل شود. همه این مراحل، تنها با فشار یک دکمه صورت می‌گیرند. هنگامی که تخت به ویلچر تبدیل می‌شود، با یک دسته کنترل، قابل هدایت است. با استفاده از این دسته، می‌توان شیب ویلچر را تنظیم و یا آن را خم کرد. ویلچر با فشار دکمه، دوباره به تختخواب تبدیل می‌شود. در حال حاضر، نخستین نمونه از تخت رباتیک ارایٔه شده و هزینه آن معادل هزینه یک تختخواب و یک ویلچر است. این فناوری، هم به عنوان تجهیزات پزشکی و هم برای به کار بردن در منزل مناسب است و با استفاده از آن، بیماران برای حرکت به کمک نیاز نخواهند داشت. ۵۶۵۶,علمی فناوری,4,154
تلاش سامسونگ برای توسعه موبایلی با نمایشگر تاشو به هیچ وجه یک راز نیست. در واقع کره ای‌ها تنها کمپ-ن- فعال در این زمینه هم نیستند. اما به نظر می‌رسد هزینه‌های فراوان این شرکت برای تحقیق و توسعه موبایل مذکور آنها را به نخستین تولید کننده موبایل تاشو با نمایشگر انعطاف پذیر تبدیل خواهد کرد. پیش از این شنیده بودیم که سامسونگ در خلال رویداد CES ۲۰۱۸ یک نمونه اولیه از این محصول را پشت درهای بسته و برای عده معدودی به نمایش گذاشته است. اخبار جدید حاکی از آن است که گجتی که احتمالا گلکسی X نام خواهد گرفت قرار است تا سال آینده میلادی و با قیمت احتمالی یییی دلاری روانه بازار شود. ماه نوامبر یییی را به عنوان تاریخ تقریبی رونمایی از این محصول ذکر کرده‌اند. با توجه به قیمت نمایشگرهای OLED، رقم ذکر شده برای موبایل تاشو سامسونگ چندان هم غیر عقلانی به نظر نمی‌رسد. ضمن این که به ما یادآور می‌شود که نمایشگر انعطاف پذیر تنها ویژگی سخت افزاری جذاب دست پخت مورد انتظار کره ای‌ها نخواهد بود. گفته شده موبایل تاشوی سامسونگ مجهز به نمایشگری ی. ی اینچی خواهد بود که در حالت تا شده پنلی ی. ی اینچی را در اختیار کاربر خود قرار می‌دهد. گرچه این زمان بندی به نظر بسیار جذاب می‌رسد، اما باید دید غول دنیای تکنولوژی می‌تواند از پس مشکلات عدیده فعلی در مسیر تولید انبوه نمایشگرهای OLED انعطاف پذیر بربیاید یا نه.,علمی فناوری,4,234
توکیو علاوه بر مشارکت در برنامه ایستگاه مداری ماه، آماده بکارگیری وسیله‌ای است که بتواند برای حمل انسان و بار به سطح قمر زمین از آن بهره گرفت و دولت ژاپن در نظر دارد طی سال‌های دهه ۲۰۲۰ در زمینه فعالیت‌های سرنشین‌دار در سطح ماه با آمریکا همراه و شریک شود. البته ظاهرا توکیو نمی‌خواهد میزان بودجه تخصیص یافته خود را برای طرح‌های فضایی افزایش دهد. این کشور در حال حاضر حدود ۴۰ میلیارد ین (حدود ۳۵۲ میلیون دلار) برای استفاده از ایستگاه فضایی بین‌المللی صرف می‌کند. به گفته این روزنامه، هزینه برنامه تحقیقات در ماه، آنطور که توسط کمیته دولتی پیش‌بینی شده، نباید از نظر کیفی از این میزان تجاوز کند. گرچه نخستین شهروند ژاپن در سال ۱۹۹۰ به عنوان یک گردشگر با ناو سایوز به مجتمع مداری میر سفر کرد اما از سال ۱۹۹۲ و در چارچوب یک همکاری مستمر تاکنون ۱۱ تبعه این کشور به عنوان متخصص و فضانوردان حرفه‌ای یا با کیهان پیماهای آمریکایی شاتل و یا به عنوان یکی از شرکای اصلی آمریکا در برنامه ایستگاه فضایی بین‌المللی با سفینه‌های سایوز به مدار زمین سفر کرده‌اند. آزمایشگاه فضایی کیبو که توسط سازمان پژوهش‌های هوافضای ژاپن طراحی و ساخته شد و در سال ۲۰۰۸ به فضا پرتاب و به ایستگاه فضایی بین‌المللی متصل گردید، یکی از بزرگترین قطعات طراحی شده برای ایستگاه فضایی بین‌المللی بشمار می‌رود. ۵۶۵۶,علمی فناوری,4,221
دانشمندان دانشگاه هاروارد و دانشگاه شیان جیٔوتانگ (Xi'an Jiaotong University) چین این چسب را از محلول آبی زنجیره‌های پلیمری توسعه دادند- این محلول آبی بین دو ماده که کاربر می‌خواهد موقتا آنها را به هم بچسباند، قرار می‌گیرد و به این صورت است که سطح رویی دو ماده در یک سطح ملکولی بهم متصل می‌شوند- این فرایند درهم تنیدگی توپولوژیک (topological entanglement) نامیده می‌شود- سپس این دو ماده می‌بایست بهم متصل شوند تا محلول در معرض نور ماوراء بنفش قرار گیرد- این باعث می‌شود بخیه مولکولی آن حل شده و سبب می‌شود مواد به راحتی از هم جدا شوند- این چسب بر روی مواد جامد مانند الاستومرها و همچنین مواد مرطوب مانند هیدروژل‌ها کاربرد دارد- همچنین می‌توان از آن برای چسباندن چسب زخم به پوست استفاده کرد- الاستومر پلیمری است که قابلیت ویسکوالاستیسیته (گران‌روی و کشسانی باهم) بالایی دارد- نام الاستومر دو قسمتی است که قسمت اول آن الاستو (برگرفته از الاستیک و به معنای ارتجاع‌پذیر) و مر (برگرفته از پلیمر) تشکیل شده‌ است- این تکنولوژی علاوه بر این می‌تواند بر روی دستگاه‌های تحویل داروی تریدرمال (تکه‌های میکروسکوپی که دارو را از طریق پوست ارسال می‌کنند) و یا بر روی لوازم الکترونیکی پوشیدنی استفاده شود. این مطالعه در مجله Advanced Materials منتشر شد. ۵۶۵۶,علمی فناوری,4,204
این موشک Zhuque Nantaihu نام دارد و توسط شرکت خصوصی Landspace Science and Technology طراحی و ساخته شده است. این موشک قرار است حامل یک میکرو ماهواره باشد که به مدار خورشید آهنگ (sun-synchronous orbit) رفته و داده‌های علمی را جمع آوری خواهد کرد- مدار خورشیدآهنگ یک نوع مدار قطبی به مرکزیت زمین (یا سیارات دیگر) است که همواره نسبت به زمین (سیاره میزبان) در یک ساعت خاص قرار دارد- به عبارت دیگر، نقاط زیر ماهواره در نیمی از مدار در هر لحظه در یک ساعت مشخص از شبانه روز هستند (مثلا ساعت ۱۰:۰۰) و در نیمه دیگر، یا ۱۲ ساعت اختلاف، همچنان در یک ساعت مشخص دیگر از شبانه روز قرار دارند (مثلا ساعت ۲۲:۰۰) - این مدار برای ماهواره‌هایی استفاده می‌شود که برای انجام مأموریتشان نیازمند یک وضعیت نوردهی مشخص هستند یا مطابق ماموریتشان باید از بالای قطب‌های زمین گذر کنند- این مدار معمولا برای ماهواره‌های مشاهدات زمینی و نقشه‌برداری و سنجش از دور کاربرد دارد- مدار خورشیدآهنگ، یک مدار قطبی معمولا کم‌ارتفاع با زاویه میل ۹۵ تا ۹۸ درجه و دوره تناوب ۹۶ تا ۱۰۰ دقیقه‌است که می‌تواند دایروی یا بیضوی باشد- اگر مدار به صورت بیضوی باشد، معمولا نقطه حضیض مداری آن برای گذر در زمان مشخص، تنظیم می‌شود- ویژگی مهمی که در مدار خورشیدآهنگ پدید می‌آید، این است که زاویه تابش نور خورشید با صفحه مداری، همیشه ثابت می‌ماند- ونگ جیانمنگ (Wang Jianmeng) مدیر عامل شرکت Landspace Science and Technology گفت: پرتاب این موشک یک پیشرفت وگامی عظیم در تولید فضاپیما در چین خواهد بود. ۵۶۵۶,علمی فناوری,4,251
به گفته یک متخصص در زمینه بارداری، زنان استرالیایی می‌توانند تا دو دهه دیگر بدون نیاز به مردان بچه دار شوند. دکتر دیوید مالوی معتقد است که در آینده و به لطف پیشرفت‌های حاصل شده در تکنولوژی باروری، حاملگی دیگر نیازمند دخالت جنس مذکر نخواهد بود. محققان چینی اخیرا موفق به زایمان موشی از دو موش مادر شدند و دکتر مالوی می‌گوید دلیلی وجود ندارد که چنین موفقیتی در تولید مثل انسان‌ها نیز امکان پذیر نباشد. در حال حاضر کمیته‌های اخلاقی و موانع قانونی در استرالیا اجازه چنین آزمایش هایی را روی انسان‌ها نمی‌دهند اما مالوی معتقد است که به مرور زمان رویکردها تغییر خواهد کرد. موفقیت‌های علمی اتفاق خواهند افتاد و آنها قادر به متوقف کردنش نیستند. در صورتی که پیش بینی وی تحقق یابد، در آینده زوج‌ها با مشکلات کمتری در زمینه باروری مواجه خواهند بود و حتی در صورتی که مرد اسپرم هایی کم کیفیت داشته باشد، باز هم امکان داشتن فرزندانی با ژنتیک والدین وجود دارد. به نظرم این موضوع به کمک بارور کردن تخمک با کروموزوم هایی نصف و اصلاح ژنی هدف گذاری شده امکان پذیر خواهد بود. مالوی در حالی این سخنان را مطرح می‌کند که برای اولین بار یک موش از دو موش مادر در آزمایشگاه‌های چین زاده شد. از آن زمان تا به امروز ۲۹ موش سالم به کمک دی ان ای دریافت شده از تخمک دو موش مادر در آکادمی علوم چین زاده شده‌اند و همه آنها بی نیاز از اسپرم یک موش مذکر بوده‌اند. این موش‌ها ضمنا زندگی کاملا سلامتی داشته و حتی بعدا خود موش هایی دیگر را به این جهان آوردند.,علمی فناوری,4,263
کاوشگر ناسا نشانه هایی از مواد ارگانیک را در مریخ پیدا کرده که احتمالا حاکی از وجود حیات در گذشته‌های دور این سیاره است. آژانس فضایی آمریکا اخیرا کنفرانسی خبری را برای اعلام آخرین یافته‌های مریخ نورد کنجکاوی برگزار کرده که از شش سال قبل مشغول کند و کاو در سیاره سرخ است. این بیانیه نتیجه دو مطالعه جدید روی چگونگی تشکیل متان در مریخ و مولکول‌های ارگانیکی است که به صورتی غیرمنتظره در خاک همسایه ما یافت شده‌اند. اگرچه خاک مریخ امروز غیرقابل سکونت است اما بدون شک در گذشته حاوی آب بوده و احتمالا به همین دلیل اشکالی از حیات در آن جاری بوده است. این یافته‌ها که از آن به عنوان پیشرفت چشمگیر در اختر زیست شناسی یاد می‌شود، در پی کاوش‌های مریخ نورد کنجکاوی در محل حفره‌ای که احتمالا قبلا میزبان دریاچه‌ای بزرگ بوده، به دست آمده‌اند. دانشمندان در این مکان به یافته‌های جدید دست یافته‌اند که نشان می‌دهد آب این دریاچه تمام عناصر لازم برای شکل گیری حیات از بلوک‌های شیمیایی گرفته تا منابع انرژی را در برداشته است. کریستین سیباچ، از زمین شناسان دانشگاه رایس معتقد است که این اکتشاف برخی از قوی‌ترین استدلال‌های او و دیگر دانشمندانی که وجود حیات در مریخ را زیر سوال می‌بردند، با چالش جدی مواجه می‌کند. بخش دیگری از این مطالعه به یافتن مولکول‌های ارگانیک دیگر روی صخره‌های مریخ اشاره دارد که بر اساس تجزیه و تحلیل‌های مریخ نورد کنجکاوی به مواد ارگانیک روی زمین شباهت زیادی دارد. دانشمندان پیش از این هم از وجود حجم عظیمی از متان در سیاره سرخ شگفت زده بودند چرا که متان روی زمین اغلب توسط منابع زیستی تولید می‌شود و به همین خاطر برخی معتقدند که مریخ از آنچه تصور می‌شد، زنده‌تر است. تماشا کنید: تست چتر غول پیکر فضاپیمای ExoMars برای فرود روی مریخ,علمی فناوری,4,294
به گزارش خبرآنلاین، دیابتی‌ها سطح بالاتری از کلسترول بد (لیپوپروتیٔین با چگالی کم) را در بدن خود جای‌داده که این عامل می‌تواند باعث ایجاد بیش‌ازحد چربی در شریان‌ها شود- به همین خاطر پزشکان به این افراد توصیه می‌کنند به‌صورت دوره‌ای آزمایش خون دهند- طبق دستورالعمل پزشکی توصیه می‌شود چند ساعت قبل از آزمایش خون، به‌جز آب چیزی نخورند تا جواب آزمایش دقیق‌تر شود اما تحقیق جدید توسط محققان دانشگاه ایالتی میشیگان نشان می‌دهد دیابتی‌هایی که انسولین یا داروهای سولفونیل‌اوره‌ها مصرف می‌کنند، با گرسنگی دچار خطر کاهش قند خون یا هیپروگلیسمی (قند زیر ۷۰ که باعث بیهوشی و رفتن در کما می‌شود) می‌شوند. این یافته جدید منتشرشده در International Journal of Endocrinology {لینک} می‌تواند نوع توصیه‌های پزشکان به این‌گونه افراد را دچار تغییر کند. آزمایش روی ۵۲۵ داوطلب در این تحقیق نشان می‌دهد افراد دیابتی که قبل از آزمایش خون گرسنه می‌مانند، دچار هیپروگلیسمی می‌شوند. به همین دلیل محققان میشیگان می‌گویند دستورالعمل نخوردن غذا قبل از آزمایش خون در دیابتی‌هایی که انسولین مصرف می‌کنند، باید مورد تجدیدنظر قرار گیرد. ۵۶۵۶,علمی فناوری,4,169
به گزارش خبرآنلاین، اما جیل نیستول مادر اهل یوتا فرمول ساده‌ای را پیشنهاد می‌دهد تا بر این لکه زرد روی لباس فایٔق آیید. {لینک} {لینک} وی پیشنهاد می‌دهد مایع ظرف‌شویی Dawn، آب‌اکسیژنه، جوش‌شیرین و یک برس تهیه‌کرده و سپس برای لکه بری آماده شوید. جیل بعدازاینکه دو پسرش به تیم بسکتبال پیوسته و فعالیت بدنی زیادی پیدا کردند، به این فکر افتاد که چکار کند تا در هزینه خرید لباس جدید صرفه‌جویی کند. وی ابتدا از وایتکس استفاده کرد که باعث شد تا تی‌شرت‌ها لکه لکه شوند. برای این کار ابتدا یک مایع ظرف‌شویی را با دو واحد آب‌اکسیژنه ترکیب کرد و روی لکه‌های زرد ریخت. سپس جوهر نمک را روی آن ریخت و بعد مخلوط روی لباس را برس کرد. سپس یک‌ساعتی اجازه داد تا محلول روی لباس بماند و بعد آن را شست. فرمول وی ازلحاظ علمی نیز تایٔید شده است. وی برای از بین بردن لکه جوهر توصیه می‌کند مایع ضدعفونی را روی لکه ریخته و ۶۰ ثانیه بعد آن را بشویید. الکل باعث می‌شود تا جوهر از روی لباس محو شود. ۵۶۵۶,علمی فناوری,4,176
به گزارش گروه بین‌الملل باشگاه خبرنگاران جوان، خبرگزاری فرانسه امروز اعلام کرد شرکت‌های هواپیمایی خارجی در تهران سفر ایرانی‌ها به آمریکا را ممنوع کردند. این خبرگزاری در گزارش خود نوشت: آژانس‌های هواپیمایی در تهران امروز، شنبه، اعلام کردند شرکت‌های هواپیمایی خارجی در تهران سفر ایرانی‌ها به آمریکا را پس از طرح اخیر دونالد ترامپ، رئیس جمهور آمریکا در خصوص ممانعت از اعطای روادید به شهروندان ۷ کشور مسلمان، ممنوع کردند. این خبرگزاری در ادامه تصریح کرد: دو آژانس هواپیمایی در گفتگو با خبرگزاری فرانسه اعلام کردند هواپیمایی الاتحاد، هواپیمایی الامارات و خطوط هوایی ترکیه، دستورهایی مبنی بر عدم فروش بلیط آمریکا یا اجازه به ایرانی هایی که دارای ویزای سفر به آمریکا هستند، برای سوار شدن به هواپیما به مقصد آمریکا صادر کرده‌اند. بنابر اعلام خبرگزاری فرانسه، این اخبار پس از آن منتشر می‌شود که ترامپ محدودیت‌های جدیدی برای سفر مسافران ایرانی، عراقی، لیبیایی، سومالیایی، سودانی، سوری و یمنی به آمریکا صادر کرد. همچنین این خبرگزاری اعلام کرد در زمانی که بیش از یک میلیون ایرانی در آمریکا زندگی می‌کنند، بسیاری از خانواده‌ها از تبعات تصمیم ترامپ-ن-ران هستند.,بین الملل,2,178
محمد الدایری در مصاحبه با این شبکه افزود: شمار زیادی از آوارگان سوری به اردن و لبنان وارد شدند و به همین علت باید از دولت‌ها و ملت‌های این دو کشور تقدیر کنیم. الدایری گفت: هر چند که ترکیه، عراق و مصر هم میزبان شمار زیادی از آوارگان سوری هستند. بیش از پ-ن-د و هفتاد هزار آواره سوری به اردن رفته‌اند و دولت اردن این تعداد را یک میلیون نفر برآورد کرده است. شمار آوارگان سوری در لبنان هم بیش از یک میلیون و سیصد هزار نفر است. انتهای پیام/ محمد الدایری در مصاحبه با این شبکه افزود: شمار زیادی از آوارگان سوری به اردن و لبنان وارد شدند و به همین علت باید از دولت‌ها و ملت‌های این دو کشور تقدیر کنیم. الدایری گفت: هر چند که ترکیه، عراق و مصر هم میزبان شمار زیادی از آوارگان سوری هستند. بیش از پ-ن-د و هفتاد هزار آواره سوری به اردن رفته‌اند و دولت اردن این تعداد را یک میلیون نفر برآورد کرده است. شمار آوارگان سوری در لبنان هم بیش از یک میلیون و سیصد هزار نفر است.,بین الملل,2,178
به گزارش سرویس بین‌الملل باشگاه خبرنگاران، مقامات دولت این طرح را که باراک اوباما رئیس‌جمهور آمریکا برای مقابله با سخنرانی نتانیاهو، خود یک سخنرانی مربوط به ایران ارایه دهد رد کرده‌اند. البته چند گزینه دیگر هم وجود دارد. یکی این که اوباما با روزنامه‌نگاری مطرح که اختلافات وی را با نتانیاهو پوشش داده است مصاحبه کند. دیگر این که مشاوران وی در امور امنیت ملی در برنامه گفتگوی تلویزیونی روزهای یکشنبه حاضر شوند. طرح دیگر نیز تحویل‌نگرفتن نشست لابی اصلی اسراییل در آمریکاست که هنگام حضور وی در واشنگتن می‌خواهد نشست سالانه‌اش را برگزار کند. دولت آمریکا پیشتر هرگونه دیدار میان اوباما و نتانیاهو را رد کرده و گفته است نزدیک به انتخابات اسراییل چنین دیداری نامناسب است. اما کاخ سفید اکنون بر راهبرد تحویل‌نگرفتن نتانیاهو تاکید دوچندان می‌کند که از طریق فرستادن اعضای کابینه به خارج از کشور و ارسال یک مقام پایین‌رتبه به نمایندگی از طرف دولت در نشست سالانه ایپک عملی خواهد شد. آسوشیتدپرس مدعی شد: مقامات آمریکایی معتقدند سفر نتانیاهو به واشنگتن عمدتا با هدف جلوگیری از توافق هسته‌ای با ایران است. این درحالی است که حصول توافق هسته‌ای برنامه اصلی سیاست خارجی دولت اوباماست. نتانیاهو همواره در تلاش برای مانع تراشی در راه مذاکرات هسته‌ای ایران بوده است. دولت آمریکا علنا مقامات اسراییل را متهم کرده است جزئیات مذاکرات را گزینشی فاش می‌کنند تا اعتبار دولت را زیر سوال ببرند. کاخ سفید همچنین اذعان کرده اخیرا جزئیات حساس گفتگوها را از اسراییل پنهان کرده است تا مانع از فاش‌شدن گزینشی آنها شود. نتانیاهو قرار است در کنگره سخنرانی کند و همچنین سخنرانی مشابهی برای نشست سالانه ایپک آماده کرده است. انتهای پیام. /.,بین الملل,2,268
به گزارش سرویس بین‌الملل باشگاه خبرنگاران به نقل از خبرگزاری فرانسه، ائتلاف موسوم به مخالفان سوریه از آغاز حملات هوایی به مواضع داعش در این کشور استقبال کرد و خواستار تشدید فشارها بر دولت سوریه شد. صبح امروز آمریکا با کمک هم‌پیمانان خود نخستین مورد از حملات هوایی به مواضع داعش در سوریه را انجام داد و بدین ترتیب سناریوی مداخله نظامی واشنگتن در سوریه را کلید زد. انتهای پیام. / به گزارش سرویس بین‌الملل باشگاه خبرنگاران به نقل از خبرگزاری فرانسه، ائتلاف موسوم به مخالفان سوریه از آغاز حملات هوایی به مواضع داعش در این کشور استقبال کرد و خواستار تشدید فشارها بر دولت سوریه شد. صبح امروز آمریکا با کمک هم‌پیمانان خود نخستین مورد از حملات هوایی به مواضع داعش در سوریه را انجام داد و بدین ترتیب سناریوی مداخله نظامی واشنگتن در سوریه را کلید زد. انتهای پیام. /,بین الملل,2,142
به گزارش گروه بین‌الملل باشگاه خبرنگاران جوان به نقل از ای‌بی‌سی نیوز، سازمان نظارت بر ارتباطات و رسانه‌های جمعی روسیه از دادگاهی این کشور درخواست کرد تا دسترسی کاربران به نرم‌افزار پیام‌رسان تلگرام را قطع کند. خبرگزاری رسمی روسیه گزارش داد سازمان نظارت بر ارتباطات و رسانه‌های جمعی روسیه از شرکت تلگرام به علت ارائه ندادن کد‌های رمزنگاری به دیوان عالی این کشور شکایت کرد. سازمان مذکور در بیانیه‌ای که روز جمعه ۱۷ فروردین منتشر شد اعلام کرد درخواست خود را برای محدود کردن تلگرام را به دادگاهی در مسکو ارائه داده است. پاول دورف، بنیانگذار تلگرام -که اهل روسیه است- درخواست دولت مسکو برای نظارت بر پیام‌های کاربران را نقض حریم شخصی کاربران دانسته است.,بین الملل,2,116
به گزارش سرویس بین‌ الملل باشگاه خبرنگاران به نقل از شبکه الاخباریه سوریه؛ جوانان تجمع کننده شعار حمایت از ارتش عربی سوریه سر می‌دادند. یکی از دختران حاضر در این تجمع که پیش از ظهر امروز در میدان السبع بحرات در دمشق برگزار شد؛ گفت: ما به ارتش قهرمان سوریه افتخار می‌کنیم زیرا تاکنون تسلیم فشارهای خارجی نشده است. ما هیچ گاه از ارتش دست بر نخواهیم داشت و همیشه حامی آن هستیم. یکی دیگر از دختران شرکت کننده در این تظاهرات گفت: سوریه مردم بزرگی دارد و همیشه پایدار و استوار بوده است. ما در مقابل تروریست‌ها ایستادگی می‌کنیم تا انها را از کشور بیرون برانیم. یک جوان دیگر افزود: این ملت بزرگوار همیشه همراه و حامی ارتش بوده‌اند. ما نیازی به مداخله خارجی نداریم. ما خواهان امنیت و ثبات در کشور هستیم و این حق ملت ما نیست که شاهد چنین حوادث مرگبار و تلخی باشند. این شبکه افزود جوانان سوری همچنین شعارهایی در رد تبدیل گفتگوهای ملی به مانور سیاسی سر دادند و تاکید کردند هدف دشمنان سوریه اجرای طرحهای خارجی خود در این کشور است. جوانان سوری اعلام کردند ما با گفتگوی سوری - سوری موافق هستیم. تجمع کنندگان در این مراسم با در دست داشتن تصاویری از بشار اسد شعارهایی در حمایت از نظام حاکم بر سوریه سر دادند. آخرین اخبار جهان را اینجا بخوانید.,بین الملل,2,220
به گزارش سرویس بین‌ الملل باشگاه خبرنگاران به نقل از شبکه تلویزیونی روسیا الیوم، جبهه نجات ملی مصر در واکنش به سخنرانی شب گذشته محمد مرسی رئیس جمهور مصر افزود: سخنرانی مرسی فقط باعث اصرار بیشتر مخالفان بر خواسته هایشان در مورد برگزاری انتخابات زودهنگام ریاست جمهوری شده است. خالد داوود سخنگوی جبهه نجات ملی مصر گفت: سخنرانی محمد مرسی طولانی بود، اما مانند سخنان قبلی او هیچ چیز جدیدی در آن وجود نداشت. داوود از طرح اتهام محمد مرسی علیه بعضی افراد ابراز شگفتی کرد و افزود: مرسی برای این اتهامات خود هیچ دلیل و مدرکی ارائه نکرد. وی درخواست رئیس جمهور مصر از دادگاه قانون اساسی این کشور را برای رسیدگی سریعتر به قانون مجلس نمایندگان، دخالت آشکار در امور دستگاه قضایی دانست. سخنگوی جبهه نجات ملی مصر اعلام کرد همه رهبران این جبهه در روز سی ام این ماه برای شرکت در تظاهرات میلیونی مخالفان در این کشور حاضر خواهند بود. آخرین اخبار جهان را اینجا بخوانید.,بین الملل,2,160
به گزارش گروه بین‌الملل باشگاه خبرنگاران جوان به نقل از اسپوتنیک، پلیس مصر یک نفر را به ظن ارتباط با حملات تروریستی مرگبار در کلیساهای شهرهای طنطا و اسکندریه بازداشت کرد. علی محمود محمد حسن که روز گذشته بدست پلیس مصر بازداشت شد در فهرست ۱۹ نفری قرار داشت که این حملات تروریستی را برنامه‌ریزی کرده بودند. ۹ آوریل سال جاری میلادی انفجارهای مهیبی در کلیساهای شهرهای طنطا و اسکندریه رخ داد که گروه تروریستی داعش مسئولیت آنها را بر عهده گرفت. انفجار اسکندریه دست کم ۱۸ کشته و انفجار شهر طنطا دست کم ۳۰ کشته بر جای گذاشت. پلیس پیشتر ۳ نفر را در ارتباط با این حملات تروریستی بازداشت کرده است. در پی وقوع این حملات، عبدالفتاح سیسی، رئیس جمهور مصر، برای مدت سه ماه در این کشور حالت فوق‌العاده اعلام کرد.,بین الملل,2,134
به گزارش گروه بین‌الملل باشگاه خبرنگاران جوان به نقل ازخبرگزاری رویترز، تلویزیون رسمی عراق شب گذشته درخبری فوری گفت: فرماندهی عملیات مشترک عراق اعلام برخی رسانه‌ها به نقل از رییس جمهوری ترکیه مبنی بردرگیری میان نیروهای ترکیه وگروه داعش درداخل خاک عراق در بعشیقه و یا دیگر مناطق عراق را تکذیب کرد. رجب طیب اردوغان رئیس جمهوری ترکیه روزجمعه گفته بود، حمله گروه تروریستی داعش به پایگاه نظامی که نیروهای ترکیه ازآن برای آموزش جنگجویان سنی عراقی استفاده می‌کنند، نشان می‌دهد که تصمیم ترکیه درباره استقرار نیرو درشمال عراق موجه است. رسانه‌های ترکیه روزجمعه مدعی حمله گروه تکفیری تروریستی داعش به اردوگاه بعشیقه در نزدیکی موصل ودفع این حمله توسط نیروهای ارتش ترکیه مستقر دراین اردوگاه وکشته شدن ۱۷ تن از داعشی‌ها شدند. ماه گذشته اقدام آنکارا درتقویت نیروهای خود دربعشیقه وانتشار خبرهای مربوط به اعزام ده‌ها دستگاه تانک وخودروی زرهی ونیروهای ترکیه به بعیشقه، عراق خواستارخروج فوری نیروهای ترکیه از خاک این کشور شد. ترکیه به دنبال این اعتراض بخشی ازنیروهای خود را کاهش داد ولی حملات داعش به این اردوگاه را به عنوان توجیهی برای لزوم تقویت نیروهای خود درمنطقه عنوان کرده است. ترکیه مدعی است نیروهای این کشور برای آموزش داوطلبان سنی وپیشمرگان کرد عراقی در مبارزه با داعش درمنطقه حضور دارند. برای آگاهی از آخرین اخبار و پیوستن به کانال تلگرامی باشگاه خبرنگاران جوان اینجا کلیک کنید.,بین الملل,2,221
به گزارش سرویس بین‌الملل باشگاه خبرنگاران به نقل از شبکه العالم؛ زئیف الکین پیام بنیامین نتانیاهو نخست وزیر رژیم صهیونیستی را به گرجستان رساند که شامل ماموریت‌های فوری در مرحله جاری، جهت خدمت به منافع اسرائیل است. به گفته منابع صهیونیستی، الکین، در این دیدار به ارزیابی سفیران رژیم صهیونیستی درباره اوضاع ایران و میزان تغییرات در حکومت پس از انتقال قدرت از احمدی نژاد به روحانی گوش سپرد تا بررسی کند که آیا تغییری در سیاست ایران در مقایسه با زمان محمود احمدی نژاد پیش آمده است؟ الکین از سفیران رژیم صهیونیستی خواست نقشه هایی فوری و مفصل برای بهبود روابط سیاسی و امنیتی و اقتصادی ایران با پنج کشور مدنظر طراحی کنند تا زمینه برای شکل گیری منافع مشترک فراهم شود. سفیران رژیم صهیونیستی از بروز تغییراتی آشکار پس از رسیدن روحانی به قدرت سخن گفته و تاکید کردند که در سیاست‌های تهران تغییراتی شاخص به ویژه در قبال غرب شکل گرفته است؛ اما همچنان تغییری ریشه‌ای در قبال اسرائیل وجود ندارد.,بین الملل,2,164
به گزارش گروه بین‌الملل باشگاه خبرنگاران جوان، به نقل از فرانس پرس، انفجار معدن زغال‎سنگ در جنوب غرب پاکستان شماری کشته بر جا گذاشت. مقامات پاکستانی اعلام کردند تاکنون توانسته‌اند اجساد ۱۸ تن را از زیر آوار این معدن فروریخته بیرون بکشند. در جریان امداد رسانی، دو داوطلب نجات که در لحظات اولیه انفجار برای کمک به گرفتاران به داخل معدن رفته بودند، نیز از زیر آوار بیرون کشیده شد. معدن سینجیدی در ۴۵ کیلومتری شرق کلکته واقع است و این منطقه در زمره مناطق غنی نفت و گاز در استان بلوچستان پاکستان محسوب می‌شود. انفجار در این معدن در زمان به کار گرفته شدن (توام با خطای) دینامیت در دیواره‌های این معدن رخ داد. تیم‌های نجات موفق شدند ۹ معدنچی را زنده از زیر آوار در تونل‌های مختلف بیرون بکشند. اجسادهشت معدنچی در عمق ۲۴۰ متری زمین یافت شده است. به گفته شاهدان در لحظات اولیه فرو ریختن این معدن، پنج نفر بدون توجه به هشدارهای مسئولان محلی سعی کردند داوطلبانه به درون این محل بروند که دو تن از آنان کشته شدند و سه نفر دیگر که به شدت بر اثر استنشاق گازهای سمی درون معدن، آسیب دیده بودند، بیرون آورده شدند. انفجار معدن سینجیدی که به علت استفاده غیر مجاز از دینامیت بود در حالی رخ داد که مقامات پاکستانی به علت خطرناک بودن استفاده از این ماده منفجره، کاربرد دینامیت را در معادن آن کشور منع کرده‌اند اما معدنچی‌ها غالبا برای تسریع در کار حفاری، به استفاده از دینامیت روی می‎آورند. سال ۲۰۱۱ نیز در استان بلوچستان پاکستان حادثه مشابهی روی داد. در آن سال، ۴۳ معدنچی در منطقه سورانج بلوچستان جان باختند.,بین الملل,2,267
"به گزارش گروه بین الملل باشگاه خبرنگاران جوان به نقل از خبرگزاری سوریه سانا، گروه معارضان مورد حمایت ریاض، تیم کارشناسی با مشارکت کارشناسان آمریکایی دارند که بر پاسخ‌ها و پیشنهادهای این گروه به استفان دی‌میستورا فرستاده ویژه سازمان ملل به سوریه، نظارت می‌کند. همچنین منابع آگاه خبر دادند که واکنش گروه معارضان خارج نشین مورد حمایت ریاض، به عناصر اصلی پیشنهاد هیئت مذاکره کننده سوری برای حل و فصل سیاسی بحران سوریه از طریق گفت وگوی سوری-سوری در ژنو، با نظارت کامل این تیم خواهد بود. منابع آگاه در سازمان ملل متحد خاطرنشان کردند که گروه خارج نشین موسوم به ""معارضان تحت حمایت ریاض، نشست خود را با دی‌میستورا به تاخیر انداخته است تا این موضوع را با کارشناسان آمریکایی در میان بگذارد.",بین الملل,2,124
به گزارش سرویس بین‌الملل باشگاه خبرنگاران به نقل از خبرگزاری فرانسه، رزمایش اژدهای دوقلو تا هفتم آوریل در سواحل جنوب شرقی کره جنوبی ادامه خواهد یافت و حدود ده هزار نظامی آمریکایی در آن شرکت خواهند کرد. سخنگوی ارتش آمریکا اعلام کرد: ابعاد رزمایش امسال بیشتر از رزمایش‌های گذشته است. نظامیان آمریکایی شامل هفت هزار و ۵۰۰ تفنگدار از تیپ سوم تفنگداران مستقر در اوکیناوای ژاپن می‌شوند. خبرگزاری یونهاپ کره جنوبی اعلام کرد سه هزار و ۵۰۰ تفنگدار و هزار ملوان از کره جنوبی در این رزمایش شرکت می‌کنند. این رزمایش در نوع خود بزرگترین رزمایش آبی خاکی دو کشور در دو دهه گذشته به شمار می‌رود. کره شمالی که یک روز پیش دو موشک بالستیک میان برد با قابلیت حمله به ژاپن پرتاب کرد چنین رزمایش هایی را تمرینات تحریک آمیز برای حمله می‌داند. قطعنامه‌های سازمان ملل متحد کره شمالی را از آزمایش موشک‌های بالستیک منع می‌کند و شورای امنیت سازمان ملل متحد قرار است امروز پشت درهای بسته درباره محکومیت احتمالی آزمایش‌های موشکی اخیر این کشور گفتگو کند. حدود ۳۰ هزار نظامی آمریکایی در کره جنوبی مستقرند و دو کشور رزمایش‌های نظامی سالانه‌ای برگزار می‌کنند که از سوی کره شمالی محکوم می‌شود. کره شمالی در سال‌های ۲۰۰۶، ۲۰۰۹ و ۲۰۱۳ میلادی سه آزمایش هسته‌ای اجرا کرده است. انتهای پیام/,بین الملل,2,211
به گزارش سرویس بین‌ الملل باشگاه خبرنگاران، بیست عضو اسلامگرای شورای مشورتی مصر که هنگام برکناری محمد مرسی منحل شد، خواستار بازگشت مرسی به قدرت شدند و از دیگر مجالس خواستند رهبری جدید را که نظامیان منصوب کرده‌اند، به رسمیت نشناسند. این عده که در یک نشست در شرق قاهره شرکت کرده بودند، ارتش را به تلاش برای بازگرداندن رژیم فاسد و دیکتاتوری به مصر متهم کردند. عصام العریان معاون حزب عدالت و آزادی (اخوان المسلمین) گفت: یک توطئه بزرگ علیه مصر در جریان است و کشورهای عربی، اروپایی و آمریکا اصلا توجهی به دموکراسی در منطقه ندارند. آنها فقط به منافع خود که در امنیت رژیم صهیونیستی خلاصه شده است، فکر می‌کنند. جهاد الحداد سخنگوی جماعت اخوان المسلمین نیز گفت: ما درخواست آمریکا را برای آزادی محمد مرسی نادیده می‌گیریم. مسئله امنیت مرسی نیست بلکه محافظت از حق قانونی مردم و اراده آنها در صندوق دموکراتیک رای است که اهمیت دارد. ما تا زمانی که رئیس جمهور آزاد نشود و در مقام خود ابقاء نشود، به تجمع ادامه می‌دهیم. آخرین اخبار جهان را اینجا بخوانید.,بین الملل,2,176
به گزارش گروه بین‌الملل باشگاه خبرنگاران جوان به نقل از پایگاه اینترنتی روزنامه القدس العربی، محمد بن سلمان، ولیعهد عربستان سعودی قبل از عزیمت به آرژانتین برای شرکت در نشست گروه بیست، جمعه آینده سفر خارجی خود را به امارات متحده عربی، بحرین و مصر آغاز می‌کند. یک منبع دیپلماتیک عرب که خواست نامش فاش نشود، گفت: ولیعهد سعودی در امارات، بحرین و مصر تحولات یمن، راه‌های مقابله با تروریسم، فرایند صلح در منطقه، ایران و همچنین تقویت روابط دوجانبه میان ریاض و این کشورها را بررسی خواهد کرد. خالد الفالح، وزیر انرژی عربستان سعودی شب گذشته اعلام کرد: ولیعهد عربستان به عنوان بخشی از سفر خارجی خود برای شرکت در نشست گروه بیست عازم آرژانتین خواهد شد. پس از قتل جمال خاشقجی، روزنامه‌نگار منتقد سعودی در کنسولگری عربستان در استانبول در ماه گذشته، این نخستین سفر محمد بن سلمان به خارج از کشور محسوب می‌شود.,بین الملل,2,146
به گزارش سرویس بین‌ الملل باشگاه خبرنگاران، محمد جواد ظریف و رجب طیب اردوغان در این دیدار با ابراز خرسندی از گسترش مناسبات و افزایش سطح همکاری‌ها در ماههای اخیر درباره فراهم کردن مقدمات و زمینه‌های گسترش بیشتر همکاری‌ها تا زمان سفر آتی اردوغان به تهران مذاکره و تبادل نظر کردند. دو طرف در ارتباط با تقویت همکاری‌های تجاری ضمن اشاره به هدف دستیابی به حجم مبادلات ۳۰ میلیارد دلار تا سال ۲۰۱۵، بر بهره گیری از ظرفیت‌ها و مزیت‌های موجود و همچنین ایجاد تسهیلات لازم و کاهش موانع برای تجار و شرکت هایی که در این مسیر فعالیت می‌کنند، تاکید کردند. ظریف و اردوغان همچنین از برگزاری بیست و چهارمین اجلاس کمیسیون مشترک اقتصادی دو کشور در ماه جاری در ترکیه استقبال کردند. رایزنی پیرامون تحولات منطقه و جهان اسلام از جمله اوضاع در سوریه، عراق، افغانستان و مصر از دیگر محورهای مذاکرات این دو مقام بود. دو طرف درباره بحران سوریه رایزنی و بر تقویت مواضع و اتخاذ گام‌های مشترک برای کمک به حل و فصل این بحران از راههای سیاسی تاکید کردند. ظریف در این دیدار سلام‌های گرم دکتر روحانی و دکتر جهانگیری را ابلاغ کرد و اردوغان نیز متقابل از ظریف خواست سلام‌های گرم وی را به رییس جمهور و معاون اول رییس جمهور اسلامی ایران تقدیم کند.,بین الملل,2,212
به گزارش خبرنگار حوزه دفاعی امنیتی گروه سیاسی باشگاه خبرنگاران جوان؛ نماینده انصارلله یمن در اختتامیه جشنواره باروت خیس که عصر امروز دوشنبه ۲۵ تیرماه در تهران برگزار شد، اظهار کرد: آمریکا از ۴ ماه قبل از آغاز جنگ یمن، رهبران سعودی را به کاخ سفید فراخواند و جزئیات عملیات را با آنها در میان گذاشت. آنها چند هفته به سعودی فرصت دادند تا این عملیات را به انجام برساند، اما نتوانستند. وی افزود: صنعا در حالی بمباران می‌شد که یمن یکی از حامیان مردم فلسطین است و این سعودی‌ها بودند که خنجر خود را در پشت فلسطینی‌ها فرو می‌کردند. نماینده انصارلله گفت: ترامپ با نظریه گاو شیرده در برابر دوربین‌ها ظاهر شد و گفت که سعودی‌ها بدون کمک آمریکا حتی یک هفته هم نمی‌توانند دوام بیاورند. وی افزود: آمریکا به فروش سلاح به سعودی ادامه داده و او را مثل یک گاو شیرده می‌دوشد، اما این ارتش و نیروهای مردمی یمن بودند که سامانه‌های تهاجمی آمریکا را به شکست کشاندند. نماینده انصارلله تصریح کرد: آمریکا با برگه شیطان بازی می‌کند و می‌کوشد خود را به عنوان کبوتر صلح نشان دهد. وی با بیان اینکه هرکدام از شما در جهان اسلام از جایگاه خود، ملت یمن را یاری می‌کنید، گفت: به رهبر انقلاب و همه آزادی‌خواهانی که در کنار ملت یمن ایستادند درود می‌فرستم.,سیاسی,3,214
عبدالله ناصری در گفت‌وگو با خبرنگار احزاب و تشک‌های گروه سیاسی باشگاه خبرنگاران جوان؛ با اشاره به بیانات اخیر مقام معظم رهبری مینی بر اینکه تحمل شنیدن صدای مخالف را داشته باشید و با بالا بردن حلم خود که همان ظرفیت درونی است، از نقادی استقبال و استفاده کنید گفت: نقد پذیری مسئولان سبب می‌شود که مردم به این باور برسند که همه مسئولان برای مردم کار می‌کنند و بدون تردید انتقادپذیری لازمه رشد فردی، اجتماعی، مدنی و سیاسی جامعه است. عضو شورای مشورتی اصلاح طلبان با ابراز تأسف از اینکه فرهنگ نقد کردن در جامعه ما نباید متاثر از اطلاعات غلط و یا جوسازی‌های سیاسی و حزبی باشد اظهار داشت: اگر این فرهنگ تبدیل به یک فرهنگ پارلمانی شود که انتقادات بر اثر مستندات و اخلاقیات مطرح شوند، آن وقت برای پیشرفت کشور هم مؤثر خواهند بود. وی با بیان اینکه قوای سه گانه و سایر ارکان باید آستانه تحمل نقد خود را بالا ببرند اظهار داشت: نقد عنصر بسیار مؤثری در پیشرفت عوامل اجرایی کشور است و ما باید نقد را به عنوان یک ضرورت نهادینه شده در همه بخش‌های کشور در نظر بگیریم. ناصری تصریح کرد: اینکه یک بخشی از جامعه نقد پذیر باشد و بخش‌های دیگر با استفاده از قدرت خود با منتقدین برخورد کنند این وضعیت برای جامعه اثرگذار نخواهد بود زیرا جامعه باید نقدپذیری دولت در معنای عام را باور کند. وی افزود: در این صورت انتقاد‌های سازنده از انتقادهای مخرب قابل تشخیص خواهند بود و کشور در مسیر پیشرفت قرار می‌گیرد. انتهای پیام /,سیاسی,3,251
ابوالفضل ابوترابی در گفتگو با خبرنگار حقوقی قضایی باشگاه خبرنگاران، با اشاره به عملکرد دستگاه قضا در رسیدگی به پرونده‌های مفاسد اقتصادی، گفت: دستگاه قضا در بحث مبارزه با مفاسد اقتصادی بسیار خوب عمل کرده است. وی ادامه داد: دستگاه قضا جدیت و قاطعیت خود را در رسیدگی به پرونده‌های مه آفرید و رحیمی ثابت کرده است. عضو کمیسیون قضایی مجلس شورای اسلامی خاطرنشان کرد: با وجود برخوردهای جدی دستگاه قضا با پرونده‌های فساد اقتصادی، اما مردم منتظر بررسی و پیگیری قوه قضاییه در رابطه با پرونده‌های مربوط به برخی آقازاده‌ها نیز هستند که قطعا در روند رسیدگی‌ها این مساله نیز محقق خواهد شد. انتهای پیام/,سیاسی,3,106
به گزارش خبرنگار مجلس گروه سیاسی باشگاه خبرنگاران جوان؛ اسامی غائبین آغاز جلسه علنی امروز مجلس ۱۶ فروردین ۹۵ از سوی هیات رئیسه اعلام شد که این اسامی عبارت است از: ۱- موسی احمدی نماینده مردم عسلویه ۲- قاسم احمدی لاشکی نماینده مردم نوشهر ۳- عبداله تمیمی نماینده مردم شادگان ۴- عباس پاپی‌زاده نماینده مردم دزفول ۵- احمد جباری نماینده مردم بندر لنگه ۶- حمیدرضا خصوصی ثانی نماینده صومعه‌سرا ۷- محمد حسن‌نژاد نماینده مردم مرند و جلفا ۸- عبدالله سامری نماینده مردم خرمشهر ۹- احمد سجادی نماینده مردم فریمان ۱۰- علی‌ علی‌لو نماینده مردم شبستر ۱۱- مهدی عیسی‌زاده نماینده مردم میاندوآب ۱۲- غلامرضا کاتب نماینده مردم گرمسار ۱۳- علیرضا محجوب نماینده مردم تهران ۱۴- علی‌اکبر ناصری نماینده مردم بابل ۱۵- صفر نعیمی نماینده مردم آستارا,سیاسی,3,125
وی ادامه داد: این کشورها می‌توانند از رهگذر همکاری مشترک مانع نفوذ گروه تروریستی داعش به منطقه شوند. با توجه به این که داعش در عراق و سوریه شکست سختی را متحمل شده، لذا تلاش می‌کند تا برای سازماندهی نیروهای خود به افغانستان نقل مکان کند. این کارشناس سیاست خارجی تصریح کرد: حضور القاعده و طالبان در افغانستان می‌تواند بستر مناسبی برای فعالیت‌های تروریستی داعش تلقی شود که این امر برای شیعیان افغانستان مشکل‌ساز خواهد بود. هانی‌زاده در پایان خاطرنشان کرد: پیش از وقوع همکاری این دو گروه تروریستی اهدافی را برای آن درنظر داشتند که باید پیشگیری‌های لازم به عمل آید و با همکاری‌های مشترک امنیتی – منطقه‌ای مانع نفوذ داعش در افغانستان شوند.,سیاسی,3,115
به گزارش گروه سیاسی باشگاه خبرنگاران جوان، هر روز شاهد جنایات وحشیانه جدیدی از گروه تروریستی داعش در کشور‌های عراق، سوریه و … هستیم که خواندن اخبار و تصاویر جنایات این گروه تکفیری دل هر انسانی را می‌آزارد، این گزارش مروری بر اخبار داعش در ساعات گذشته است. گزارش لس‌آنجلس تایمز: ترکیه شریک جرم داعش در قاچاق نفت روزنامه لس آنجلس تایمز در گزارشی به بررسی نقش ترکیه در قاچاق نفت از سوی داعش پرداخت. سرکرده کشته شده داعش، مسئول فروش نفت در مرز ترکیه بود خبرگزاری اتریش به نقل از مقامات پنتاگون اعلام کرد: ابو صالح توانسته بود در هنگام حمله داعش به عراق و سوریه، بیش از یک میلیارد دلار از بانک‌های این کشورها غارت کند. ابوصالح یکی از مهمترین عناصر در زمینه تامین مالی تروریست‌ها محسوب می‌شد. اعتراف آمریکا به ناتوانی در محدود کردن منابع مالی داعش آدام زوبین معاون وزارت خزانه داری آمریکا در امور مقابله با تروریسم، اعلام کرد: برخلاف دیگر گروه‌های تروریستی، گروه داعش بخش کمی از منابع مالی را از کمک کنندگان خارجی دریافت می‌کند. هلاکت مسئول مالی داعش مقامات نظامی آمریکا از کشته شدن سه نفر از مقامات مسئول در گروه تروریستی داعش از جمله مسئول مالی این گروه در حملات هوایی خبر دادند. درس عبرتی که تروریست‌های جبهه الشامیه به داعش دادند! تروریست‌های جبهه الشامیه در سوریه با انتشار ویدئویی که پایانی متفاوت از فیلم‌های اعدام گروه تروریستی داعش دارد، به اصطلاح خود به این گروهک درس عبرت دادند. اظهارات عجیب زندانی سابق داعش: خلبان اردنی زنده است دروازه بان سابق تیم ملی فوتبال سوریه که در زندانهای گروه تروریستی داعش زندانی بود و آزاد شده است گفت: معاذ کساسبه، خلبان اردنی، که داعش اعلام کرد او را سوزانده، زنده است. انتهای پیام.,سیاسی,3,282
به گزارش خیمه گاه؛ یکی از دانشجویان مسیحی آفریقایی امروز در دفتر حضرت آیت الله العظمی صافی حضور یافت و به دین مقدس اسلام و مذهب تشیع مشرف شد. بنابراین گزارش، در این جلسه نورانی که تعداد زیادی از علما، فضلا و عزاداران حسینی حضور داشتند، این جوان شهادت بر وحدانیت خداوند متعال، رسالت حضرت خاتم الأنبیاء صلی الله علیه و آله و خلافت و وصایت حضرت علی علیه السلام و ائمه معصومین علیهم السلام را بر زبان جاری کرد. حضرت آیت الله صافی در این مجلس معنوی و باشکوه ضمن بیاناتی فرمود: برای بنده بسیار مایه خوشبختی و مباهات است که امروز و در ایام عزاداری حضرت سید الشهدا علیه السلام، این جوان عزیز به دین اسلام مشرف شدند. وی در ادامه خطاب به این جوان تازه مسلمان، بیان داشتند: شما پیش خداوند مقام بسیار بالا و والایی دارید و اکنون پاک و پاکیزه هستید و من این افتخار بزرگ را به شما تبریک می‌گویم و از خداوند متعال می‌خواهم در این راه بزرگ، همیشه موفق باشید. گفتنی است این مرجع تقلید شیعیان به مناسبت ایام عزاداری امام حسین علیه السلام، نام مقدس حسین را برای این جوان برگزیدند. این جوان در پایان جلسه، یک مجلد قرآن کریم را از معظم له هدیه گرفت و حاضران در جلسه با او مصافحه و تشرف وی به اسلام و مذهب والای تشیع را تبریک گفتند.,سیاسی,3,224
به گزارش خبرنگار مجلس گروه سیاسی باشگاه خبرنگاران جوان، فاطمه ذوالقدر نماینده مردم تهران، ری، اسلامشهر، شمیرانات و پردیس در جلسه علنی امروز (سه‌شنبه ۲ شهریور ماه) مجلس، در تذکری با استناد به ماده ۱۸ آیین نامه داخلی مجلس گفت: اخیرا در یک برنامه تلویزیونی به یکی از ورزشکاران خانم حاضر در مسابقات المپیک بی‌احترامی شده و به این خانم به کنایه تهمت بی‌غیرتی زدند که قطعا این رفتار محکوم است. نماینده مردم تهران افزود: متأسفانه هیأت رئیسه مجلس در انتخاب نامزدهای تصدی هیأت نظارت بر رفتار نمایندگان، بی‌طرفی را رعایت نکرده زیرا در شرایط کنونی یک نامزد از کمیسیون اصل ۹۰، یک نامزد از کمیسیون قضایی و ۴ نامزد تنها از یک طیف سیاسی برای رأی‌گیری به صحن علنی معرفی شده‌اند. رئیس مجلس شورای اسلامی در پاسخ به تذکر این نماینده گفت: بر اساس قانون می‌بایست برای انتخاب اعضای هیأت نظارت بر رفتار نمایندگان، یک نفر از کمیسیون اصل ۹۰، یک نفر از کمیسیون قضایی و ۴ نفر از دیگر کمیسیون‌ها انتخاب شوند. وی ادامه داد: طی هفته‌های گذشته متقاضیان تصدی این سمت‌ها ثبت‌نام کرده و در نهایت قرعه‌کشی شد به طوری که برای انتخاب ۴ نامزد نهایی، بیش از ۴۰ نفر نام‌نویسی کردند که در نهایت با قرعه‌کشی ۴ نفر نهایی مشخص شدند. انتهای پیام/,سیاسی,3,207
به گزارش خبرنگار مجلس گروه سیاسی باشگاه خبرنگاران جوان، نمایندگان در صحن علنی امروز (چهارشنبه ۱۸ مهر ماه) با یک فوریت طرح کاهش پرداخت عوارض خروج مرزنشینان از کشور با ۱۰۸ موافق، ۷۴ رای مخالف و ۹ رای ممتنع از مجموع ۲۱۵ نماینده حاضر در صحن موافقت کردند- این طرح در قالب اصلاح بند (ح) تبصره ۱۱ قانون بودجه سال ۹۷ کل کشور در صحن ارائه شد و طراحان بر اساس این طرح خواستند تا مرزنشینان همانند زائران اربعین در طول سال از افزایش پرداخت عوارض خروج از کشور معاف شوند، زیرا از افزایش و پرداخت نرخ عوارض خروج از کشور تاثیر بسیار منفی بر معیشت مرزنشینان دارند لذا ضرورت دارد تا تجدیدنظر و تفکیکی میان مرزنشینان مترددین انجام شود. عوارض خروج از کشور در بودجه سال ۹۶ برای خروج زمینی زائران عتبات عالیات در طول سال ۲۵ هزار تومان و هوایی ۷۵ هزار تومان در نظر گرفته شده بود که امروز نمایندگان هم خواستار آن شدند که درباره مرزنشینان هم به این طریق عمل شود. زیرا دولت در بودجه سال ۹۷ پرداخت عوارض خروج از کشور را به صورت پلکانی و مرحله‌ای افزایش داد یعنی برای اولین خروج ۲۲۰ هزار تومان و برای دفعه‌های بعد رقم بیشتری کسب شود. در جریان بررسی این طرح نمایندگان مرزنشین کشورمان طومار سفید بزرگی را که بر روی آن امضای بسیاری از مرزنشینان نقش بسته بود در حمایت این طرح باز کرده‌اند که با تذکر پزشکیان نایب رئیس اول مجلس که در غیاب لاریجانی اداره جلسه را برعهده داشت آن را بسته و جمع‌ کردند.,سیاسی,3,252
سمیه محمودی عضو کمیسیون اجتماعی مجلس در گفت‌وگو با خبرنگار مجلس گروه سیاسی باشگاه خبرنگاران جوان؛ با تأکید بر اینکه آسیب‌های اجتماعی باید اکنون بیش از گذشته در مجلس پیگیری و بررسی شود، گفت: کارگروه‌ها و فراکسیون‌ها باید نسبت به ابتدای شکل‌گیری مجلس دهم پررنگ‌تر شوند. وی ادامه داد: نمایندگان جدید در ابتدا نیاز به آمادگی ذهنی داشتند اما اکنون با گذشت یک سال از فعالیت دور دهم مجلس براساس انتظار مردم باید فعال‌تر شوند. محمودی همچنین در ادامه با اشاره به نحوه فعالیت فراکسیون‌های مجلس بیان داشت: در ابتدای فعالیت این دوره مجلس فراکسیون‌های بسیاری برای رسمیت بخشیدن به خود از نمایندگان امضا جمع‌آوری کردند اما متأسفانه در ادامه کار تنها از تعداد اندک و خاصی از وکلای ملت دعوت به حضور کردند و بسیاری از امضاکنندگان هیچ‌گاه به این فراکسیون‌ها نرفتند. نماینده مردم شهررضا تصریح کرد: این برخورد خوبی نیست باید یک رویه حساب شده برای این امر در نظر گرفته شود زیرا فراکسیون‌های مجلس کمتر از کمیسیون‌ها نیستند و با کمی فعال‌تر شدن می‌توانند عملکرد بهتری داشته باشند.,سیاسی,3,171
به گزارش حوزه دولت باشگاه خبرنگاران به نقل از پایگاه اطلاع‌رسانی ریاست جمهوری، حجت‌الاسلام و المسلمین حسن روحانی رییس جمهور کشورمان عصر دیروز (پنجشنبه) با نوری المالکی نخست وزیر عراق گفت‌وگو و آخرین وضعیت تحولات شمال عراق را بررسی کرد- در این مکالمه تلفنی روحانی با اشاره به ضرورت مبارزه با تروریسم و خشونت و ضمن محکوم کردن جنایات فجیع تروریست‌ها و کشتار مردم بی‌گناه آن کشور و نیز ابراز خرسندی از وحدت و یکپارچگی مردم این کشور در مبارزه با ترویسم و خشونت، به نقش مرجعیت شیعه اشاره کرد و اظهار داشت: اینکه مرجعیت بزرگوار شیعه، آیت الله سیستانی اعلام نمود که همه باید در مبارزه با تروریست‌ها مشارکت داشته باشند، نقش مهمی در بسیج مردم عراق در مقابله با جنایت و کشتار تروریستی خواهد داشت- رییس جمهور کشورمان با اشاره به اینکه ملت و دولت ایران در کنار مردم و دولت عراق هستند، افزود: دولت جمهوری اسلامی ایران تمامی تلاش‌های خود در حوزه بین‌المللی و منطقه‌ای را برای مقابله با این امر به کار خواهد گرفت و اجازه نخواهد داد که حامیان تروریست‌ها با صدور تروریسم به عراق، امنیت و ثبات این کشور را برهم بزنند- نوری المالکی نخست وزیر عراق نیز در این مکالمه تلفنی با تشکر از حمایت‌های ایران از ملت عراق در صحنه بین‌المللی و منطقه‌ای، گزارش مفصلی از تحولات شمال عراق و موفقیت دولت و ارتش آن کشور در سرکوب تروریست‌ها ارائه کرد- مالکی گفت: بسیج مردم عراق و عشایر آن کشور در حمایت و کمک ارتش توانسته است اقدامات تروریستی را سد نموده و به زودی خواهند توانست عراق را از لوث آنها پاکسازی کنند- دکتر روحانی در این گفت‌وگوی تلفنی ضمن تبریک اعیاد شعبانیه به ویژه میلاد پربرکت صاحب‌الزمان (عج) ابراز امیدواری کرد برکت این ایام سبب بازگشت ثبات و امنیت به کشور دوست و مسلمان عراق شود. انتهای پیام/,سیاسی,3,298
چند دانشگاه در سرزمین‌های اشغالی وجود دارد؟ اسرائیل دارای ۹ دانشگاه دولتی است که یارانه آن توسط دولت پرداخت می‌شود که از بین این دانشگاه‌ها دانشگاه اورشلیم (Jerusalem University) و موسسه وایزمن (Weizmann Institute) از جمله سرشناس‌ترین آنها است- فرودگاه‌های مهم اسرائیل کجاست؟ در سرزمین‌های اشغالی حمل‌ونقل از طریق وسایل نقلیه موتوری، راه‌آهن و قطار و شبکه جاده‌ای انجام می‌شود- ۲-۵ میلیون مسافر در سال از طریق شبکه ریلی جابجا می‌شوند- اسرائیل دارای دو فرودگاه مهم بن گورین (Ben Gurion International Airport) در نزدیکی تل آویو و فرودگاه اودا (Ovda) در جنوب سرزمین‌های اشغالی است که بیش از ۱۲ میلیون مسافر را در سال جابجا می‌کند. همچنین سرزمین‌های اشغالی دارای فرودگاه‌های کوچک داخلی است که فعالیت دارند. مهم‌ترین بنادر سرزمین‌های اشغالی کجاست؟ در منطقه مدیترانه، بندر حیفا از قدیمی‌ترین و بزرگ‌ترین بنادر سرزمین‌های اشغالی است و بنادر اشدود و بندر ایلات در مکان‌های بعدی از نظر اهمیت و رتبه‌بندی قرار دارد. ارتش اسرائیل چندمین ارتش دنیاست؟ خدمت در ارتش رژیم صهیونیستی اینگونه است که همه برای خدمت در ارتش از زن و مرد حضور پیدا می‌کنند و مدت زمان خدمت بین ۲ تا ۳ سال است. آیا اسرائیل صادرات نفت دارد؟ سردار کوثری: مردم اطلاعات کاملی از سرزمین‌های اشغالی و غاصب بودن رژیم صهیونیستی دارند سردار سرتیپ محمد اسماعیل کوثری رئیس کمیته دفاعی امنیتی مجلس شورای اسلامی در گفتگو با خبرنگار دفاعی امنیتی گروه سیاسی باشگاه خبرنگاران جوان؛ درباره اسرائیل‌شناسی عنوان داشت: مردم کشور ما خیلی نکات را از رژیم صهیونیستی می‌دانند مقابله با استکبار صهیونیستی هم در همین راستا است و مردم اطلاعات کاملی از سرزمین‌های اشغالی و غاصب بودن رژیم صهیونیستی دارند. شناخت هر چه بیشتر از دشمن صهیونیستی باعث می‌شود تسلط بیشتری به اشغالگران قدس داشته باشیم. البته ایران همواره از رژیم صهیونیستی اطلاعات کافی دارد. گزارش از محمد زرچینی,سیاسی,3,293
به گزارش حوزه دفاعی امنیتی گروه سیاسی باشگاه خبرنگاران جوان؛ سردار غلامحسین غیب‌پرور رئیس سازمان بسیج مستضعفین در پیام‌هایی جداگانه انتصاب‌های امیر محمدحسین دادرس به جانشینی فرمانده کل ارتش، امیر دریادارحبیب‌الله سیاری به معاونت هماهنگ‌کننده ارتش و امیر دریادار حسین خانزادی به فرماندهی نیروی دریایی ارتش جمهوری اسلامی ایران را که توسط فرمانده معظم کل قوا صورت پذیرفت، تبریک گفت. در این پیام‌ها آمده است: انتصاب شایسته جنابعالی از طرف فرمانده معظم کل قوا بیانگر شایستگی، تعهد و تجارب ارزنده شما در دوران دفاع مقدس و پس از آن می‌باشد. اینجانب ضمن تبریک به جنابعالی، توفیقات روز افزون شما را در خدمت به نظام مقدس اسلامی تحت زعامت فرمانده معظم کل قوا امام خامنه‌ای (مدظله‌العالی) و در سایه توجهات حضرت ولی‌عصر (عجل‌الله‌تعالی‌وفرجه‌الشریف) از درگاه خداوند متعال مسئلت می‌نمایم.,سیاسی,3,128
وزیر راه و شهرسازی با صدور حکمی شهرام آدم را به عنوان معاون حمل ونقل وزارت راه و شهرسازی منصوب کرد. به گزارش ایلنا، شهرام آدم نژاد در حکمی از سوی محمد اسلامی وزیر راه و شهرسازی به عنوان معاون حمل ونقل منصوب شد. وزیر راه و شهرسازی در این حکم اظهار داشت: نظر به تعهد، تجارب و سوابق مدیریتی جنابعالی، به موجب این حکم شما را به سمت معاون حمل ونقل منصوب می‌نمایم. وی تاکید کرد: امید است با اتکال به الطاف الهی، در اجرای سیاست‌های دولت تدبیر و امید و در راستای هماهنگی تمام شقوق حمل ونقل و با استفاده از تمامی ظرفیت‌ها و استعداد‌های بالقوه وزارتخانه اهتمام ویژه داشته و با تمتع از تجارب خویش و در چارچوب قوانین و مقررات در ایفای بهینه و مطلوب وظایف محوله موفق و موید باشید. بنابر این گزارش شهرام آدم نژاد پیش از این تجارب مدیرعاملی شرکت شهر فرودگاهی امام خمینی (ره)، معاونت سازمان راهداری و حمل ونقل جاده‌ای و مدیرکلی حمل و نقل در استان آذربایجان غربی را دارد- گفتنی است، علی رستمی معاون بهره برداری فرودگاهی شرکت شهر فرودگاهی امام خمینی (ره) نیز به عنوان سرپرست این شرکت منصوب شد.,سیاسی,3,192
متن این پیام بدین شرح است: انالله و انا الیه راجعون در آستانه سال تحصیلی جدید جامعه دانشگاهی کشور استاد بزرگ و برجسته خود، دکتر امیر ناصر کاتوزیان را از دست داد. فقدان دانشمند فرهیخته و استاد علم و ادب استاد دکتر ناصر کاتوزیان ضایعه‌ای بزرگ و جبران ناپذیر برای جامعه‌ی حقوقی کشور عزیزمان، ایران، می‌باشد. آن استاد گرانمایه با کوله باری از دانش حقوق و فقه و با تربیت شاگردان بسیار و تألیفات فراوان حقوقی، خدمتی بی نظیر به ارتقای دانش حقوق در کشور نمود. از برجسته‌ترین و عمیق‌ترین خدمات و یادگارهای آن مرحوم، اهتمام موثر و عضویت در شورای تدوین قانون اساسی بوده است. درگذشت این استاد فرزانه را به خانواده شریف و داغدیده آن مرحوم و جامعه‌ دانشگاهیان، اندیشمندان و حقوقدانان تسلیت عرض می‌نمایم و علو درجات را برای آن فقید سعید از درگاه خداوند متعال مسئلت دارم. الهام امین زاده معاون حقوقی رئیس جمهور انتهای پیام/,سیاسی,3,150
به گزارش خبرنگار دفاعی امنیتی گروه سیاسی باشگاه خبرنگاران جوان، بیست‌وسومین آزمون دکترای تخصصی دانشگاه عالی دفاع ملی از صبح امروز در محل این دانشگاه برگزار شد. سردار سرتیپ دوم پاسدار حسین سلیمی رییس حوزه آزمون تخصصی دکترا دانشگاه عالی دفاع ملی در حاشیه برگزاری این آزمون و در جمع خبرنگاران اظهار کرد: این آزمون هرساله در سه بخش دفاع ملی، امنیت ملی و مدیریت راهبردی در دانشگاه عالی دفاع ملی برگزار می‌شود، که در این دوره ۹ رشته و گرایش را پذیرش کرده و مورد آزمون قرار می‌دهیم. وی افزود: تعداد شرکت کنندگان این دوره ۵۱۱ نفر است که در ۹ رشته آزمون می‌دهند و ما ۲۰ درصد این عزیزان را جذب خواهیم کرد. سردار سلیمی در خصوص رشته‌های تخصصی مورد آزمون دانشگاه عالی دفاع ملی گفت: در حوزه علوم راهبردی دفاعی در ۳ گرایش جذب داریم، همچنین در حوزه‌های مدیریت راهبردی، مدیریت راهبردی نظامی، مدیریت راهبردی آینده پژوهی، مدیریت راهبردی پدافند غیرعامل، مدیریت راهبردی فرهنگی، مدیریت راهبردی دانش و مدیریت راهبردی فضای سایبری نیز پذیرش داریم. رییس حوزه آزمون تخصصی دکترا دانشگاه عالی دفاع ملی در پایان خاطرنشان کرد: در حوزه امنیت ملی نیز سه گرایش تهدیدات امنیت ملی، مطالعات امنیت ملی و امنیت داخلی نیز آزمون جهت پذیرش برگزار می‌گردد.,سیاسی,3,203
به گزارش خبرنگار دانشگاهی باشگاه خبرنگارن؛ حجت الاسلام والمسلمین قریشی معاون فرهنگی و سیاسی نهاد رهبری در دانشگاهها طی سخنرانی در دومین جشنواره طرح ملی ملکوت گفت: حضرت جوادی آملی از نوادر روزگار است که از ابتدای انقلاب توانسته است بخش‌های تئوری را نهادینه کند، وی یکی از شخصیت‌هایی است که توانسته به مباحث کلامی بپردازد، چنانچه در سال‌های اخیر در بحث علمی شدن دانشگاهها و اسلامی شدن دانشگاهها راه روشن و اجرایی داشته است. وی به سند راهبردی دانشگاهها اشاره کرد و افزود: هم اکنون در تلاش هستیم که راهبردهای، سند راهبردی دانشگاهها را به اقدام تبدیل کنیم که در این زمینه آشنایی با مکتوبات و البته آثار نخبگان مفید است. حجت الاسلام والمسلمین قریشی تصریح کرد: هم اکنون در رابطه با همکاری با بخش‌های علمی دانشگاهها باید بگویم که با نگاه آیت الله جوادی آملی پاسخگوی نیازهای معرفتی در دانشگاهها هستیم.,پزشکی,7,143
سیدجلال طباطبایی، معاون سازمان سنجش آموزش کشور در گفتگو با خبرنگار صنفی، آموزشی باشگاه خبرنگاران گفت: قرار بود آزمون دوره‌های مختلف پیام نور ۲۳ دی ماه برگزار شود، اما به دلیل درخواست مکرر داوطلبان آزمون دوره‌های کارشناسی، کارشناسی ناپیوسته و کارشناسی ارشد؛ زمان برگزاری این آزمون به روز جمعه ۳۰ دی ماه موکول شد. وی در خصوص زمان توزیع کارت آزمون دوره‌های مختلف فراگیر دانشگاه پیام نور، گفت: قرار بود از ۲۰ دی ماه کارت ورود به جلسه این آزمون‌ها توزیع شود ولی با توجه به تغییر در زمان برگزاری این آزمون کارت ورود به جلسه طی روزهای ۲۷ تا ۲۹ دی ماه از طریق سایت سازمان سنجش به نشانی توزیع می‌شود. /ح,پزشکی,7,113
دکتر عین‌الهی متخصص چشم، در گفتگو با خبرنگار بهداشت و درمان باشگاه خبرنگاران، اظهار داشت: برای انجام عمل لیزیک لازم است که فرد دارای شرایطی چون سن بالای ۱۸ سال، ضخامت قرنیه مناسب باشد. همچنین باید به هیچ گونه مشکل و بیماری چشمی مبتلاء‌ نبوده و حداقل یکسال شماره چشم فرد ثابت باشد. وی ادامه داد: عمل لیزیک با احتمال یک در هزار با عوارضی چون التهاب و عفونت‌ همراه خواهد بود. این متخصص توصیه داشت: برای انجام عمل لیزیک بایستی فرد یک هفته قبل از عمل از لنز استفاده نکند. همچنین از قرار گیری در محیط‌های آلوده و تماس دادن اشیاء آلوده با چشم پرهیز کند لازم به ذکر است که استفاده از لنزهای رنگی توسط همه افراد به خصوص کسانی که عمل لیزیک داشته‌اند، کنار گذاشته شود. این لنزها به دلیل اینکه اکسیژن را خوب عبور نمی‌دهند باعث ایجاد ورم و عفونت در چشم شده و به چشم آسیب جدی می‌زنند.,پزشکی,7,153
به گزارش خبرنگار حوزه دانشگاهی گروه علمی پزشکی باشگاه خبرنگاران جوان، بنیاد دانشگاه تهران، در راستای اجرای بورسیه دوره اول این بنیاد، از دانشجویان متقاضی بورسیه دعوت می‌کند نسبت به ثبت نام در سامانه بنیاد به نشانی اقدام کنند. دانشجویان علاقه‌مند می‌توانند تا ۲۶ آبان‌ماه نسبت به ثبت‌نام و تکمیل مدارک مورد نیاز اقدام نمایند. این بورسیه از نوع پرداخت کمک هزینه تحصیلی به دانشجویان مقطع کارشناسی، به مبلغ دو میلیون ریال و به مدت ۱۰ ماه می‌باشد و دانشجویان تا پایان مقطع کارشناسی با احراز شرایط می‌توانند از این بورسیه استفاده کنند. این بورسیه به مدت پنج و هر سال برای ۵۰۰ نفر از دانشجویان واجد شرایط برقرار خواهد شد. دارا بودن حداقل معدل ۱۷ در ترم قبل، از جمله این شرایط است که برای دانشجویان ترم اول، شرط معدل ملاک نبوده و با کسب رتبه زیر ۲۰۰۰ کشوری می‌توانند از این بورسیه استفاده نمایند و هم‌چنین دانشجویان متقاضی نباید بورسیه هیچ نهاد و سازمانی باشند. علاقه‌مندان برای کسب اطلاعات بیشتر می‌توانند به مراجعه نمایند. برای آگاهی از آخرین اخبار و پیوستن به کانال تلگرامی باشگاه خبرنگاران جوان اینجا کلیک کنید.,پزشکی,7,182
دکتر جواد هروی رئیس کمیته آموزش عالی مجلس در گفتگو با خبرنگار دانشگاهی باشگاه خبرنگاران با اشاره به نابسامانی در حوزه آموزش عالی اظهار کرد: وضعیت آموزش عالی با مشکلات ساختاری مواجه است که هر چه سریعتر باید ساماندهی شود. دکتر جواد هروی رئیس کمیته آموزش عالی مجلس در گفتگو با خبرنگار دانشگاهی باشگاه خبرنگاران با اشاره به نابسامانی در حوزه آموزش عالی اظهار کرد: وضعیت آموزش عالی با مشکلات ساختاری مواجه است که هر چه سریعتر باید ساماندهی شود. وی گفت: در بحث هدایت و مدیریت دانشگاه ما با مشکلات زیادی مواجه هستیم که موجب به تعویق افتادن توسعه کیفی و رشد علمی دانشگاه‌ها شده است. وی با بیان اینکه شرایط اکنون با گذشته بسیار متفاوت است خاطر نشان کرد: موج کنکور به سمت مقاطع ارشد و دکتری سوق پیدا کرده است و این نگرانی وجود دارد که پذیرش بی‌ضابطه پیدا کرده است و این نگرانی وجود دارد که پذیرش بی‌ضابطه و بی‌اندازه در این مقاطع می‌تواند فاجعه‌ای علمی برای کشور ایجاد کند. هروی در ادامه توضیح داد: وضعیت در دانشگاه آزاد نیز به لحاظ جذب بیش از حد دانشجوی دکترا نگران کننده است چرا که این دانشگاه امکانات آزمایشگاهی پژوهشی و از همه مهمتر اعضای هیئت علمی در حد و اندازه ۱۸ هزار پذیرش دانشجوی دکترا ندارد و این تناقض سلامت علمی و آموزش کشور را تهدید می‌کند. انتهای پیام/,پزشکی,7,222
به گزارش باشگاه خبرنگاران به نقل از اداره کل روابط عمومی سازمان پزشکی قانونی کشور، با معرفی دکتر حسن توفیقی، دکتر اردشیر شیخ آزادی، دکتر بشیر نازپرور، دکتر آریا حجازی و دکتر بهرام صمدی راد به عنوان شخصیت‌های علمی حقیقی در هیأت امنای مرکز تحقیقات پزشکی قانونی، به پیشنهاد رییس مرکز، دکتر محمد حسن عابدی خوراسگانی، دکتر محمد علی امام هادی، دکتر محمد رضا قدیرزاده، دکتر فرشید علاءالدینی و دکتر حمید محبتی به عنوان اعضای شورای پژوهشی مرکز معرفی و انتخاب شدند. به پیشنهاد دکتر محمود خدادوست، دکتر قاسم سلیمانی نیز به عنوان مدیر امور مالی و بودجه مرکز تحقیقات پزشکی قانونی معرفی و توسط هیأت امنای مرکز تحقیقات پزشکی قانونی، انتخاب شد. همچنین در جلسه هیأت امنای مرکز تحقیقات پزشکی قانونی، با توجه به ضرورت توسعه تحقیقات و پژوهش در حوزه پزشکی قانونی و نیز منحصر به فرد بودن مرکز تحقیقات، مجوز ایجاد ۲۰ پست سازمانی هیأت علمی و جذب واجدین شرایط به این مرکز داده شد. اعضای حقوقی هیأت امنای مرکز تحقیقات پزشکی قانونی متشکل از ۱۶ نفر شامل رییس سازمان پزشکی قانونی به عنوان رییس هیأت امنا، معاون آموزشی قوه قضاییه، رییس کمیسیون بهداشت، درمان و آموزش پزشکی مجلس، معاون تحقیقات و فناوری وزارت بهداشت، معاون آموزشی وزارت بهداشت، رییس کل سازمان نظام پزشکی کشور، رییس دانشگاه علوم پزشکی تهران، معاون پزشکی و آزمایشگاهی سازمان پزشکی قانونی، معاون آموزشی و پژوهشی سازمان پزشکی قانونی، معاون اداری مالی سازمان پزشکی قانونی، رییس مرکز تحقیقات پزشکی قانونی و پنج نفر از شخصیت‌های علمی صاحب نظر در رشته‌های مرتبط با اهداف مرکز هستند که این پنج نفر در این جلسه انتخاب شدند. شایان ذکر است اساسنامه مرکز تحقیقات پزشکی قانونی در تاریخ ۲۸ آذر ماه سال جاری به تصویب شورای گسترش دانشگاه‌های علوم پزشکی و امضای وزیر بهداشت، درمان و آموزش پزشکی رسید. /ع,پزشکی,7,294
به گزارش خبرنگار بهداشت و درمان باشگاه خبرنگاران، دکتر سراجدین وحیدی دبیر هفدهمین کنگره اورولوژی و ریاست شاخه جنوب شرقی انجمن اورولوژی ایران در خصوص نکات مهم در این برنامه گفت: این برنامه‌ها شامل به اشتراک گذاری مهارت‌های جراحی با تشکیل میز گردهای مبتنی بر فیلم و سخنرانی‌های بسیار مهم افراد با تجربه و نیز اساتید خارج از کشور است. وی در ادامه گفت: در این برنامه بیش از ۲۰۰ مقاله به دبیرخانه ارسال که حدود ۱۰۰ مقاله پذیرفته شده است و از این تعداد ۷۵ مقاله به صورت سخنرانی و ۳۵ مقاله به شکیل پوستر ارائه می‌شود همچنین دو کارگاه آموزشی برگزار می‌شود. وی اظهار داشت: در پایان کنگره مقاله برتر نیز انتخاب می‌شود.,پزشکی,7,115
به گزارش گروه علمی باشگاه خبرنگاران به نقل از وب دا، مدیر گروه بیماریهای مرکز بهداشت نیشابور دیابت گفت: برنامه‌ی ورزشی با توجه به علایق، سن، وضعیت سلامتی و تناسب بدن تغییر می‌کند و قبل از شروع به فعالیت بدنی فرد بیمار باید با پزشک خود مشورت کند. دکتر آذینی بیان داشت: در صورتی که قند خون بالاتر از mg/dl ۲۵۰ دارید و در ادرار کتون وجود دارد، یا قند خون بالاتر از mg/dl۳۰۰ بدون دفع کتون دارید، ورزش نکنید، زیرا در این حالت نیاز به انسولین افزایش می‌یابد و ممکن است قند خون بالا رفته و در معرض خطر قرار بگیرید. وی اضافه کرد: در بیماران باسابقه‌ی بیماریهای قلبی عروقی، ورزش ممکن است به ایسکمی و سکته‌ی قلبی منجر شود. افراد با عوارض رتینوپاتی باید از انجام برخی ورزشها پرهیز کنند و در موقعیت‌های خاص ورزش نکنند. افراد مبتلا به دیابت به هنگام ورزش از کفش مناسب استفاده کنند. دکتر آذینی ادامه داد: پایش گلوکز خون قبل و بعد از ورزش برای دانستن مقدار و شدت ورزش و تعیین مقدارکربوهیدرات مصرفی قبل از فعالیت بدنی ضروری است. به طورمعمول یک ساعت افزایش فعالیت بدنی نیاز به ۱۵ تا۳۰ گرم کربوهیدرات اضافی قبل یا بعد از ورزش برای هر یک ساعت لازم است. برای ورزشهای شدید، تطابق انسولین دریافتی به منظور جلوگیری از هیپوگلیسمی ضروری است. مدیر گروه بیماریهای مرکز بهداشت نیشابور خاطرنشان کرد: اگر مقدار کتون‌های ادرار متوسط تا زیاد باشد، شروع ورزش تا زمانیکه میزان قند خون به محدوده‌ی طبیعی برسد باید به تعویق افتد. /ع۲,پزشکی,7,248
به گزارش اورژانس IT باشگاه خبرنگاران، تلفن همراه هوشمند جدید با نام لومیا ۶۲۰ به زودی وارد بازار فروش خواهد شد. این محصول در رنگ‌های شاد و مختلف عرضه خواهد شد. از ویژگی‌های سخت افزاری این دستگاه می‌توان به پردازشگر ۱ گیگاهرتزی و حافظه‌ی RAM با ظرفیت ۵۱۲ مگابایت و حافظه‌ی داخلی ۸ گیگابایت که از طریق درگاه USB تا ۶۴ گیگابایت قابلیت ارتقا دارد، اشاره کرد. دوربین به کار گرفته شده در این دستگاه می‌تواند تصاویری با کیفیت ۵ مگاپیکسل همراه با یک فلش LED تهیه کند که این دوربین کمی ضعیف به نظر می‌آید. ابعاد صفحه‌ی نمایش این گوشی نیز ۳-۸ اینچ با قابلیت تفکیک پذیری ۴۸۰ ۸۰۰ و از نوع WVGA می‌باشد. پشتیبانی از GPS، شبکه‌های اینترنت پر سرعت HSPDA، و بهره مندی از سیستم عامل ویندوز فون ۸ از دیگر مشخصات لومیا ۶۲۰ می‌باشد. این تلفن همراه هوشمند با قیمت ۲۳۵ دلار به فروش خواهد رسید. /س,پزشکی,7,151
دکتر شایسته مهر متخصص پوست در گفتگو با خبرنگار کلینیک باشگاه خبرنگاران گفت: بعد از استفاده از حوله حمام باکتری‌ها، میکروبها و قارچ‌های روی پوست بدن به حوله انتقال پیدا می‌کند و از آنجایی که رطوبت روی حوله‌ها برای مدت‌های طولانی باقی می‌ماند این محیط بهترین شرایط را برای رشد عوامل بیماری‌زا فراهم می‌کند. به همین دلیل بهتر است حوله حمام به صورت شخصی استفاده شود. وی گفت: برای پیشگیری بهتر است حوله حمام به طور مرتب شسته و در محل مناسب مقابل آفتاب خشک شود. وی افزود: برای اطمینان از کشته شدن همه عوامل بیماری‌ زا موجود در حوله باید مرتب آن را بشویند. وی گفت: هر انسان به طور متوسط یک میلیون سلول پوستی را هر ساعت از دست می‌دهد حوله حمام بهترین منبع برای نگهداری از این سلو‌ل‌ها هستند که اغلب به همراه خود عوامل بیماری‌زا را حمل می‌کنند و همچنین حوله‌ها باید پ-ن-شوند که جریان هوا به خوبی در آنها برقرار باشد و بعد از هر ۳ بار استفاده بهتر است آنها را شست.,پزشکی,7,168
وی ادامه داد: قطعا اگر در این گونه مسائل دولت شریکشان نبود، امروز از این گروه‌ها یادگاری‌های بیشتری در سطح کشور داشتیم و به نظرم این اقدام یک حرکت خوب محسوب می‌شود. وی با اشاره به اینکه بعضی از افراد که تعدادشان کم نیست چیزی را ندانسته ادعای اگاهی می‌کنند، افزود: یکی از گرفتاری‌های ما در ایران این است که خودشیفته‌ایم و متأسفانه نمی‌توانیم این مسئله را حل کنیم. وزیر بهداشت گفت: سایر کشورهای دنیا در سال‌های قبل همین مسیر را رفته‌اند و به نظرم لزومی ندارد که تهیه و توزیع و طبخ غذا بر عهده مدیر بیمارستان باشد زیرا گرفتاری‌های ناشی ازاینکار مدیر بیمارستان را از پیمودن مسیر دانش و کشف مهارت‌های پزشکی همگام با دنیا بازمی‌دارد. هاشمی با اشاره به اینکه من امیدوارم دولتی‌ها با بخش خصوصی رقابت نکنند، ادامه داد: متأسفانه دولتی‌ها در گام اول اجازه رشد به بخش خصوصی نمی‌دهند که پس از گذشت زمان هدف اولیه فراموش می‌شود زیرا هزینه تمام شده خدمات در دست دولتی بیشتر است. وزیر بهداشت با اشاره به اینکه در برخی مواقع کارهای عجیبی انجام می‌دهیم، تأکید کرد: افراد بسیاری علاقمند به کار در بخش خصوصی هستند و من امیدوارم که کارهای بیشتری در بخش سلامت انجام شود و این کترینگ‌ها در آینده تبدیل به کترینگ مادرجون و مسعود نشود. انتهای پیام /,پزشکی,7,213
به گفته محققان مرکز ژومر با ایجاد مدلی جهت پیش بینی آب و هوا به نام مدل اقیانوس فضایی اقدام نمودند که برخی از اتفاقات غیر قابل پیش بینی ممکن شد. پژوهشگران این مرکز از تغییرات ناگهانی که در اوایل سال۱۹۷۰ میلادی در گرم شدن مسیر گرمسیری اقیانوس اطلس و هم چنین تغییر آن در سال ۱۹۹۰ میلادی شدند. این تغییرات که برخی از اکوسیستم‌های طبیعی اقیانوس‌ها را مختل نمود که به کمک این مدل قابل محاسبه است. به گفته محققان بادهای اقیانوسی که عامل مؤثر در تغییرات آب و هوایی به شمار می‌رود که با کمک روش‌های قبلی که غیر ممکن بود ممکن خواهد بود. پژوهشگران استفاده از این روش را در تعیین دقیق‌تر و پیش بینی‌ها تا ۵۰ درصد کمک خواهد کرد که نسبت به روش‌های فعلی دقیقتر و کارآمدتر است. /ع۲,پزشکی,7,134
رسول دیناروند رئیس سازمان غذا و دارو در گفت وگو با خبرنگار حوزه بهداشت و درمان گروه علمی پزشکی باشگاه خبرنگاران جوان در خصوص میزان مصرف دارو در ایران نسبت به کشورهای دیگر گفت: طبق آخرین آماری که در سال ۹۴ در مورد مصرف دارو در کشور و مقایسه آن با سایر کشورها داشتیم ایران در ۱۰ گروه درمانی به جز آنتی بیوتیک مصرف دارویی کمتری نسبت به کشورهای اروپایی و غربی دارد. وی افزود: سرانه مصرف دارو در ایران از لحاظ مبلغی ۵۵ دلار و نسبت به بسیاری از کشورها حتی ترکیه پایین تراست؛ با وجود قیمت پایین دارو در کشور، مصرف دارو در ایران بالا نیست اما غیرمنطقی است که باید اصلاح شود. دیناروند بیان کرد: مصرف غیر منطقی دارو یعنی تمام نشدن دوره درمان و مصرف ناقص داروها که در محاسبات، میزان داروی مصرفی سازمان غذا و دارو لحاظ شده است.,پزشکی,7,144
محمد‌حسین عزیزی متخصص تغذیه در گفتگو با خبرنگار حوزه بهداشت و درمان گروه علمی پزشکی باشگاه خبرنگاران جوان اظهار داشت: به نظر اکثر پزشکان آب خوردن در هنگام غذا به شیره معده، اسید معده و همچنین از نظر گوارشی به بدن انسان آسیب می‌رساند. وی افزود: خوردن آب در هنگام غذا یا قبل و بعد آن به وضعیت فیزیولوژیکی انسان بستگی دارد. این متخصص تغذیه ادامه داد: کسانی‌که بسیار تشنه هستند می‌توانند آب بخورند و خوردن غذا را به مدتی بعد بسپارند. وی افزود: خوردن آب باید یک یا دو ساعت بعد از خوردن غذا باشد. عزیزی خاطرنشان کرد: برای رفع تشنگی در هنگام غذا می‌توان از ماست در کنار غذا استفاده کرد البته پزشکان طب سنتی خوردن ماست در هنگام غذا را درست نمی‌دانند اما پزشکان طب جدید می‌گویند ایرادی ندارد.,پزشکی,7,132
به گزارش خبرنگار حوزه فن‌آوری گروه علمی پزشکی باشگاه خبرنگاران جوان؛ مدت زمان زیادی است که ستاره شناسان این اطلاعات را بدست آورده‌اند که بادهای قوی کیهانی می‌تواند گاهی اوقات از طریق کهکشان راه شیری بوزند. این بادها مواد واسطه‌ای شکل دهنده ستاره‌ها را گسترش می‌دهند و یا باعث جلوگیری از شکل گیری ستاره‌های آینده می‌شوند. و در حال حاضر ستاره شناسان یک تصویر روشنی از اینکه چگونه این بادها تشکیل می‌شوند را بدست آورده‌اند. تجزیه و تحلیلی که در دانشگاه ییل درباره رویداد مهمی که در کهکشان راه شیری رخ داده است، صورت گرفته که در مجله نجوم به چاپ رسیده است. به طور ویژه ستاره شناس دانشگاه ییل مسیری را که باد‌های کیهانی باعث فرسایش گاز و گرد و غبار در کرانه‌های کهکشان راه شیری می‌شوند را مطالعه کرده است. باد در کهکشان راه شیری از طریق حرکت چرخشی گازهای داغ در شبکه‌های فضایی به وجود می‌آید. جفری کنی مجموعه‌ای از تشکیلات گردوغبار‌های پیچیده را در کرانه کهکشان پیدا کرده است، این بادها به نام بادهای کیهانی مسیر خود را از طریق کهکشان راه شیری می‌پیمایند. از آنجایی که گاز‌ها مواد اولیه تشکیل دهنده ستاره‌ها هستند، حذف و جابجایی آن از ایجاد ستاره‌ها و سیارات جدید جلوگیری می‌کند. بیشتر تحقیقات کنی روی تاثیر متقابل فیزیکی کهکشان راه شیری با محیط اطراف متمرکز هستند. این دانشمند می‌گوید: میزان زیادی از تحولات کلان فضایی به دلیل واکنش‌ها رخ می‌دهند. همچنین او می‌گوید: کهکشان‌ها با استفاده از برخورد و ادغام بادهای کیهانی شکل می‌گیرند.,پزشکی,7,243
به گزارش خبرنگار حوزه بهداشت و درمان گروه علمی پزشکی باشگاه خبرنگاران جوان؛ از طریق کلینیک آنلاین می‌توانید سوالات پزشکی و سلامت خود را با متخصصان در میان بگذارید و در کوتاه‌ترین زمان ممکن پاسخ آن را دریافت کنید. کلینیک آنلاین برای تحقق آرمان سلامت همگانی جامعه ایجاد شده است که در آن کادر متخصصان علم پزشکی به سوالات شما پاسخ می‌دهند. برای ارسال سوال به تیم پزشکی کلینیک آنلاین و دریافت پاسخ سوالات خود به صورت رایگان به ثبت نظرات مراجعه و سوال خود را به راحتی ثبت کنید تا تیم پزشکی ما پاسخ سوالات شما را ارسال کنند. از هم اکنون می‌توانید همه سوالات خود در زمینه زخم معده را تا ساعت ۲۴ چهارشنبه ارسال و پاسخ سوالات خود را راس ساعت ۱۷ پنج شنبه از تیم پزشکی ما دریافت کنید.,پزشکی,7,133
به گزارش حوزه سینما گروه فرهنگی باشگاه خبرنگاران جوان؛ به نقل از مشاور رسانه‌ای فیلم، مستند زنانگی ساخته محسن استادعلی سه‌شنبه ۱۹ اردیبهشت در خانه هنرمندان نمایش داده می‌شود. این مستند ساعت ۱۸ در خانه هنرمندان برای علاقمندان به روی پرده خواهد رفت. زنانگی روایت زندگی چند زن در شهر تهران است که به بهانه‌ای مشترک، کنار یکدیگر روزگار می‌گذرانند. عوامل این مستند عبارتند از: طرح، پژوهش و کارگردانی: محسن استادعلی، فیلمبردار: فرهاد طالبی‌نژاد، تدوین: بابک حیدری، طراحی و ترکیب صدا: سیدعلیرضا علویان، موسیقی: ستار اورکی، صدابردار: علی علوی، رنگ آمیزی تصاویر: حمیدرضا فطوره چیان و سیندخت رحیمیان، مدیرتولید: سلیم قاسمی، مجری طرح: نسرین عبدی، دستیار کارگردان و برنامه‌ریز: یاسمن چراغعلی، عکاس: محمود حسینی، طراحی لوگو و پوستر: بهمن طالبی‌نژاد، مشاور رسانه‌ای: سپیده حیدرآبادی، تهیه‌کننده: محسن استادعلی، تهیه شده در کارگاه فیلم مستند.,فرهنگی هنری,5,133
به گزارش حوزه قرآن و عترت گروه فرهنگی باشگاه خبرنگاران جوان به نقل از روابط عمومی سازمان اوقاف و امور خیریه؛ پس از چهار روز رقابت فشرده میان ۴۶ حافظ کل قرآن کریم که از کشور‌های مختلف جهان در سی و پنجمین دوره مسابقات بین المللی قرآن کریم حضور یافتند، پیش از ظهر امروز این رقابت‌ها پایان یافت و هیئت داوران براساس امتیازات کسب شده نفرات ذیل را به عنوان فینالیست‌های رشته قرائت معرفی کرد؛ ۱- مصطفی اصفهانیان ازایران۲- محمد ریاض الخجا از سوریه۳- احسن اله ابوالهاشم از بنگلادش۴- موسی احمد اعلی از موریتانی۵- محمد رشاد عبد السمیع عزیز از مصر۶- علی عقیل خلیل البطات از عراق۷- محمد ایوب از پاکستانگفتنی است؛ مرحله فینال رشته حفظ کل قرآن کریم سی و پنجمین دوره مسابقات بین المللی قرآن کریم از ساعت ۱۶ در مصلی تهران آغار خواهد شد. انتهای پیام/,فرهنگی هنری,5,139
اردشیر منظم، مدیر دوبلاژ سیما درخصوص فضای این انیمیشن به خبرنگار باشگاه خبرنگاران گفت: در این مجموعه از چند شخصیت انیمیشن و رئال که به وجود آورنده ماجراها بوده، استفاده شده است. وی افزود: شخصیت اصلی این مجموعه یک لوکوموتیو ران بوده که حضورش ماجراها را زیباتر و آموزشی برای کودکان می‌کند. منظم که خود صاحب صدایی ماندگار است، خاطر نشان کرد: شوکت حجت، مینا قیاس پور، نسیم رضاخانی، عالیه السادات جعفری، فرزانه شجاعی و نیلوفر حدادی ما را در دوبله این اثر یاری کرده‌اند. گفتنی است اردشیر منظم خود به جای لوکوموتیو ران گویندگی کرده و این مجموعه شامل ۴۵ قسمت است. /ه,فرهنگی هنری,5,104
امیر قمیشی تهیه‌کننده و برنامه‌ساز و از نزدیکان زنده یاد محب‌اهری در گفت‌وگو با خبرنگار رادیو و تلویزیون خبرگزاری فارس درباره مراسم تشییع و تدفین این بازیگر پیشکسوت گفت: پیکر زنده یاد محب اهری فردا -پنجشنبه ۲۷ دی‌ماه- ساعت ۹ صبح از مقابل تالار وحدت به سمت خانه ابدی در قطعه هنرمندان بهشت زهرا (س) تشییع خواهد شد. وی افزود: ۲ شب پیش زنده یاد محب اهری دچار ایست قلبی شد ولی با تلاش پزشکان احیا شد اما متاسفانه امشب ساعت ۲ بامداد دوباره ایشان ایست قلبی کردند ولی دیگر امکان احیاء فراهم نشد و ایشان جان به جان آفرین تسلیم کردند. وی ادامه داد: متاسفانه ما هنرمندی را از دست دادیم که سالها با امید و روحیه با بیماری مبارزه کرد وجنگید اما در نهایت تسلیم قضا و قدر الهی شد روحش پس از مدت‌ها تحمل درد و رنج به آرامش رسید. انتهای پیام/,فرهنگی هنری,5,145
رضا ولی‌زاده هنرمند خوشنویس کشور در گفتگو با خبرنگار حوزه تجسمی گروه فرهنگی باشگاه خبرنگاران جوان؛ گفت: نمایشگاه عروة‌الوثقی یک نمایشگاه خط نستعلیق و نسخ است که حاصل تلاش من و برادرم رضا ولی‌زاده است. وی افزود: آثار این نمایشگاه متعلق به سال‌های ۹۰ تا ۹۴ است و تعداد آن‌ها حدود ۲۰ اثر است، با توجه به اینکه من و برادرم کاتب قرآن هستیم مفاهیم عرفانی را برای این نمایشگاه انتخاب کردیم و پس از آرایش و تذهیب آثار، آن‌ها را برای نمایشگاه آماده کردیم. وی خاطرنشان کرد: عبارت عروة الوثقی که در سوره بقره آمده، به معنای ریسمان محکم است که بنده باید به این ریسمان محکم الهی چنگ بزند و به واسطه مضامین مذهبی خط نسخ و این نام را برای آن برگزیدیم. وی یادآور شد: هدف اصلی ما از برپایی این نمایشگاه، آشنایی مردم منطقه ۱۸ با خوشنویسی است و همین که هنرجویان از آثار بازدید کنند و توضیحات کار را بشنوند، می‌تواند بسیار مثبت باشد. گفتنی است؛ این نمایشگاه تا ۲۳ اسفند در فرهنگسرای بهاران میزبان هنردوستان است. انتهای پیام/,فرهنگی هنری,5,174
به گزارش حوزه سینما گروه فرهنگی باشگاه خبرنگاران جوان به نقل از روابط عمومی پنجمین جشنواره فلیم مستقل خورشید؛ این جشنواره طی روزهای ۲۲ الی ۲۵ دیماه سال جاری به مرور آثار آلن کاوالیه خواهد پرداخت. پنجمین جشنواره فیلم کوتاه مستقل خورشید در سه سانس از برنامه‌های نمایش خود، به نمایش، تحلیل و گفت و گو پیرامون فیلم‌های کوتاه و بلند آلن کاوالیه، فیلمساز شاخص سینمای تجربی فرانسه، می‌پردازد. گفتنی است، مرور آثار این فیلمساز بنام سینمای تجربی فرانسه، با حضور دکترای سینمای آوانگارد و تنی چند از دانشجویان دوره دکترای سینما از دانشگاه پاریس (سوربن) و همراه با تحلیل آثار و گفت و گو با مخاطبان با هدف شناخت بیشتر سینمای این فیلمساز و اندیشه‌های سینمایی او انجام می‌شود. آلن کاوالیه در سال ۱۹۳۱ در وندوم فرانسه متولد شد و تحصیلات خود را در دانشگاه سوربن در رشته تاریخ و سپس در مدرسه سینمایی ایدک به انجام رساند. وی اولین فیلم کوتاه خود به نام یک آمریکایی را در سال ۱۹۵۸ ساخته است. فیلم‌های طپش، مارتین و لئا و ترزو ۲۴ تصویر از دیگر آثار مطرح اوست که همگی در قالب مستند تولید شده‌اند. پنجمین جشنواره فیلم کوتاه مستقل خورشید بعنوان رویداد ویژه سینمای مستقل تجربی کشور، به همت پایگاه حمایت از فیلم کوتاه مستقل و دبیری مهدی یارمحمدی، از ۲۲ الی ۲۵ دی ماه سال جاری در پژوهشکده فرهنگ، هنر و معماری تهران برگزار می‌شود. برای آگاهی از آخرین اخبار و پیوستن به کانال تلگرامی باشگاه خبرنگاران جوان اینجا کلیک کنید.,فرهنگی هنری,5,243
به گزارش خبرنگار حوزه سینما گروه فرهنگی باشگاه خبرنگاران جوان به نقل از هالیوود ریپورتر، شرکت چینی بونا فیلم در روز و روزگاری در هالیوود جدیدترین فیلم کویتین تارانتینو به عنوان حامی مالی همکاری خواهد کرد. این فیلم محصول شرکت کلمبیا پیکچرز و فیلم ساز آن دیوید هیمن خواهد بود، تاریخ پیش نمایش این فیلم ۲۶ ژوئیه (۴ مرداد ۹۸) اعلام شده است- فیلم روز و روزگاری در هالیوود توسط تارانتینو کارگردانی و نویسندگی شده است و لئوناردو دی‌کاپریو و برد پیت دو ستاره معروف هالیوودی در آن ایفای نقش می‌کنند- داستان این فیلم در سال ۱۹۶۹ پیرامون قتل‌هایی که چارلز منسون مجرم آمریکایی انجام داده بود، می‌گذرد- شرکت چینی بونا فیلم در ازای این سرمایه گذاری خواستار درصدی از فروش این فیلم در سطح جهانی و اختیار کامل برای اکران این فیلم در چین و تایوان شده است و شرکت سونی خود مسئول اکران فیلم در کشور‌های دیگر خواهد بود- در سال ۲۰۱۷ این شرکت چینی ۱۵۰ میلیون دلار از سرمایه گذاری و همکاری در ساخت فیلم‌های انگلیسی زبان به دست آورده بود- این شرکت امسال نیز در فیلم راه بازگشت سگ به خانه را که در حال حاضر در سینما‌های چین در حال اکران است، سرمایه گذاری کرده است که بعد از یازده روز از اکران این فیلم ۴-۷ میلیون دلار (۳۱-۶ میلیون یوان) فروش داشته است.,فرهنگی هنری,5,219
به گزارش خبرنگار سینمای جهان باشگاه خبرنگاران، به نقل از نوول‌ اوسبرواتور، آکادمی هنر و تکنیک‌های سینما مدال طلای چهلمین مراسم سزار به لوک‌بسون، کارگردان، نویسنده و تهیه کننده مطرح فرانسوی اهداء‌ کرد و از او به خاطر سی دهه کار در صنعت سینمای حرفه‌ای تجلیل شد. او که از ۱۷ سالگی به دنیای سینما روی آورد بارها در مراسم سزار حضور داشت اما تنها یک بار در سال ۱۹۹۸ از او به عنوان بهترین کارگردان تقدیر شده در واقع از سوی آکادمی سزار در حق او کم لطفی شده بود. لوک‌بسون، که فیلم‌های ارزشمند لئون‌ و لوسی‌ را در کارنامه خود دارد، هم نویسنده‌ای موفق و هم کار گردانی خوش فکر و مردمی است. فیلم‌ لوسی‌ او در سال ۲۰۱۴ توانست با فروش ۵‌میلیون یورویی‌ موفقیتی جدید را برای او رقم بزند. آکادمی سزار روی این موضوع تأکید کرد که فیلم‌لوسی در سال گذشته یک تنه به اندازه تمام فیلمهای فرانسوی ۲۰۱۴ درخشیده است بطوریکه این سینماگر را در حافظۀ‌ تاریخی سینمای فرانسه ثبت کرده و این مدال طلا بخاطر فعالیت هنری و کارآفرینی‌ استثنایی‌اش در سینمای فرانسه از ۳۰ سال قبل تا به امروز، سهم لوک‌بسون است. انتهای پیام/اس,فرهنگی هنری,5,191
به گزارش حوزه موسیقی گروه فرهنگی باشگاه خبرنگاران جوان؛ شهره سلطانی بازیگر تئاتر، سینما و تلویزیون که مدتی است با تشکیل گروه ویژه بانوان دات در حوزه موسیقی نیز به فعالیت مشغول است ساعت ۱۵ سه شنبه ۲۳ شهریور ماه در یک کنسرت ویژه به نفع انجمن بیماران سوخته نفس میزبان علاقه مندان موسیقی در تالار وحدت تهران خواهد بود. گروه موسیقی دات که اواخرتیرماه سال گذشته نیز با شعار هر زن یک قهرمان کنسرتی را در تالار وحدت به صحنه برده بود، در این اجرای زنده گلچینی از قطعات نوستالژیک و جدید را برای علاقه مندان اجرا می‌کند. فروغ فضلی، سحر میرهاشمی، طراوات باباخانلو، شیرین واعظی، آرمیتا سلیمی، نیاز لاهرودی و مهتاب فتح الله اعضای گروه دات به سرپرستی شهره سلطانی را تشکیل می‌دهند، ضمن اینکه امیرکارخانه تنظیم کننده قطعات، بهروز پناهنده تهیه کننده، مونا قهرمانی روابط عمومی و موسسه فرهنگی هنری آوای مهر میهن به مدیریت کیارش حسن زاده گروه اجرایی کنسرت را تشکیل می‌دهند. شهره سلطانی از جمله هنرمندانی است که علاوه بر بازیگری در حوزه نوازندگی سنتور و پیانو نیز فعالیت هایی داشته است. این این هنرمند در هنرستان موسیقی ردیف‌های سازی سنتور را نزد استاد مینا افتاده و پیانو را نزد خانم بصیری و استاد سرکیسیان و بعدها در دانشگاه سنتور را نزد استاد مسعود شناسا، پرویز مشکاتیان و پیانو را نزد استاد سریر ادامه داد. فرهاد فخرالدینی، فریدون شهبازیان، زنده یاد مصطفی کمال پورتراب، نادرمرتضی پور، الهامیان و ریاحی پور از جمله هنرمندانی هستند که سلطانی تاکنون در حضور آنها به فراگیری موسیقی پرداخته است. کنسرت گروه موسیقی دات ساعت ۱۵ روز سه شنبه ۲۳ شهریور ماه در تالار وحدت تهران برگزارمی شود. انتهای پیام/,فرهنگی هنری,5,271
به گزارش باشگاه خبرنگاران و به نقل از روابط عمومی رسانه ملی؛ مخاطبان این سریال می‌توانند از این پس با مراجعه به آدرس اینترنتی قسمت‌های پخش شده این سریال طنز را تماشا کنند. خروس کاری از گروه مجموعه‌های تلویزیونی شبکه دو است و هر شب از ساعت ۲۱:۴۵ روی آنتن تلویزیون می‌رود. این سریال که مضمونی طنز دارد، روایتی است از زندگی پدری که دچار مشکل غیرمنتظره‌ای می‌شود. این مشکل خانواده را به تکاپو می‌اندازد. در این میان پسر خانواده با همفکری دوستانش تلاش می‌کند تا چاره‌ای برای رفع این مشکل بیاندیشند. در نقشه بچه‌ها، مغز متفکر یک خروس است. در این سریال بازیگرانی چون حمید لولائی، جواد رضویان، یوسف تیموری، علیرضا درویش، سپند امیر سلیمانی، مهسا کریم زاده، ملیکا شریفی نیا، سیروس میمنت، بهشاد شریفی، دانیال معصومی، حمید لیقوانی، عاطفه باقری، کریم قربانی، عزت ا … مهر آوران، بیتا خردمند، اصغر حیدری، سادیا جلالی پور، ابراهیم شفیعی، داوود مقدادی، اکبر اکبری مبارکه و مرضیه صداریی در آن به ایفای نقش می‌پردازند. /ی۲,فرهنگی هنری,5,163
مهدی فیروزان مدیرعامل موسسه فرهنگی شهر کتاب در گفتگو با خبرنگار بخش ادبیات باشگاه خبرنگاران با اشاره به آنکه همه آثار در حوزه ادبیات بخصوص آثار ادبی مرتبط با دفاع مقدس توان کسب نمره ۲۰ را دارند افزود: هر اثری در نسبتی مشخص حقیقت را منعکس می‌کند. وی گفت: در آثار به نگارش درآمده در قالب ادبیات دفاع مقدس شاید فقط نزدیک به ۲۰ عنوان از آنها قابل عرضه برابر با آثار دفاع و جنگ جهانی باشد اما هر اثری به نسبت قدرت نویسنده خود در بازنمایی حقایق و واقعیتها، شاهکار به حساب می‌آید. مدیرعامل موسسه فرهنگی شهر کتاب در پاسخ به این سوال که با توجه به ناهمخوانی اکثر استانداردهای جهانی ادبیات دفاع و جنگ با فرهنگ ایرانی اسلامی آیا ما باید به این استانداردها نزدیک بشویم اظهار داشت: نزدیکی به مولفه‌های عرفانی و انسانی استانداردهای جهانی تعریف شده برای ادبیات دفاع و جنگ با توجه به نقش این مولفه‌ها در برقراری ارتباط جهانی میان تمامی کشورها لازم است. مدیرعامل موسسه فرهنگی شهر کتاب خاطرنشان کرد: باید تلاش کرد نزدیکی به مولفه‌های اقلیمی و فرهنگی کشورهای دیگر در حوزه ادبیات ما را از هدف اصلی خود که ترویج فرهنگمان است غافل نکند. /ص,فرهنگی هنری,5,194
این دو خواننده خوش صدای کشورمان به زودی قطعه مشترکی را به تهیه کنندگی احسان ارغوانی تولید خواهند که این قطعه تیتراژ برنامه تلویزیونی امروز هنوز تموم نشده خواهد بود. این قطعه اواخر هفته جاری و در همین برنامه رونمایی خواهد شد که ترانه آن را محمد کاظمی سروده و فرشاد حسامی نیز این قطعه شنیدنی را تنظیم کرده است. همچنین ملودی قطعه راحتم کن از تنهایی را شهاب رمضان ساخته است. لازم به ذکر است برنامه امروز هنوز تموم نشده روزهای شنبه تا پنجشنبه ساعت ۱۶:۳۰ از شبکه یک سیما، به تهیه کنندگی احسان ارغوانی و با اجرای پدرام کریمی به روی آنتن می‌رود و روزهای چهارشنبه به صورت ویژه به اتفاقات حوزه موسیقی می‌پردازد. انتهای پیام/ اس,فرهنگی هنری,5,119
به گزارش حوزه رادیو تلویزیون گروه فرهنگی باشگاه خبرنگاران جوان به نقل از روابط عمومی رادیو تهران، طیبه نهانی، تهیه کننده برنامه از روایت متفاوت فرهنگ هنر ایران در شبکه رادیویی تهران خبر داد و گفت: در برنامه جدید هاشور با اهالی فرهنگ و هنر، از روایت متفاوت فرهنگ هنر ایران گفتگو می‌شود. امشب پنجم آبان، از ساعت ۲۲ علی زند وکیلی خواننده و نوازنده اهل شیراز، یکی از جوان‌ترین خواننده‌های سبک سنتی - تلفیقی مهمان شنونده‌های رادیو تهران است. از جمله کارهای شاخص زند وکیلی می‌توان به تیتراژ مجموعه‌های دزد و پلیس، پژمان (آخر قصه) و شاهگوش (زهره) اشاره کرد- به تازگی نیز قطعه باب الحوائج با صدای مشترک علی زند وکیلی و محمد زند وکیلی به مناسبت ایام سوگواری امام حسین (ع)، منتشر و در دسترس مخاطبین قرار گرفت. تهیه کننده هاشور به گپ و گفت فرهنگی و هنری با این خواننده جوان اشاره کرد و افزود: روایت ما مستندی است از دنیای فرهنگ و هنر، که با مهمان برنامه از زوایای مختلف گفت وگو می‌شود و تمرکز بر موسیقی است. وی خاطر نشان کرد: مستند هاشور کاری از گروه تفریحات و سرگرمی شبکه رادیویی تهران است که در قالب مستند فرهنگی و هنری از شنبه تا پنج شنبه از موج اف. ام ردیف ۹۴ مگاهرتز روی آنتن می‌رود. این برنامه به تهیه کنندگی و اجرای اسماعیل باستانی و طیبه نهانی در خارج از استودیو شبکه رادیویی تهران تهیه و تقدیم مخاطبان می‌شود. برای آگاهی از آخرین اخبار و پیوستن به کانال تلگرامی باشگاه خبرنگاران جوان اینجا کلیک کنید.,فرهنگی هنری,5,251
شهرام خرازی‌ها منتقد سینما در خصوص فیلم‌های جنگی در جشنواره‌ی امسال در گفتگو خبرنگار حوزه‌ی سینما باشگاه خبرنگاران گفت: اکنون نزدیک به دو دهه است که سینمای جنگی نداریم و این فیلم‌ها را هم نمی‌توان به صراحت گفت که فیلم‌های دفاع مقدس است. وی ادامه داد: فیلم‌هایی که اکنون مورد استقبال قرار گرفته را نمی‌توان جزء آرای مردم دانست زیرا این فیلم‌ها فقط از طرف تماشاگران حرفه‌ای جشنواره دیده شده اما برقراری ارتباط مخاطب با فیلم در اکران عمومی مشخص ‌می‌شود. خرازی‌ها تصریح کرد: مثل هر دوره‌ی دیگری از جشنواره‌ی فیلم فجر آثار مثبت و قابل دفاعی داریم اما بعضی فیلم‌ها واقعیت جنگ را دگرگون می‌کنند و فقط از جنگ و حماسه استفاده‌ی ابزاری می‌کنند. وی با اشاره به دلایل موفقیت فیلم‌های دفاع مقدس جشنواره‌ی امسال عنوان کرد: یکی از دلایل موفقیت اینگونه فیلم‌ها حمایت‌های مالی است یعنی در درجه‌ی اول بودجه و اعتبار لازم به این فیلم‌ها تخصیص داده شده در نتیجه کارگردان خیالش از کار حرفه‌ای‌اش راحت است. خرازی‌ها گفت: سینمای ایران از نظر فیلم‌نامه‌ دچار ضعف است اما بخشی از موفقیت فیلم‌های دفاع مقدس جشنواره‌ی امسال به فیلمنامه‌ی خوب آن مربوط می‌شود. وی افزود: در سالهای گذشته ما فیلم دفاع مقدس نداشتیم اما امسال، ضد کلیشه و غیر تکراری به این موضوع پرداخته‌اند. خرازی‌ها در خصوص ادعاهای مطرح شده از جانب برخی فیلم‌سازان عنوان کرد: در هیچ جامعه و کشوری هیچ فیلم‌سازی نمی‌تواند بگوید که کسی نمی‌تواند جلوی فیلم سازی‌مان را یگرید اگر این چنین باشد پس تکلیف دستگاههای نظارتی چه‌ می‌شود. وی بیان کرد: متاسفانه در جشنواره‌ی امسال بسیاری از مسائل از جمله برخوردها و آداب تماشاگران فیلم‌ در سینماها خوب نیست اما به نظر می‌آید فیلم‌سازان هم کارهای ناخوشایندی در جشنواره‌ی امسال انجام می‌دهند. انتهای پیام/ اس,فرهنگی هنری,5,282
محمدرضا شفاه تهیه‌کننده فیلم سینمایی بیست و یک روز بعد در خصوص میزان رضایت از فروش این اثر تا به امروز، در گفت‌وگو با خبرنگار حوزه سینما گروه فرهنگی باشگاه خبرنگاران جوان؛ گفت: قبل از هرچیز باید بگویم به دلیل اینکه سال‌ها در حوزه نوجوان کار خوب ساخته نشده، سینمادار و مخاطبان عام پیش فرض خوبی از فیلم‌های این بخش ندارند؛ اما با همه نواقصی که وجود دارد، روند رو به رشد مخاطب و فروش را برای بیست و یک روز بعد شاهد هستیم. وی افزود: فروش بیست و یک روز بعد قابل دفاع و رضایت‌بخش است و حتی قابلیت جریان‌سازی برای قوی‌تر شدن سینمای کودک و نوجوان را دارد. این تهیه‌کننده در پاسخ به این سوال که آیا با کمبود سالن برای اکران بیست و یک روز بعد مواجه نشده، بیان کرد: طبیعتا اگر تعداد سالن برای هر فیلمی بیشتر باشد، صاحبان آن راضی‌تر هستند. به هر حال باید با واقعیت تعداد سالن و اکران سینمای ایران کنار بیاییم. این تهیه‌کننده درباره علت موفقیت فیلمش در گیشه گفت: ما فیلمی ساختیم که درام و جذاببت موضوعی خوبی دارد و به شدت عواطف مخاطب را بر می‌انگیزد. این همان سینمایی است که می‌تواند مخاطب را جذب کند. خوشبختانه با وجود تبلیغات کم، تماشاچیان پس از دیدن فیلم خود کار تبلیغ را دست می‌گیرند و به دیگران دیدن فیلم را پیشنهاد می‌کنند.,فرهنگی هنری,5,221
به گزارش خبرنگار حوزه رادیو تلویزیون گروه فرهنگی باشگاه خبرنگاران جوان؛ هادی قندی تهیه کننده برنامه من و شما درباره شروع اولین قسمت از فصل سوم این برنامه گفت: ما با مساعدت مدیران شبکه برنامه را از اولین قسمت خود به صورت زنده به روی آنتن خواهیم برد و از جمعه دوم شهریور همزمان با اعیاد قربان و غدیر، ساعت ۱۴ به آنتن شبکه شما باز خواهیم گشت. وی همچنین درباره مهمانان برنامه اظهار کرد: در اولین قسمت میزبان آتیلا پسیانی بازیگر محبوب سینما و تلویزیون و سینا درخشنده خواننده جوان کشورمان خواهیم بود و با حضور این عزیزان برنامه را کلید خواهیم زد. وی درباره دکور برنامه هم بیان کرد: تا قبل از ماه محرم سه هفته برنامه را با همان دکور فصل گذشته به روی آنتن خواهیم برد و بعد از آن برنامه دو هفته به دلیل ایام عزاداری پخش نخواهد شد که پس از آن با دکور جدید برنامه را از سر خواهیم گرفت. قندی درباره مجری برنامه نیز تصریح کرد: فصل سوم برنامه را با اجرای آرش ظلی پور همانند فصل‌های گذشته ادامه خواهیم داد. گفتنی است؛ محمد علیزاده، علیرضا طلیسچی و گرشا رضایی تیتراژهای فصل سوم برنامه را خوانده‌اند.,فرهنگی هنری,5,194
به گزارش خبرنگار توپ و تور گروه ورزش باشگاه خبرنگاران جوان، فرهاد قائمی، دریافت کننده جوان و گنبدی تیم ملی والیبال ایران، یکی از بازیکنان موثر تیم ملی ایران در مسابقات المپیک بو، وی پیش از دیدار پایانی ایران در مرحله مقدماتی اظهار داشت: شرایط تا کنون خوب بوده است. در حال برگزاری تمرینات هستیم. امیدوارم روند خوب تمرینات و مسابقات ما ادامه پیدا کند و بتوانیم نتایج خوب و قابل قبولی کسب کنیم. وی درباره حریف بعدی ایران در مسابقات المپیک ریو، گفت: روسیه تیم قدرتمندی است، این تیم مدافع قهرمانی مسابقات المپیک است و قطعا می‌تواند برای هر تیمی خطرساز باشد. ما انگیزه زیادی برای دیدار با روسیه داریم و امیدوارم بتوانیم با پیاده کردن دستورات کادر فنی در زمین به پیروزی دست پیدا کنیم. قائمی درباره تفاوت مسابقات المپیک با دیگر تورنمنت‌های معتبر والیبال، گفت: جو و محیط مسابقات المپیک بسیار متفاوت از مسابقات دیگر است. هدف ما این است که دل مردم را شاد کنیم و برای تحقق این هدف قطعا تا روز آخر می‌جنگیم.,ورزشی,6,169
به گزارش خبرنگار ورزشی باشگاه خبرنگاران؛ محمد یوسف وند بازیکن هفت الماس قزوین که در دیدار مقابل پمینا ۲۲ امتیاز، ۹ ریباند، ۳ پاس گل و ۳ توپربایی را ثبت کرد با تاثیرگذاری ۳۴ عنوان موثرترین بازیکن هفته دهم جام ملی را به خود اختصاص داد. یونس لاله زاده بازیکن نفت آبادان هم با ۲۸ امتیاز، ۴ ریباند، ۳ پاس گل، ۵ توپربایی و ۲ بلاک شات مقابل شهرداری گرگان، دومین بازیکن تاثیرگذار و بهترین امتیازآور هفته بود. برترین‌های سایر شاخص‌های آماریتوپربایی: یونس لاله زاده و مهدی برون با ۵ توپرباییریباند: اصغر کاردوست با ۱۸ ریباندپاس گل: مهدی زکی زاده با ۶ پاسبرترین‌های آماری ۴ بازی هفته دهمثامن ۶۴ - ۸۰ مهرامثامن: صالح فروتن با ۱۵ امتیاز و ۷ ریباند؛ محمد خالقی فر با ۱۲ امتیاز و ۳ ریباندمهرام: سجاد مشایخی با ۱۷ امتیاز، ۳ ریباند و ۳ توپربایی؛ موسی نبی پور با ۱۶ امتیاز و ۴ ریباندصنایع ماهشهر ۴۳ - ۷۱ دانشگاه آزادصنایع: فرید حقایقی با ۱۵ امتیاز؛ امین باغلانی با ۱۳ امتیاز و ۶ ریبانددانشگاه آزاد: حامد حسین زاده با ۱۱ امتیاز، ۳ ریباند، ۴ پاس گل و ۳ توپربایی؛ رسول مظفری با ۱۳ امتیاز، ۳ ریباند و ۳ توپربایی؛ حسن رحمتی با ۱۳ امتیاز و ۱۲ ریباندگرگان ۶۸- ۷۳ نفت آبادانگرگان: محمد زارعی با ۱۹ امتیاز و ۵ ریباند؛ پویا تاجیک با ۱۴ امتیاز، ۹ ریباند و ۳ پاس گلنفت آبادان: یونس لاله زاده با ۲۸ امتیاز، ۴ ریباند، ۳ پاس گل و ۵ توپربایی؛ اصغر کاردوست با ۱۰ امتیاز و ۱۸ ریباندپمینا ۷۶-۸۵ هفت الماسپمینا: ایمان زندی با ۲۰ امتیاز، ۴ ریباند و ۳ پاس گل؛ رامین هنرمند با ۱۴ امتیاز، ۳ ریباند و ۳ توپرباییهفت الماس: محمد یوسف وند با ۲۲ امتیاز، ۹ ریباند، ۳ توپربایی و ۳ پاس گل؛ وحید اسلامی با ۱۴ امتیاز، ۳ ریباند و۳ پاس گلانتهای پیام/,ورزشی,6,296
به گزارش خبرنگار گروه ورزشی باشگاه خبرنگاران جوان، صدیقی راد کمک مربی و تکنیسین تیم ملی دوچرخه سواری کراس کانتری کشورمان درباره از دست رفتن ۲ مدال دوچرخه سواری کوهستان به دلیل نقص فنی گفت: هم تایر دوچرخه زنجانیان و هم زنجیر چرخ پرتو آذر بهترین برند موجود دنیا بود، اما وقتی قرار باشد بخت و اقبال با شما یار نباشد دیگر هیچ چیزی مانع بدشانسی نمی‌شود. او ادامه داد: با تاکید رئیس فدراسیون بهترین تجهیزات و امکانات را برای این ۲ ورزشکار کوهستان فراهم کرده بودیم، اما متاسفانه نشد که آنان بتوانند شایستگی خود را نشان دهند. صدیقی راد با اشاره به از دست رفتن ۲ مدال اظهار داشت: رکورد‌ها و تایم‌های ثبت شده ثابت می‌کند که هر ۲ ورزشکارمان روی سکو بودند اگر این اتفاقات نمی‌افتاد. هنوز در عجبم چه چیزی باعث شد تا این ۲ مدال را از دست بدهیم. تکنیسین تیم ملی کشورمان در پایان گفت: از عملکرد هر دو ورزشکار کشورمان رضایت کامل را داریم چرا که علیرغم نقص فنی دوچرخه هایشان با غیرت تمام به عناوین چهارم و پنجم دست یافتند.,ورزشی,6,177
به گزارش گروه ورزش باشگاه خبرنگاران جوان؛ به نقل از فدراسیون فوتبال، کارلوس کی روش، سرمربی تیم ملی فوتبال ایران برای انجام دیدار تمرینی برابر سیرالئون ۲۲ بازیکن را به تیم ملی دعوت کرد. اسامی این بازیکنان بدین شرح است: دروازه بانها: رشید مظاهری، علیرضا بیرانوند، سید حسین حسینی و حامد لک مدافعان: رامین رضاییان، وریا غفوری، محمدرضا خانزاده، سید جلال حسینی، روزبه چشمی، پژمان منتظری، سعید آقایی و محمد انصاری بازیکنان میانی: امید ابراهیمی، علی کریمی، احمد عبدالله زاده، کمال کامیابی نیا و امید نورافکن مهاجمان: علی قلی زاده، علی علیپور، کاوه رضایی، وحید امیری و مهدی ترابی بازیکنان دعوت شده باید روز پنج شنبه ساعت ۱۴:۳۰ در مرکز پک خود را به کادر فنی تیم ملی معرفی کنند. دیدار تمرینی تیم ملی فوتبال ایران برابر سیرالئون روز شنبه هفته آینده در ورزشگاه آزادی برگزار می‌شود.,ورزشی,6,137
به گزارش خبرنگار ورزشی باشگاه خبرنگاران، عبدالحلیم بن قادر، دبیرکل فدراسیون جهانی با ارسال نامه‌ای به انجمن سپک تاکرا کشورمان، سهراب آزاد را به عنوان مسئول کمیته فنی رقابتهای دور نهایی لیگ جهانی که در شهر کوالالامپور مرکز مالزی برگزار می‌شود را انتخاب و منصوب کرده است. گفتنی است، سهراب آزاد رییس انجمن سپک تاکرای کشورمان در حال حاضر کرسی‌های نایب رییس جهان و آسیا را در اختیار دارد و به تازگی نیز مسئول کمیته فنی مسابقات لیگ جهانی مالزی را نیز عهده دار شده است. شایان ذکر است، مرحله نهایی لیگ جهانی سپک تاکرا از تاریخ ۱۴ تا ۱۸ اسفند ماه سال جاری با حضور ۱۲ تیم برتر جهان از جمله تیم ملی کشورمان برگزار می‌شود.,ورزشی,6,117
به گزارش خبرنگار فوتبال و فوتسال گروه ورزشی باشگاه خبرنگاران جوان، تمرین امروز (دوشنبه) تیم ملی فوتبال امید از ساعت ۱۰ صبح در زمین چمن پژوهشگاه نفت تهران آغاز شد. حمید استیلی دقایقی در کنار زمین با رضا چلنگر و بهراد آزاد صحبت کرد. در ادامه فوتبال درون تیمی ۹ به ۹ در نیمی از زمین برگزار شد. مربیان و بازیکنان تیم ملی امید از کیفیت زمین پژوهشگاه نفت برگزار شد. برخی خبرنگاران برای حضور در نشست خبری کارلوس کی روش و سزار فاریاس راس ساعت ۱۱:۱۵ دقیقه محل تمرین تیم امید را ترک کردند. گروه دوم بازیکنان تیم امید ساعت ۱۱:۲۰ دقیقه وارد پژوهشگاه نفت شدند. انتهای پیام /,ورزشی,6,110
به گزارش خبرگزاری فارس از اصفهان، مهرداد محمدی در خصوص پیروزی مقابل پدیده، اظهار داشت: هواداران راضی بودند و فکر می‌کنم آن‌ها را خوشحال کردیم، گلی هم که زدم حاصل تلاش بچه‌ها بود؛ خدارا شکر توانستیم ببریم و دل هواداران را شاد کنیم. وی افزود: خیلی خوشحال شدم طبقه پایین نقش‌جهان پر شد و امیدوارم زودتر طبقه بالا راه‌اندازی شود. هوادار داریم که طبقه بالا را پر کند؛ امیدوارم در صدر جدول باقی بمانیم. مهاجم سپاهان در خصوص خوشحالی بعد از گلش، ‌ گفت: به سمت هواداران رفتم تا آن‌ها را خوشحال کنم. امیر قلعه‌نویی هم خصوصیات خودش را دارد و از‌ کارت زرد ناراحت می‌شود. انتهای پیام/ر,ورزشی,6,108
به گزارش گروه ورزشی باشگاه خبرنگاران جوان، بازیکنان پرسپولیس با توجه به صعود به فینال لیگ قهرمانان آسیا از صبح امروز تمرینات خود را برای انجام دیدار مقابل کاشیما آنتلرز ژاپن شروع کرده‌اند. طبق برنامه آنها فردا راهی امارات خواهند شد تا بعد از پیگیری تمرینات برای انجام بازی به سمت ژاپن حرکت کنند. مسئولان باشگاه برای حضور بازیکنان این تیم در ژاپن، برای آنها کت و شلوار در نظر گرفته‌اند و آنها در‌خلال تمرین امروز آن را پرو کردند. شاگردان برانکو با حذف السد در مرحله نیمه نهایی به فینال آسیا صعود کرده و اکنون در رویای تحقق بزرگترین افتخار تاریخ باشگاه هستند. گل سیامک نعمتی، بهترین گل هفته لیگ قهرمانان آسیا شد AFC: پرسپولیس به لطف بازی منظم به فینال رفت,ورزشی,6,123
به گزارش خبرنگار دنیای ورزش گروه ورزشی باشگاه خبرنگاران جوان؛ در ادامه بازی‌های آسیایی ۲۰۱۸ اندونزی و در مسابقات شنای ماده ۸۰۰ متر مردان، پراویا آفیا فادیان، شناگر کشورمیزبان، رکورد بازی‌های آسیایی را پس از ۶۷ سال شکست. اخبار و حواشی داغ مربوط به بازی‌های آسیایی جاکارتا ۲۰۱۸ را لحظه به لحظه در اینجا (بازی‌های آسیایی جاکارتا ۲۰۱۸) دنبال کنید- فادیان ۲۰ ساله در مسابقات دور مقدماتی، ۸۰۰ متر را با زمان ۸ دقیقه و ۳ثانیه و ۸۷ صدم ثانیه) (۸: طی کرد و به این ترتیب رکورد جدیدی در تاریخ بازی‌های آسیایی از خود بر جای گذاشت. رکورددار پیشین این ماده نئو چو کوک سنگاپوری بود که در سال ۱۹۵۱ رکورد ۱۱: را بر جای گذاشته بود. اندونزیایی‌ها امیدوارند که امروز در شنا دو طلا کسب کنند، علاوه بر فادیان دیگر امید آنها، سیمن است که در دور مقدماتی ماده ۵۰ متر قورباغه ۲۵:۰۱ ثانیه را ثبت کرد و حتی رکورد بسیار بهتری از ژیائو شناگر چینی و قهرمان جهان از خود بر جای گذاشت.,ورزشی,6,166
محسن عاشوری در گفتگو با خبرنگار فوتبال و فوتسال باشگاه خبرنگاران جوان گفت: این طبیعی بود که با شروع فصل جدید، تیم پرسپولیس که ساختار جدیدی پیدا کرده است با آرایش و شکل جدیدی بازی کند در ابتدای فصل بدن بازیکنان پرسپولیس در شرایط بدنسازی بود اما خوشبختانه در ادامه بازیکنان از شرایط بدنسازی خارج شدند و تیم وارد فاز جدیدی شد. پرسپولیس در دو بازی گذشته نمایش خوبی داشته و در بازی با فولاد هم با وجود شرایط آب‌وهوایی خاص که در اهواز بود بازی خوبی را به نمایش گذاشت و نتیجه‌ای عالی کسب کرد. عاشوری که به فدراسیون فوتبال رفته بود درباره علت حضورش در فدراسیون بیان کرد: من برای طلبی که از تیم پاس داشتم به اینجا آمدم. من ۱۰۰میلیون تومان از این تیم طلب دارم و با وجود توافقی که کردیم این مبلغ به من پرداخت نشد. متاسفانه مشکل عدم تعهد این روز‌ها که بیانگر فوتبال ما ده است و از مدیران باشگاه‌ها شروع می‌شود تا بازیکنان که نسبت به تیم‌هایشان تعهد ندارند. انتهای پیام /,ورزشی,6,170
به گزارش خبرنگار حوزه پایه و آبی گروه ورزشی باشگاه خبرنگاران جوان، کیوان قنبرزاده ورزشکار پرش ارتفاع تیم ملی دوومیدانی کشورمان از دی ماه سال گذشته تمرینات آماده سازی اش را برای حضور در بازی‌های آسیایی جاکارتا زیر نظر یوگنی زاگارولکا روس پیگیری می‌کند، این روز‌ها در مجموعه ورزشی آفتاب انقلاب حضور دارد. کیوان قنبرزاده برای پیگیری تمریناتش زیر نظر یوگنی زاگارولکا، چهار روز دیگر عازم آلمان می‌شود. بیشتر بخوانیم: طبق برنامه اعلام شده از سوی سازمان تیم‌های ملی دوومیدانی چهار مسابقه سطح بالا برای این ورزشکار پیش از حضور در مرحله سوم و نهایی لیگ طلایی دوومیدانی تدارک دیده است. رقابت‌های بین المللی آلمان (۳ ژوئن کاسن گالا)، (۹ ژوئن فرانکفورت)، (۱۴ ژوئن هروویل فرانسه) و (۱۶ ژوئن بوهل میتینگ و تیویینگ آلمان) از جمله مسابقاتی هستند که قرار است کیوان قنبرزاده در آن‌ها حضور یابد. چنانچه قنبرزاده نتواند در مسابقات بین المللی آلمان حضور یابد، در آن صورت شخصی که مسئولیت کار‌های اجرایی او را بر عهده دارد به این ورزشکار قول داده است، رقابت‌های بهتری را برای او مهیا کند تا در آن مسابقات آمادگی اش را محک بزند.,ورزشی,6,182
کومان که تنها ۲۱ سال دارد در ۵ سال گذشته علاوه بر حضور در تیم ملی فرانسه در تیم‌های بایرن مونیخ، یوونتوس و پاری سن ژرمن یعنی برترین تیم‌های آلمان، یوونتوس و فرانسه حضور داشته است و با هر ۳ تیم موفق به کسب عنوان قهرمانی در لیگ‌های برتر فوتبال شده است. وی در سال ۲۰۱۳ به تیم پاری سن ژرمن پیوست و پس از یک سال حضور در تیم ب پاری سن ژرمن راهی تیم اصلی شد. کومان در مجموع ۱۹ بازی برای پاری سن ژرمن انجام داد و موفق به کسب دو لوشامپ-ن- در سال‌های ۲۰۱۳ و ۲۰۱۴ شد. پس از آن کومان راهی ایتالیا شد و به تیم فوتبال یوونتوس پیوست. وی برای یوونتوس ۱۶ بار به میدان رفت اما گلی به ثمر نرساند و یک سری A و جام حذفی را با یوونتوس در سال ۲۰۱۵ به دست آورد. مهاجم جوان تیم ملی فرانسه سپس به صورت قرضی راهی بایرن مونیخ شد و ۴۱ بار برای این تیم به میدان رفت و ۶ گل زد. وی در سال‌های ۲۰۱۶ و ۲۰۱۷ هم با تیم بایرن مونیخ موفق به فتح ۲ بوندس لیگا شد تا یکی از جوان‌ترین بازیکنانی باشد که توانسته با ۳ تیم مطرح اروپایی در ۵ سال، ۶ جام کسب کند. کومان پس از ۲ سال حضور قرضی در بایرن مونیخ سرانجام به صورت رسمی به این تیم پیوست. انتهای پیام /,ورزشی,6,228
به گزارش گروه ورزشی باشگاه خبرنگاران جوان دور رفت بیست و نهمین دوره مسابقات والیبال قهرمانی باشگاه‌های برتر مردان ایران از ۲۹ مهرماه آغاز و یکشنبه ۲۲ آذرماه به پایان می‌رسد. نشست هماهنگی نیم فصل مسابقات لیگ برتر والیبال مردان ساعت ۱۰ صبح روز یکشنبه ۲۹ آذرماه با حضور سرپرستان و سرمربیان باشگاه‌های شرکت کننده در این رقابت‌ها در دفتر رییس فدراسیون والیبال برگزار می‌شود. بدیهی است تنها سرپرستان و سرمربیان اجازه حضور در این جلسه را دارند و امکان حضور جانشین معرفی شده از سوی سرمربیان و سرپرستان وجود ندارد. رییس سازمان لیگ درباره موضوعات قابل طرح در این نشست هماهنگی گفت: بررسی نقاط ضعف و قوت نیم فصل لیگ برتر یکی از موضوعات این نشست است که باید ضعف‌ها برطرف و نقاط قوت تقویت شود. سعید درخشنده تصریح کرد: بداخلاقی‌های دور رفت لیگ برتر یکی دیگر از موضوعات این نشست خواهد بود تا با همدلی و همکاری سرپرستان و سرمربیان به راهکارهایی برسیم که این مشکلات در دور برگشت و مرحله پلی آف به حداقل ممکن برسد. وی در ادامه به بدهی باشگاه‌های لیگ برتری اشاره کرد و گفت: در نشست هماهنگی لیگ برتر به این موضوع نیز پرداخته می‌شود و تصمیماتی برای شروع دور برگشت در این زمینه خواهیم گرفت. رییس سازمان لیگ به درخواست برخی باشگاه‌ها برای تغییر در نحوه برگزاری پلی آف لیگ برتر اشاره کرد و گفت: این موضوع نیز در نشست هماهنگی لیگ برتر مطرح می‌شود و در صورت تصویب اعضا شکل پلی آف تغییر خواهد کرد. وی نظرخواهی از سرمربیان درباره تغییر بند آیین نامه سازمان لیگ درباره استفاده از بازیکنان خارجی را از دیگر موضوعات این نشست دانست و گفت: باید این موضوع در آیین نامه روشن باشد. نظر سازمان لیگ استفاده از دو بازیکن در فهرست ۱۴ نفره هر مسابقه است.,ورزشی,6,291
به گزارش خبرگزاری فارس، تیم ملی ایران چهارشنبه در آخرین و سومین دیدارش در مرحله گروهی جام ملت‌های آسیا ۲۰۱۹ امارات به مصاف تیم ملی عراق می‌رود. در این راستا سمیر کاظم، کاپیتان سابق تیم ملی عراق در مصاحبه با روزنامه المدی عراق گفت: نسل کنونی ایران همان قدرت و درخشش نسل علی دایی و علی کریمی را دارد و دارای قدرت بدنی و تکنیکی بالایی هستند. ایران به همراه کی روش در این چند سال گذشته به انسجام کامل رسیده است و در جام جهانی ۲۰۱۸ روسیه خودش را با تیم‌های بزرگ محک زد. وی افزود: تیم ملی ایران نقص هایی دارد که می‌توان در بازی چهارشنبه از آنها استفاده کرد. در ابتدا قدرت ایران در بازیکنان خطرناکش است از جمله مهدی طارمی و سردار آزمون است. مدافعین ما باید مراقب این دو بازیکن خطرناک باشند. در خط میانی نیز آنها اشکان دژاگه را دارند که تجربه بالایی دارد ولی با توجه به سن بالایش می‌توان از توپ‌های کوتاه زیاد استفاده کرد و خط میانی را دچار مشکل کرد. خط دفاعی ضعیف‌ترین نقطه ایران است که در دیدار با ویتنام دیدیم که مهاجم این تیم به راحتی به دروازه ایران می‌رسیدند. در این بازی ما می‌توانیم بوسیله مهند علی، طارق و رسن از این ضعف استفاده کنیم. انتهای پیام/,ورزشی,6,210
به گزارش خبرنگار فوتبال و فوتسال گروه ورزشی باشگاه خبرنگاران جوان، پس از پایان رقابت‌های جام جهانی ۲۰۱۸ روسیه، کارلوس کی روش پیشنهاد تمدید قرارداد ۶ ماهه فدراسیون فوتبال ایران را نپذیرفت و به پرتغال رفت و تاکنون به درخواست مهدی تاج رئیس فدراسیون فوتبال و دوستانش در خیابان سئول (محل ساختمان فدراسیون فوتبال) پاسخ مثبت نداده و از راه‌های مختلف اعلام کرده که باید ابتدا برای حل شدن مشکلات به او گواهی کتبی بدهند تا سپس قرارداد را تمدید کند. مشکلاتی مانند پرداخت مطالبات، نحوه پرداخت با وجود مشکلات بانکی، اردوها، بازی‌های تدارکاتی و … باید دید در قرارداد جدید فدراسیون فوتبال با کارلوس کی روش تعداد دستیاران ایرانی او افزایش خواهد یافت یا خیر هر چند که این قرارداد هم رسانه‌ای نخواهد شد و کاوش در این مورد خاص به نتیجه‌ای نخواهد رسید.,ورزشی,6,135
به گزارش خبرنگار فوتبال و فوتسال گروه ورزشی باشگاه خبرنگاران جوان مهدی قائدی مهاجم تیم فوتبال استقلال به دلیل خطا در دقیقه ۵۹ بازی تیمش مقابل ایرانجوان بوشهر با دریافت کارت زرد دیدار مرحله نیمه نهایی این رقابت‌ها را از دست داد. مهدی قائدی که پیش از این در دیدار مقابل گل گهر کارت زرد دریافت کرده بود با دریافت یک کارت دیگر در دیدار با ایرانجوان بوشهر بازی مرحله نیمه نهایی استقلال در جام حذفی را از دست داد. به این ترتیب مهاجم تیم فوتبال استقلال به دلیل محرومیت نمی‌تواند در بازی مرحله نیمه نهایی رقابت‌های جام حذفی استقلالی‌ها را همراهی کند. پژمان منتظری مدافع تیم فوتبال استقلال پس از ماه‌ها مصدومیت در نهایت توانست از هر لحاظ به آمادگی لازم برسد و برای استقلالی‌ها بازی کند. این بازیکن طبق صلاح دید شفر توانست در بازی امروز استقلال مقابل ایرانجوان بوشهر به میدان برود. منتظری پس از ماه‌ها انتظار در دقیقه ۸۶ دیدار مقابل ایرانجوان بوشهر در چارچوب رقابت‌های جام حذفی برای آبی پوشان به میدان رفت.,ورزشی,6,168
به گزارش گروه اجتماعی باشگاه خبرنگاران جوان؛ هلال احمر در هفته‌ای که گذشت، شاهد رویدادهایی بود که در ادامه به آن می‌پردازیم. رئیس سازمان امداد و نجات جمعیت هلال احمر از ارائه دفترچه خدمات امدادی میان آسیب دیدگان زلزله غرب کشور به منظور ساماندهی خدمات از امروز (شنبه) خبر داد. رئیس سازمان امداد و نجات هلال احمر ار توزیع ۷۰ هزار بسته غذایی ۷۲ ساعته در بین زلزله زدگان استان کرمانشاه خبر داد. رئیس سازمان امداد و نجات گفت: شماره تلفن ۱۱۲ را اعلام کردیم تا مردم بتوانند حتی بدون سیم کارت، مناطقی که به آنها امدادرسانی نشده، اعلام کنند. جمعیت هلال احمر اعلام کرد که مردم برای تهیه نیازمندی زلزله زدگان با هلال احمر از طریق شماره‌های اعلامی مشورت کنند. رئیس سازمان امداد و نجات جمعیت هلال احمر گفت: از روز اول زلزله تا کنون ٨٢هزار و ٥٤٧ دستگاه چادر امدادی در بین زلزله زدگان توزیع شده است. تاکنون مردم مبلغ ۳۵۱ میلیارد و ۷۲ میلیون و ۶۹۴ هزار و ۳۳۳ ریال را برای کمک رسانی به مردم زلزله زده کرمانشاه به حساب رسمی هلال احمر واریز کردند. رئیس جمعیت هلال احمر از کمک ۵ میلیون تومانی هلال احمر به افرادی که یکی از اعضای خانواده خود را در زلزله کرمانشاه از دست داده‌اند و همچنین به خانواده‌هایی که بعد از زلزله صاحب نوزاد شدند، خبر داد. جمعیت هلال احمر آخرین جزئیات کمک‌های نقدی به مناطق آسیب دیده زلزله کرمانشاه را اعلام کرد. بعد از وقوع زلزله ۷-۳ ریشتری در استان کرمانشاه، فعالیت بشردوستانه سلبریتی هایی که داوطلب هلال احمر نبودند سبب شد تا حضور کم رنگ سازمان داوطلبان این جمعیت کمتر به چشم بیاید. معاون عملیات امداد و نجات جمعیت هلال احمر گفت: امدادگران هلال احمر طی ۲۴ ساعت گذشته موفق به خارج کردن ۲۲ دستگاه خودروی گرفتار در برف و کولاک شدند.,اجتماعی,0,295
رحمت‌الله حافظی رئیس کمیسیون محیط زیست شورای شهر تهران در گفتگو با خبرنگار اجتماعی باشگاه خبرنگاران، ‌ در خصوص کیفیت آب دریاچه چیتگر عنوان کرد: برای بازبینی سطح کیفی آب این دریاچه دو تیم از دانشگاه صنعتی شریف و دانشکده شهید بهشتی به صورت دوره‌ای و منظم در حال نمونه‌برداری و آزمایشات هستند. حافظی بیان داشت: بر اساس آخرین گزارشات، آزمایشی اثبات شد، که کیفیت آب این دریاچه از حالت استاندارد خارج نیست. این عضو شورا اظهار کرد: بر اساس گزارشات مسئولان در مقاطعی به واسطه پروژه‌های عمرانی در جوار دریاچه ذرات ریز آب از حد طبیعی بیشتر بود که استانداردهای لازم در این مسئله احراز مشکل آلودگی بخشی از دریاچه به ذرات ریز حل شده است. حافظی درباره تامین آب دریاچه، تصریح کرد: حدود ۶ کیلومتر، بالا دست شمال دریاچه در مخازنی آب باران و آب‌های جاری جمع‌آوری می‌شود که از طریق لوله‌کشی زیرزمینی به دریاچه انتقال می‌یابد. وی با اشاره به تازه ماندن و اکسیژن رسانی به آب دریاچه، گفت: فواره‌ای از خارج از کشور خریداری شده است و در چند ماه آینده عملیات نصب و بهره برداری آن به اتمام می‌رسد که به تازه ماندن آب کمک می‌کند. حافظی خاطرنشان کرد: این فواره آب را تا ۲۰۰ متر به آسمان می‌فرستد و نسبت به فواره‌های دیگر ارتفاع بیشتری دارد.,اجتماعی,0,212
به گزارش خبرنگار حوادث باشگاه خبرنگاران، چندی پیش زوج جوانی با مراجعه به شعبه ۲۶۸ دادگاه خانواده درخواست طلاق توافقی را ارائه کردند. زن جوان در خصوص علت آن به قاضی عموزادی رییس شعبه ۲۶۸ گفت: ۱۵ سال پیش با عباس ازدواج کردم. او پسر یکی از دوستان پدرم بود که به اجبار خانواده‌ام ناچار شدم به او جواب مثبت بدهم. وقتی با او ازدواج کردم زندگی خیلی سختی داشتم عباس مرد بداخلاقی بود و مرتب با من دعوا می‌کرد. وی ادامه داد: تا اینکه بعد از ۲ سال زندگی مشترک صاحب یک فرزند پسر شدیم. فکر می‌کردم با تولد فرزندمان همه چیز خوب می‌شود اما هیچ چیز عوض نشد. تا اینکه ۱۰ سال پیش متوجه شدم که عباس به صورت پنهانی با یک زن دیگر ازدواج کرده است. وقتی این موضوع را شنیدم خیلی عصبانی شدم و می‌خواستم طلاق بگیرم اما خانواده‌ام وقتی متوجه شدند غوغا به پا کردند. زن جوان افزود: می‌گفتند زن نباید طلاق بگیرد. برای همین باز هم به خاطر خانواده‌ام سکوت کردم و حرفی نزدم. در آن مدت همسرم با گاهی به من و پسرمان سر می‌زد و گاهی هم به خانه همسر جدیدش می‌رفت. ۵ سال تحمل کردم و حرفی نزدم اما دیگرنمی توانم. برای همین تصمیم گرفتم از این مرد جدا شوم و مهریه‌ام را بگیرم. پس از حرف‌های این زن مرد هم با طلاق موافقت کرد. در این جلسه عباس یک چک ۲۰۰ میلیون تومانی به عنوان مهریه به همسرش داد تا با این پول زندگی کند. در پایان جلسه وقتی قاضی عموزادی متوجه که آن‌ها دیگر حاضر نیستند در کنار یکدیگر زندگی کنند حکم طلاق توافقی را صادر کرد. انتهای پیام/,اجتماعی,0,270
حمیدرضا فرخی در گفتگو با خبرنگار اجتماعی باشگاه خبرنگاران با اعلام این خبر گفت: در همین راستا کلاس آشنایی با روش تکثیر گیاهان آپارتمانی در مرکز آموزش و مشاوره گل و گیاه در دو بخش تئوری و عملی برگزار شد. وی افزود: در بخش نخست، شهروندان با انواع روش‌های تکثیر، اعم از جنسی و غیر جنسی (قلمه چوب نرم، قلمه چوب سخت، قلمه برگ، تقسیم بوته، تقسیم ریشه و -) به صورت تئوری آشنا می‌شوند. وی ادامه داد: در بخش دوم، روش تکثیر برخی از گیاهان آپارتمانی نظیر: پپرومیا، پتوس، برگ انجیری، آگلونما، شفلرا به صورت عملی توسط کارشناس مرکز آموزش داده شد و سپس تجهیزات در اختیار شهروندان قرار گرفت و با راهنمایی کارشناس نسبت به تهیه قلمه و تکثیر گیاهان اقدام کردند. وی در پایان با اشاره به کلاس آشنایی با گیاه آلوئه ورا در شعبه شماره ۲ مرکز آموزش گل و گیاه خاطر نشان کرد: شهروندان در این کلاس با تاریخچه این گیاه معجزه‌گر، ویژگی‌های گیاه شناسی، پراکنش جغرافیایی، نحوه کشت و نگهداری، اثرات درمانی متنوع و همچنین چگونگی مصرف و بهره مندی از خواص این گیاه هزار درمان آشنا می‌شوند.,اجتماعی,0,184
محمد حسن ذیبخش معاون اجتماعی منطقه ۱۴ در گفت‌وگو با خبرنگار شهری باشگاه خبرنگاران، اظهار کرد: این جشن در مرکز خدمات اجتماعی منطقه با حضور ۱۱۰ مددکار ارگان‌های خدمات اجتماعی سطح منطقه برگزار شد. وی تصریح کرد: در این مراسم از مددکاران نمونه کمیته امداد، بهزیستی، سازمان‌های مردم نهاد، خیریه‌ها، کلینیک‌های مددکاری و نیروی انتظامی تقدیر به عمل آمد. وی تصریح کرد: در این مراسم از مددکاران نمونه کمیته امداد، بهزیستی، سازمان‌های مردم نهاد، خیریه‌ها، کلینیک‌های مددکاری و نیروی انتظامی تقدیر به عمل آمد. معاون اجتماعی در خصوص اهم برنامه‌های این مراسم گفت: قرائت سوگند نامه مددکاری اجتماعی، سرود روزمددکار، اجرای تئاتر گروه معلولین رعد شرق و تقدیر از مددکاران نمونه از جمله برنامه‌های اجرا شده در این مراسم بوده است. معاون اجتماعی در خصوص اهم برنامه‌های این مراسم گفت: قرائت سوگند نامه مددکاری اجتماعی، سرود روزمددکار، اجرای تئاتر گروه معلولین رعد شرق و تقدیر از مددکاران نمونه از جمله برنامه‌های اجرا شده در این مراسم بوده است. انتهای پیام/ انتهای پیام/,اجتماعی,0,162
به گزارش خبرنگار باشگاه شبانه باشگاه خبرنگاران جوان، معمولا افراد برای مسافرت، جاذبه‌های گردشگری شهر‌ها را شناسایی کرده تا از دیدن آن‌ها لذت ببرند. این جاذبه‌های گردشگری شامل دریاها، پارک‌ها و موزه‌هاست. اما علاوه براین مکان‌ها گردشگران علاقه زیادی به رفتن به مکان‌هایی دارند که با مکان‌های دیگر متفاوت باشند. البته عجیب بودن آن مکان دیدنی افراد بیشتری را برای رفتن به آنجا ترغیب می‌کند. در اینجا مکان‌هایی را مشاهده می‌کنیم که جزء عجیب‌ترین جاذبه‌های گردشگری شناخته شده‌اند-۱- بزرگترین لامپ دنیا: این جاذبه گردشگری در موزه توماس ادیسون قرار دارد تا احترامات لازم را به عنوان مخترع لامپ-ن-ان دهد-۲- فوم هنج، پل طبیعی: این پل کپی شده استون هنج است که در سال ۲۰۰۴ ساخته شده و از آنچه سازنده آن تصور می‌کرد معروف‌تر شده‌است. لازم به ذکر است که این نوع کپی، از جنس یونولیت است-۳- کاخ ذرتی در جنوب داکوتا: گفته می‌شود ذرت برای مردم داکوتا اهمیت زیادی دارد چرا که ساختمانی را با آن ساخته‌اند. البته برای ساخت این ساختمان از علف‌هایی هم برای مقاومت بیشتر استفاده شده‌است. در این ساختمان کنسرت و مراسم فارغ‌التحصیلی هم برگزار می‌شود. ۴- قلعه‌های مرجانی: در نگه اول ممکن است از خود بپرسید مگر این ساختمان چه چیز خاصی دارد، اما وقتی متوجه شوید این ساختمان از هزار تن صخره مرجانی تشکیل شده‌است و مردی با ابزاری که خودش ساختع بود این قلعه را ساخته و ۲۸ سال برای ساختن این مکان وقت صرف شده، انگاه این مکان جالب به نظر می‌رسد-۵- گریسلند تو در می‌سی‌سی‌پی: این مکان متعلق به طرفداران الویس پرسلی است که تمام چیزهایی که متعلق به او بوده را در اینجا جمع‌آوری کرده‌است. انتهای پیام/,اجتماعی,0,268
روانشناس بالینی و مدرس دانشگاه در گفت‌وگو با خبرنگار خانواده باشگاه خبرنگاران، اظهار داشت: از دلایل بهانه‌گیری زوجین از همدیگر، دلخور شدن آنهاست. وقتی زن و مرد از موضوعی دلخور شده گاهی به جای آنکه موضوع را مستقیم مطرح کنند، شروع به بهانه ‌گرفتن از همسر خود می‌کنند. وی افزود: از دیگر دلایل ایجاد این مسئله آن است که وقتی زوجین به درخواست و تقاضای یکدیگر پاسخی نمی‌دهند شروع به بهانه گرفتن از همسر خود می‌کنند. این روانشناس در ادامه به دیگر علل بهانه‌گیری همسران از هم اشاره کرد و گفت: وقتی فرد به همسر خود بدگمان و مشکوک می‌شود برای تأیید افکار خود به وی گیر داده و از همسرش بهانه‌گیری می‌کند. همچنین بی‌توجهی و بی‌محبتی به همسر خود و برآورده نشدن این نیاز می‌تواند عاملی برای بهانه‌جویی زوجین از همدیگر شود. گفتنی است؛ همسران باید توجه داشته باشند که علت بهانه‌گیری همسر خود را پیگیری کنند تا مشکل اصلی برطرف شود و از بحث و مشاجره بپرهیزند زیرا سبب ایجاد دعوا و کم‌رنگ شدن صمیمیت زوجین شده، بدون آنکه مشکل رفع شود. گزارش: ایده مفرح,اجتماعی,0,177
به گزارش گروه اجتماعی باشگاه خبرنگاران، قاسم مولایی شهردار منطقه۲۲ با اعلام این خبر افزود: این اقدام با توجه به دستورالعمل اصلاح الگوی مصرف ارسالی از ستاد محیط زیست و توسعه پایدار در مناطق ۲۲ گانه صورت گرفته و بر این اساس، ۶ دستگاه کنترل هوشمند در موتورخانه ساختمان‌های امام علی (ع)، سالن چند منظوره چیتگر، سرای محله سنبل، اداره بازیافت، معاونت فنی عمران و اداره آسیب‌های اجتماعی منطقه نصب شده است. وی تصریح کرد: هدف از نصب دستگاه کنترل هوشمند موتورخانه بهره گیری از مزایای این سیستمها همچون بهینه سازی و صرفه جویی در مصرف انرژی، کاهش تولید و انتشار آلاینده‌های محیط زیستی و هزینه‌های اجتماعی آن، کاهش استهلاک و هزینه‌های سرویس و نگهداری موتورخانه و افزایش ضریب ایمنی تجهیزات همچنین پایش دائمی سیستم مرکزی گرمایش ساختمان هاست. مولایی افزود: با نصب این ۶ دستگاه علاوه بر دستگاه‌های قبلی تمام ساختمان‌های اصلی این منطقه که دارای موتورخانه هستند از مزایای این دستگاه بهرمند شدند. گفتنی است: واحد محیط زیست و انرژی حوزه امور شهری و محیط زیست این منطقه، این برنامه را با نصب ۶ دستگاه سیستم کنترل هوشمند در موتورخانه‌های در ساختمان‌های اصلی شهرداری منطقه کلید زده است. انتهای پیام/,اجتماعی,0,192
به گزارش گروه اجتماعی باشگاه خبرنگاران جوان؛ سردار سید کمال هادیانفر رئیس پلیس فضای تولید و تبادل اطلاعات ناجا درحاشیه بازدید از پلیس فتا فرماندهی انتظامی استان هرمزگان اظهار کرد: در سال‌های اخیر استفاده از فناوری‌های روز به سرعت افزایش داشته و این موضوع باعث شده مجرمان سایبری با شگرد‌های مختلف از کاربران اینترنتی کلاهبرداری کنند. وی افزود: در استان هرمزگان در سه ماهه اول سال جاری وقوع جرایم ۳۳٫۵۶ درصد نسبت به مدت مشابه سال قبل افزایش داشته که با تلاش کارشناسان پلیس فتا ۹۸٫۹۹ درصد از جرایم در استان کشف شده است. رئیس پلیس فتا ناجا خاطر نشان کرد: برداشت غیرمجاز از حساب با ۳۴٫۱۷ درصد، مزاحمت‌های اینترنتی با ۲۲٫۱۱ درصد و کلاهبرداری رایانه‌ای با ۲۰٫۶ درصد در رتبه‌های اول تا سوم بوده است. این مقام انتظامی با اشاره به اینکه یکی از مهم‌ترین علل وقوع جرایم در فضای مجازی عدم آگاهی کاربران است، بیان داشت: برگزاری کارگاه‌های آموزشی در سطح استان و اطلاع رسانی از طریق رسانه‌های مختلف می‌تواند کمک بسزایی در کاهش جرایم اینترنتی داشته باشد. رئیس پلیس فتا ناجا با اذعان به اینکه افزایش سواد رسانه‌ای باعث کاهش آسیب‌های فضای سایبری می‌شود، خاطر نشان کرد: کارشناسان پلیس فتا باید با فناوری‌های نو ظهور آشنایی کامل داشته باشند تا بتوانند مجرمان سایبری را در دام قانون گرفتار کنند. سردار هادیانفر در پایان با بیان اینکه یکی از مهم‌ترین مراجع برای آموزش فضای مجازی سایت پلیس فتا است، گفت: شهروندان در صورت مواجه با موارد مشکوک در فضای مجازی آن را از طریق سایت پلیس فتا و بخش فوریت‌های سایبری و گزارش مردمی اطلاع‌رسانی کنند.,اجتماعی,0,258
هدایت الله جمالی پور فرماندار ویژه ری در گفتگو با خبرنگار حوزه شهری گروه اجتماعی باشگاه خبرنگاران جوان؛ با اشاره به اینکه تمام تلاش فرمانداری تامین امنیت مردم در راهپیمایی روز قدس است، اظهار کرد: در راستای تامین امنیت مردم در راهپیمایی روز قدس جلسات متعددی را با معاونت سیاسی و نیروی انتظامی برگزار کردیم. وی با بیان اینکه وزارت اطلاعات، سپاه پاسداران و نیروهای انتظامی آمادگی خود را برای تامین امنیت مردمی در روز جهانی قدس اعلام کرده‌اند، گفت: امنیت در شهرستان ری و حرم حضرت عبدالعظیم حسنی به طور کامل برقرار است و جای هیچ گونه نگرانی نیست. وی افزود: مسیر راهپیمایی روز قدس از سه راهی ورامین (امامزاده عبدالله) آغاز وبه سمت حرم حضرت عبدالعظیم حسنی ادامه پیدا می‌کند. فرماندار ویژه ری افزود: سخنرانی و بیانیه روز قدس به پاس حمایت از مردم مظلوم فلسطین، یمن و شهدای حادثه تروریستی در مصلی حرم عبدالعظیم حسنی قرائت خواهد شد. وی ضمن تاکید بر برقراری امنیت همه جانبه با حضور نیروهای امنیتی، از مردم درخواست کرد که با حضور پرشور خود در این حماسه عظیم مشت کوبنده بر دهان استکبار جهانی از جمله اسرائیل غاصب و صهونیست جنایتکار بزنند. جمالی پوربا اشاره به حادثه تلخ تروریستی اخیر در تهران خاطر نشان کرد: مردم با شرکت در راهپیمایی روز قدس ضمن اعلام همبستگی و یکپارچگی ثابت خواهند کرد که همیشه در صحنه حضور دارند و مدافع حقوق مظلومان هستند.,اجتماعی,0,229
مجید کمالی نژاد، شهردار منطقه ۴ کرج در گفتگو با خبرنگار اجتماعی باشگاه خبرنگاران، در رابطه با احداث پیاده راه تندرستی اظهارداشت: یکی از برنامه‌های اخیر شهرداری کرج برای رفع مشکلات باغ سیب مهر شهر، تغییر کار بری آن به فضای سبز بود این مهم در جلسات متعدد مسئولان شهری مطرح وبه تصویب رسید. وی ادامه داد: شهرداری جهت رفاه حال شهروندان و جلب نظر آنان امکانات ویژه‌ای در این پارک در نظرگرفته است که بخشی از آن پروژه‌ها در دست مطالعه و بخشی دیگر در دست احداث است. وی افزود: پیاده راه تندرستی، یکی از پروژه‌هایی است که مراحل اجرایی آن از ابتدای شهریور ماه آغاز شده و مکان ویژه‌ای برای تردد شهروندان است تا شهروندان ضمن استفاده از جلوه‌های بصری باغ، از لطافت هوای این منطقه نیز بهره لازم را ببرند. کمالی نژاد در خاتمه با اشاره به مشخصات فنی پروژه خاطرنشان کرد: پیاده راه تندرستی به طول ۲ کیلومتر و عرض ۱۷ متر در قسمت جنوبی باغ حد فاصل بلوار ارم تا کمر بندی گلستان در آینده‌ای نزدیک به بهره برداری می‌رسد. انتهای پیام/,اجتماعی,0,177
محمد نیکنام شهردار ناحیه یک منطقه ۹ در گفتگو با خبرنگار اجتماعی باشگاه خبرنگاران گفت: به منظور حمایت از مردم فلطسین و جهت سهولت راهپیمایان کلیه امور خدمات شهری اعم از نظافت، پاکسازی المانهای شهری، رفع سد معبر و … خیابان آزادی که مسیر راهپیمایی است در دستور کار قرار گرفت. وی ادامه داد: در راستای نیاز سنجی جهت اجرای اصول مدیریت پسماند از ۱۲۳ ناحیه شهرداری تهران، ۱۲ ناحیه به عنوان طرح پایلوت انتخاب شده‌اند که ناحیه ۱ منطقه ۹ نیز ار نواحی منتخب می‌باشد. شهردار ناحیه یک منطقه ۹ در ادامه در خصوص اجرا شدن این طرح به مدت ۴۵ روز تصریح کرد: این طرح که به صورت آزمایشی در سطح منطقه برگزار می‌شود به مدت ۴۵ روز ادامه دارد که از تاریخ ۱۵ تیر ماه آغاز و تا اواخر مرداد ماه سال جاری ادامه می‌یابد. نیکنام خاطر نشان کرد: نتایج این طرح در ۱۲ ناحیه طرح پایلوت بررسی می‌شود و سپس در کل نواحی تهران تعلیم داده می‌شود و ضعف‌ها و قوت‌های آن بررسی می‌شود. گفتنی است این طرح با همکاری منطقه صورت می‌گیرد. انتهای پیام/,اجتماعی,0,179
وی تصریح کرد: عبور تی بی ام از زیر تونل خط ۲ پس از مقاوم سازی تونل قدیمی و اجرا و کنترل برش‌های احتمالی که با بالاترین استانداردها و مصالح جدید تقویت شده، صورت می‌گیرد. وی افزود: کلیه کارگران، تکنسین‌ها و مهندسین هوشیارانه این کار را انجام می‌دهند و با کمترین ریسک این عبور انجام خواهد شد و از داخل و خارج تونل هر لحظه همه مسایل تحت نظر است. وی خاطر نشان کرد: تمهیدات لازم اندیشیده شده و با تمام ارگان‌های مسئول از جمله شهرداری، راهنمایی رانندگی، سازمان‌های آب و برق و گاز و تلفن و ستادهای بحران، انتظامی و امنیتی هماهنگی شده است. وی گفت: سرعت تونل سازی با دستگاه حفاری تی بی ام حدودا ده رینگ در هر ۲۴ ساعت است که این میزان در خط ۳ بیشتر شده. وی افزود: تا نوروز ۹۲ این تی بی ام از سه راه جمهوری خارج خواهد شد تا در خط دیگری دوباره استفاده شود. /ز,اجتماعی,0,156
ربابه غفار تبریزی روانشناس در گفت‌وگو با خبرنگار خانواده باشگاه خبرنگاران با اشاره به شرایط بروز حسادت در افراد اظهار کرد: حسادت یک هیجان منفی محسوب می‌شود که از حدود دو سالگی آشکار می‌شود و در ابتدا به صورت حس مالکیت مادر بروز می‌کند که با در آغوش گرفتن فرزند، در فرزند دیگر تشدید می‌شود. وی گفت: با افزایش سن و ایجاد حس مالکیت در کودک و همانند سازی رفتارهای والدین به عنوان الگو در بروز رفتارهای حسادت گونه در ‌آن‌ها موثر است. تبریزی با اشاره به ریشه‌های بروز حسادت گفت: افراد در خانواده یاد نگرفته‌اند که به داشته‌های خود افتخار کنند و شکر آن را به جا آورند و همیشه در این فکرند که دیگران در موقعیت بهتری نسبت به ‌آن‌ها قرار دارند و همین موضوع موجب بروز حسادت می‌شود. وی گفت: یک فرد حسود هیچ وقت احساس رضایت نسبت به خود ندارند و تبعیض‌های موجود در جامعه و خانواده نیز در تشدید این امر موثر بوده و همیشه احساس ناکامی با او همراه است. تبریزی تصریح کرد: همین احساس باعث افسردگی و اضطراب در افراد شده و این سوال را ایجاد می‌کند که چه زمانی به هدف ایده آل خود می‌رسند. وی افزود: ‌ایجاد رقابت‌های افراطی بین کودک و گروه هم سالانش بر سر درس، ورزش و کار از طرف والدین از زمینه‌های بروز حسادت است. تبریزی گفت: اگر چنانچه فرد دچار احساس افراطی حسادت شود ممکن است در رسیدن به هدف از هر مسیری استفاده کند و دست به بزهکاری و جرم نیز بزند.,اجتماعی,0,247
به گزارش خبرنگار اجتماعی باشگاه خبرنگاران، ‌ ماه برکت و فضیلت‌های علی وارش رسید و کوله بار سنگین گناه یکسال را بر دوش، کمی سبک‌تر کند در گوشه و کنار کوله بار سفری کوتاه جمع می‌شود و دل هر آدمی را راهی مسیری خدایی می‌کند. صف‌ها نشان روزهایی جبران نشدنی است که محدود به سن خاصی نمی‌شود لیست انتظار پر شده و التماس را برای اندک جا به زبان می‌آورد دروازه‌های عرش گلباران دل‌های آماده است مساجد هم سکونتگاه عشاق شب‌های تا به سحر بیداری در راه است. دستان نیاز به سوی آسمان دراز می‌شود و آمرزش را از معبود طلب می‌کند. زبان‌ها به گناه سکوت اختیار کرده‌اند و دل از روزی خدا جان می‌گیرد اینک خواب شبانگاهی بر سجاده‌های روبه قبله مناجات می‌شود یس و ملک ذکر نمازهای نیمه شب است و تسبیح صفات یگانه بی همتا را به صف می‌کشد. اشک‌ها جرم گناهان بی دریغ را می‌دهند شرم در چشم‌ها دو دو می‌کند زمین و زمان شب و روز حمد و ستایش خدایی را می‌کند که عرش را به لرزه می‌اندازد درست‌های آسمان باز است راه هفت آسمان بر بال‌های ملائک طی می‌شود روح زلالتر از قبل در آیینه زندگی می‌درخشد. صدای استغفار آسمان‌ها را واسطه توبه‌ای می‌کند که سال‌ها شکست و بار گناه سنگین را بر دوش می‌کشد. اینجا در پیشگاه معبودمان سرتسلیم فرود می‌آوریم جان را از رخت سیاه زندگی پر مشغله رها کرده و چلوار سفید را پیشکش حضورش می‌کنیم. نجوای دعای ام داوود قسم به صفات خدا، اندک مجالی را برای جبران گناهانی می‌کند که بی فکر به آتش دوزخش نقش وجودمان شده بود به پاکی بچه‌ای تازه متولد شده بر می‌گردیم و بی امان از گناه، راه رستگاری را در پیش می‌گیریم. /ل به گزارش مرضیه مزرعلیان,اجتماعی,0,284
گفتنی است تشکیل کانونهای دانش‌اموزی هلال احمر در سطح مدارس کل کشور به منظور گسترش فعالیتهای اجتماعی بشردوستانه و امدادی، آموزش و سازماندهی اعضای داوطلب شامل دانش‌اموزان، معلمان و کارمندان آموزش و پرورش، تولید محتوای فرهنگی و آموزشی مبتی بر اصول فدراسیون اهداف جمعیت، اهداف امدادی و بشردوستانه با توجه نیازهای جامعه مخاطب با هماهنگی آموزش و پرورش و غیره بخشی از تعهدات جمعیت هلال احمر است. شایان ذکر است تمحید مقدمات مورد نیاز برای ایجاد انگیزه و تشویق علاقمندان جوان داوطلب به منظور همکاری در راستای تفاهمنامه، پیش‌بینی‌ساز با کارهای لازم در سطح استانها به منظور برقراری ارتباط مستقیم با جمعیت هلال احمر، استفاده از محتوای آموزشی تولید شده توسط جمعیت هلال احمر به عنوان منابع آموزشی در صورت لزوم از جمله تعهدات وزارت آموزش و پرورش است همچنین مشارکت در تدوین محتوای فرهنگی و آموزشی و تربیتی، فراهم ساختن زمینه همکاریهای مشترک بین سازمانها و معاونت هر دو دستگاه ایجاد زمینه مناسب حضور و مشارکت انجمن اولیا و مربیان در فعالیت برنامه‌های مشترک بخشی از تعهدات مشترک وزارت آموزش و پرورش و جمعیت هلال احمر است. گفتنی است این تفاهم نامه از طریق امضا به مدت چهار سال دارای اعتبار است و این تفاهم نامه در یک مقدمه، سه بند و در دو نسخه که هر یک حکم واحد دارند در تاریخ /۲۱ به امضا طرفین رسید. انتهای پیام/,اجتماعی,0,221
به گزارش خبرنگار اقتصادی باشگاه خبرنگاران، امروز بازار تهران با نظر به اونس ۱۲۶۵ دلاری و افت دلار تا سطح ۳۱۷۹ تومان، ارزش فلزات طلایی را کاهش و هر مثقال طلای ۱۷ عیار را با قیمت ۴۱۵ هزار و ۵۰۰ تومان به فروش رساند که نسبت به روز گذشته ۵۵۰۰ تومان کاهش داشت. در همین راستا ارزش هر گرم طلای ۱۸ عیار بدون احتساب اجرت ساخت با افت ۱۳۱۶ تومانی بر بهای ۹۵ هزار و ۸۷۲ تومان قرار گرفت. قیمت جهانی طلا که روز گذشته در پی تشدید نگرانی‌ها نسبت به بحران عراق به بیش از ۱۲۸۴ دلار رسید، بار دیگر در آستانه نشست دو روزه فدرال رزرو و در آخرین لحظات مبادلات روز دوشنبه با افت ۰-۴ درصدی روبرو شد. تداوم روند نزولی قیمت طلا در روز سه شنبه هر اونس طلا را به ۱۲۶۵ دلار و ۳۰ سنت رساند. نتایج نشست دو روزه فدرال رزرو در حالی روز چهارشنبه اعلام خواهد شد که کارشناسان اقتصادی بر این باورند مقامهای بانک مرکزی آمریکا در این نشست نشانه هایی از افزایش تدریجی نرخ بهره را اعلام خواهد کرد. گفتنی است، قیمت فلزات طلایی به شرح جدول ذیل است: هر مثقال طلای ۱۷ عیار ۴۱۵ هزار و ۵۰۰ تومان هر گرم طلای ۱۸ عیار ۹۵ هزار و ۸۷۲ تومان هر گرم طلای ۲۴ عیار ۱۲۷ هزار و ۸۲۸ تومان ۱۲۶۵ دلار و ۳۰ سنت,اقتصادی,1,223
اخیرا مشاهده شده که پیشنهادهایی برای اجاره کارت یا حساب بانکی در مسیرهای ارتباطی گوناگون از جمله کانال‌ها و گروه‌های فضای مجازی مطرح می‌شود که طی آن در ازای استفاده از کارت یا حساب بانکی شخص، مبالغی به صورت ثابت به وی پرداخت می‌شود. به گزارش ایسنا، با توجه به این که افتتاح حساب و دریافت کارت برای همه به سهولت میسر است، اجاره کارت یا حساب صرفا برای پوشش فعالیت‌های مجرمانه، پولشویی و فرار مالیاتی کاربرد دارد و پیشنهاد دهندگان، کسانی هستند که برای گریز از عواقب فعالیت‌های خلاف قانون، مسئولیت آن را در قبال پرداخت مبالغی اندک، یکسره متوجه اجاره دهندگان می‌کنند. طبق اعلام بانک مرکزی، مطابق با قوانین و مقررات جاری، مسئولیت تمام تراکنش‌ها و مبادلاتی که از طریق حساب و کارت بانکی انجام می‌شود، بر عهده دارنده آن است و هیچ ادعایی مبنی بر اجاره دادن حساب برای مراجع قانونی، مالیاتی، انتظامی و قضایی مسموع نیست. بر این اساس بانک مرکزی توصیه موکد کرده که به هیچ عنوان و تحت هیچ شرایطی، پیشنهاد اجاره حساب یا کارت بانکی را با هیچ مبلغی نپذیرند تا از عواقب جدی ناشی از فعالیت‌های خلاف قانونی که از طریق حساب‌ها یا کارت‌های بانکی اجاره‌ای انجام می‌شود در امان باشند.,اقتصادی,1,199
به گزارش گروه اقتصادی باشگاه خبرنگاران به نقل از شاتا؛ شرکت‌های بزرگ معدنی سنگ آهن کشور شامل چادرملو، گل گهر، مرکزی، سنگان و توسعه معادن و صنایع معدنی خاورمیانه ۲۵ میلیون و ۷۰۹ هزار و ۴۱۶ تن کنسانتره تولید کردند. تولید این شرکت‌ها در سال پیش از ان ۲۴میلیون و ۱۲۲ هزار و ۳۸۹ تن بود که نشان دهنده رشد ۷ درصدی تولید این محصول در سال گذشته است. در میان ۵ شرکت بزرگ تولید کننده کنسانتره سنگ آهن کشور، چادرملو ۱۰ میلیون و ۳۲۱ هزار و ۲۳۰ تن، گل گهر ۸ میلیون و ۵۶۹ هزار و ۹۹۸ تن، مرکزی ۲ میلیون و ۷۸۲ و ۴۳۱ هزار تن، توسعه معادن و صنایع معدنی خاورمیانه ۲ میلیون و ۵۳۵ هزار و ۴۹۲ تن و شرکت سنگان یک میلیون و ۵۰۰ هزار و ۲۶۵ تن کنسانتره سنگ آهن تولید کرد ه است-۸ شرکت معدنی شامل جلال آباد، چادرملو، سیرجان، گل گهر، مرکزی، میشدوان، سنگان و فلات مرکزی در یک ساله گذشته، ۱۰ میلیون و ۹۰۸ هزار و ۲۰۸ تن سنگ آهن دانه بندی تولید کردند. انتهای پیام/,اقتصادی,1,175
به گزارش خبرنگار اقتصادی باشگاه خبرنگاران جوان، بر اساس آمار گمرک در نیمه نخست سال‌ جاری ۴۰-۷ هزار تن عدس به ارزش ۴۶-۳ میلیون دلار به کشور وارد شد. این میزان واردات در مقایسه با مدت مشابه سال گذشته از نظر وزنی درصد و از نظر ارزشی درصد افزایش را نشان می‌دهد. بر اساس این گزارش متوسط هر کیلو عدس وارداتی ۱-۱ دلار است. این گزارش می‌افزاید در شهریور ماه سال‌جاری ۶-۲ هزار تن عدس به ارزش ۷-۱ میلیون دلار به کشور وارد شد. این میزان واردات در مقایسه با مدت مشابه سال گذشته از نظر وزنی درصد و از نظر ارزشی درصد افزایش را نشان می‌دهد. رای آگاهی از آخرین اخبار و پیوستن به کانال تلگرامی باشگاه خبرنگاران جوان اینجا کلیک کنید. انتهای پیام/ رای آگاهی از آخرین اخبار و پیوستن به کانال تلگرامی باشگاه خبرنگاران جوان اینجا کلیک کنید. رای آگاهی از آخرین اخبار و پیوستن به کانال تلگرامی باشگاه خبرنگاران جوان اینجا کلیک کنید.,اقتصادی,1,157
به گزارش گروه اقتصادی باشگاه خبرنگاران؛ به نقل از روابط عمومی وزارت نفت، مدیرعامل شرکت خطوط لوله و مخابرات نفت گفت: این مبلغ دو سوم از کل بودجه تخصیص یافته مربوط به این بخش در سال جاری است و پیش بینی می‌شود تا پایان امسال نیز بقیه آن جذب شود. عباسعلی جعفری نسب با بیان اینکه قانون بودجه سال آینده نیز به همین میزان (١٥هزار میلیارد ریال) است، تصریح کرد: انتظار می‌رود در سال آینده بتوان با اجرای پروژه‌های نوسازی، تمام این مبلغ هزنیه و جذب شود- وی این بودجه تنها برای نوسازی خطوط لوله نیست و برخی پروژه‌های نوسازی مخازن و تاسیسات پخش و پالایشگاهها را نیز شامل می‌شود- به گزارش شانا، بر اساس این گزارش، در بند ک تبصره ٢ بودجه ١٣٩٤ آمده است: شرکت ملی پالایش و پخش فرآورده‌های نفتی ایران مکلف است نسبت به نوسازی و توسعه شبکه خطوط لوله انتقال نفت خام و میعانات گازی و فرآورده‌های نفتی و تأمین منابع مالی سهم دولت در توسعه پالایشگاهها و زیر ساختهای تأمین، ذخیره سازی و توزیع فرآورده‌ اقدام کند و منابع مورد نیاز را از محل افزایش پنج درصد (۵ درصد) به قیمت هر لیتر فرآورده‌های نفتی تأمین و پس از واریز به خزانه تا سقف ١٥ هزار میلیارد ریال به مصرف برساند. این منابع جزو درآمد شرکت محسوب نمی‌شود و معاف از مالیات است. انتهای پیام/,اقتصادی,1,221
به گزارش خبرنگار اقتصادی باشگاه خبرنگاران، عیسی زارع رییس اداره شیلات ساری با اشاره به کسب رتبه برتر شیلات مازندران در تولید آبزیان در کشور افزود: شیلات ساری با تولید سالانه ۱۳هزارو۷۴۰ تن انواع آبزیان پرورشی رتبه برتر تولید بین شهرستان‌های استان را به خود اختصاص داده است. وی ادامه داد: استحصال خاویارازماهیان خاویاری پرورشی در شرکتی خصوصی، افتتاح مرکز تکثیر ماهیان غضروفی در شرکتی دیگر، برگزاری جشنواره طبخ در بازار ماهی فروشان ساری، برگزاری کلاس‌های آموزشی طبخ آبزیان و اجرای طرح پایلوت پرورش ماهی قزل آلای خال قرمز از پروژ‌های مهم شیلات ساری در سال گذشته است. زارع با بیان اینکه اجرای پروزه مزرعه الگویی پرورش ماهیان گرمابی از پروژه‌های فعال شیلات ساری است اظهارداشت: صادرات ماهی و خاویار پرورشی و ارزآوری بیش از ۴۰ درصد از کل صادرات آبزیان استان، ایجاد بیش از ۴۴۰ نفر فرصت شغلی و بازدید‌های متعدد سفیرها، وزرای کشورهای مختلف، مسئولین کشوری و استانی از دیگر پروژه‌های مهم شیلات ساری است. رییس اداره شیلات ساری خاطر نشان کرد: شیلات ساری در سال گذشته عنوان برتر در سطح ادارات، معاونت‌ها و یگان حفاظت از آبزیان استان را به خود اختصاص داده است. انتهای پیام/,اقتصادی,1,189
به گزارش گروه بازار باشگاه خبرنگاران، شرکت فناوری ارتباطات آذرباد (اپیلو) در تهران جهت توسعه منابع انسانی خود به دنبال جذب تعدادی از برنامه‌نویسان حوزه وب، طراحان و توسعه‌دهندگان رابط کاربری و متخصصین دیتابیس می‌باشد-فرصت‌های شغلی مورد نیاز به شرح ذیل است: مشخصات فرصت شغلی برنامه‌نویسی: – تسلط بر PHP و زبان SQL– مسلط به MVC، طراحی شی‌گرا (OOD) – مسلط به Git– آشنا به فریم‌ورک لاراول (Laravel) – آشنا به اسکرام– توانایی تحلیل پروژه– علاقمند به یادگیری مشخصات فرصت شغلی طراح و توسعه دهنده رابط کاربری: – تسلط بر CSS۳ و HTML۵– آشنا به Responsive Design– تسلط بر JavaScript– آشنا به AngularJS– توانایی طراحی گرافیکی وب– خلاق– علاقمند به یادگیری مشخصات موقعیت شغلی متخصص دیتابیس: – تسلط به MySql– تسلط به Query Design and Optimization– تسلط به طراحی و نرمال‌سازی دیتابیس– توانایی تحلیل داده– آشنا به برنامه‌نویسی شی‌گرا– داشتن تجربه کاری مرتبط مشخصات موقعیت شغلی کارشناس حسابداری: – مسلط به نرم افزار سپیدار و یا همکاران سیستم– دارای حداقل ۳ سال سابقه کار مشخصات موقعیت شغلی کارشناس فروش: – روابط عمومی و پشتکار بالا– آشنایی با کامپیوتر تسهیلات عمومی: – ارجعیت توانایی و تجربه فردی بر دانش در صورت داشتن تجربه قابل ملاحظه هنگام استخدام– بیمه تأمین اجتماعی– پاداش ماهیانه و دوره ای– در صورت نیاز گذراندن دوره‌های آموزشی تکمیلی با هزینه شرکت– شرکت در سمینارها و کنگره‌های داخلی و بین المللی مرتبط با هزینه شرکت– سرمایه گذاری روی ایده‌های منحصر به فرد ایشان و امکان پیشرفت مالی و کاری– محیط دوستانه و خارج از هیاهوی اداری ساعات اداری: شنبه الی چهارشنبه ۹ الی ۱۸لطفا در صورت داشتن شرایط فوق الذکر، رزومه و درخواست خود را به آدرس ایمیل زیر ارسال نمایید.,اقتصادی,1,273
به گزارش خبرنگار گروه اقتصادی باشگاه خبرنگاران جوان حذف رانت عظیم فروش محصولات پتروشیمی در بازار به اصطلاح آزاد، فروش این محصولات از پایان سال ۹۰ در بورس کالا الزامی شد که مهر ماه سال ۹۴ با تلاش وزیر صنعت وقت فروش این محصولات به بازار آزاد بطور نسبی منتقل شده است. حامد سلطانی نژاد مدیرعامل بورس کالا در گفتگو با خبرنگار بورس، بانک و بیمه گروه اقتصادی باشگاه خبرنگاران جوان، با اشاره به ایرادهای وارد شده به بورس کالا در حوزه پتروشیمی افزود: ایرادهای گرفته شده به بورس کالا در حوزه پتروشیمی، طی ماه‌های اخیر و پس از برگزاری جلسات مختلف با فعالان این صنعت، و همچنین با حضور نهادهای قانون گذار بررسی و راه حل هایی نیز ارائه و هم اکنون در بورس کالا اجرایی شده است. وی ادامه داد: در نظر داریم برای صنعت پتروشیمی ابزارهایی طراحی کنیم که خریداران بتوانند از طریق آن، فقط با پرداخت بخشی از وجه معاملات، محصول مورد نیاز خود را تهیه کنند. انتهای پیام/,اقتصادی,1,163
به گزارش گروه اقتصادی باشگاه خبرنگاران جوان، حمید بورد مدیرعامل شرکت نفت فلات قاره ایران از انجام موفقیت آمیز عملیات نصب پایه سکوی مسکونی FY-B میدان فروزان در هفته ابتدایی سال جاری خبر داد. وی گفت: هدف از نصب سکوی مسکونیFY-B، بهبود شرایط معیشتی همکاران سکوی فروزان است؛ در همین راستا، حمل پایه سکوی یاد شده پیش از تعطیلات نوروز از مبدا جزیره قشم آغاز و به منطقه فروزان منتقل شد. مدیرعامل شرکت نفت فلات قاره ایران اضافه کرد: با فراهم شدن شرایط مساعد جوی در هفته اول سال جاری، پایه سکو با موفقیت و در فاصله نزدیک تاسیسات موجود فروزان نصب شد؛ به نحوی که در آینده‌ای نزدیک، ‌ عرشه سکوی FY-B با پل دسترسی به طول تقریبی ۳۰ متر به سکوی FY متصل خواهد شد. به گفته مدیرعامل شرکت نفت فلات قاره ایران، در حال حاضر پیمانکار در حال انجام عملیات شمع‌کوبی پایه‌های سکو است و پس از این عملیات، فعالیت‌های مرتبط با حمل‌ و نصب سازه واسط و پل دسترسی در دستور کار خواهد بود. گفتنی است، کلیه مراحل طراحی، ساخت و نصب سکوی یاد شده توسط پیمانکاران ایرانی و تلاش کارشناسان مدیریت مهندسی و ساختمان، بازرسی فنی، حفاظت فنی و با هماهنگی کامل مسئولان منطقه خارگ و سکوی فروزان انجام شده است.,اقتصادی,1,206
علی امامی در گفتگو با خبرنگار اقتصادی باشگاه خبرنگاران جوان، با بیان اینکه سرمازدگی در روزهای گذشته موجب شده تا بخش نسبتا زیادی از محصول گوجه‌فرنگی کشور از بین برود گفت: در حال حاضر قیمت گوجه‌فرنگی با افزایش ۲۰ درصدی به نرخ هر کیلو ۲ هزار و ۸۰۰ تومان در میدان مرکزی میوه و تره‌بار رسیده است. وی افزود: با توجه به تعطیلات سه روزه مذهبی در کشور پیش‌بینی می‌شود که نرخ انواع میوه و صیفی‌جات در روزهای تعطیل هیچ تغییری نداشته باشد. امامی نرخ انواع میوه و صیفی‌جات را در میدان مرکزی میوه و تره‌بار تا پایان تعطیلات مذهبی به این شرح اعلام کرد: کالا (هر کیلو) قیمت (تومان) پرتقال تامسون شمال سیب درختی درجه ۲ سیب درختی درجه ۳,اقتصادی,1,121
حسن شکوهی رئیس اتحادیه گوشت گوسفندی شهرستان ری در گفت و گو با خبرنگار صنعت، تجارت و کشاورزی گروه اقتصادی باشگاه خبرنگاران جوان، از افزایش قیمت گوشت گوسفندی طی هفته‌های اخیر در بازار خبر داد و گفت: هم اکنون هر کیلو شقه گوسفندی بدون دنبه با نرخ ۵۰ تا ۵۱ هزار تومان به مغازه داران و ۵۴ تا ۵۵ هزار تومان به مشتری عرضه می‌شود. وی افزود: نوسان قیمت دلار، سودجویی دلالان و رشد قاچاق دام زنده از جمله عواملی است که در آشفتگی و نوسان بازار گوشت طی روزهای اخیر تاثیر بسزایی داشته است. شکوهی با اشاره به اینکه نرخ گوشت همانند دلار غیر قابل پیش بینی است، بیان کرد: با توجه به آنکه شرایط، روز به روز بدتر می‌شود، با ادامه این روند تصور ما این است که افزایش قیمت در بازار ادامه یابد به همین علت خواستار برخورد با قاچاق دام زنده هستیم. رئیس اتحادیه گوشت گوسفندی شهرستان ری نرخ هر کیلو دام زنده سبک را ۲۴ هزار تومان اعلام کرد و افزود: با توجه به نزدیکی عید قربان نگرانی هایی مبنی بر افزایش قیمت در بازار وجود دارد به همین علت باید از قاچاق دام و سودجویی دلالان جلوگیری شود چرا که ادامه نوسانات بازار موجب شده تا مصرف کنندگان توان خرید یک کیلو گوشت را نداشته باشند. وی در پایان تصریح کرد: از مسئولان ذی ربط تقاضا داریم میزان واردات گوشت از ارمنستان و استرالیا را افزایش دهند و یا اقدام به واردات دام زنده کنند تا نوسان خاصی در عید قربان رخ ندهد چرا که نمی‌توان جلوی واسطه‌ها و سودجویی دلالان در بازار را گرفت.,اقتصادی,1,261
محمدعلی مددی عضو کمیسیون اقتصادی مجلس شورای اسلامی در گفتگو با خبرنگار اقتصادی باشگاه خبرنگاران جوان، در خصوص امضا فروشی و تاثیر آن در مسکن گفت: مشکل اساسی بخش مسکن نظارت بر آن است تا زمان که نظارت به صورت دقیق صورت نگیرد دولت نمیتواند در زمینه مسکن به اهداف خود برسد لذا نظام مهندسی باید طوری برنامه ریزی کند که این مشکلات مرتفع گردد. مددی تصریح کرد: مجازات‌های در نظر گرفته شده برای امضا فروشانی موضوع بسیار مهمی است که باید به آن توجه شود و در صورت بروز این معضل باید نظام مهندسی در تمام ایران طوری برنامه‌ریزی کند تا متخلفین به سزای اعمال خود برسند. عضو کمیسیون اقتصادی مجلس همچنین تاکید کرد: انتخاب مهندسان ناظر، بازرسی‌های دقیق‌تر و نظارت کامل بر عملکرد این مهندسان باید مورد توجه قرار گیرد و همزمان با انتخاب مهندسان ناظر باید توجه به اخلاق حرفه‌ای نیز مد نظر قرار بگیرد. انتهای پیام/,اقتصادی,1,150
پیش بینی وضعیت آب و هوا کمی ابری تا نیمه ابری در بعضی ساعات غبارآلود گاهی وزش باد صاف تا نیمه ابری همراه با وزش باد صاف تا کمی ابری گاهی وزش باد صاف تا نیمه ابری گاهی غبارآلود صاف در بعضی ساعات غبارآلود گاهی وزش باد صاف تا کمی ابری در بعضی ساعات غبارآلود گاهی وزش باد کمی ابری تا نیمه ابری گاهی وزش باد واحتمال بارش پراکنده نیمه ابری همراه با وزش باد و غبارمحلی صاف تا کمی ابری در بعضی ساعات غبارآلود صاف تا کمی ابری همراه با وزش باد صاف تا کمی ابری و وزش باد کمی ابری تا نیمه ابری و وزش باد واحتمال بارش پراکنده کمی ابری بتدریج افزایش ابر در بعضی ساعات وزش باد کمی ابری گاهی وزش باد در بعضی ساعات افزایش ابر صاف تا نیمه ابری در بعضی ساعات وزش باد صاف تا کمی ابری دربعدازظهر وزش باد کمی ابری گاهی وزش باد در بعضی ساعات افزایش ابر صاف تا نیمه ابری گاهی وزش باد صاف تا نیمه ابری گاهی وزش باد نیمه ابری در بعضی ساعات وزش باد واحتمال بارش پراکنده کمی ابری در بعضی ساعات غبارآلود گاهی وزش باد صاف تا کمی ابری گاهی وزش باد کمی ابری تا نیمه ابری در بعضی ساعات غبارآلود گاهی وزش باد کمی ابری تا نیمه ابری و وزش باد واحتمال بارش پراکنده کمی ابری گاهی غبارآلود در بعضی ساعات وزش باد صاف در بعضی ساعات وزش باد کمی ابری گاهی وزش باد در بعضی ساعات افزایش ابر کمی ابری تا نیمه ابری گاهی وزش باد واحتمال بارش پراکنده کمی ابری تا نیمه ابری گاهی وزش باد کمی ابری گاهی وزش باد کمی ابری گاهی وزش باد در بعضی ساعات نیمه ابری,اقتصادی,1,279
محمد حسین فاتحی کارشناس اقتصادی در گفتگو با خبرنگار اقتصادی باشگاه خبرنگاران جوان گفت: مردم نسبت به بازار سرمایه دچار عدم اعتماد شده‌اند و علت این امر با رکود طولانی مدت در کشور بی ارتباط نیست. وی در ادامه گفت: واقعیت این است که رفتار اقتصادی مردم متأثر از بهینه یابی برای حداکثر شدن سود و منفعت است. این کارشناس بازار سرمایه بابیان اینکه هر برگه سهام دارای دو سود است یک سود مربوط به عملکرد شرکت و دیگر ماءالتفاوت قیمت هنگام خرید و زمان فروش که سود سهامدار را منجر می‌شود، افزود: وقتی سطح فروش برای یک سهم ایجاد می‌شود این امر بیشتر متأثر از پیش بینی مردم در مورد عملکرد آن سهام است. وی ادامه داد: زمانی که مردم دچار تنگناهای مالی می‌شوند اقدام به فروش سهام می‌کنند زیرا منفی شدن نرخ رشد اقتصادی در سال‌های اخیر منجر به کاهش سطح درآمد خانوارها شده که یکی از نتایج ای کاهش سطح درآمد را می‌توان در بازار سرمایه و فروش سهام توسط مردم مشاهده کرد. برای آگاهی از آخرین اخبار و پیوستن به کانال تلگرامی باشگاه خبرنگاران جوان اینجا کلیک کنید. انتهای پیام/,اقتصادی,1,184
به گزارش گروه اقتصادی باشگاه خبرنگاران جوان، به نقل از روابط عمومی و اطلاع رسانی موسسه اعتباری کاسپ-ن-مشتریانی که تا تاریخ / ۹۷ نسبت به تسویه بدهی تسهیلاتی خود اعم از اقساط معوقه و یا به روز رسانی اقساط اقدام نمایند، از مزایای طرح ویژه بخشودگی جرایم تاخیر برخوردار خواهند شد. بر این اساس، مشتریان محترم می‌توانند جهت کسب اطلاعات بیشتر از نحوه اجرای طرح ویژه بخشودگی، واریز اقساط معوق و تسویه بدهی‌های خود حداکثر تا پایان دی ماه سال جاری به یکی از شعب موسسه اعتباری کاسپ-ن-در سراسر کشور مراجعه نمایند. خاطرنشان می‌شود؛ آن دسته از مشتریانی که امکان مراجعه به شعب را ندارند، جهت کسب اطلاعات بیشتر می‌توانند با شماره تلفن ۴۲۷۵۹ -۰۲۱ (داخلی‌های ۳۰۴ و ۳۰۵) اداره پیگیری و وصول مطالبات و (داخلی‌های ۴۰۵ تا ۴۰۸) اداره رسیدگی به شکایات و تقاضاها تماس بگیرند.,اقتصادی,1,137
قیمت (تومان) مرغ کامل تازه بسته بندی بشقابی پاک شده مرغ کامل تازه بسته بندی بشقابی مرغ کامل تازه بسته بندی کیسه‌ای ران مرغ با پوست بدون دنبالچه، چربی و سرساق ران مرغ بدون پوست، دنبالچه، چربی و سرساق مغز ران با پوست مغز ران بدون پوست ساق مرغ با پوست و بدون سرساق ساق مرغ بدون پوست و سرساق سینه مرغ با پوست، بدون شش، گردن و بال سینه مرغ بدون پوست، شش، گردن و بال ران و سینه با پوست بدون دنبالچه، شش، گردن و بال ران و سینه بدون پوست، دنبالچه، شش، گردن و بال بال کبابی ساده - بدون نوک بال بال کبابی زعفرانی - بدون نوک بال بازوی کبابی بازوی کبابی زعفرانی مخلوط بال و بازو کبابی ساده مخلوط بال و بازو کبابی زعفرانی مرغ خرد شده ۴ تا ۸ تکه بدون دنبالچه، شش، گردن و بال فیله مرغ زعفرانی گردن مرغ بدون پوست شنیسل بدون آرد شنیسل با آرد جوجه چینی (شنیسل فیله) پاچینی ۱۰ عددی مرغ جوجه کباب بی استخوان و بدون بازوی ساده جوجه کباب بی استخوان و بدون بازوی زعفرانی جوجه کباب با استخوان ساده جوجه کباب با استخوان زعفرانی سینه مرغ سوخاری,اقتصادی,1,192
