Positive,با این قیمت و امکانات مناسب واقعا بی نظیره ابعادشم مناسبت و خوش دسته دوربین 3 . 2هم کاملا مناسبه در این رنج قیمت بی نظیره اندروید4 . 1هم که جایی وسه بحث نمیذاره.پردازندشم خیلی مناسب و کم مصرفه با اینکهcortexA5 قدیمیه اما با این قیمت جایی برای اعتراض نمیذاره
Positive,با سلام در جواب شما،خانوم ابراهیمی با خیال راحت هر رنگی رو که دوست دارید بخرید و خیالتون راحت باشه که هیچ مشکلی پیش نمیاد من خودم از محصولات اپل استفاده میکنم اگر تنها نگرانی شما رنگ آن است خیالتون راحت.در مورد سرعت دستگاه با توجه به قیمتی که می پردازید راضی و خشنود می شید و بدون هیچ افت سرعتی براتون کار میکنه امکانات دستگاه هم تقریبا بی نقص عمل میکنه
Positive,اگه به دنبال اثر واقعى کرم روى پوستتون هستید ، بدون شک برند مورد رو بخرید . این کرم هم مثل بقیه محصولات مورد عالیه . به طرز شگفت انگیزى تاثیرش رو حتى با اولین مصرف مى بینید . حتى اطرافیان ، نشاط رو توى چهره تون مى بینند . حتما بخرید . این محصول بى شک یکى از بهترین هاست
Positive,ازش راضیم فقط نسبت به قیمتش اگه صفحه اش ledبود خیلی عالی بود
Positive,من ابتدا قصد داشتم یک محصول چینی که کمی از این نوردهی بیشتری داشت رو انتخاب کنم . بعدش فکر کردم بهتره کمی نورش کمتر باشه اما خونه چند تا کارگر ایرانی روشن بشه . بعد از اینکه به دستم رسید واقعا از نوردهی و زاویه نورش راضی بودم . واقعا اندازه یک لامپ 100 وات رشته ای و بلکه بیشتر نور داره . گارانتی اش روی خود لامپ حک شده و دو سال و دو ماه از تاریخ خریدم بود
Positive,خیلی خوبه و کار کردن باهاش خیلی راحته .
Positive,من این گوشی رو تیر پارسال خریدم.خیلیم راضی بودم ازش تا اینکه یه ماه پیش از دستم لیز خورد افتاد رو سنگ اوپن از فاصله 30 سانتی . ال سی دیش ترک خورد ولی تاچش کاملا سالم بود حتی ضدآبش هم ازبین نرفت . ولی چون از چشمم افتاد فروختمش اما چون عاشقش بودم دوباره با بیمه هماهنگ خریدم همین گوشی رو و خیالم راحته که بیمه داره . خواستم بگم خیلی ظریف و حساسه بشدت مراقبش باشید . دوربینش حرف نداره باطریش ب راحتی یه روز سنگین رو دووم میاره . خیلی روونه و کندی نداره . ضدآبش واقعا سالمه . من بردمش تو دریا چیزیش نشد . اثر انگشتش سریعه . زود شارژ میشه
Positive,فلش بسیار خوبی است من در شب یلدا خیلی ارزون تر خریده بودم خواستم یدونه دیگه بگیرم دیدم که به قیمت واقعی داره فروخته میشه گفتم همین یکی بسته
Positive,سلام ، من این کارت رو چند ماهی میشه که رو سیستمم هست . در جواب دوستی که میگه اجازه بازی جهان باز رو نمیده ، ، من الان دارم Watch Dogs2 رو روون اجرا میکنم و مشکلی ندارم . شما درایور هارو درست نصب کنید خوب جواب میده . کالاف ده هم دارم و روون جواب میده .
Positive,"با سلام دوباره : این گوشی مزایاش نسبت به معایبش خیلی زیادتره,من خودم هرچی برنامه مسنجر هست رو روش نصب کردم و با هم استفاده کردم چندین بازی رو هم امتحان کردم اصلا تیک در کار نیست,امکانات نرم افزاری این گوشی از سامسونگ هم بهتر هستش,درضمن این گوشی بیشتر قسمت های نرم افزاریش شبیه SONY XPERIA هست,من بهتون توصیه میکنم به هیچ این گوشی رواز دست ندید.من واقعا ازش راضیم"
Positive,ممنون از دیجی کالا واقعا اصل و عالی با این قیمت مناسب رفرش هم نیست
Positive,برس خوبی داره حجم زیادی نمیده مژه ها رو خوش حالت و زیبا میکنه واسه کسایی خوبه که آرایش لایت وطبیعی دوست دارن
Positive,من میخرمش عالیه
Positive,از همه لحاظ عالی چیزی کم نداره من قبلا این پخش رو داشتم و از دیجی کالا گرفتم واقعا عالی بود
Positive,بسیار عالی بود و تبریک میگم به شرکت ایرانی که این رو طراحی و ساخته ، برای همه ی دوربین های DSLR عالییه ، یعنی هرچی بگم کنه
Positive,مال شرکت پارس شهابه قیمتش مناسبه نورشم خوبه
Positive,میشه گفت روغن خوبیه و کیفیتش بالاس . من برای پرشیا و پراید ازین میریزم و هر 500 کیلومتر تعویضش میکنم .
Positive,"خیلی عالی و باکیفیت و جا دار هستش , من خیلی راضیم , پیشنهادش میکنم"
Positive,فقط میتونم بگم عالیه جنسش وزنش طراحیش نرمیش همچی خوب خوب اصلا در خریدش شک نکنید متاسفانه ماله خودم رو گم کردم
Positive,شک نکنین در خریدش دوستان بسیار بسیار عالی
Positive,خیلی عالی و کارآمد ، من همراه با هدیه اش خرید ک اونو ب دوستم دادم بسیار خوب و باکیفیت
Positive,من خودم از دیجی کالا گرفتم و واقعا هدفون خوبی است و باتری که دارد عالی است شارژ اولیه را 1 روز گذاشتم و 1 روزم کار کرد و رادیو که عالی و موج ها را عالی و خودکار میگرید و کیفیت بالایی دارد ولی مشکل کوچکی که این هدفون دارد وقتی به گوشی وصل است وقتی اهنگ پخش نمیکند یک نویز کوچکی ادم میشنود
Positive,امروز به دستمون رسیده استفاده کردیم قدرت پاک کنندگی و جذب خوبی داره کیفیتش به نظر خوبه اندازه ی بزرگی هم داره خوبه
Positive,سلام من مدتیه که این تبلتو از دیجیکالا گرفتم و بسیار راضیم،از نظر طراحی،امکانات ، اجرای بازی ها و کلا به نظر من از خیلی محصولات مشابه بهتره(حتی از محصولاتی که باهاش خیلی اختلاف قیمت دارن ) ولی یک هشدار جدی به کسایی که میخوان بخرن:اگه 4g میخواین اولا باید سیم کارتتون 4g باشه دوما باید ورژن آندرویدش رو به 5 . 0 . 2 آپدیت کنید اما ب نظر من این یک محصول کاملا بی رقیب و جایی برای شک در خریدش نیست.واقعا پیشنهاد ویژه بودن حقشه .
Positive,من استفاده کردم از این مدل عالیه منتظر موجودی دیجیکالام
Positive,بسیار گوشی کارآمدی است کیفیت تصویر - باطری - دوربین - قلم نوری و . . کاملا رضایت بخش است
Positive,واقعا عالیه حتما پیشنهاد میکنم برای کسانی که وقت درست مسواک زدن رو ندارن عالیه
Positive,ساخت چینه طراحیش واقعا زیباست یه جفت بند زاپاس هم داره(یکی سفید-یکی قرمز )
Positive,من تا به حال گوشی سامسونگ نداشتم از آیفون 2g داشتم تا 6s ولی 3 روزه s7edge گرفتم از آیفون خسته شدم به خاطر تکراری شدنش ولی من تا به حال گوشی به خوبی s7edge ندیده بودم واقعا از همه لحاظ استثنایی بی نظیره
Positive,من یک ماه است که خریدمش خیلی هم از خریدش راضیم هیچ مشکل خاصی هم نداشتم از نظر ضد آبی من خودم سه بار زیر آب گرفتم وبه مشکلی برنخوردم شارژ دهیش خیلی خوبه به نظر من بلندگوهاش میتونست بهتر باشه بنظر من ارزش خرید داره .
Positive,این موس دیروز صبح به دستم رسید بسته بندیش باید بگم عالی تر ازین نمیشد.مثال زدنی بود خود موس زیباس.سنگینی خوبی داره واسه تعادلش.اسکولشم خوبه من تا الان مشکلی نداشتم باهاش در کل اضی ام : )
Positive,من از دیچی کالا خریدم . خیلی هم گوشیه خوبیه . آپدیت کردم cortana هم اومده . بهش میگم sing a song برام هرروز شعرم میخونه . برای ضبط صدا برنامه وویس رکوردر رو از استور دانلود کنید . voice recorder بجز نرم افزار های بانک همه چیز داره . حالا منتظرم دیچی مایکروسافت لومیا xl lte 640 رو بیاره بخرم .
Positive,خیلی عالیه چند روزه گرفتم واقعا راضیم
Positive,دستگاه رو دیروز تحویل گرفتم . کیفیت ساخت خوب بود . به راحتی به آیفون و اندروید متصل میشه و کیفیت صدای خوبی هم با آمپلی فایر و باند پایونیر ایجاد میکنه . اگر ضبط یا سینمای خانگی تون بلوتوث نداره حتما بخرید این گیرنده رو
Positive,خیلی با کیفیته خداییش ارزششو داره
Positive,من 3 ماه پیش این ساعت رو از دیجی کالا خریدم ، بسیار زیبا و خاصه و پیشنهاد میکنم در صورت موجود بودن حتما خریداری کنید ، اما چند روزیه دچار یه مشکلی شدم ، یکی از پیچ های بند ساعتم بدون این که من متوجه بشم باز شده و افتاده و الان ساعت سازی که میرم میگن نمونه ش رو نداریم و من موندم چکار باید بکنم ! آیا نمایندگی ای وجود داره که قطعات این ساعت رو داشته باشه ؟ ! لطفا راهنماییم کنید
Positive,تقریبا 1 ساله دارمش ، عاالیه ، 100 % راضی ام ازش
Positive,در کل بهترین بازار
Positive,من اوایل خرداد 95 این کفش رو توی پیشنهاد ویژه خریدم . خیلی هم نگران بودم که اینترنتی کفش بخرم اما به محض اینکه به دستم رسید و امتحانش کردم خیالم کاملا راحت شد.از اون موقع تا الان هر کفش دیگه ای میپوشم عذابه واسم . الان یکساله ک مدام میپوشمش و آخ نگفته . خیلی هم خوشکل و شیکه و الان عزا گرفتم اگه بخوام دوباره کفش راحتی بخرم از کجا مثلش رو پیدا کنم ؟ ! چون مدت هاست که دیگه دیجی کالا موجودش نکرده ! !
Positive,با سلام ، این ست رو خریدم ، خیلی زیبا و خوش ساخت با طراحی خلاقانه ، ارزش خرید بالا و خلاصه عالی ، ولی میشه ارزانتر هم باشه در مقایسه با معادل خارجی اش .
Positive,فقط بگم نسبت به قیمت عالیه ! !
Positive,عالیه من برای پسرم خریدم فقط یه بدی داره اونم اینه که قدرت زیادی نداره
Positive,باتری فوق العاده ای داره
Positive,سلام من 2هفته ست که دستم رسیده اول با گوشیم جفت نمی شد ولی با بازگشت با اطلاعات کارخانه مشکلم حل شد.من ازش راضیم ولی انتظار زیادی نداشته باشین
Positive,پشتیبانی این گوشیا با مایکروسافته دیگه ربطی به نوکیا نداره.فقط سخت افزاریش خراب شه قطعاتش نیس.ولی گوشیه فوق العاده ای تست ضربه و همه چیشم دیدم خیلی جون سخته .
Positive,سلام دوستان من این کنسول رو یک هفته هست که خریدم و هیچ مشکلی نداره از خریدش راضیم دوستمون که گفتن بین این و ps4 موندن فعلا عقلانی تر هست که همین رو بگیرین چون شما حاضرین بازی های صد هزار الی سیصد هزارتومنی رو بخرید ؟ تازه بازی ها برای این خود مایکرو سافت اعلام کرده تا 2018 ساپورت میشن دیگر خود دانی از لحاض گرافیک پی اس 3 از لین قوی تره ولی خدایی گرافیک این هم بد نیست . ولی دسته ی این از ده تا دسته ps3 و ps4 بهتره اگر میخواین الان یک کنسول کامل بخرین توی خرید این شک نکید
Positive,گوشی خیلی خوبی عالی پیشنهاد می کنم
Positive,خیلی عالیه ! همه جوره از گوشی محافظت میکنه !
Positive,کیف خوبی هستش ، برای تبلت های صفحه بزرگ ، من راضی هستم کیفیت خوبی داره . به نظرم از نظر قیمت خوبی داره ، طراحی ظاهر خوبی داره . رنگهای متنوعی داره .
Positive,والله من دارم ولی هوشمندنیست . ولی در کل خوبه .
Positive,من قبل از عید خریدم اندروید رو 4 . 4 . 2 کردم سریعتر شد . به جرات میتوانم بگم سرعت کپی کردن یک فیلم 1080 رو با یک لپتاپ مقایسه کردم . آسفالت 8 رو به . راحتی لود میکنه
Positive,کیفیت صدای خوبی دارد و نسبت به قیمتش ارزش دارد
Positive,دوست عزیز من هم بین این مدل جی بی ال و ریزر آدارو مونده بودم و از ی طرف طراحی جی بی ال و بازو های تاشو و بیسیم و باسیم بودن مونده بودم و از ی طرف خییلیا از ریزر آدارو تعریف میکرذن خلاصه با یکم هزینه بیشتر رییزر آدارو سفارش دادم و امروز ب دستم رسید خدااییش عاالیه حرف نداره بنظر من ریز بخری ب نفعته داداش ارزششو داره بیسش و تفکیک صداش فوق العادست مخصوصا وزن کمش ک اصلا فشاری به سر نمیاره و راحته خیلی قبل این یه mipow m3 سفارش دادم ک افتضااح بو و نقص فنی داشت و پس دادم اون خیلی سنگین بود و رو سر خوب سفت نمیچسبید و میو افتاد خلاصه آدارو حرف نداره و من عاشقش شدم موفق باشید
Positive,در یک کلام عاالیه من خودم گوشی شناسم فقط عاالی .
Positive,رسید دستم جنسش عالیه . راضی ام . حتما پیشنهاد میکنم بگیرید مخصوصا در شگفت انگیز
Positive,واقعا عالی است دو ماهی هست دارم
Positive,من این کالا رو در شگفت انگیز با قیمت مناسب خریدم . بسیار ارزشمند و کاراست . برخلاف گفته دوستان تمامی اتصالات و مفاصل و نوع الیاژ بسیار با کیفیت است . حتی جای ابزار ان مانند تصویر است . برای آپارتمان بی نظیر است . وزن کمی دارد که براحتی توسط بانوان قابل حمل است . بر خلاف نظر دوستان لبه تیزی ندارد و تمامی لبه ها پرداخت شده و تا شده هستند . خلاصه در شگفت انگیز ارزش بالایی در خرید دارد . موفق باشید .
Positive,سلام من این گوشی رو بعد از اینکه کلی دیجی کالا رو گشتم ، انتخاب کردم . گوشی خیلی خوبیه واسه اونایی که یه گوشی دم دستی میخوان . اندروییدش هم 404 است . ممنون از دیجی کالا
Positive,اقای سید محمد اخوان طباطبایی ، شما برای این کار از دوربین هایی مخصوص فیلم برداری استفاده کنید مثل : Sony MC 1500 HD یا امثال این ها که دوربین های حرفه ای فیلم برداری هستند . البته باز شما میتونید با بقیه مشورت کنید . من نظر خودم رو گفتم . بستگی به نوع کاربری شما داره و پولی که بخوای هزینه کنی
Positive,من قبل نوا پلاس آیفون 6 داشتم . راستش از خیلی نظر میشه مقایسه کرد حتی گفت بهتره ، مثالا قابلیت all focus یا اسپیکر عالی و مهمتر از همه کیفیت عالی لوازم جانبی هستش مخصوصا هندزفری بی نظیر که از هر نظر از ایرفون اپل بهتره.اما خوب راستش میکروفون این گوشی واقعا نا امید کنندس ، و جالبه که تو هیچ بررسی به این نکته اشاره نشده ، باطری هم انقدی که میگفتن تعریفی نیست ولی خوبه ، حتما اگه زیر 1 / 200 / 00 میخواید هزینه کنید ، انتخاب اولهه
Positive,سلام فقط بگم آقا بخرین تا ناموجود نشده عالیه مخصوصا برای بازی خورهایی مثل من . بازی آسفالت جی تی آ مورتال و . . بدون کوچکترین لگی بازی کردم کم نمیاره ؟ ؟
Positive,امروز این پاور بانک بدستم رسید واقعا جا داره اول از همه به خاطر بسته بندی جالب دیجی کالا و سرعت ارسالشون تشکر کنم اما در مورد پاور بانک ؛ گوشی آیفون 6 رو باهاش شارژ کردم که سرعت شارژ شدنش بسیار رضایت بخش بود خود پاور بانک هم از نظر ظاهری و کیفیتی عالی هست در کل از خریدم راضیم و به بقیه دوستان هم پیشنهاد می کنم اگه با قیمت مناسب می خوان یه پاور بانک عالی داشته باشن ، این بهترین گزینه است .
Positive,به نظر من هم بوش خوبه هم ماندگاریش ارزش خرید داره
Positive,من رنگ مشکی گرفتم واقعا عالی و بسیار محکم میباشد . .
Positive,با سلام اول اونی که علامت صدا داره رو بزن و بعد واسه کم زیار کردن صدا از Forward و Back استفاده کن .
Positive,عالیه نسبت به قیمتش من یکی میخرم
Positive,واقعا گوشیه خوبیه حدود دوساله دارمش اما اگر زیاد ازش کار بکشم داغ میکنه همینه بدیش من دوسال پیش خریدم
Positive,Xperia SP باطری 2300Mah که اصلا ضعیف نیست و تا 3 روز استفاده عادی جواب میده . Wi-Fi & Bluetooth هم براحتی و دستی خاموش و روشن میشه . فقط کیفیت دوربین معمولیه . گوشی بسیار خوبیه و بسیار با کیفیت ساخته شده .
Positive,سلام بهترین ساب در این رنج قیمت یعنی توصیفش سخته تو 206 می ترکونه
Positive,همه چیش خوبه جز دوربینشو باطریش
Positive,من این هاردو خریدم بسیار عالیه !
Positive,اقا من میخوام این گوشیو بگیرم هم بخاطر مشخصات خوبش هم بخاطر برند ال جی تازه گوشی قبلیم هم ال جی بود و هر کی موافق + کنه
Positive,من امروز به دستم رسید . واقعا هیجان انگیزه . توصیه میکنم اگه خدای نکرده مشکل قلبی یا فشار خون ندارید حتما خرید کنید و لذت ببرید بخصوص اگه گوشیتون ژیرسکوپ داشته باشه که فوق العادست
Positive,سلام فوق العادست . بیشتر از چیزی که من انتظارشو داشتم واسم امکانات به ارمغان اورده . قدرت سیگنال عالی . مدیاپلیر نسبتا قوی . بیشتر فرمت های تصویری رایج همراه با زیرنویسش رو پخش میکنه . ممنون از دیجی کالا
Positive,من این قفل فرمان رو تو پیشنهاد شگفت انگیز خریدم ، بسیار با کیفیت ساخته شده و البته وزن بالایی هم داره ولی متاسفانه به فرمان ساندرو نخورد
Positive,من خیلی دنبال صندلی های مناسب برای کارکنان خودم دیدم . با این قیمت و با این گارانتی و با این کیفیت پیدا نکردم . صندلی بسیار راحت و شیک هست . خود من برنامه نویس هستم و با صندلی هایی که پشتشون فنر داره مشکل دارم . صندلی باید محکم باشه .
Positive,من چند روز پیش سفارش داده بودم و دیروز به دستم رسید بنظر من نسبت به قیمتش کارایش واقعا عالی هست سری ریش تراشش هم خوب و حرفه ای هست اما نباید انتظار یه ریش تراش قوی رو ازش داشت اما بهش نمیخورد انقدر خوب و باشه . در کل ازش واقعا راضیم و کیفیت ساخت و بدنه هم سورپرایزم کرد
Positive,من یه سالی این لپ تاپ رو دارم بسیار عالی و کاربردی توخریدش شک نکنین پشیمون نمیشین . با سپاس و درود
Positive,رنگ و ماندگاری بی نهایت عالی
Positive,من اینو توی پیشنهاد شگفت انگیز خریدم ولی با قیمت واقعی هم ارزش خرید داره
Positive,تنها مشکلش زاویه دید نمایشگرش و بس . در کل حرف نداره .
Positive,گوشی خیلی زیبا و قدرتمنده به نظر من از s6زیبا تر و قدرتمند تره
Positive,هیچ مشکلی نداره با این قیمت از این بهتر نیست من همزمان از همین دیجی کالا اینو با ایسوز زد پد 8z380رو سفارش دادم.به نظرم این با این گه ارزون تره بهترم هست زیبایشم که عالیه
Positive,این وسیله را یکبار چهار سال پیش کادو گرفتم که بسیار کارآمد بود و امسال از دیجیکالا برای کسی کادو گرفتم . زیبا کارآمد و خوب بوده است .
Positive,از همه نظر عالیه
Positive,واقعا از نظر من بهترین و زیبا ترین گوشی ست . خوش دست و زیبا و همچنین با جنس بدنه بی نظیر و پردازنده چهار هسته ای و مانیتور با کیفیت عالی و همچنین کیفیت صدا فوق العاده و در کل یه شاهکار
Positive,من این محصول رو تازه از دیجی گرفتم . . خیلی موهامو خوش حالت و لطیف کرده و بعد از سشوار حالت موهام ثابت و خوش فرم مونده .
Positive,سلام دوستان من این تبلتو حدود 6ماه هست که خریدمش.اول اندروید4 . 3 بود بعد به اندروید 5 ارتقا دادم خیلی خوب شده فقط دوربینش پایینه که اونم زیاد مهم نیست ولی در کل فوق العادس نسبت به قیمتی که هزینه میکنید.با تشکر
Positive,اقا رام لالی پاپو دانلود کنین اپدیت کنین از این رو به اون رو میشه عالی شده پاپو اپدیت با این قیمت فوق العادست
Positive,اگه ارتباطش از بلوتوث قطع بشه ، اسپیکر خودبخود خاموش میشه ! اینجوری کلی تو سیو کردن باتریش صرفه جویی میشه .
Positive,در واقعیت سونی کمپانی هست که دوربین های فیلمبرداری خوبی دارد و اصلا در زمینه عکاسی حرفی برای گفتن ندارد دوربین x-e 2 بسیار با کیفیت و خوش عکس هست کیت لنز روی ان بسیار بهتر از a600 میباشد همینطور x-a 1 در رده بالاتری از eos m و nx200 میباشد پس به امتیاز این جدول اطمینان نکنید
Positive,ضعف باطری مشکل همه گوشیهای با نمایشگر بزرگ و لمسی با پردازش های بالا می باشد کا با یک پاور بانک قابل حل است بنظرم رنگ مشکیش خیلی با کلاسه موجود نبود من طلایش روگرفتم
Positive,من مدل هایپر جدید رو با درب رنک اکرلیک خریدم و بسیار راضی هستم . . هر چند که اکثر قطعاتش مال دوو هستش و موتور اینورترش هم سامسونگ کره هستش . اما اسنوا حرکت خوبی رو واسه ساخت یک برند تو کشوری که از خیلی کشورهایی حتی در سطح کره جنوبی عقبتر هستش رو شروع کرده . من لباسشویی اکتا رو هم با یخچال خریدم و اون هم فوق العاده هستش . اگر صادقانه و بدون تعصب حرف بزنیم ، می بینیم که اسنوا کیفیتی رو که ارایه کرده با قیمتی که میده بسیار برای یک مشتری راضی کننده هستش ، خصوصا زمانی که جشنواره داره . ولی گویا بازار پر از مافیای ما سعی بر این دارد که جنس خارجی رو برای فروش عرضه بکند . چون واردات این اجناس به همراه زد و بندهای آقا زادگان و مافیای تجارت برای گروهی سود هنگفت و بی دردسری رو داره . اما یادمان باشد آنگاه که خودمان را نادیده بگیریم مسلما به جایی نخواهیم رسید و صرفا مصرف کننده باقی خواهیم ماند و همچنان بر پایه از دست دادن منابع طبیعی و سوختهای فسیلی و تهی شدن از آنچه که داریم روزمان را شب خواهیم کرد .
Positive,برای کارهای سبک ولی دقیق گزینه عالی هست و کیفیت بدنه و سه نظام و موتورش واقعا عالی از این چینی درجه یکاس حتما پیشنهاد مبکنم
Positive,عالیه . . واقعا حرف نداره
Positive,موس بسیار خوش دست و راحتیه به طوریکه اصلا احساس نمیکنید این موس بزرگ یا کوچیکیه اما ایکاش از مواد با کیفیت تری برای ساخت پلاستیک یا اجزای بدنه استفاده می شد
Positive,این ادکلن عالیه
Positive,من نارنجی ش رو خریدم رنگش قشنگ بود پلاستیکیه اما نسبت به قیمتش می ارزه
Positive,من این دوربینو حدود 6 ماه دارمش واقعا دوربین خوربیه . من باهاش ورزشی عکاسی میکنم البته با لنز 24 . 105از هر نظر میتونم بگم عالیه.شاید خیلی از دوستان بگن 7دی مارک 2 خیلی بهتر باشه ولی نسبت به قیمتی که مارک 2 داره ارزشی ندارد . اگر دوستان به دنبال عکاسی نجومی طبیعت خبری یا سینما هستن من تو این رنج 6دی پیشنهاد میکنم چونواقعا نویز عکسا حتی در ایزوی بالا خییلیی کمتر از این دوربین حتی 5 دی هست .
Positive,پیشنهاد شگفت انگیز تهیه ش کردم و قیمتش عالی بود ، اگه بخوایم قیمت اصلیش رو در نظر بگیریم یه مقدار تنده ولی به نظرم بازم ارزش داره کیفیت صدای شفافی داره و بیسش هم مناسبه گوش رو اذیت نمی کنه ، کیفیت سیمش بالاست قبل از این هدفون اپل رو داشتم ، از نظر کیفیت صدا چیزی از اون کم نداره . . ارزش خرید بالایی داره و احتمال زیاد از خریدتون پشیمون نمی شید هر چند بستگی به سلیقه تون داره راضی ام ازش
Positive,انصافا روان نویس خیلی خوبی هست . ارگونومی خیلی عالی داره که با طراحی و صد البته جنس خوب بدنه میتونهارزش خرید این محصول رو بالا ببره . کاش یخورده ارزونتر بود که برای مصارف روزمره هم بشه چندتا ازش خرید . پشت کاغذ رو جوهری نمیکنه که خیلی خوبه . . فقط شما اشتباه من رو مرتکب نشید ، همون طور که تو قسمت مشخصات نوشته و شما هم می بینید کارشناس عنوان کرده : رنگ نوشتاری مشکی هست . بعد تو قسمت انتخاب رنگ شما میتونی رنگهایی مثل آبی و قرمز و مشکی و سبز انتخاب کنی . خب منم قرمز رو سفارش دادم ، به این خیال که رنگ بدنه محصول قرمزه و رنگ نوشتاری مشکی ! ! ولی اشتباه بود ، رنگ غالب بدنه آبی هست ، تو عکسی که گذاشتن رنگ قسمتهایی که مشکی هست برای من قرمزه و صد البته که رنگ نوشتاری هم قرمزه . این محصول رو با چندتا خرید دیگه سفارش دادم و صرف نمیکنه پس بفرستم . خیلی هم بد نیست . استفاده میکنم و موقع سفارش بعدی دقت میکنم . ولی تو انتخابش شک نکنید ، راستی ضخامت نوشتارش با خودکارهایی که نوک یک میلی متری دارن یکسانه . اینم برای اینکه بدونید ضخامت نوشتاری که تو سایت نوشتن برای روان نویس با خودکار فرق داره .
Positive,استحکام خوبی داره و توی چارچوب خوب سفت میشه،حتما پیشنهاد میکنم .
Positive,من چند ماهی میشه که خریدم خیلی خوبه هیچ مشکلی هم نداشت
Positive,در کل خوبه حتما پیشنهاد میکنم بیسش خاطره سازه اهنگای نیکی میناژ مخصوصا
Positive,تقریبا 6 ماه میشه دارم با 1TB همین مدل کار میکنم که واقعا راضیم . هارد خیلی خوبیه . بدنش خیلی محکمه .
Positive,شارژر خود لنوو هست که روی گوشی k3 note هم هست و خیلی خوب شارژ میکنه و کابل خوبی هم داره از شارژر های ارجینال سامسونگ و الجی هم بهتره
Positive,سلام ، به همه،میخواستم بگم ، همه ویدیو های منتشر شده کاملا دروغه،چون همه ازمایشات اپل نشون میده که ایفون خیلی هم مقاومه،قبول کنید ایفون یک گوشی کاملا بی رقیب و همیشه ایفونه . . من کاملا بدون تعصب میگم این حرفو،چون خودم طرفدار اچ تی سی هستم،و واقعا وقتی گوشی M8 دستم گرفتم امروز،کاملا به وجد اومدم،ولی همه باید قبول کنیم،تکنولوژی اپل برای ایندست . . ایفون فوق العادست،خودم تا 3 ماه دیگه حتما میخرم . . فقط اپل . .
Positive,دیجی کالا خواهش میکنم این کیف رو موجودش کن چون من زیاد گشتم جنس خوب این کیف رو پیدا نکردم خواهش میکنم موجودی کن مثل مونوپاد نشه شش ماه طول کشید موجودش کردی متقاضی فعلا که زیاده پس موجودیتش کن خواهشا
Positive,سلام من این مودم رو پارسال گرفتم.تا حالا ازش راضی بودم.سرعتش خیلی خوبه.داغ نمیکنه.قعطیشم خیلی کمه.تازه به نظرم یکی از زیباترین ها هم باشه
Positive,من الان دارم این کامنت رو با همین لپ تاپ میزارم ؛ باید اعتراف کنم طراحی و ساخت و کیفیتش واقعا بی نظیره
Positive,عالی و فوق العاده است من از همین دیجی کالا خریدمش
Positive,بوی غلیظ داره یه پاف بزنی انگار یه عالمه زدید . بوی خوبی هم داره هر دوش بخصوص از دور . من تو پیشنهاد ویژه خریدم و خیلی راضیم .
Positive,سلام . مودم روتر بسیار خوبیه . دو تا نکته میگم برای دوستانی خریدن در نظر داشته باشن حتما بعد از خرید WPS رو Disable کنید و حتما با گوشیتون چک کنید که disable شده باشه . در firmware قدیمیترش وقتی wps رو میبندید تائید میکنه که بسته شده اما بسته نمیشه اگر اینطور شد حتما یکبار firmware رو آپدیت کنید و بعد دوباره wps رو ببندید که کسی نتونه ناجوانمردانه بهتون کانکت بشه . با آپدیت کردن firmware مشکل دیسکانکت شدن ویندوز 10 هم برطرف میشه . در کل مودم بسیار خوب و کم اذیتیه و طی استفاده طولانی مدت هم رنگ بدنش عوض نمیشه . شاد باشید .
Positive,این گوشی ساخت کشوره دوست و همسایه چین است . . ! ! درجه یک : D لظفا موجودش کنید من هر روز و هر ساعت میام سر میزنم البته امیدوارم قیمتش زیاد بالا نباشه . .
Positive,یه هود آشپزخانه استیل داشتیم که ده سال کار کرده بود و فقط در طول این مدت فیلترهاش رو عوض میکردیم . تا اینکه مشکلی براش پیش اومد و مجبور شدم موتورش رو باز کنم و داخل هود و بدنش لایه لایه چربی گرفته بود مثل سریش چسب ناک . . دیگه میخواستم از خیرش بگذرم تا اینکه یکی از دوستان که از این محصول برای پاک کردن کباب پزش استفاده میکرد و خیلی هم راضی بود سیف کرمی رو به من معرفی کرد . تا اینکه هود و متعلقاتش رو بردم تو حموم و با سیف و اسکایچ شستم و چون چربی ده ساله بود و خیلی خیلی ناجور ؛ طبق گفته خود محصول گذاشتم چند دقیق رو محصول بمونه تا بهتر اثر کنه ؛ سپس آبکشی کردم . خلاصه کنم روزی که اومدم هود رو دوباره نصب کنم همه فکر کردن که یک هود نو خریدم ! ! تا این حد برق میزد از تمیزی ، مثل روز اولش ! ! در یک کلام عالی و فراتر از انتظار ؛ نمرش 20 تمام
Positive,نسبت به قیمتش عالی من واس کادوی تولد دوستم خریدم خیلی ازش راضی واقعا هم خوبه
Positive,البته من اینو دیروز تو پیشنهاد ویژه خریدم با این قیمت که برد کردم حسابی !
Positive,همه جوره عالیه فقط کاش شارژی بود
Positive,در کل خیلی عالی
Positive,من 5 تا توی پیشنهاد شگفت انگیز خریدم محشر بود .
Positive,سامسونگ خیلی از اپل کاراییش بهتر
Positive,سلام من حدود 2 ماهه که این گوشی رو خریدم به نظر من بهترین گوشی توی این قیمته اندرویدش 4 . 3 است wifi و gps این گوشی حرف نداره دوربین اش هم خیلی خوبه . تا الان که دست منه هیچ مشکلی نداشته و کیفیت صفحه ی نمایش و باطری خوبی داره . تنها عیبی که من توی این گوشی پیدا کردم داغ کردنش هست که برای من زیاد مهم نیست .
Positive,با سلام گوشی را خریدم بسیار عالی است اگر لوازم جانبی اش وارد شود واقعا ارزشمند است بزودی به اندروید 4 ارتقا می یابد
Positive,واقعاعالیه عالی
Positive,من ازخریدم رضایت داذم واقعا شرکت glx کیفیت محصولاتش افزایش داده است ازبدنه محکم ساخته شده است کیفیت صداش بلندگو عالی است
Positive,یه کیس عالیه
Positive,در ابتدا بگم که این گوشی ارزش خرید بسیار بالایی داره و من اونو به A3 به علت قوی تر بودن باطریش ترجیح می دم . سرعت این گوشی بسیار بالاست و چیزی در حد s6 هست که من دارم و فوق العاده هست . من این گوشی رو به عنوان مودم 4G استفاده می کنم روزی 10 ساعت به مدت یکماه هست که از اینترت این گوشی استفاده می کنم و این گوشی اینترت دو لب تاپ و دو گوشی دیگه رو تامین می کنه و حتی یک هنگ هم نکرده و آنتن دهیشم خیلی خوبه . روزی نهایتا یک شارژ خالی می کنه . کیفیت دوربینش که نوشته 13 اصلا با 13 مگاپیکسل گوشی هایی مثل S5 و یا S4 قابل مقایسه نیست و خیلی پایینه ولی خوبه . من می گم کیفیتش 8 هست نه 13 . فیلتر نور آبی نداره که نکته ی مهمیه برای کسانی که زیاد با گوشی کار می کنند .
Positive,بسیار عالی و کارامد
Positive,من الان چند وقته این لپ تاپ خریدم ینی می تونم بگم دقیقا همون چیزیه که می خواستم هم سخت افرار قدرتمند هم زیباییو کیفیت تنها نکته ایی که میزنه تو ذوق ادم کیفیت و جنس سی دی درایورشه که واقعا از ایسوز عحیبه همچین جیزی زده . . البته بعدا متوجه شدم که اگر قرار بود کیفیت اون هم خیلی بالا باشه مطمعناا قیمت تمام شده لپ تاپ بسیاد بالا تر می رفت ، برای همین شرکت سازنده مجبوره یه قسمتایی از لپ تاپو کیفیتشو بیاره پایین غیر زمانی که سی دی میذاری و زیاد سر و صدا میکنه . . بقیه زمانا اصلا انگار سایلنته کلا سی پی یو i7 6700 اش هم غوقا کرده و همچنین مرسی از دیجی کالا بابت خدمات خوبش به مشتریان و در آخر واقعا پیشنهاد میکنم بگیرید بهترین گزینه موجوده
Positive,این کفش فوق العاده راحت و سبکه
Positive,من هم 2سال پیش خریدم یکی.عالیه . و اولین هاردی هست که بهش اعتماد دارم(از لحاظ حفظ دیتا ) . والانم دنبال یکی دیگه از همینم و به 2 ترابایتش فکر میکنم
Positive,مکش فوق العاده ای داره . از نظر رنگ و طراحی هم عالیه . جنس لوله خرطومی بسیار باکیفیت و عالیه
Positive,این هدفون از نظر طراحی و راحتی استفاده واقعا عالی است ، قدرت صدای آن خوب و در برابر رقیب های قدرتمند چون فیلیپس حرفهایی برای گفتن دارد ، طراحی پیچیده گوشی ها باعث جلوگیری از در رفتن گوشی ها از گوش می شود ، و به سادگی کل حجم داخل گوش را نیز پر می کند ( با در نظر گرفتن سایز و استفاده از سری های مناسب آن ) ، بیس بالا یکی از ایرادات این دستگاه به حساب میاید که می توان این مشکل را با یک Beat Enhancer حل کرد ، گرچه صدای بیس بالا می تواند برای گوش آسیب رسان باشد و بدلیل لرزش های حاکی از بیس ، پرده ی گوش را تحریک و ضعیف نماید ، که می توان آن را به پای بخشی از استاندارد های سلامت در این گوشی گذاشت ، از نظر کیفی هیچوقت تصور نمی شد ، شرکت نوپایی مثل شیاوومی هیچ وقت بتواند به این حد ، حداقل در زمینه ی استاندارد های صوتی پیشرفت داشته باشد ، اما این هدفون به این تصور تحقق داد . با تشکر
Positive,عالیه حرف نداره اصلا در خریدش شک نکنید سال88 یک مدل 10 کیلویی خریدم تا الان داره بدون هیچ مشکلی کار میکنه
Positive,کتونی خیلی خوبیه این برند چند دوره لباسای المپیک کشوره چین طراحی کرده
Positive,من دو هفتس که گرفتم گوشی خوبیه یعنی عالیه ولی این برادمون که میگه دوربینش خوبه با این نظر زیاد موافق نیستم چون نویز میندازه به عکس ها
Positive,نسبت به قیمتش خوبه . خوب شد که پوله بیشتری برای مووس ندادم . راضیم ازش.یک جفت باطری هم همراهش هست .
Positive,کیفیت ساخت عالی
Positive,خیلی غلیظه و بوی خووبی میده
Positive,من این محصول را خریداری کردم . اندازه مناسبی دارد . شارژ واقعی آن حدود 700 تا 800 است . کابل آن هم بعد از مدتی استفاده ، قطع و وصل می شود ولی در کل از خرید آن راضی هستم .
Positive,سلام من 8ماه هست که خریدم واقعا ازش راضیم دوربین پشت و جلو با کیفیتی داره واقعا از بعضی برندا بهتره تو خریدش شک نکنید .
Positive,بهترین گوشی در قیمت خودش
Positive,الان تو بازار موجوده . . ولی هنوز گلدش که 32حافظه داخلی داذه و 3گیگا بایت رم داره نیومده باید سفارش بدی . . خیلی خیلی قیمتش مناسبه . . از دیجی کالا میخوام هرچی زودتر این گوشی رو موجود کنه و یه نقد و برسی خوب بزاره . . هرکی میخواد موجود شه و دیجی کالا نقدشو زود بزاره لایک کنه . .
Positive,اول بگم هنگ نداره(دوستی که هنگ داره ) دوما توجه کنید که از cat6پشتیبانی می کنه و ارزون ترین گوشی هست که که این رو داره ( اگه سرعت اینترنت واستون مهمه ) یه پیشنهاد اگه یه مقدار خودتون رو به زحمت بندازین با همین قیمت note 3گیرتون میاد یا100 بزارین روش g3 یا nexues 5x بخرید .
Positive,اپلو قبول دارم به یک دلیل متناسب مصرف کاربراش روی ایفون هاش تکنولوژی قرار میده و مطمعنا اینقدر توقع کاربران بالا رفته که انتظار یک چیز خیلی خفنی داشتن نظرات محترمه ولی خداییش از یک گوشی چه انتظاری دارین بنظر من با احترام به تمام نظرات محترم دوستان امسال گل کاشت
Positive,یه سری کولر آبی های جمع و جور هست که پایه چرخ دار داره . اگر از اونا بیاره دیجی کالا عالی میشه . خیلی بهتر از پنکه جواب میده .
Positive,این گوشی برای یادگیری زبان انگلیسی عالی است چون کیفیت صدای بلندگویش عالی است .
Positive,این کتاب یه دنیای دیگست ، آدم رو با خودش به روزهای سخت و طاقت فرسای جنگ میبره .
Positive,سلام از دیجی کالا خواهش میکنم زمان عرضه دقیق این محصولو در ایران بگه واقعا عالیه دومی نداره
Positive,واقعا دیجی کالا یدونست واقعا علیه و کارش درسته انصافأ
Positive,این تبلت یکی از بهترین تبلت های رنج قیمتی هست تا الانم بیش از 5 سری خودم دیدم تو این سایت اورده شده و به فروش رفته و فکر کنم یکی از پروفروش ترین ها باشه اما دی جی کالا نمیدونم چرا کیف و کاورش رو برا فروش نمیزاره و فقط برا تبلت های اپل و سامسونگ این کار رو میکنه ! ! تبلتی که اینقدر فروش داره قطعا لوازم جانبیش هم فروش بالایی داره پس لطفا بیارید
Positive,در کل گوشی خوبیه ولی اگه می خواین بخرین باید نیازاتتون رو اول در نظر بگیرین
Positive,با عرض سلام خدمت همه این گوشی دو روز پیش دستم رسید با تخفیفی که خورده بود در یک کلام عالی در خریدش شک نکنید بخصوص طلاییش اول اینکه قیمت عالیه از بازار قیمت کنید متوجه میشید دوم اینکه به مقدار پولی که پرداخت میکنید یه گوشی با کلاس وخوش دست با امکانات معقول میگیریدبعد هرکسی ببینه چی میخواد ازیه گوشی بی انصاف نظر ندید در کل ضرر نمیکنید . دورینش راضی کننده است فیلم برداری عالی وضوح صفحه عالی با امکانات فوق العاده اگه بخرید خودتون متوجه میشید با تشکر از دیجی کالا
Positive,اولا این گوشی خیلی پرقدرت وزیبا وروان هست دوربینش هم بعدازتنظیمات دستی به یکی از بینظیرترین ها میشه البته این کار شرطی داره که فقط ازدیجی کالا بخرین این گوشی اصل وبدل داره متاسفانه اکثرفروشگاهها بدلشو میارن ولی دیجی کالا اصلشو میاره درضمن اونایی که میگن دیجی گرون میده اشتباه میکنن چون من خودم مطمنم وسایلهای دیجی ارزش این قیمت ها را داره من به نوبه خودم حاضرم بیشتراز مبلغی که دیجی تعیین کرده بدم ولی ازدیجی کالا بخرم من دراکثرجاها این گوشی را دیده ام که 1650زدندولی ارزشی ندارن واقعی نیستن بدل هستن دوربینشون خوب عمل نمیکنه باتریش زودخراب میشه بعدشم فکرمیکنن زد وان گوشی بدی هست شما درنظر بگیرید این گوشی بجز قلم چه جیزی از نوت سه 9005کم داره؟حتی این گوشی هم خوشدستر هست هم آلمنیومی وشیشه ای هست تازه اینم ناگفته نماند اگر آیفون همچین سیستمیی بیرون بده کمتراز3 . 5میلیون نمیداد سونی بهترین برندی هست که بعداز اینکه سری زد را ارایه داددوباره به بازار برگشت خیلی شکست بدی خورده بود ولی خالصانه پا به میدان گذاشت وچون محصولی به زیبایی زد وان زد حقشو از بازار گرفت . من این گوشیو دارم درخریدش شک نکنید با آیفون 5هم کارکردم ولی به این گوشی نمیرسه این خیلی باکیفیت ودقت تصویر وروانی وبهتر اجرا کردن از همه برندها بهترعمل میکنه وحتی قیمتش هم ازهمه نظر مقرون به صرفه تراست
Positive,این گوشی رو 5 ساله که دارم . رنگش بدجوری میره . دکمه های صداش یه کم بدقلق هستن . آنتن دهیش فوق العادست . کار باهاش راحته . فایلای فلش رو مثل جون باز میکنه . صفحه اش در حد خودش خوبه . موقع اس ام اس دادن یه گزینه Recent contacts داره که کارو خیلی راحت میکنه . از دوربینش نمیشه انتظار زیادی داشت . فایلهای جاوا رو هم اجرا میکنه . ولی . . این گوشی تنها گوشی هست که قابلیت ارسال فلش اس ام اس رو داره . همون اس ام اس هایی که بعد از خوندنشون توی گوشی ذخیره نمیشن یا اینکه روی دسکتاپ گوشی نمایش داده میشن . از این قابلیت خیلی خوشم اومد و توی هیچ گوشی دیگه ای ندیدم .
Positive,عالیه ولی ای کاش قیمتش بیاد پایین
Positive,نسبت به قیمت،به ویژه در آفر ویژه دیجی کالا،نسبتا ارزش خرید داره.محصولی از یک برند معروف ومعتبر که البته متاسفانه کیفیت مطلوبی نداره!بوی خاصی داره که شاید مطلوب هر ذائقه ای نباشه.ماندگاری درحد1 / 5 ساعت!و پخش بوی مختصری داره .
Positive,من این موبایل رو خریدم و نسبت به قیمتش گوشی خیلی خوبی هستش اگه خواستین حتما بخرید وبا دو سال گارانتی ادمو مطمئن میکنه که گوشی عمر خوبی داره .
Positive,در کل گوشی خیلی خوبیه من راضی هستم امیدوارم اپدیت اندروید این گوشی زود تر بیاد و بعضی از مشکلات این گوشی رو حل کنه .
Positive,این گوشی خیلی قشنگه من خوشم میاد ازش
Positive,این محصول در کل فقط در پیشنهاد شگفت انگیز ارزش خرید داره .
Positive,من تو پیشنهاد ویژه خریدم واقعا ارزششو داشت حتما پیشنهاد میکنم بخرید دوستان
Positive,عالی عالی
Positive,دوربین های سونی واقعا عالیه
Positive,من کیفیت تصویرشو دیدم.واقعا وحشتناکه.بی نظیره
Positive,دوستان عزیز من خودم هفته پیش این موبایل و گرفتم . ازش راضی هستم . دوربینش فوق العاده است . من تحقیق کردم پک موبایل اروپاییه بعد خرید کردم . تو پکش هم قاب هم صفحه محافظ داره . ممنون از دی جی کالا برای معرفی این محصول .
Positive,واقعا محشره منتظرشم تا بیاد
Positive,بهترین پیزیه که تو این قیمت میشه خرید اسکنر فوق العاده سریعی داره سرعت پرینتش خوبه کیفیته خوبی هم داره با کابل شبکه خیلی راحت نصب میشه و نیازی به کابل usb نداره تنها عیبی که داره اینه که سرعت فکسش کمه در مورد کارتریجش هم اینو بگم که قیمت بالایی داره تقریبا 4 تا کارتریجش رو بخواید بخرید باید یک میلیون هزینه کنید
Positive,سلام به همه دوستان من الان یه هفته می شه دارمش کلا تبلت عالیه تو هیچی کم نمی یاره پورت otg رو هم پشتیبانی می کنه تو جعبشم هست تو هیچ بازی هم مشکلی نداره
Positive,جنسش خوبه.من 2 ساله دارمش .
Positive,قدرت فوق العاده ای در پاک کردن جرم و سیاهی های باقی مانده ار لنت داره
Positive,سلام دوستان . . من این گوشی رو چند روز میشه گرفتم از همه نظر عالیه فقط موقع خرید رنگ مشکی داشت . . کسانی که اطلاع دارند از کجا میتونم قاب پشت رنگی براش پیدا کنم . . زیاد گشتم ولی پیدا نکردم . ممنون
Positive,این محصول کارت صدای حرفه ای سری زونار داره که ساخت همین کمپانیه و برای فیلم و موسیقی عالیه
Positive,واسه این رنج قیمت خییلی گوشی شیک و خوش دستیه خیلی هم سبکه ، سایزش استاندارده و با یه دست قابل استفادست نسبت به بقیه سری گوشیای ال جی متفاوت و باکلاستره
Positive,سلام دوستان من این حافظه رو سفارش دادم و طی مدت 20 ساعت دی جی کالا به من تحویل داد حافظه ی خوبیه و سرعت خوب و قابل قبولی داره البته نسخه ی pro premier بهتره ممنون از دی جی کالا
Positive,تلویزیون خیلی خوبیه ، فک کنم بهترین پنجاه ایتچ بازار . زیرنویس فیلم های فارسی رو با فلش به خوبی اجرا میکنه . قابلیت SCREEN MIRRORING رو با گوشی HTC خوب جواب میده ، ( نصابش گفت فقط با سامسونگ میشه بهش کانکت شد ! ) اگر تصویر خوبی داشته باشید حتما از تماشای اون خسته نمیشید . . تنها ایرادش نداشتن قابلیت سه بعدی هست که ممکنه تو ایران در چندسال اینده ضعف محسوب بشه ! البته اگر تا اون موقع که این تکنولوژی فراگیر بشه هنوز این تلویزیون رو داشته باشید . .
Positive,مادربرد خوبی هستش و از نظر قیمتی هم واقعا مناسب هستش.به دوستان که نمی خوان خیلی هزینه کنند پیشنهاد میشه .
Positive,راضیم ازش نسبت به قیمت ارزش خرید . داره
Positive,مدل خیلی خوبیه باریک-سبک - کم صدا-دارای پایه تنظیم ارتفاع-led
Positive,عالیه عالی . بخرش من ازش راضیم
Positive,ارزش خرید داره در پیشنهاد ویژه . البته اگر با گذر زمان حالتش حفظ کنه .
Positive,من این گوشیو 5 ساله دارم ، واقعا معرکه س ! همه چی داره ، فقط یبار اندرویدشو عوض کردم به 4 . 1 که همین باعث شد هنگش خیلیی زیاد بشه ، باطریشم یبار عوض کردم بعد از 5 سال ، هنوز داره خوب کار میکنه ولی تصمیم گرفتم بازنشسته ش کنم و یه موتورولا موتو E4 بگیرم . بنظرم اگه از اندروید 2 براش استفاده بشه این گوشی مرگ نداره و تا 5 سال دیگه هم میشه ازش استفاده کرد .
Positive,من خودم از دیجی کالا خریدم خیلی هم راضیم یه چیز بگم که حتی آب جذبش نمیشه فقظ آب ازش سر میخره . خیلی بزرگ هم هست چهار نفر راحت توش میخوابن من میخوام یه تشک بادی دو نفره بگیرم برای اینکه سرمای زمین آدمو سرد نکنه صد در صد پیشنهاد میکنم ارزش خرید داره همچین چادری با این قیمت خیلی عالیه .
Positive,از چیزی که توی عکس خیلی شیک تره !
Positive,من گرفتم کار کردم عالیه واسه ماشین سواریم عالیه حرف نداره
Positive,عاشقشم دیوونه ى بوشم . . بهترین بوى دنیا رو داره هیچ وقت ازش خسته نمیشم
Positive,به نظر من دارای استحکام و فرم قوی هست . . اما به خاطر نشیمنگاه کوچک برای افراد زیر 18 سال مناسب هست
Positive,به نظر من که دوربین خیلی خوبیه من فعلا ندارمش ولی تو این هفته میخرمش از همه نظر مخصوصا قیمت حرف نداره
Positive,با سلام من این مدل 3 سال دارم ز همه جا هم با من بوده و سخترین کارا مثل 3D max و دیگر نرم افزار ها هم نصب کردم هیج مشکلی هم نداره هنوزم ویندوزشو عوض نکردم
Positive,با عرض سلام وتبریک سال نو قبل ازهرچیزبایدبگم که برند کنون نیاز به تبلیغات نداره وهمه چیزو روشن میکنه من این دوربین رو یک سال دارم و بطور خلاصه باید بگم این دوربین تو این رنج قیمت واقعا محشره به خصوص که در نور کافی عکسهای بسیار خوب و راضی کننده ای داره البته نور کافی در تمام دوربین ها حتی مدل های گران قیمت یک مساله بسیار مهمه.همچنین کیفیت فیلم این مدل هم به نظرم خیلی عالی.مهمترین نقطه قوت این دوربین زوم بسیار بالای اونه که حتی تو زوم بالا هم کیفیت فیلم و عکسش واقعا عالیه بهترین هارو برای همه مردم سرزمینم آرزومندم .
Positive,اصلا فکر نمیکردم تبلت ایرانی اینقدر با کیفیت باشه.کیفیت صفحه عالی.اصلا کند یا هنگی نداره-سایز صفحه کاملا مناسب فقط دیجی کالا وقتی واسه من فرستاد محافظ صفحه نداشت
Positive,ارزش خریدن داره
Positive,از وقتی اینو خریدم ، نه از تبلتم بجز بازی کلش آو کلنز(چون صفحه بزرگتره و تمرکز راحت تره ) استفاده میکنم ، نه از گوشی اندرویدیم واسه کاری جز زنگ زدن.کلا همه چیزو حل کرده.لذت از این بیشتر ؟ ؟ هم زیبایی داره.هم ابهت داره.هم مثه اندرویدیا هنگه چند ثانیه ای و رو مخ نداره.ورژن های آینده گوشی احتمالا آبمیوه گیری و مخلوط کنم داره ! !
Positive,مناسب برای بک لایت دیسپلی 206 تعداد لازم ( 3 عدد ) حتما هنگام سوختن 3 تا تعویض شه
Positive,نسبت به قیمت خیلی خوبه حجم صدا خوبه باس رضایت بخش دیزاین میتونست بهتر باشه
Positive,سبک ، جمع و جور و بی صدا فقط بدرد اینترنت و مدیا میخوره یکی دارم میفروشم
Positive,من ام آی بند و تو پیشنهاد ویژه خریدم و به نظرم نسبت به مبلغی که پرداخت میکنی خیلی عالیه
Positive,کیفیت صفحه نمایش : خیلی خوب قدرت سخت افزاری : خوب ، اما نرم افزارهای اضافی ایسوس باعث کند شدن سیستم میشه و فقط با روت کردن قابل حذف هستن ، البته روت تبلت آسونه . رابط کاربری : خیلی خوب ، بعضی از برنامه های نصب شده خوب هستن بعضی ها اضافی . کمی هم ایراد نرم افزاری داره . باتری : فوق العاده کیفیت ساخت : ظاهر خوب ، انسجام خیلی ضعیف ، اگه احیانا ایستاده باشید و از دستتون بیافته به احتمال زیاد از هم پاشیده میشه ! ! دوربین ها : خوب ، نرم افزار دوربین خیلی خوب کیفیت صدا : خوب ، نرم افزار شخصی سازی صدای خیلی خوبی داره جمع بندی : کاملا ارزشمند در برابر قیمت ( الان هم که سی تومن ارزون تر شده ! ! )
Positive,واقعا زیباست . ولی شتابش کمه . در کل نسبت به قیمتش یکی از بهترین انتخاب هاست
Positive,من هرچیزی از دیجی میخرم پرفروش میشه
Neutral,موجود کنین خواهشن
Neutral,دیجی من هدفون 201 که خریدمو پس فرستادم اینو بگیرم اونوقت الان این ناموجود شد ! ! خواهش میکنم موجودش کن ! !
Neutral,با سلام مجدد . منظورم از تبلت ، صفحه کلید تبلت بود . جند پست دیگه هم همینطوری متاسفانه تایپ کردم
Neutral,یه سوال دارم گیره های دستگاه که گوشه ها قرار گرفته جلوی وصل کردن هد فون رو نمیگیره ؟ من برای تبلت ایسوس مموپد me 581 8 اینچ میخوام ولی ظاهرا ورودیه فیش هد ست درست زیر یکی از این گیره ها میفته خواهش میکنم راهنمایی کنید
Neutral,سلام میشه موجودش کنید ک ما هم بخریم ؟ اگه میشه رنگ آبیشو بیارین
Neutral,من یک سال این فبلت را خریدم و ازش کاملا راضیم بجز مواردی که داخل نقاط ضعف نوشتم.البته پیشنهاد میکنم به عنوان کسی که سال هایی با سامسونگ و نرم افزارش به سر می برید به سراغ تبلت های سامسونگ بروید یا پس از خرید باید چندین ماه استفاده کنید،تا به نرم افزار لنوو عادت کنید و براتون جالب باشه(اتفاقی که برای من افتاد ! ) . این فبلت نسبت به قیمتش واقعا سخت افزار(رم ، حافظه و . . ) قوی داره و اگه نرم افزار(کاربرد ) ' مثلا:منوی نرم افزار ها،تنظیمات ، خاموش و روشن شدن،اجرا شدن(بالا اومدن)نرم افزار ها و . . ' براتون خیلی مهم نیست پیشنهاد من به شما همین فبلت هست .
Neutral,لطفا طلاییشو موجود کنین میخوام بخرم.منتظرم . قربانت،عودافز
Neutral,دیجی جان توضیحات را دقیقتر کن طول لوله چقدره ؟ تا چه مدت دمای آب را حفظ میکنه ؟ ببینیم چیه که این قیمت را داره ممنون
Neutral,سلام هر کس میخواد دیجی کالا اینو بیاره لایک کنه یا هون + بزنه
Neutral,لطفا هرچه سریعتر موجود کنید
Neutral,دوستان حتما بلوتوث نسخه 4 یا دانگل وای فای ایکس باکس بگیرید ازونجا که دانگل گرونه بهترین راه یا با سیم کابل شارژر گوشها یا اینکه بلوتوث نسخه 4 چون با نسخه 2 و1ل نمیشه ازتون رمز میخواد ولی تحقیق کردم توی سایت میکروسافت گفته اون رمز بحاطر نسخه بلوتوثه چون رمزی نداره بخاطر عدم هماهنگی نسخه2 میاد قیمتی نداره بلوتوث نسخه 4 دیجیکالام داره اتفاقا در اخر حتما xbox accessories رو از فروشگاه ماکروسافت دانلود کنید و دسته رو اپدیت کنید این دسته باید اپدیت بشه خودش زیبا هست واقعا خیلیم استفادش راحته دکمه ها واقعا محشرن با ویندوز 10 هم عالی هماهنگه به گوش اندروید هم براحتی وصل میشه من باهاش اسفالت 8 بازی میکنم
Neutral,دوست گرامی تفاوت آن با نوع وای فاداراش دراین است که در این تبلت هم سیمکارت خور است البته نمیتوان مکالمه نمود وهم از طریق وای فای و سیمکارت میتوان از اینترنت استفاده نمود ولی درنوع وای فادار سیمکارت خور نیست وفقط از طریق وای فای از اینترنت استفاده نمود در ضمن آپدیت این تبلت نیز آمده وورژن 4 . 3 . جیلی بین میباشد
Neutral,لطفا شگفت انگیزش کنید و البته موجود
Neutral,باعرض سلام دوباره خدمت دوستان عزیزدرنظرقبلی یادم رفت راجع به باتریش صحبت کنم.درمورد باتریش باید بگم که بستگی به استفاده شما داره.مثلامن که زیاد اهل بازی ووبگردی هستم واسم حدودا هفت هشت ساعت دووم میاره ولی درکل باتریش متوسطه.نمیگم بده ولی خیلی هم خوب نیست.درکل همونطورکه قبلا گفتم پنج ماهه دارمش و یه بارم هنگ نکرده امیدوارم تونسته باشم کمکی کنم.باتشکر . زنده باد هواوی
Neutral,قابل توجه دوستان امروز انروید 7 یا نوقا برای اس 7 اج یا اس 7 آمده و پیشنهاد میدم به انروید 7 آنرا ارتقا بدید
Neutral,"دوستانی که مشکل آنتن دهی دارند ، در قسمت network mode باید gsm only را انتخاب کنند . این گوشی به صورت پیش فرض روی auto است . settings-networks - more-mobile networks-network mode توضیح دلیل : در قسمت network mode شما نوع شبکه ای که میخواهید استفاده کنید را انتخاب میکنید . gsm/wcdma / lte . اینها مربوط به اینترنت های معمولی(gsm ) و 3G , 4g میباشد . از آنجایی که وقتی یکی از آنها را انتخاب کنید،آنتن دهی مکالمه و اینترنت در همان شبکه انتخاب شده اعمال میشود لذا در صورتیکه مثلا lte را انتخاب کنید و در محدوده مکانی شما آنتن دهی 4g ضعیف باشد آنگاه آنتن دهی مکالمه نیز ضعیف خواهد بود . اگر گزینه auto انتخاب شود گوشی به طور خودکار شبکه ای را انتخاب میکند که بالاترین سرعت اینترنت را داشته باشد حتی اگر آن شبکه ضعیف باشد . بنابراین با توجه به اینکه در حال حاضر شبکه های 3g , 4g در اکثر مناطق کشور ضعیف است آنتن دهی نیز به تبع آن ضعیف خواهد شد . بنابر این باید هرگاه قصد استفاده از اینترنت سیم کارت را دارید به قسمت network mode رفته و آن را به صورت دستی روی حالتی بگذارید که بالاترین سرعت اینترنت را داشته باشید و بعد از استفاده از اینترنت مجددا روی gsm only قرار دهید تا بالاترین آنتن دهی مکالمه را داشته باشید.این قضیه در مورد تمام گوشی ها صادق است ."
Neutral,چند تا عکس از ریموت هاش بزارید ممنون دیجی کالا
Neutral,لطفا شفاف رو هم موجود کنید
Neutral,سلام لطف کنید بازم از این مدل بیارید من یه ماهه منتظرم باتشکر از سایت خوبتون
Neutral,سلام دوستان عزیز یه سوال برای استفاده از قلم حتما خود نوک قلم باید با صفحه تماس داشته باشد یا خیر و اینکه من ضد خش گلس انداختم تاثیری روی قلم داره یا خیر ممنون از دیجی کالای عزیز
Neutral,سلام من این گوشی رو از دیجی کالا خریدم با رام خاورمیانه.لطفا کمک کنید . آفریقا و ایتالیا هم رامشو فلش کردم . حتی دولوپر هم کردم تا آپدیت 8 . 1 شه.شد اما هر وقتی که میخوام برنامه ها رو از حافظه گوشی به کارت اس دی ببرم هنگ می کنه و اگه گوشیو قفل کنم روشن نمی شه.با چند تا کارتم امتحان کردم همینطوریه.مشکل سخت افزاریه یا نه ؟ خیلی ممنون
Neutral,دی جی جان بیزحمت موجودش کن.خیلی وقته منتظرشم !
Neutral,با سلام ' ضمن تشکر از انتخاب شما ، مدت زمان پخت برنج در این دستگاه با در نظر گرفتن پخت همراه با ته دیگ 90دقیقه میباشد . پیشنهاد میگردد جهت آگاهی از عملکرد مناسب دستگاه بطور کامل دفترچه راهنما را مطالعه بفرمایید و در صورت نیاز با شماره درج شده بر روی کارت گارانتی - واحد آموزش تماس حاصل فرمایید تا کارشناسان مجموعه شما را در تهیه عملکرد دلخواهتان راهنمایی نمایند . همیشه در خدمتتان واحد امور مشتریان فلر - ATD SERVICE
Neutral,لطفا موجودش کنید تا اومدم بخرم ناموجود شد
Neutral,سلام من مدل 4 گیگشو دارم باید بگم که suggest word کیبورد در این مدل ها خاموش نمیشه و هیچ راهی نداره مگر اینکه کیبورد دیگه ای نصب کنید .
Neutral,لطفا موجود کنیید
Neutral,دوسان این گوشی otg داره ؟
Neutral,رنگ کروم لطفا
Neutral,من این تبلت رو گرفتم . . تا الان فقط 2 بار خاموشش کردم . اما الان که میخوام روشن کنمش لودینگ میمونه و بالا نمیاد ! ؟ ! ! یعنی چی شده آخه ؟ : ( (
Neutral,با سلام ، لطفا با توجه به استقبال بسیار کاربران بویژه دانشجویان ؛ و فرارسیدن سال نو این لپ تاپ را پیش از پایان سال ، شگفت انگیز کنید . با تشکر ، منتظریم
Neutral,"سلام اگه میشه دوستان منو راهنمایی کنید اگه بخوام یه لب تاب برای برنامه ها ی سنگین مثل sims4 , pes2014 , اتوکد بخرم باید به چه چیزی دقت بکنم به سری پردازنده یا به پردازنده گرافیکیش ؟"
Neutral,اقا موجود کنین یک ماهه منتظرم
Neutral,سلام بنده میخواستم یه تبلت خوب تا حدود 2 تومن بخرم.خواستم بدونم که این تبلت خوبه یا ایپد ایر یا . . وکلا شما چی پیشنهاد میکنید که بخرم ؟ ؟ برام سی پی یو و دوربین و تراکم پیکسلی هم مهمه.اگه اندروید هم باشه مشکلی نداره لطفا منو راهنمایی کنید ممنون .
Neutral,سلام من یکی امروز سفارش دادم به دستم رسید کی دوباره موجود مشه ؟ می خواستم یکی دیگه از این رم رو سفارش بدم ولی الان زده موجود نیست ! کی اماده فروش میشه زود موجودش کنید خواهشن ممنون از دی جی کالا
Neutral,سفارش دادم الان ، خییلی تمجید شنیدم ازش
Neutral,بندش چسبیه؟محکم هست ؟
Neutral,این هم نتایج تست با نرم افزار A1 SD Bench روی گلکسی اس 5 نوشتن : 17 . 50 تا 18 خواندن : 49 تا 51 فکرکنم دلیلش سازگاری بیشتره چون توان نوت 3 فرق چندانی با اس 5 نداره
Neutral,سلام من می خوام اینو بخرم ایا کسی هست که منو در این مورد راهنمایی کنه با تشکر
Neutral,لطفا رنگ سفیدشو بزارید منتظرم مرسی از سایت خوبتون
Neutral,سلام گوشی LG G2 MINI در چهار مدل معرفی شده که به لحاظ سخت افزاری و امکانات با هم متفاوتند : مدل G2 MINI مدل G2 MINI DUAL مدل G2 mini LTE مدل G2 mini LTE Tegra اما انتخاب بهترین مدلش کمی گیج کنندست خواهش دارم دوستان راهنمایی کنند نقد و بررسی بزارید . تشکر
Neutral,سلام من دو روزه این گوشی رو خریدم . وقتی مودمش میکنم با سیم کارت همراه اول لب تاب مودم گوشیم رو پیدا میکنه اما کانکت نمیشه . تنظیمات اینترنتش هم درسته . بقیه گوشی ها بهش وصل میشوند اما تو واتس آپ پیام میشه فرستاد ولی سایت باز نمیکنه . همین سیم کارت رو روی گوشی دی . گه میزارم مودم میکنم خیلی راحت لب تاب بهش متصل میشه . لطفا اگر کسی اطلاعی در این زمینه داره منو راهنمایی کنه .
Neutral,من اینو چند وقت دارم ولی نمی دونم چرا وقتی استفاده میکنم دور و بری ها میگن بوی صابون میدی ؟
Neutral,من چند ماهی هست که این CPU رو فعلا روی یک مادربرد گیمینگ Asus Z170 Pro نسب کردم بدون کارت گرافیک و باید بگم که با توجه به پیکربندی مناسب مادربرد از این CPU کم مصرف و معمولی دارم نهایت استفاده رو در مقیاس حرفه ای می کنم و همینطور که همه ی دوستان اشاره کردند قدرت پردازش گرافیکی این CPU ئر حد کارت گرافیک های تا مرز 600 یا 700 هزارتومان بازار هست .
Neutral,دوستان به کلفتیه بلوکه میخواین محکم نباشه ؟ ! !
Neutral,سلام دوستان . میخوام از مزایا و معایب این گوشی با تجربه یک هفته استفاده مداوم واستون بگم . در کل گوشی خیلی خوبیه . در حین مکالمه میشه صدا رو ضبط کرد . یه دکمه داره که در حین مکالمه میتونید صدای طرف خودتون رو واسه کسی که دارید باهاش حرف میزنید قطع کنید ( دیگه صدا واسه طرف مقابل از گوشی شما نمیره ) . باطریش رو هر 5 روز یکبار میزنم شارژ ( با استفاده مداوم : روزی 200 تا اس ام اس ، روزی تقریبا 30 تا تماس ، شب ها هم قبل از خواب حدود 2 ساعت بازی سودوکو ! ) . قسمت اس ام اس هاش واسه من خیلی جالب و تعجب بر انگیز بود . مسیج های این گوشی 2 نوع است . یکی به صورت اینباکس و یکی به صورت کانورسیشن(Conversation ) . مزیت کانورسیشن نسبت به اینباکس اینه که دیگه اینباکس شما شلوغ نمیشه و اس ام اس هر فرد توی قسمت اسم خودش میره(دقیقا مثل آندروید ) . فلش مسیج یا همون پیام فوری هم داره(این قابلیت اینطوره که شما وقتی یک اس ام اس رو برای فردی ارسال کنید فقط یکبار توی گوشی طرف قابل خوندنه . وقتی از اس ام اسی که شما فرستادید خارج بشه دیگه اس ام اس روی گوشی طرف پاک میشه و نمیمونه ) . دو سیمکارته بودنش عالی جواب داد . منوی مدیریت سیم کارت داره . صداش خیلی واضح و شفافه . هم توی مکالمه هم پخش آهنگ و هم هندزفری . صدای مکالمه از پشت گوشی نمیاد(چیزی که خودم ازش ترس داشتم ! ) . به هیچ وجه صداش از پشت نمیاد . هر برنامه ای روش ریختم کار کرد(البته فقط جاوا ) . 2تا ایراد داره . یکی اینکه موقعی که میزنید شارژ 2 الی 3 ساعت زمان میخواد تا شارژ شه(بخاطر باطری فوق العادش ) . دوم و بدتر از همه اینه که انقد این گوشی دوست داشتنی هستش که گوشی اولم رو گذاشتم کنار و فقط از این دارم استفاده میکنم . امیدوارم توضیحاتم مفید بوده باشه .
Neutral,با سلام لطفا رنگ مشکیشو بیارین
Neutral,فقط رنگ مسی رو میخوام که متاسفانه دیجی کالا نداره،از اون طرف هم تا به حال غیر از اینجا،از جای دیگه خرید نکردم،موندم چکار کنم
Neutral,سلام به همه . من دیروز گوشیمو بخاطر مشکلی که داشتم بردم پیش فروشنده جالبه بدونید ورژن گوشی من با لاتر بود و اندرویدش بالاتر بود . وقتی اومدیم رمو بندازیم دیدیم بله گوشی دوسیم از اب دراومده.تواون مرکزخرید نمایندگان هواوی بودن که گوشی گذاشتن قبل خرید باهاش کارکنیدو ازاین حرفا . وقتی گوشیمو دیدن گفتن اینا اصل شرکتیه و جدیدا دارن ذوسیم میزنن.من که سردرنیاوردم الان برد کردم یا نه.ولی مشکلم حل شدو فعلا خاموش نمیشه . ولی دیشب یبارم پرشwifi داشتم که میرفتوسریع میومد.میشه بگید مشکا wi-fi از چی می تونه باشه.ممنونم
Neutral,در پاسخ به وحید حبیبی دیلمی باید درایور بلوتوثش رو از سایت hp دانلود و نصب کنید تا بلوتوثش فعال بشه
Neutral,دیجی کالا لظفا فیلم بررسی شو قرار بدین میشه از g501ارزشش کمتر باشه !
Neutral,رنگ فیروزه ای رو موجود کنید می خوام با قاب و ضد خش یه جا بگیرم
Neutral,سلام میشه تک سیمش وهم موجودکنید شگفت انگیزم باشه ک سفارش بدم
Neutral,سلام . من می خواستم هدفون jbl e35 بگیرم که از این ارزون تره و با سیم هست اما تا آمدم بخرم رنگ مشکی اش تموم شد و تصمیم گرفتم یک هدفون دیگر بگیرم . حالا خدا را شکر یک هدفون گرونتر و بهتر از اون خریدم که سیم هم نداره و راحت آدم می تونه بیرون هم ببردش . اما خب آدم می ترسه اینو ببره یکدفعه ازش بدزدند . اگر خواستید ببرید بیرون مواظبش باشید که ازتون نزنندش . یک کیس سخت هم اگر براش بگیرید عالی می شه که دیگر نگران فشار آمدن بهش نباشید
Neutral,با سلام آیا این محصول حافظه داخلی دارد ؟ یا جانبی ؟ لطفا اگر میدونید جواب بدین
Neutral,با سلام دوستان من میخوام یک گوشی خوب و به رد بخور بخرم ! ! تنها چیزی ک منو ناراحنت میکنه اینه ک میگن s4 خیلی داغ میکنه وتودست عرق میکنه ؟ ؟ واقعتا اینتوریه یعنی ارزش خرید نداره ؟ ؟
Neutral,با عرض سلام-من دوهفته ای هست خریدم یه سوال داشتم - همه میگن دوربینش از گلکسی s3 بهتره ولی باگلکسی s3 مقایسه کردم اون بهتتره - میخواست ببینم تنظیمات گوشیم ایراد داره یا جواب بدین . .
Neutral,دمای این لامپ 3500 هست یعنی رنگ لامپ فابریک خودرو
Neutral,"درود . . دوستان این محصول توسط ویندوز فون شناسایی میشه اما notification ها رو نشون نمیده وقتی به سایت حودشون مراجعه کردنم دیدم نوشته : Currently , notifications are not available for Windows Phone users . Our developers keep a close eye on this particular issue - as we are willing to offer as many features as possible to our Windows Phone users . که خلاصش بعنی اینکه فعلا notification بر روی پلت فرم ویندور فون کار نمی کنه اما کارشناسان شرکت دارن روش کار می کنن . . ! !"
Neutral,حیف که با خودم عهد کردم کالای چینی نخرم و تحریم کردم . .
Neutral,سلام.دوستان این کیف برای نوت 8 مناسبه ؟
Neutral,بخ نظر من lg k10 بهتره من خودم j2 دارم ولی در مقایسه با این k10 بهتره دور بین او 13 هست ولی این 5 اندروید اون 6 ولی این 5 . 1 . 1
Neutral,سلام خدمت همه دوستان گل ودیجیکالای عزیز . دوستان چند روزی هست که آپدیت دنیم منتشر شده توی چین واروپا وظاهرا توی ایران هم افرادی این آپدیت را دریافت کردن میخواستم ببینم دوستانی که این اپدیت را دریافت کردن چطوری تونستن بگیرنش چون ویندوز خودش درخواست اپدیت نمیده ظاهرا باید از روش خواصی وارد بشی . لطف کنن دوستانی که اطلاعاتی در این مورد دارن ما را هم راهنمایی کنید . منتظر راهنمایی دوستان گلم هستم . ضمنا میخواستم به اون دسته از دوستانی که توی خرید گوشیهای ویندوزی تردید دارن اعلام کنم که بعید میدونم که از خریدش پشیمون بشن چون وقتی میایید توی دنیای ویندوزفون اونقدر امکانات به شما میده که واقعا لذت میبرید . من به شخصا هنوز اپی ندیدم که توی اندروید باشه و تو وینفون نباشه . هر برنامه ای که احتیاج دارم واقعا با یک سر و گردن بالاتر توی استور پیدا میکنم .
Neutral,بچه ها موج مکزیکی دیجی کالا خیلی گلی * * دیجی کالا تو سنبلی از این که وارد دنیای سخت افزار شدین ممنون
Neutral,در مقایسه با گوشی سامسونگ ونوکیا نزدیک قیمت خودش بسیار بهتره مخصوصا دوربینش
Neutral,سلام اقایون من شنیدم شارجر نداره راسته ؟ ؟
Neutral,سلام من مودمی میخواستم قدرت انتن دهی خوبی داشته باشه که 25تا30متر رو راحت بره . جلوش شاید 2 یا 3 تا دیوار ضخیم 20 سانتی هست و دو طبقه س چی پیشنهاد میدید ؟ ممنون فوری
Neutral,"بین canon 700d , nikon 3200 کدوم بهتره ؟"
Neutral,مشکیشو موجود کنید لطفا
Neutral,سلام.من شنیدم امکان فیلم برداری طولانی با دوربین های دی اس ار وجود نداره و اگر با این نوع دوربین ها زیاد فیلم برداری کنیم،دوربین به مرور زمان ضعیف شده وکیفت تصاویر روز به روز پایینتر میشود،ایا این گفته حقیقت دارد ؟
Neutral,سلام دوستانی که این کیف رو خریدن ؛ آیا کاغذ با سایز A4 توی این کیف جا میشه ؟
Neutral,اخه یکی نیست به بعضی از این اقایون که چشمشون رو میبندن و اپل رو نقد میکنن بگه که دوست عزیز و محترم ، شما روو همون اسمارت فون های جی ال ایکس و گوشی های وطنیتون نقد و نظر بدین بیشتر و بهتر نتیجه میگیرین تا اینکه بهترین و محبوبترین برند تلفن همراه رو زیر زربین جهان سومیتون قرار بدید . اینکه اونجای ایفون چرا ایجوریه و چرا اینجاشو اونجوری کردن به شما مرتبط نمیشه . شما جی ال ایکس توون رو بزارین توو جیبتون حالشو ببرید . با تشکر از دیجی جوون .
Neutral,سلام لطفا مدل n551jm رو بیارید خیلی ها میخان این مدل رو لطفاا
Neutral,من خیلی وقت پیش می خواستم این بازی رو از برنامتون بخرم ولی هنگام خرید دیدم بازی ناموجود است از شما خواهش میکنم که بازی رو برای خرید برگردونید هر چه زودتر . خواهش میکنم
Neutral,رم 512 برای اندروید 4 به بعد کمه . حداقل رم برای اجرای روان با اندروید 4 باید 1 گیگ باشه .
Neutral,موجود کنید همین الان می خوام بگیرم
Neutral,سلام به همه.من این تلفن رو از دیجی کالا تو پیشنهاد شگفت انگیز خریدم.عالیه راضیم ازش.از دیجی کالا هم ممنونم که هم جنس اصلی برام فرستاده و هم اینکه 24 ساعت بعد تلفن به دستم رسید(من در شهر اراک هستم ) . فقط یه سوال کسی میدونه که چه جوری میشه صدای خودتو ضبط کنی واسه منشی تلفنی؟صدای پیش فرض تلفن که انگلیسیه خوب نیست.ممنون میشم اگه کسی جوابمو بده
Neutral,از دی جی خواهشمندم این کالا رو موجود کنه
Neutral,سلام لطفا کتاب بسیار خوبی است لطفا تعداد مناسبی را برای فروش قرار دهید که کسانی مثل من از فروش جا نمانند !
Neutral,دیجی ممنونم.خریدمش . منتظرم برسه.خدا کنه همونی باشه که در نظر داشتم . .
Neutral,این فقط بدرد بازی میخوره
Neutral,دوستان عزیز که این گوشی رو با WiFi استفاده می کنن و مشکل نویز دارند کارهای زیر و انجام بدهند مشکل شون انشاءالله حل می شه . 1 . حتما از Splitter سر راه سیم تلفن استفاده کنند . 2 . داخل تنظیمات مودم برید و کانال WiFi رو از حالت Auto خارج و روی کانال 1 بزارید اگه بر طرف نشد کانال ها رو آنقدر جابجا کنند تا نویز بر طرف بشه . در خصوص آون دسته از دوستان که تلفن شون با WiFi تداخل نداره به خاطر اینه که تو منطقه زندگیشون تعداد دستگاه های WiFi زیاد نیست و دستگاه خودش به صورت Automatic کانال 1 یا کانالی رو انتخاب کرده که با تلفن تداخل ندارد .
Neutral,به نظر من اگر به دنبال شبکه های مجازی نیستید ( که اگر نباشید بهتر ه ) ، این گوشی بهترین انتخاب ممکن است . من به دنبال چیزی که بودم رسیدم Tnx DIGI KALA
Neutral,تجربه ثابت کرده گوشی های که گرافیک MAIL دارن توی بنچمارک ضعیف تر عمل میکنن امیدوارم این گوشی مثل اونا نباشه چون من خودم عاشق کیفیت ساخت و طراحی های هواویم ولی به هر کاری کنه به پای LG G3 نمیرسه هم سطح G2 در کل میشه گفت یه سال عقبه ولی با توجه به قیمتش که میگن از P7 ارزون تره ( میگن من خودم ندیدم ) واقعا می ارزه ولی محصولات هواوی کلا خوبن پسر عموم P7 داره راضیه خودمم باش کار کردم خیلی خوب بود امیدوارم این بهتر باشه
Neutral,دکمه باد سردش چطوری کار میکنه ، یکی لطفا بگه ، ، اقا فرشاد بله مال منم عین مال شماست با همون اوصافی که گفتید ، به نظر میاد طبیعی باشه
Neutral,سلام از شما تقاضا دارم هر چه سریع تر موجوش کنید.ممنون می شم .
Neutral,سلام مهمان من شش ماهی هست p6 دارم باتوجه به اینکه شما هم p6داشتید الانp7خریدید چه پیشنهادی میدی p7بخرم یا زیاد تفاوتی با p6ازلحاظ سیستم سرعت دوربین و . . نمیکنه . مرسی
Neutral,سلام به دیجی کالای عزیز گوشی تازه به دستم رسیده خیلی خوش دست و شیکه فقط کسایی که دارن اگه میشه راهنمایی کنن روکش روشو باید چطوری بردارم که به صفحه گوشی اسیب نرسه . .
Neutral,دوستان خواهان این لب تاب برای موجود شدن بزنند لایک رو + دیجی جان بیار دیگه پیدا نمیشه شهرمون جای که ما هستیم اخر دنیاست ( منظور از دنیا در اینجا ایرانه ) پیشاپیش متشکریم
Neutral,تصویردرتصویرش چطوریه ؟ یعنی دو کانال تلویزیون رو میشه دید ؟ یا tv با ورودی AV ویا ورودی HDMIرو همزمان میشه دید ؟
Neutral,سلام تو پیشنهاد شگفت بذارید لطفا
Neutral,باز هم سلام دوستان . . ی نکته ای رو یادم رفت بگم ! من خیلی دنبال screen shot بودم و متاسفانه تو نظراتم چیزی ندیدم ! ! خلاصه پیداش کردم . . دگمه ی لاک گوشی رو همراه با ولوم پایین نگه دارید = screen shot
Neutral,ری ویو این مدل رو میتونید توی you tube با این اسم ببینید LG Soundbar NB2430A
Neutral,آندروید 5 که برای این تبلت به صورت رسمی ارایه نشده.فکر نکنم که آندروید 5 براش بیاد .
Neutral,من منتظر ساعت های جدیدتون موندم . .
Neutral,شونه هاى این ماشین از 3 تا 42 میلیمتره
Neutral,دیجی کالا لطفا موجودش کن من چند تا دیگه بخرم رو 5اس بی نظیره هم شارژ هم سینک کردن
Neutral,این خیلی خوبه که ادوات موسیقی رو هم عرضه کردین . . . اما باید لوازم جانبی اونهارو هم بذارید تو فروشگاه . . مثلا گیتار بدون هاردکیس و سیم و مترونوم و . . که به هیچ دردی نمیخوره ! ! ! ، ، خواهش میکنم که این ابزار ها رو هم اضافه کنید تا بتونیم بی دغدغه یه گیتار کامل بخریم .
Neutral,من مدل cx61 - 20cهمین برند رو دارم با مثلا کارایی بالا.گاهی هنگ میکنه میره صفحه ابی.چند بار نمایندگی ماتریکس بردم علاوه بر برخورد بدشون و بی سوادیشون هم مشخصه هیچی جواب نمیدن و میگن لپ تاپم سالمه.خیلی لپ تاپم رو دوست دارم اما این برند رو هر کی میخره با شک میخره 90 درصد معیوبن در کل نمیشه هیچ نظری داد حتی کارشناسی شده ولی واقعه محشره اگه مهندسای کارخانه ی تولید کننده بیشتر این برند رو حمایت کنند که معایبش رو بگیرن میشه تک
Neutral,هر کی موافقه که دیجی گلدش رو بیاره و بذاره تو شگفت انگیز فراموش نشه ! !
Neutral,سلام لطفا شگفت انگیز کنید
Neutral,من چند بار پیام گذاشته بودم ولی نه تایید شد و نه تصحیح ! درمورد اینکه این دیوایس ها تبلت نیستند و لپ تاپ های تبدیل شونده یا Convertable هستند و برای افرادی ساخته میشن که قابل حمل بودن و سبک بودن لپ تاپ براشون اهمیت زیادی داره . لطفا این دست دیوایس هارو در قسمت لپ تاپ ها قرار بدید و با معیارهای یک لپ تاپ بسنجید نه یک تبلت . برای اطمینان میتوانید به سایت های سازندگان مراجعه کنید و ببینید که اینگونه دستگاه ها در قسمت لپ تاپ های تبدیل شونده یا جداشدنی قرار دادند . هدف ما کاربران تنها کمک به سهولت و پیشرفت سایت دیجیکالاست . امیدوارم پیگیری بشه . ممنون از سایت خوبتون
Neutral,اقای داود زنگنه ضمن عرض سلام و تشکر از نظرات کارشناسی تان . مشخص است که شما اهل فن هستید ، سوالی دارم و محبت فرمایید مرا راهنمایی فرمایید . بنده تا بحال با دوربین zenit 122 کار می کردم و اماتورم و حالا تصمیم دارم یک دوربین DSLR تهیه کنم شما چه پیشنهادی در مورد برند و مدل برای من دارید می خواهم تا چند سال راحت باشم دیگه نگم قدیمیه ، سپاسگزارم .
Neutral,بنچمارک این تبلت چنده لطفا بگین ( antutu )
Neutral,لطفاموجود کنید
Neutral,خواهش میکنم که توی پیشنهاد ویژه بزاریدش
Neutral,لطفا این تبلت رو موجود کنید تا مجبور نشیم از فروشگاههای دیگه تهیه کنیم . باتشکر فراوان از دیجی کالا
Neutral,با سلام این دستگاه ریموت کنترول داره ؟
Neutral,مجهز به سیستم ضد یخ زدگی یعنی برا تابستون هم خوبه ؟ هوای سرد هم داره ؟ ممنون میشم یکی از دوستان جواب بده . .
Neutral,لطفا ، خواهش میکنم بررسی کنید هرچه سریعتر این مدل و مدل نزدیک به اینو موجود بشه ! اینا دیگه مثل بقیه اجناس فقط واسه استفاده نیست ! دوست داریم کمک کنیم به نوبه خودمون به موسسه و همینطور در کنارش عروسک به این زیباییو واسه هدیه دادن داشته باشیم . سپاس از شما دوست عزیز
Neutral,واقعا سپاس گزارم
Neutral,لطفا گزینه های امتیاز دهی رو عوض کنید مثلا کیفیت سیم اصلا مهم نیست باز باید عوض بکنیش.بجاش مهمترین گزینه یعنی کیفیت صدا را اضافه کنید .
Neutral,"تو این رنج قیمت گوشی با کیفیت کم نیست توجه داشته باشین حتما s5 G4 G3 M9 , . ."
Neutral,دیجی کالا لطفا موجودش کن میخوام بخرم
Neutral,لطفا یه نگاه کلی داخل نظرات بندازین و ببینین اونایی که تعریف کردن بیشتر + گرفتن یا اونایی که زدن تو سرش ! ! بعدشم لطفا تا گوشیو از نزدیک ندیدین و باش کار نکردین نظر ندین . . شمایی که گفتین زشته این نظر شخصی شماست ، پس به دیگران تحمیل نکنید . .
Neutral,سلام . . لطفا هر چه سریع تر این انگشتر را موجود کنین
Neutral,سلام دوستانی که از دیجی تهیه کردن ، لطف کنن بگن ساخت کدوم کشور هست ؟
Neutral,با سلام و خسته نباشید خدمت عوامل محترم و زحمت کش دیجیتال کالا و به خاطر سایت بسیار خوب جذاب و کاربردیشون . خواهش میکنم این جاروبرقی رو موجود کنید بشدت بهش احتیاج داریم برای تکمیل جهاز.با تشکر فراوان
Neutral,ای کاش رنگ مشکی اش موجود بود
Neutral,سلام دوستان من میخوام برای لپ تاپ این رو تهیه کنم اما پیشنهاد میدید این رو خردیاری کنم ؟ یا برم هندسفری مخصوص و فابریک Iphone رو خریداری کنم ؟ برای استفاده در لپ تاپ ؟
Neutral,من این گوشی رو دارم تنها یه چیز باعث نارحتیه اونم باطریشه 2 روز اول خوب بود ولی بعدا کداشتم شارز شد دیگه بیشتر از یک یا یک و نیم روز جواب نداد
Neutral,دیجی جان لطفا رنگ سفیدشو موجود کن
Neutral,سلام بچه ها من بین این mp3 player و mp3 player انرژی سیستم انرژی اکتیو 2 موندم،به نظرتون کدوم بهتره؟خواهش میکنم راهنماییم کنید
Neutral,سلام لطفا تفنگ های بادی فنری و پی سی پی هم بیاورید
Neutral,با سلام میشه 32 هم موجود کنید . . اون هم متقاضی زیاد داره . . منتظریم
Neutral,سلام . یه سوال دارم لطفا هر کی میدونه جواب درست بده چون از هرکی میپرسم یه چی میگه . میخواستم بدونم گوشی های که باتریشون غیرقابل تعویضه اگه یه موقع باتریش خراب بشه چی کار باید کرد ؟ دی جی کالا لطفا هرچه زودتر نقد و بررسی این گوشیو بزار . ممکنه تا اسفند قیمتش بیاد پایین ؟ چون الکی بالایه .
Neutral,سلام من این روتر را دارم اما برد ان بیشتر از 2 متر نیست سرعتش خوبه ولی الان که تو اتاق گذاشتم تو سالن انتن نمیده به adsl وصل کردم سرعت ای دی اس ال هم 512 هست مشکل از چیه ؟
Neutral,چاقوها در ظاهر و از نزدیک کیفیت ساخت خوبی دارد . تیغه ها بسیار تیز و چاقو در دست راحت است و وزن مناسبی دارد . پایه هم به نظر من زیبا ، ساده و خوب است . در کنار همه اینها ، اینکه کالای با کیفیتی ساخت ایران هم باشد ، احساس خوش آیندی را بوجود می آورد . به نظر من ، اجبار و یا حتی تشویق کردن مشتری به خرید یک کالای بی کیفیت ، هر چند برای پشتیبانی از تولید داخلی باشد ، کاری اشتباه است که ضرر آن اول متوجه مشتری است که کالا را می خرد و تجربه ناخوش آیندی را برایش به ارمغان می آورد و شاید دیگر سراغ آن تولید کننده و یا حتی دیگر کالاهای داخلی نرود و دوم ضرر بلند مدت آن متوجه خود تولید کننده است که تلاشی برای ساخت کالای با کیفیت و با استاندارد جهانی نمی کند و اگر مشتری اجبار به خرید کالای او نداشته باشد ، محصولش بدون خریدار خواهد ماند ، صادرات که بماند . از خریدم راضی بودم و کاری که پس از خرید این چاقو ها کردم ، آن بود که به سایت Karal مراجعه کردم تا ببینم این تولید کننده ایرانی ، دیگر چه محصولی دارد . .
Neutral,زردشو بیارین لطفا
Neutral,سلام آیا این ضبط سی دی هم میگیره ؟
Neutral,سلام به همه ی دوستان من این موبایل رو دو روز پیش از دیجیکالا خریدم از نظر من این گوشی از سر تا پا خوبه ولی من از یه چیزش خوشم نیومد و اون مرورگر پیش فرز این گوشی بود اگه کسی این گوشی رو خریده لطفا من رو راه نمایی کنه که از کدوم مرورگر استفاده کنم
Neutral,لطفا دوباره بذارید داخل پیشنهادات شگفت انگیز . . سپاس
Neutral,سلام من میخواستم بپرسم آیفون 6 هم به شارژ اولیه نیاز داره ? اگه داره چندساعت باید تو شارژ باشه ? مرسی اگه جواب بدید
Neutral,فکر نمی کنم 30 کیلو آهن و چدن ارزشش اینقدر باشه !
Neutral,سفیدش دیگه موجود نمیشه ؟
Neutral,درود لطفا موجود کنید .
Neutral,دیجی کالا لطفا آبی رو موجود کن
Neutral,صفحه ی نمایش قوی یا ضعیف ؟ با سلام خدمت دوستان عزیز من رفتم به یکی از نمایشگاه های شهر خودمون(مشهد ) و این گوشی رو گرفتم دستم باهاش کار کردم نرم افزارهایی که روش نصب بود رو باز کردم مشکل(از نظر صفحه)نداشت و یک متن رو باهاش نگاه کردیم راحت خوانا بود و دیده میشد و مشکل هم نداشت حتی سرمم جلو بردم ولی بازم پیکسل هاش رو ندیدم و واقعا صفحه ی بزرگش ادم مجذوب خودش میکنه . باهاش عکس هم گرفتیم از یک متن و و روش زوم زیادی هم کردیم ولی کیفیت نوشته های توی عکس خیلی تفاوتی نداشت روی هم رفته گوشی خوبیه .
Neutral,بنده گوشیم آیفون هست و هیچگونه مشکلی برای پرینت از طریق گوشی ندارم
Neutral,آقا این گوشی که دیگه نباید تشخیص اصلش از غیراصلش سخت باشه ! دیگه Touch ID چیزی نیست که کپی بزنه ! اگه اثرانگشتتو نخوند که ببر پسش بده اگرم که سالم بود که فبح المراد . . ! ( البته دقیقا مطمئن نیستم ولی باید اینطوری باشه ) : )
Neutral,دیجی کالا خواهشا همین رنگی که عکسشو گذاشتین موجود کنین یعنی همین نقره ای قرمز . . بخاطر اینکه تقلبی این هدفون بسیار زیاده و بسیار شبیه اصلیه نمیشه از هر جایی تهیه کرد . . خواهشا موجود کنید ممنون
Neutral,دیجیکالا تا عید موجودش کن
Neutral,در جواب دوستمون جواد سلطانیان از طریق وای فای به اینترنت متصل میشه.دفترچه تلفن هم داره.از این لحظ مشکلی با برنامه های مورد نظر شما نداره.اگر تهران هستین میتونین برین بازار موبایل ایران(پل حافظ ) ، اونجا روشنش رو گذاشتن تا مردم باهاش کار کنن،اگه مورد رضایت بود از دیجی کالا سفارش بدین تا خیالتون راحت باشه .
Neutral,دوستانی که موندن iPad Air بگیرن یا اینو چند مورد رو ذکر کنم ! اگه می خواین از کار کردن با تبلتتون خسته نشین و سرگرم بمونین ، این تبلت انتخاب بهتری هست . چرا که امکانات خیلی بیشتری داره ، از جمله قلم سامسونگ ! اگه می خواین یه تبلت با اجرای سریع و بدون لگ و یا به قول ما ایرانیا بدون تیک داشته باشین iPad Air بهتره ! این مورد هم در نظر بگیرید که این تبلت کارت حافظه می خوره و می تونید تا 64 گیگ بهش اضافه کنید ولی آیپد نمی خوره ! به هر حال هر دو تبلت فوق العاده هستند . بعد از یک هفته تحقیق من این تبلت رو انتخاب کردم و به زودی می خرمش ، شما هم اگر فیلم های نقد و بررسی این تبلت رو در سایت های خارجی مشاهده کنید می فهمین که با چه غولی طرف هستید ! نسبت به هزینه ای که پرداخت می کنید خیلی به صرفه تر از آیپد هستش ! نمی خوام واسه اجرای کمی سریع تر iOS این همه امکانات سامسونگ رو از دست بدم !
Neutral,دوستان توجه کنید که این گزیده مقاله های مارکس هست
Neutral,لطفا رنگ سفید رو موجود کنین
Neutral,با تشکر دیجی جون لطفا پیشنهاد ویژه سریع ممنون از زحمات
Neutral,سلام دوستان من یه ماهی میشه خریدمش میخوام بپرم که چطوری میشه اون پلیر سامسونگ رو فعال کرد اخه غیر فعاله من که نتونستم فعالش کنم یکم هم امنیتش رو بالا بردن نمیشه با ام ایکس یا ای اس چیزی رو پاک یا رینیم یا کات کپی کنی لطفا جوابمو بدین ممنون میشم خیلی . .
Neutral,با سلام خدمت دوستی که گفته بود اسپیکر دوم الکیه باید بگم اون چیزی که شما دربارش حرف میزنی اسپیکر نیست . میکروفون هستش.این فناوری روی HUAWEI P8 هم وجود داره
Neutral,در جواب مهمان : این گوشی 8گیگ حافظه داره که 5 . 8 اون در دسترسه که 4 گیگ اون حافظه خارجی به حساب میاد و 1 . 8 اون حافظه داخلی
Neutral,من دیروز دوربینش رو تو تخفیف گرفتم و با توجه به نظرات کاربران همه نگران بودن ک فیلمش رو از گجا بگیرن ممنون از دیجی کالا بابت توجهش به نظرات کاربران و ممنون ازینکه فیلمشو گذاشتین چون خودمم مونده بودم ک از کجا بگیرم : )
Neutral,با سلام در صورت امکان در قسمت پیشنهاد شگفت انگیز باشه ممنون .
Neutral,"سلام به عنوان کسی که 5 ساله گوشی اصلیم htc بوده من چن وقتی میشه این گوشی رو دارم و چون خودم موبایل فروشی کار میکردم از قبل زیر نظر داشتمش خریدمش.گوشی فوق العاده ای هست و از همه نظر حتی نیاز های کاربران حرفه ای رو هم برآورده میکنه . من به طور ویژه این گوشی رو به علاقه مندان موسیقی ( کیفیت 24 بیتی و بوم ساوند دالبی)و عکاسی(حالت های پیشرفته عکاسی و raw و . . ) که دوست دارن خاص باشن پیشنهاد میکنم . وقتی گوشی رو دستتون میگیرین به خاطر زیبایی و کیفیتش همه اطرافیانتون مدل گوشیتونو میپرسن . انواع بازی های سنگین رو هم روش امتحان کردم هیچگونه لگ و افت سرعت وجود نداره . شخصی سازی بسیار بالا رفته و به زودی هم اولین گوشی خواهد بود که اندروید 7 رو بعد از سری نکسوس دریافت میکنه . بعضی ها میگن باطریش ضعیفه , اما بلد نیستن چ کار کنن.برای رفع این مشکل پاور سیور خود گوشی رو فعال کنید و نرم افزار boost+ رو که مال خود شرک htc هست رو نصب کنید تا مشکلتون رفع بشه.من با این کار در طول روز اینترنتم وصله و استفاده ی زیادی میکنم و فقط یکبار تو روز شارژ میکنم.البته خیلی هم زود شارژ میشه که هیجان زده میشین . امکانات زیادی داره که اینجا نمیشه گفت مثل خوندن حافظه جانبی به عنوان حافظه ی اصلی , htc zoe , کیف dot view , صفحه blinkfeed , حسگر اثر انگشت سریع دقیق و البته 360 درجه , تم های زیبا ( امکان ساخت تم و . . ) , و . . خلاصه یک گوشی کامل که به راحتی میتونه نیاز تمام افراد رو برآورده کنه"
Neutral,فیلتر هوای قابل تعویض نداره ؟ ! یعنی چی ؟ نمیشه تعویض کرد ؟ دوست عزیز آقای غفاری گفتن فیلترهاش رو میخرن پس حتما عوض میشه دیگه ؟ !
Neutral,منهم در مورد آپدیت این گوشی به اندروید 6 همراه با سنس 7 تو سایتهای معتبر خوندم.امیدوارم این اتفاق بیوفته . اما در مورد ریست کردن گوشی در زمان هنگ که دوستان سوال کرده بودند عرض کنم که اگر یه وقت گوشی هنگ کرد میتونند با گرفت دکمه پاور و ولوم بالا برای چند ثانیه عمل ریست انجام بدن و احتیاجی به در اوردن باطری نیست.به همین سادگی .
Neutral,کابلی که باید به کامپیوتر وصلش کنه نداره ؟ ؟
Neutral,دوستانی که خریدم پاسخ بدن لطفا : 1 - چند نفرست ؟ ( چندتا بشقاب یا قاشق چنگال داره ) 2 - جنسش چه طوره ؟
Neutral,خیلی عالیه فقط ای کاش دیجی کالا آثار استاد همایون خرم و استاد صبا ، استاد یاحقی استاد تجویدی ، استاد ملک رو هم برای فروش میگذاشت که دارن به فراموشی سپرده میشن و تقریبا آثاری کم یاب هستند .
Neutral,میشه محافظه صفحه شم موجود کنید نخوایم از بیرون بگیریم و همین طور کیفشا یا گاردشا
Neutral,البته پشت تلوزیون من زده از 100 الی 240 ولت برق رو ساپورت میکنه که این محافظ از 170 تا 245 رو ساپورت میکنهکه برق از 170 به پایین و از 245 به بالا بره قطع میکنه
Neutral,سلام چرا حوله ماندگار تبریز تو سایتتون وجود ندارد ؟
Neutral,دیجیکالا لطفا این گوشی رو موجود کن ! : D
Neutral,با سلام / با تشکر از دیجی کالا من قصد خرید این گوشی رو دارم ولی یکی از فروشنده ها میگفت : امکان نصب فارسی ساز و نرم افزار های دیگه هم روی این گوشی وجود نداره ! ! می خواستم بدونم آیا درسته که نمیشه روی این گوشی ( مدل G ) نرم ازفار نصب کرد ؟
Neutral,دیجی کالا بیار این لب تاپو
Neutral,در پاسخ حسین عباسی . من خودم به شخصه این لپتاپو از دیجی گرفتم و نظر شما کاملا غلطه و هیچی در مورد لپتاپ نمیدونید . من خودم گیمر حرفه ای هستم و همه بازیامو رو اولترا بازی می کنم و تا الان خوب جواب گرفتم . شما هم میخوای مارک لنوو رو خراب کنی وگرنه ایسوس و اچ پی باید جلو لنوو لنگ بندازن
Neutral,سالام دوستان گلم بکس دیجی کالا ، گوشی میخوام بخرم لطفا راهنماییم کنید گوشی میخوام 400 تا 450 RAM 1 باشه تقریبا کار کنه دیگه ، یه چیزی باشه که پشیمون نشم از خریدش لطفتونو از من دریغ نکنید ( بودجم از این قیمت بیشتر کشش نداره هرچی )
Neutral,این محصول هم مثل بقیه یه سامسونگ ها در بازار بیشتر از نسخه ی اورجینال نسخه فیک پیدا میشه و بدلیل جدید بودن قیمت بالایی نسبت به گوشی های دیگه با همین امکانات دارد
Neutral,دیجیکالا دیگه بیارش همه میخوان بخرن دیگه إنشاءالله تا چند روز بیارش با تشکر
Neutral,من دیروز سفارش دادم و هنوز به دستم نرسیده اما برادر زادم عاشقش شده
Neutral,سلام من ورژن 3 این دانگل رو میخوام از کجا میتونم چک کنم که شما ورژن 3 دارید ؟
Neutral,سلام دوستان من همه ی نظرات رو خوندم مسلما گوشی از این بهتر نیست و 17 ام میرم که گوشی رو بخرم ولی فقط یک نکته که دلم می خواد براتون بگم اینه که زیاد شدن قطر گوشی یکی از علت هاش به خاطر وجود دستگاه خنک کننده در گوشیست که کارایی گوشی در هنگام game رو بهتر می کنه و باعث افزایش طول عمر باطری میشه من اینو بعد از دو هفته تحقیق رو این گوشی فهمیدم موفق باشید دوستان و کمال تشکر از دی جی کالا
Neutral,ایا این لپتاپ گرافیکش تعویض میشه ؟ ؟
Neutral,سلام دیجی جان لطفا هرچه سریع تر موجودش کن قصد خرید دارم .
Neutral,من اینو تو خوده سایتش دیدم . خیلی منتظر موندم تا بیاد حالا باید پول جمع کنم بگیرمش
Neutral,دیجی جوون ویژه اش کن .
Neutral,سلام ازدیجیکالا بسیار ممنونم به خاطر اطلاعاتی که میده خواهش میکنم اینو تا آخر ماه با یک قیمت مناسب موجود کنید هرکی موافقه و میخواد بخره +فشار بده
Neutral,تا حالا چند تا عطر از دیجیکالا گرفتم اما این یکی خیلی رقیق است یعنی زدن یا نزدنش زیاد فرقی ندارد .
Neutral,سلام دوستان این ماشین حساب انتکرال میگیره لطفا جواب بدین برام خیلی مهم
Neutral,سلام . کسی روی این گوشی آسفالت 8 نصب کرده ؟ میخوام ببینم جواب میده یا نه ؟
Neutral,دوستانی که میگن این گوشی مثل ایس 2 هست.باید توجه کنند که ایس 2 از این گوشی به دلایل زیر بهتر است . چگالی پیکسلی246در برابر233 کیفیت صفحه نمایش بهتر نازکتر بودن حافظه رم768مگابایتی در برابر512مگابایتی پس گوشیgalaxy ace 2 i8160از این گوشی بالاتره
Neutral,رو چارچوب درهایی که بالاشون قوس دار هستن هم راحت نصب میشه البته باید ارتفاع رو در نظر داشته باشید .
Neutral,سلام لطفا قرمزشو موجود کنید . ممنون
Neutral,باعرض سلام و عرض خسته نباشیدو قبولی طاعات و عبادات تمامی کاربران سایت دیجی کالا همچنین تمامی دست اندرکاران این سایت وزین . لطفا این تبلت رو موجود کنید و اگر امکان داشت توو پیشنهاد ویژه قرار هم بدین.با نهایت تشکر از شما
Neutral,سلام دوستان مال شما هم این چراغ پشت فرمون شماره 2 3 4 اش روشن نمیشه ؟ : | اصلا چی هست ماله من فقط همیشه شماره 1 روشنه اگه کسی میدونه ممنون میشم راهنمایی کنه
Neutral,به ایکس وان هم میخوره ؟
Neutral,سلام خدمت همه ی دیجی کالایی های عزیز ازتون خواهش دارم این گوشی رو مثل نوت4 و اپل 6 و زد 3 و . . که با هم مقایسه میشدن از نظر صفحه نمایش دوربین سرعت باطری و به هر کدوم امتیازی میدادین برا این گوشی هم انجام بدید از شما خواهش میکنم این کارو کنید با تشکر از دیجی کالا و کارکنان خوبشان
Neutral,من منظر موجود شدن سایزهای بزرگتر هستم . xlوxxl
Neutral,دیجی جان اینو فروش ویژش کن عزیز . .
Neutral,انگار تب اس رو کوچیک کردند
Neutral,سلام . می دونم که اجناس دیجی کالا اصلی هستش . اما آیا این باتری Note 2 که الان موجود شده ، اصلیه ؟ قیافش که نمیخوره ! اگه کسی از دوستان خریده ، لطفا راهنمایی کنه . ممنون
Neutral,دوستان خیلی از این مسائلی رو که مطرح میکنید با آپدیت کردن فریمویر حل میشه
Neutral,دوستانی که این رو دارن وقتی با خودکار یا مداد روش می نویسی رو صفحه اش خط و خش نمیفته ؟
Neutral,این هارد برای NVR طراحی شده .
Neutral,اگر نوکیا لومیا520 دوربین جلو داشت می خریدمش
Neutral,من با هر دو لنوو کار کردم هم 3500 و 5500 ، به دلایل مشکلات و کیفیت پایین صفحه نمایش و چیزهایی که توضیح دادم انتخابش نکردم ، ولی اینطور هم نبود که برم و تو بخش نظرات این محصولات بیام و دوباره نظرات گذشتشونو دوباره تکرار میکنیم و بشمورم بگم انقد گفتن این انقد گفتن این و شروع به اتهام زنی به دیگران کنم ، میتونید به بخش نظرات تو همین سایتم برید و سر بزنید حتی راه حل هایی برای ریست کردن و مشکلات تاچ پیشنهاد شده میتونید یافت کنید . شما جواب هیچ کدوم از سوالات من رو ندادین . به هر حال ممنون که میاید و دوباره نظرات قدیمی رو میخونید و برای دوستان تکرار میکنید که یه مروری بشه . هر چی به دقت خوندم مثلا همین اخریش نگفتین که مدیاتک کدوم بازی رو بهتر از 3745 اجرا کرده ، جوابی ندیدم . اگه شما دیدین بگین . و این که گفتم ایرادات رو فنی و تخصصی بیان کنید جوابی ندیدم . نظرات من هم از کل این صفحه حذف کنید و نشمارید . اطلاعات بدین کسی مشکلی نداره ولی اتهام زنی به این که ما داریم طرف داری میکنیم ، گمراه میکنیم ، فریب کاری میکنیم ، نظر متعصبانه میدیم ، نا همسانی شناختی داریم این خیلی بد و به دور از ادبه . نظرات ما روشنه ، مقایسه محصول و ویژگیهاش با در نظر گرفتن رده قیمتی باید سنجیده شه . که این تبلت در مقایسه با رده قیمتی از وضعیت بسیار خوبی برخورداره . و این که هیچ محصولی بدون نقاط ضعف نیست مسلما که باید با قیمت پرداختی سنجیده شه . شما هم تمامی نظراتتون برای همه به ویژه شخص بنده بسیار بسیار محترمه ولی باید به نظرات مخالف احترام گذاشت و به تخریب و اتهام زنی نپرداخت . به امید یه انتخاب عالی : - )
Neutral,عاالیه ، بلأخره موجود کردین مرسی digikala
Neutral,سلام دیجی جان لطفا در پیشنهاد شگفت انگیز
Neutral,سلام و خسته نباشید . لطفا پیشنهاد خیلی خیلی ویژه . + لطفا
Neutral,بالاخره به دستم رسید اول از همه باید گم من دنبال مودمی بودم که بتونم انتننشو عوض کنم که خدا رو شکر این مودم انتن هاش جدا میشن دوم اندازشو بگم که نسبت به بقیه مودم هایی که داشتم یزرگتره ولی بسیار زیباست انتن دهیشم بدک نیست قابل تحمله دیوارهای خونا زخیمه برهمین امواج مشکل دارن ب این حال تا 50 متر جواب میده هرچند افت انتن داره
Neutral,توجه ! توجه ! توجه ! تورووخدا کمکم کنید من این تبلتو شیش ماه پیش از دیجی خریدم و واقعا از این سایت ممنونم ولی تبلتم دیگه شارژ نمیشه چیکار کنم ؟ ؟ توروخدا دوستان جواب بدید.من حتی فک کردم از بازیه زیاده و هرکاری کردم تا درست شه ولی نشد.دیجی جان تورو خدا راه حلی بده حداقل اگه درست نمیشه بگین می تونم از گارانتیش استفاده کنم؟یکی راه حل بگه بهم ! !
Neutral,لطفا مدل n551jk رو مورد بررسی قرار بدید
Negative,من 8 ماه این گوشی رو دارم . اصلا بازی های HD رو اجرا نمیکنه.رم اش پایینه یکم دیگه سره کیسه رو شل کنید گوشی بهتری بخرید
Negative,من این عطر رو دو ماهپیش خریدم.ماندگاری این عطر بسیار کم بوده و حتی خود فرد هم بوی عطررو استشمام نمیکنه .
Negative,فک کردم رنگ خودکار متفاوته . اخه 50 تا خودکار آبی به چه دردی میخوره .
Negative,من خریداری کردم ، برای نوت 5 ، متأسفانه فست شارژر عمل نکرد . من گوشیم رو با شارژر اصلی نوت 4 شارژ کردم بدون هیچ مشکلی و اونم با فست شارژ ، با شارژر اصلی s7 هم شارژ کرئم اونم بدون مشکل . مدل شارژرشون هم دقیقا یکیه همشون . البته دم دیجی کالا گرم که پس گرفتن و پول رو عودت دادن . خدایش آدم خیالش راحته از دیجی کالا خرید میکنه .
Negative,سلام تبلت p5100 قابلیت otg رو ساپورت نمیکنه گفتم در جریان باشید پولتون حروم نشه
Negative,به نظرم بیشتر شبیه اسباب بازیه . خیلی کوچیکه و موتورشم ضعیفه . فقط ظاهرش خوشگله همین
Negative,گول دوربین 13 مگاپیکسلیش رو نخوردید در حد همون 8 هستش تو شرایط نوری ضعیف هم اصلا خوب نیست .
Negative,متن بسیار ضعیف
Negative,"اخیرا WiFi هنگ میکنه , یعنی نمیتونم خاموش یا روشنش کنم و بایدگوشی رو خاموش و روشن کنم تا wifi دوباره کار کنه"
Negative,سه هفته هست که این تبلت رو خریدم ، نسبت به قیمتش همه چیزش عالی هست ، فقط ای کاش کمی اطلاعات بیشتری رو اینترنت ازش بود . من دیدم روی جعبه تبلت نوشته 3g ساپورت هست ، رفتم مودم و سیم کارت خریدم ، ولی الان فهمیدم که فقط با مودم های 3g خود مارشال کار میکنه که هنوز وارد کشور نشده و الان مبلغی که هزینه کردم بی استفاده افتاده کنار .
Negative,تنها نکته منفی این گوشی حافظه کم داخلیشه
Negative,از خریدش پشیمونم .
Negative,گول عکس ها رو نخورید
Negative,پیشنهاد میکنم از LG V10 و LG V20 دیدن کنید . .
Negative,وقتی توی شارژه اصلا پخش نمیکنه باطریشم زود تموم میشه
Negative,با این پول برید imac 5K بخرید به هر کی بگی برا اچ پی اینقدر پول دلدم برات میخنده
Negative,من این باندو دارم تیوترش زود میسوزه نباید زیاد بهش فشار بیارین ولی در مجموع باند بدی نیست
Negative,من 8 ماهه این تیلتو دارم و اصلن باهاش حال نمیکنم .
Negative,درسته گوشی خوییه ولی نسبت به این قیمت واقعا ارزش خرید نداره . .
Negative,من با کلی ذوق و شوق اینو خریدم الان بعده یک ماه که تا حالا ده بار هم روشنش نکردم ! کلا اصلا روشن نمیشه حالا نیمده باید ببرمش نمایندگی ! !
Negative,تو مشخصات نوشته 105 لومن . یعنی به اندازه یه لامپ 2 وات هم بازده نداره . .
Negative,اصلا با این قیمت نمی ارزه بخاطر طراحی خاصشه وگرنه عطرش چیز خاصی نیست
Negative,منم با فرمایش اقای افشین نظمی موافقم من مودم 8960 داشتم از اینم گرونتره و usbهم نمیخورد ولی مودم بود خط ما که پر از نویزه دیسکانکت نمیشد الان 2750 مشکی دارم خود بخود دیسکانکت میشه
Negative,من خریدم ، بعد از دو هفته استفاده aux خراب شد ، کلا هم کیفیت aux خوب نیست ولی usb به نسبت قیمت خوبه حالا دوستان میدونن میشه rca که پشت یونیت هست به عنوان aux استفاده کرد ؟
Negative,اگه موقعه ای که گوشی به پایه وصله ازش استفاده کنید پایه به شدت تکون می خوره و واقعا اعصاب خرد کنه
Negative,این محصول امروز به دستم رسید دوستان دقت کنند رنگ نگینش خیلی تیره تر از اینی هست که تو عکس میبینید و اصلا روشن نیست
Negative,همون دفعه اولی که استفاده کردم خیلی زود انگشتر از حلقه کنده شد . چندبارم با چسب چسبوندم ولی بازم کنده شد
Negative,من این دستگاه رو در اصل برای مود ریپیر(wifi extender ) خریدم که مکرر باید ریستش میکردی . . لاست پکت خیلی داشت . . دستگاه ها بهش متصل نمیشدن یا هنگ میکرد.مود ap bridge هم به اکسس پونت مبدا وصل نمیشد.یکبار هم گارانتی کامل عوضش کرد که دومی هم مثل اولی بود.البته ورژن سخت افزاری دستگاه من 2 بود . . بقیه ورژن ها رو نمیدونم .
Negative,واقعا از نظر من بی کیفیت بود ، من گول اسم هیدرودرم رو خوردم . اما در واقع استفاده کردن این محصول ، با استفاده نکردنش هیچ فرقی نداره
Negative,چرت نگو لولو اگه اس پنج داشتی اینجا نبودی
Negative,با سلام - من از مدل M100 خریدم برای MVM530 ولی متاسفانه پشیمون شدم ، چون MVM فابریکی پاور ویندو داره ولی وقتی با دزدگیر درب رو قفل میکنید عمل نمیکنه و باید دوباره 100 تومن هزینه پاور ویندو جدید بکنید چون با فابریکی عمل نمیکنه ، دومین مشکل استارتر دزدگیره که این هم فقط با قرار دادن سویچ بر روی خودرو ( بخاطر وجود ایموبلایزر ) امکان پذیره و عملا برای کسایی که پارکینگ ندارن بیفایدست چون ریسکش خیلی بالاست .
Negative,به نطر من هیچ تاثیری نداشت فقط رایحش خوب بود
Negative,واقعا بی استفاده و بی مصرف هستش.اصلا پیشنهاد نمیکنم
Negative,اصلا گوشیه خوبی نیست به خاطر قیمت بالایی که داره کسی که میخواد خرج کنه خوب 100 دلار بیشتر میده و 5s رو میخره با کلی امکانات بیشتر از جمله سنسور اثر انگشت و پردازنده 64 بیتی و خیلی امکانات دیگه این گوشی توی تست ضربه ضعیف تر از 5 عمل کرده در حالی که هم قیمت اونه و از لحاظ سخت افزاری دقیقا مثل اونه پس به نظرم ارزش خریدش از 5 هم کمتره البته تنوع رنگی که داره ممکنه برای بعضی ها مزیت بزرگی باشه ولی از طرفی خیلی ها المینیوم رو به پلاستیک ( هر چند با طراحی و استحکام خوب ) ترجیح میدن در کل به نظرم اگر کسی سیستم عامل به هر جهتی براش مهم نیست ! کلا بهتره که این گوشی رو نگیره و سراغ سری لومیا بره
Negative,فقط یک ظرف آب زیباست و توانایی حفظ گرما یا سرما را به هیچ وجه ندارد
Negative,بزرگترین ایراد ارسال سر و صدای اطراف . Jabra Motion رو پیشنهاد میکنم .
Negative,سلام.یه نصیحت دوستانه بکنم قید این گوشیئ بزنید اصلا خوب نیست یه زره بیشتر هزینه کنید و از ال جی بخرید باور کنید زمین تا اسمون تفاوت دارن
Negative,با سلام خدمت دوستان عزیز من این تبلت رو میخواستم بخرم ولی بعد از کار کردن باهاش پشیمون شدم کیفیت صفحه نمایشش خیلی پایین هست جنس بدنش اصلا خوب نیست به ادم حس خوبی نمیده به نظر من هرکی میخواد انقدر پول بده این تبلت بخره دیمو بخره بهتره
Negative,", قیمتشو بیارید تو رنج پایین تر اینجوری ارزش خرید نداره یا تو پیشنهاد ویژه قرارش بدید"
Negative,چرا هواوی سامسونگ خیلی بهتره
Negative,دوستان من 2ماه که این تبلت رو خریدم.مشکل وای فای داره.حتما باید نزدیک دستگاه وای فای باشم که قطع و وصل نشه.کافیه فاصله بگیرم آنتن نصف بشه مرتب قطع و وصل میشه.عصبیم کرده.مال شما این مشکل رو نداره ؟
Negative,در یک کلام به درد نخور
Negative,glx spider خیلی از این بهتره .
Negative,سلام . اونی که انتظار دارید نیست خصوصا شیشه استفاده شده داخلش و خط روی درب استیل آن
Negative,من یک سری از این ابزار خریدم . یکیش شکسته هستش ارزش پس فرستادن نداره . اصلن خرید از دیجی کالا برای شهرستانیها مقرون به صرفه نیست
Negative,ظرفیت کم و جنسیتش چندان خوب نیست
Negative,من نمیدونم چرا دیجی کالا اینجوری میگه قیمتش خیلی پایین تر از این حرفاس
Negative,از نظر من ترجمه بسیار ضعیف و گیج کننده است .
Negative,خیلی کتاب پر محتوایی نبود بیشتر یه جور همدردی با ادمایی بود که از بیشعور های اطرافشون رنج میبرن ! یعنی اینکه با خوندن این کتاب میفهمید یه نفرم اونور دنیا عین شما از بیشعور ها رنج میبره البته اگرچه اشاره ای کوتاه به درمان کرده ولی درمانش بدرد خودش میخوره ! !
Negative,طراحیای msi هم که مثل همیشه داغون
Negative,کلا توی این رنج قیمت اصلا نمیارزه خریدش و بهتر بجای خرید این خودرو دنبال خودروهای دیگه مثل کارکرد پایین اپتیما و یا نیسان جوک و یا سراتو باشید
Negative,اصلن و ابدن تبلت خوبی نیست ، در حد عکس و فیلم دیدن و آهنگ گوش دادنه،فقط همین ، لطفن با دقت و آگاهی نظر بدیم ، که دوستان راحت تر تصمیم بگیرن ، در کل به درد نمیخوره .
Negative,به نظر من با توجه به امکانات و قیمتش ارزش خرید نداره
Negative,دوستان عزیز من قصد خرید این لپتاپ رو دارم ولی بخاظر ی مشکل بزرگ دارم پشیمون میشم و میرم سمت msi ge60 و اونم اینه که کابل vga بهش وصل نمیشه و برای من خیلی مهمه چون برای ارایه و کنفرانسم باید وصل کنم به پروژکتور و این لپتاپ نداره ورودیشو . راهکاری داره خواهشا کمک کنید درضمن من ps3 دارم و با لپتاپ بازی نمیکنم ولی کارهای گرافیکی انجام میدم ولی چیزی میخوام که چون دارم pcمو میفروشم بتونه جاشو پر کنه
Negative,من تبلت به دستم رسید وحالا دارم استفاده میکنم اما باتریش یک ساعته تمام میشه و برای دریافت نقشه ها از طریق wi-fiمیگه اعتبار شما منقضی گردیده وکیفیت صفحه ال سی دی پایینه دست بهش میزنی صفحش حال جوهری میگیره
Negative,از نظر صدا خوب نیست
Negative,این گوشی چون قابلیت OTG نداره وقتی بخواین فایلی رو از یه کامپیوتر دیگه بهش منتقل کنین چون اون کامپویوتر بدون درایور گوشی رو نمی خونه واستون مشکل ایجاد میشه من خودم بارها با این مشکل مواجه شدم و از قابلیت otg استفاده کردم و مشکلم حل شد بعضی جاها که فکرشو نمی کنین واقعا به کارت میاد . یا بازی Gta و مدرن کمبت 5 رو تو حالت مولتی پلیر با گیم پد بازی کردم خیلی بدردم خورده تا الان .
Negative,وقتی چند نفر بهش متصل میشن هنگ می کنه تو گوشی های نکسوس هم وایرلس دیر وصل میشه و گاهی اوقات هم متصل نمیشه به نظرم بردش هم نسبت به مودم زایکسل که قبلا داشتم کمتره
Negative,قفل نگه دارندش خیلی ضعیفه
Negative,"آخه نبود gps جزء معایب محسوب می شه واقعا ؟ ! تبلتی که پورت فول usb داره همه چی بهش وصل میشه . پس می تونین جزء مزایاش بنویسین داشتن رادیو , تلوزیون . . اگه دنبال این هستین که چیزی پیدا کنین تو قسمت معایب بنویسین که حرفی نیست ."
Negative,برخلاف عکسش اصلن چاپ تمیزی نداره و روی ماگ برجستگی هاییه که تو چشم میزه . دسته ی بسیار کوچکی داره که فقط 2 انگشت داخل آن قرار میگیرد که به نسبت حجم و وزن ماگ بسیار نامناسب است ، من تو تخفیف خریدم که فکر میکنم حداکثر ارزشش بیشتر از این قیمت نباشه .
Negative,سلام ، من چند روزی میشه که از دیجی کالا خریدمش ، از همه نظر خوبه فقط یه مشکل دارم که وقتی آپدیتش کردم هی ریست میشه . تو این قیمت زیادیم هست بنظر من ، ایراد الکی نگیرین ! !
Negative,میتونست حداقل جای پا بزاره که بشه بچه رو چرخوند ولی اینم نداره
Negative,این گوشی 1 ماه دستم بود،آنتن دهیش مشکل داشت و اصلا نمی شد یک تماس سالم باهاش داشت،تاچش کنده و در کل خیلی خنگه.بعد یک ماه رفتم به نصف قیمتی که خریده بودم با بدبختی فروختمش که فقط دیگه جلو چشمم نباشه .
Negative,آقایون خانم ها من خریدم اصلا خوب نیست نخرید که پولت حیف میشه تا 40 % هم شارژ نمیکنه گوشی ها رو
Negative,من این مکمل رو واسه خودرو 206 تیپ 5 استفاده کردم و مصرف ماشین در 100 کیلومتر به 1 لیتر کاهش یافت . شتاب خودرو افزایش نشان داد و به راحتی نیز روشن میشد ( قبل از استفاده از این محصول براحتی موتور روشن نمی شد ) البته چون من در کلان شهر زندگی نمی کنم و بلاطبع کیفیت بنزین جایگاهها نیز پایین تر از کلان شهرهاست این محصول مفید و استفاده از آن برای اینجانب مشهود بود ولی بقیه دوستان اگر از بنزین یورو 4 به بالا استفاده می کنید این محصول را پیشنهاد نمی دم .
Negative,بدنه بی کیفیت و داغ شدن زیاد ، دوربین بی کیفیت و باطری با عمر کم از معایب این گوشیه
Negative,من این گوشی حدود یک ماه خریداری کردم متاسفانه به شدت ضعف آنتن دهی داره
Negative,به نظر من مشکل اصلی این گوشی دکمه های خیلی خیلی کوتاهشه ، صداشم خیلی خیلی ضعیفه .
Negative,سلام این محصول با اون چسبهایی که داخل بسته بندیش هست اصلا قابل اطمینان نیست وهر لحظه امکان کندن اون از روی دیوار هستش فقط به همون عکسابسنده کنید زیرا کاربردی نیست
Negative,برای مصارف ارایشگری اصلا مناسب نیست . مخصوصا برای فر کردن . موها گیر میکنه و راحت فر نمیشه . کافیه یه ذره ژل یا تافت بهش بخوره مو حالت چسبندگی پیدا میکنه .
Negative,سلم دوستان من یک ماهه خریدم الان یکی از چراغهای شارژش روشن نمیشه خواستم بهتمو بگم در جریان باشید آقا رسیدگی کنید من باید چیکار کنم ؟ ؟
Negative,بسیار بی کیفیت با جنس تفلون خال خالی و دسته های پلاستیکی و حتی جنس تفلون قابلمه ها خط و خش دار بی کیفیت میباشد . من این سرویس رو از پیشنهاد شگفت انگیز خریداری کردم که به هیچ عنوان از این ظروف راضی نبودم و موضوع بعدی این بود که مارک بوگاتی اصلا رو کارتن نبود و فقط روی درب یکی از قابلمه ها بود بقیشون مارک گرانیتی داشتند از دیجی کالا انتظار کالای بی کیفیت نداشتیم
Negative,هنگ کردن دائمی سرعت پایین
Negative,snap dragon 800 از tegra 3 بهتره تو یه سایت بنچمارک دیدم و اختلافشون هم خیلی زیاده فکر کنم نوکیا لومیا 1520 خیلی بهتره
Negative,من اینو تازه گرفتم باید بگم جنس بدنه بسیار بدرد نخوره و براحتی اور لک و انگشت روش میمونه و به سختی پاک میشه واقعا انتظار همچین چیزی رو نداشتم
Negative,انقدر نصب و تعویض فیلتر هوای کابین تندر 90 صخت است که حتی خود شرکت ( هم ایران خودرو و هم سایپا ) فیلتر هوای کابین را نصب نمی کنند تازه جالب تر آنکه تا چند سال اول اصلا کسی نمی دانست تندر 90 هم قیبلیت نصب فیلتر کابین را دارد و تمام تعمیر کاران و خود نمایندگی می گفتند ، تندر امکان نصب فیلتر کابین ندارد و اصلا برایش جانمایی نشده است یک نکته کلی دیگر هم باید اینجا اضافه کنم که تندر 90 و بقیه محصولات رنو بد تعمیر ترین ماشین های جهان هستند و به همین خاطر کابوس تعمیر کاران به شمار می روند مثلا برای تعویض فیلتر روغن تندر باید سینی زیر موتور باز شود - در حالی که هیچ ماشین دیگری اینگونه نیست
Negative,اصلا خوشم نیومد تنهایی بدرد نمیخوره
Negative,در پاسخ به محمدصادق گرمسیری باید گفت نخیر دوست عزیز . منو فارسی نداره . ولی کیبوردش کامله . کیبوردش تمامی زبان ها رو پشتیبانی میکنه . اما منو نه . پیشنهادی که دارم اینه که زیاد به فارسی بودن حساس نباش . به کارایی و مواردی مثل رابط کاربری و . . نگاه کن . فارسی کردن کاری نداره ولی بدون دیگه اون سیستم عامل اصلی خودش نمیشه . یه نفر یه تبلت لنوو رو داده بود فارسی کرده بودن . طرف اومده بود بدترین رام رو روش نصب کرده بود ، از همونا که رو گوشی های بدون مارک و بی دروپیکر چینی نصبه ، چرا . . فقط واسه فارسی بودن ! ! پسر بردار با سیستم عامل اصلی کار کن ببین چی ساخته . من خودم از سال 87 به بعد همش تو کار لنوو بودم . با لپ تاپ هاش شروع کردم و الان هم گوشی و تبلتمم لنوو هست . این برند یه برند موفقه . حالا ببینید کی گفتم ، لنوو بازارو میگیره . بعد از این که من اینو گرفتم 4 نفر از دوستام هم سراغش رفتن . محیط عالی . دوربین فوق العاده . باطری مناسب . وزن فووق العاده و خوش دست . گارانتی معتبر . روکش و گارد هم که خودش داره . و . . و . . و . . به این برند شک نکنید . الان تقریبا 2 ماهه دستمه . از سایت خود لنوو هم آپدیت کردم به اندروید 4 . 4 . بعد از آپدیت اصلا سرعتش پایین نیومد . کاملا روان کار می کنه . خط دهیش خوبه . هندزفری که همراهشه کیفیت قابل قبولی داره و در حد معمول راضیتون میکنه . خیلی خوشکله . نرم افزار lenovo security که روش نصبه محشره . آپدیت هم میشه . خلاصه داره تو بازار رقابت میکنه . الان کم کم دارم میرم تو خط lenovo vibe z که یکی از دوستان داشت خیلی تعریفشو کرد . از دیجی کالا هم می خوام این گوشی ها رو هم ساپورت کنه . در ادامه بازم تجربمو از کار با این گوشی واستون مینویسم . مرسی از همه .
Negative,من خریدم ، پشیمون شدم . ارزش خرید را اصلا ندارد .
Negative,سلام . کاربری که گفتن کسی از تکنولوژی چیزی نمیدونه سمت اپل نیاد باید بگم اپل چیز خاصی نداره که متخصصان برن سمتش و اون چیزایی هم که داره به لطف شرق آسیا ( چین کره تایوان ژاپن ویتنام ) داره وگرنه سیستم عامل iOS که بر مبنای اندرویده تقلیده و گوشی های این شرکت بعد از آیفون 5 خیلی بد بودن همه کارشناسان حوزه فناوری اینو تصدیق میکنن اما تبلت های اپل امکانات خوبی دارن که اونجور که اون کاربر نوشتن عالی نیست و تقرییا اکثر شرکت های دیگه به تبلتاشون اضافه کردن و یا داشتن بیاییم کمی از تکنولوژی واقعی حمایت کنیم نه از آپشن های کذایی که کاربرد 0 / 1 درصد دارن عقل و خرد توصیه به همه
Negative,الان که نظر قدیمیمو دیدم خندم گرفت بیشتر از نضف قیمتشو بابت هزینه ایاب و ذهاب گارانتیش فرستادیم ، آخرین بار هم که قرار شد تعویضش کنن موجود نداشتن و مجبور به پرداخت ما به التفاوت شدیم تا یک مدل بالاتر رو بگیریم که دیگه بدرد بچه نمیخوره ، خرید این تبلت مساوی با دور ریختن پوله ،
Negative,اینو می تونم بگم که من و داداشم که گوشیش s7 ادچ هستش باهم هر کدام با گوشی خودمان از مناظر و سلفی گرفته بودیم وقتی نشستیم عکسا رو نگاه می کردیم واقعا داداشم که گوشیش s7 بودش تعجب میکرد از کیفیت عکسهای a5 که چه سلفی وچه بقیه عکسها با کیفیت تر از گوشی اون انداخته بود و برای همین گوشی منو گرفت دوربین هر دوتاشو باز کرد دید و گفت مگه میشه کیفیتش عین هم باشه . خلاصه یکمی فکر کنم از گوشیش هزینه ای که کرده بود نا امید میشد
Negative,سلام راجع به سوال یکی از دوستان ، که پرسیدن مدل 8 هسته ای 4g ساپورت میکنه یا نه ، باید بگم نه ، فقط مدل چهار هسته ای 4g داره که تو ایران گارانتی نمیشه ، و سفارش اروپا ، امارات و برخی کشورهای دیگست . . امروز ششمین s5 هم گرفتم که متاسفانه بازهم camera failed داد ، قضاوت با خود دوستان ، وقتی 4 عدد اس 5 چهارهسته ای گرفتم ، و عین 4 تاش camera failed داد ، چه نتیجه ای میشه گرفت ؟ اما مدل 8 هسته ای ، مشکل دوربین نداره ، و من مدت زیادی استفاده کردم و دیدم که camera failed نداد . . اما مشکل داغ شدنش هست کلا کیفیت ساخت و گرافیک 4 هسته ای بهتره به نظرم ، توی مقایسه های جزیی به این نتیجه رسیدم ، چون هر دو مدل رو مدت زیادی دستم گرفتم با توجه به تجربیاتم ، کرفتن نسخه ی 4 هسته ای - علی رغم اینکه 4g داره ، کمتر داغ میکنه ، دو سیم داره و . . - ریسکه ، بدلیل مشکل عجیب و غریب دوربینش
Negative,باهاش پاوربانک شارژ نکنید که میسوزه
Negative,سلام من این رو بیست روز پیش خریدم واسه 206 . اولش با اینکه دنده هفت سانت بالا میومد و اصلا رو 206 نصب نمیشد ولی خیلی خوشم اومد از طراحیش و هرطوری بود نصبش کردم.ماشینم صفر گرفتم از نمایندگی و سریع این رو براش نصب کردم.بعد از اولین بیرون رفتن متوجه صدای عجیبی توی گیربکس شدم که تقریبا مثل ویز ویز زنبور،یه کمی بم تر بود.ماشین رو بردم نمایندگی که اونجا فهمیدم صدا از این سر دنده میاد.نمیدونم چی توش هست که با لرزش گیربکس صدای آزار دهنده ای میده . هرکسی می نشست تو ماشینم کلافه میشد.الان سردنده رو در آوردم.دقت کنید اگر موقع تحویل تکونش دادین و صدای خش خش داد ، هرگز تحویل نگیرید.الان دیگه دیجی این رو پس نمیگیره از من با اینکه خراب بود .
Negative,با سلام خدمت شما دوستان عزیز من این پوشی رو 6 ماه پیش از دیجی کالا خریدم وتعصبی به برند خاصی ندارم و تجربه ی شخصیم رو میگم : گلکسی اس 5 دریایی از امکانات و ویژگی های فوق العاده در یک لباس نه چندان مطلوب هست.امروزه گوشی ها همه تا سطح قابل قبولی پیشرفت کردند واین نیازهای کاربران هست که تفاوت میان گوشی ها رو پر رنگتر میکنه.این گوشی دارای صفحه نمایش و دوربین فوق العاده و در حد قیمتش هست و نسبت به رقبای هم قیمت یک سر گردن بالاتر هست.امکانات و ویژگی های نرم افزاری فوق العاده ی تاچ ویز هم از نقاط قوت این گوشی هست.از این امکانات نرم افزاری میشه از حالت اولترا پاور سیوینگ نام برد که با 5 % شارژ میتونید حدود 18 ساعت از گوشی استفاده کنید.در مقابل ظاهر تکراری و کسل کننده ی این گوشی از نقاط ضعف این گوشی هست.باید قبول کرد که بدنه ی پلاستیکی در حد یک پرچمدار نیست و حس خاصی به آدم منتقل نمیکنه در ضمن درب شارژر باتری هم واقعا کلافه کننده هست و هر بار که میخواهید گوشی رو شارژ بزنید باید خیلی دقت کنید انگار که دارید بمب خنثی می کنید چون احتمال کنده شدنش هست و اگر کنده بشه پیش از پیش ظاهر گوشی رو بهم میریزه.در نتیجه این ملاک های ما هست که ارزش این گوشی رو مشخص میکنه.اگر میخواهید در این سطح از قیمت یک دوربین و صفحه نمایش عالی گیرتون بیاد 100 % مطمین باشید عاشقش میشید ولی اگر ملاک شما زیبایی و طراحی گوشی هست به احتمال زیاد از این گوشی متنفر میشیدو بهتره سراغ سایر رقبا مثل m8 یا z2 برید .
Negative,سلام اقای هادی دستور کیفیت صفحه اصلا مناسب نیست و زاویه دید بسیار محدود و کنتراست پایین و رنگ های بی کیفیتی ارایه می کنه
Negative,چرا ؟ دیجی . چرا ؟ واقعا بد بود اندازش نبپد . مجبور شدم قیچی کنم خیلی زشت شده . دیجی جان . ناموجودش کن . ما بهترین ها رو از تو میخاییم .
Negative,با نزدیک شدن به عرضه neo در ماههای پیشرو ، حال دیگر داشتن ps4 مطلوب و انتخاب صحیح نیست .
Negative,اصلا توصیه نمیکنم !
Negative,سلام امروز به ستم رسید . متاسفانه شاترش کار نمیکنه . نه به گوشی هووایی نه به تبلت سامسونگ . کلا شاترش بی مصرفه . فردا اقدام میکنم برای پس دادنش . امیدوارم دیجی کالا پسش بگیره .
Negative,سلام من با نظر اونایی که میگن نخرید کاملا موافق ام این مودما 4 . 5 هفته ای میشه خریدم ولی اصلا نتونستم از وای فایش استفاده کنم وسط کار قطع میشه و سرعتش ام خیلی پایینه به گارامتی ام یه بار دادم واسم فقط اپدیت کرد دوباه همون مشکل و داره اگه کسی تونست این مشکل و برطرف کنه به ما ام بگه که راحت شیم !
Negative,بیشتر از 46 درصد شارژ نمیشه و روی 19 درصد خاموش میکنه
Negative,همون روز اولی که گرفتم یه زیپش در رفت کلا خیلی بی کیفیت بود ارم کنن هم روش دوخته شده خیلی بی کیفیت
Negative,لوازم جانبیش پیدا نمیشه !
Negative,این لباس خیلی خوشگله اما کش شلوارش ( حداقل نمونه ای که من خریدم)شله ، انگار آفتاب خورده لباسشم زدگی داشت اما دیگه مرجوع نکردم.شاید کارهای وطنی به خوشگلی اینا نرسه اما یه وقتایی کیفیت بهتری دارن
Negative,کیبورد خیلی خوبی هست شاید یکم موسش بزرگ باشه من یکی سفارش دادم متاسفانه برچسب عربی داشت که مرجوع کردم ممنون از دیجی کالا برای متعهد بودن به قول و قرارهاش ( در مورد برگشت کالا طی 7 روز ) پیشنهاد برای دی جی کالا اینکه در مشخصات کالا بنویسید برچسب عربی داره . . سپاس
Negative,یک پاور بانک با ویژگی های مناسب است ولی برای کاربرد روزمره به دلیل وزن زیاد پیشنهاد نمیکنم جریان شارژ ورودی کم است و حدود 10 ساعت برای شارژ کامل زمان نیاز است
Negative,نسبت به این قیمت هیچ امکاناتی نداره با یک دهم این پول میشه یه گوشیه دیگه در حد همین خرید از طراحی ظاهریشم من خوشم نیومد
Negative,اصلا کیفیت خوبی نداره لطفا نخرید . فقط عکسش قشنگه . هم بسیار نازکه و هم خیلی راحت خراب میشه .
Negative,متاسفانه اصلا پخش بو نداره پشیمانم از خریدم
Negative,سلام کیفیتش اصلا در حد انتظار نیست یک بوی بد داره و جنسش پلاستیکه
Negative,یه هفته بیشتر رو گوشی دوام نیاورد مثل اینکه چسبندگی خوبی نداره اصلا راضی نیستم
Negative,من این محصول رو خریدم و کاملا تو ذوقم خورد.درپوش پورت بصورت عجیبی بد طراحی شده و جا نمیره و در عمل بعلت این نقص ضد اب و غبار نیست . پوشش سلیکونی بعد از چند روز خودبخود کنده شده از بعضی قسمتها . بخاطر درپوشش به دیجی کالا زنگ زدم ولی گفتن شامل عیب نمیشه.من حتی اینو بردم نمایندگی آونگ تو عباس اباد و اونها زیر بار رفع عیبش نرفتن و گفتن همشون درپوشهاشون همینجوریه . سرعت انتقاش متوسطه . در کل اونقد از خریدم ناراضیم که تابحال بخاطر تو ذوق خوردگیم ، تو این یک ماه ازش استفاده نکردم .
Negative,من کمتر از یک ماه این کابلو خریداری کردم ولی متاسفانه قطع اتصال شد و در یک گره خوردگی ساده کارایی خودش رو از دست داد
Negative,با سلام کارکرد این پنکه نه تنها آسان نیست بلکه بسیار سخت است . میتونید برید تحقیق کنید .
Negative,کلن تو دی جی کالا Nokia Lumia 1020 فقط موجوده کلن همینم ناموجود کنید بخش ویندوز فون رو ببندید خیال ملت راحت شه دیگه ! ! حیفه سایت به این عظمت فقط یه مدل گوشی ویندوزفونی داره 1 ! !
Negative,من این مدل رو تو تخفیفش خریدم پشیمون شدم خیلی دیس کانکت میشه برید سراغ مدلهای دیگه اگر این نظر رو میخونید
Negative,گول برندش و نخورید من 2بار سونی گرفتم اصلا ازشون راضی نبودم
Negative,در مورد من که نه تنها حجم دهنده نبود بلکه اثر کاملا معکوس داشت من که اصلا راضی نیستم
Negative,من این تلویزیون خریدم امروز رسید اما کنترلش ریموت هوشمند نیست و هیچ کابلی همراش نیست
Negative,یک مشکل بزرگ داره،برنامه های بزرگتر از 500kb روش نصب نمیشن .
Negative,سلام من تو چند تا سایت ایرانی و خارجی تو نظرات افراد زیادی دیدم که گفتن مشکل تاچ داره . . افرادی که خریدن میشه جواب بدن مشکل داشتن تا حالا ؟ من میخوام این گوشی رو بخرم اما این مشکل دو دلم کرده اگه مشکل داره فک کنم gr3 بهتر باشه از این
Negative,گوشی های کوچک و اذیت شدن گوش ها ، عرق کردن گوشی ها بعد از مدت زمان خیلی کوتاهی و کیفیت صدای پایین من هدست A4TECH usb داشتم کیفیت و راحتیش خیلی بیشتر بود . هم چنین وضوح صدای طبیعی ای داشت چیزی که در این محصول اصلا وجود ندارد . این محصول نام HD دارد اما به هیچ وجه صدای واضحی ندارد . خرید آن را توصیه نمیکنم .
Negative,بنده تمام تکنولوژی های به کار رفته در لباسهای بسیاری از برندهارو میشناسم drifit نایک و climalite . climaheat . climacool آدیداس و heatgear . coldgear آندر آرمور و dryQ نورث فیس و . . و برگهاوس و ریباک و کلمبیا و آسیکس و . . تمام اینها خاصیت زودخشک شوندگی دارند و تی شرت شما هم همینطور . ولی بنده عرض کردم تکنولوژی ای که توی این لباس استفاده شده کارایی نداره چون گرم نگه نمیداره بلکه احساس سرما میده . دلیلش هم اینه که در لایه داخلی اون از نوعی ماده شیمیایی استفاده شده که شبیه فلز هست و در سرما سرد میشه و در گرما گرم میشه . در ضمن من گفتم در هوای گرمتر پوشیدم نگفتم در تابستان
Negative,قیمتش بالاست.با این قیمت یک تلویزیون کوچیکتر 4K می شه خرید .
Negative,تنها چیزی که از دیجی کالا خریدم و راضی نیستم این سوهانه کاملا یک بار مصرفه و به درد نخور
Negative,از جنس پلاستیک بی کیفیت بوده که لولای در آن توو حرکت اتومبیل باعث سر و صدای اضافه میشه و قیمتش 5 برابر ارزشش واقعیشه حداکثر ارزشش 5هزارتومانه ضمنا توو برسی گفته شده mp شرکت ایرانی ولی پشت جعبش نوشته ساخت چین
Negative,سلام من حدودا یک هفته هست که این گوشی رو خریدم ولی متاسفانه بر خلاف چیزی که نوشته شده NFC نداره
Negative,اصلا سرعت در جد usb3 نیست و پس از چند بار استفاده به راحتی سوخت.در حالی که یه فلش Transcend دارم که 6 ساله داره کار می کنه .
Negative,صداش زیاده.صفحه نمایشش خراب شد
Negative,سلام دوستان میشه لطفا راهنمایی کنید من حدود8روز این توپ به دستم رسیده . اولا که تمام جای خطوط تاشدن توپ بصورتی شبیه به پوسته وکمی رنگ پریده بود واینکه وقتی بادش کردیم درعرض4یا 5روز بااینکه خیلی استفاده نکرده بودیم بادش حدود20تا 25 درصد کمتر شده بود . نگران این هستم کنه از نقاطی که جای خط وخطوط داره ونازک ترشده درز ویاسوراخی باشه که در عرض 5روز بادش کم شده البته باید بگم با اینکه بادش کمتر شده اما به هیچ وجه حالت دایره وار خودشو از دست نداده . میشه لطفا کسانی که این محصول دارن نظر بدن من میخوام ببینم همشون این مدلین یا اینکه مال من مشکل داره
Negative,ولی من دارم اصلا به درد نمیخوره کیفیت صدا نداره اهنگ میزاری یه ذره کیفیتش پایین باشه نمیفهمی چی میگه خواننده صدا قاطی میکنه
Negative,من تقریبا سه سالی میشه که پلیر سامسونگ ساخت اندولزی دارم فقط میتونم بگم به معنای واقعی کلمه اشغاله هیچ فرمتی تو فلش ساپورت نمیکنه سر صداش موقع فیلم دیدن ادمو دیونه میکنه پلیر فقط ال جی .
Negative,دوربین سلفیش اصلا خوب نیست . . کسی که اهل سلفی گرفتنه توصیه میکنم این گوشی رو نخره بره سراغ ال جی . . من که پشیمون شدم
Negative,من خودم خریدم واقعا بده
Negative,این تلویزیون 60MHZ هست ، دوستانی که برای کنسول ها ی بازی یا بعنوان مانیتور میخوان استفاده کنن کیفیت جالبی نداره
Negative,به اندازه نصف مسواک دستی کارایی نداره و احساس یه مسواک زدن درست حسابی نمیده انگار دارید الکی مسواک میزنید و خمیر هم اصلا تو دهن کف نمیکنه
Negative,اصلا این دیجی کالا با گوشی های ویندوزی مشکل داره نه لومیا 435 رو موجود کرد ( از سال پیش به زودی ه ) نه اینو که ار دو ماه پیش ناموجوده : (
Negative,این کارت گرافیک رو یکسالی هس ک گرفتم . متاسفانه بعد از رفتن برقرهای خانه این کارت نیم سوز شد و خط های افقی روی تصویر در حین بازی می افته . گارانتی بردم بعد از یک هفته زنگ زدن گفتن درست شد و وقتی آوردم خانه و تستش کردم فهمیدم تنها گوشه ای از اتاق کارشناس تعمیر گذاشته شده و هیچ تعمیری روش انجام نشده .
Negative,سلام من 5 ماهه این گوشیو دارم سخت افزارش خوبه و ساپورت 4g ش عالیه(البته فقط یک درگاه سیم کارتش 4g رو ساپورت میکنه ، اون یکی 2g هست ) اما تاچش واقعا بده و دوربین و صفحه نمایشش تعریفی نداره اندرویدش خیلی خامه و امکاناتش خیلی کمه کیفیت ساختش خوب نیس،دکمه های پاور و صداش الان خراب شده و باید خیلی فشار بدم تا کار کنه باتریشم یک صبح تا شب برمیداره من توصیه میکنم برید سراغ برندای دیگه ، لنوو رده پاییناش خوب نیس
Negative,بسته بندی و پمپ محصول مشکل داره ونشت میده من برای صندوق ماشین خریدم که صندوق ماشین رو به گند کشید قیمتش مناسبه و رایحه خوبی داره حیف که بسته بندی بی کیفیتی داره
Negative,تنها عیبی که ازش دیدم اینه که هیچ نشانه ای که کیبورد یا موس روشن هستن نداره و ممکنه فراموش کنی دکمه پاورشون رو بزنی
Negative,نه میشه بگی رایحه ش گرمه نه میشه گفت خنکه . . یه جور بوی خاصه . . ولی اصلا دلنشین نیست و حتی آزاردهنده ست.سال 84 این ادکلن رو خریدم و خیلی پشیمون شدم.از اون بوهاست که اگه کسی حساس به بو باشه فورا سردرد میگیره
Negative,جمعه از دیجی سفارش دادم امروز به دستم رسید خیلی هدفون باکلاسیه کیفیت صداش خیلی خوبه و bass هم عالی مخصوصا برای اونی که موزیک سبک رپ و هیپ هاپ و متال و راک گوش میدن کلا برای موزیک گوش دادن خیلی خوبه وصداش بدون نویزه وفرکانس پاسخگویی هم که دیگه تو مشخصات فنی نوشته با این فرکانس همه صداهارو چه زیر چه بم میتونی بشنوی نسبت به قیمتش خیلی خوبه اگه در همین حد بودجه دارید و یه هدفون خوب برای موزیک گوش دادن میخواهید تو خریدنش شک نکنید تنها بدی که من دیدم اینه که وقتی زیاد میزاری رو سرت پد هاش عرق میکنه و یکم رو سر اذیت میکنه ولی اگه درحد یک ساعت باهاش کار کنی همچین حسی پیدا نمیکنی
Negative,با سلام ؛ من 8 ماهی هست که از طریق پیشنهاد شگفت انگیز خریدمش . باید بگم که 1 . تاخیر زمانی بین صدا و تصویر وجود داره 2 . زیرنویس ها رو به صورت دستی نمیشه لود کرد(بقیه دستگاه ها میشه ) 3 . کیفیت کار کردن با کنترلش اصلا خوب نیست . پشیمونم از خریدش .
Negative,موقع استفاده انقد موی برس میریزه که باید جارو رو نان استاپ بقل کرد
Negative,خیلی گرونه تو خاور میانه حدود 1400 هست نبایدتو ایران انقدر گرون باشه
Negative,اصلا راضی نیستم بعد نصب 20 دقیقه ای خوب بود بعد مدام چراغ اینترنت و ای دی اس ال خاموش و روشن میشه
Negative,از هر لحاظ به غیر از بدنه اس4 خیلی بهتره حتی دوربینشم بهتره
Negative,من از این ادوپرفیوم های شی تقریبا همه رنگشو داشتم . طراحی و جعبه خوشگلی دارن و رایحه هاشون هم به نظرم خوشبویه ولی ماندگاری و پخش بو ندارن . یعنی اینو به لباست بزنی یه ربع بعد بو کنی هیچی حس نمیکنی . اصلا خریدش به نظرم فایده ای نداره با این قیمت ها
Negative,اصلا بدرد نمیخوره کیفیتو میاره پایین
Negative,من زیاد راضی نیستم
Negative,سلام من دو تا پنکه از دیجی گرفتم - مشکلاتی که داره . . دکمه تایمر ریموتش سرکاری یعنی دکمه ای زیرش نیست - داداشم مدل 5020 گرفته که از این ارزونتره کف پایش یه پلیت فلزی و 4 تا پایه لاستیکی داره ولی این مدل اصلا پایه نداره و عملا پنکه روی چند تا لبه پلاستیکی وایمیسته و پایه بسیار سبک و بی کیفیته - گردنش خیلی بیکیفیته در حدی که بلندش که میکنی میترسی بشکنه - مثل مدل های قدیمی پارس خزر پیچ تنظیم گردن نداره یعنی گردنش رو باید با فشار تو زاویه مناسب قرار داد که با توجه به مورد قبل همش میترسید بشکنه - کلا دستگاه سبکه و ضخامت پلاستیک اکثر قسمتاش پایینه و مثل قدیمیها نیست - یه مورد مهم که داره در مورد حالت ریتمیکش که گفته شبیه سازی نسیمه سرکاریه و به جای اینکه سرعته کم بشه موتور هر چند ثانیه خاموش میشه دوباره روشن میشه که اسطهلاک موتور خیلی بالامیره و نابود میشه پس اینم نمیتونید استفاده کنید و اصلا جالبم نیست و صرفا تبلیغاته - من روی حساب تجربه قدیم پارس خزر گرفتمش که یه جورایی متعجب شدم نمیدونم چرا دوستان کلا تعریف کردن
Negative,این رو من اصلشو خریدم اما اصلا در هیچ فصلی ماندگاری ندارد نهایتا خیلی زیاد یک ساعت با چها تا پس پخش بوش هم در حدی ک کسی باید بغلت کنه تا بوشو بفهمه
Negative,من این دوربینو یک هفتس از دیجی خریدم . کیفیت بدنش از هم رده های کنون پایین تره ودر کل خیلی معمولیه
Negative,یا سلام،بعد از اتمام گارانتی تبلت A3500اینجانب باطری آن دیگه شارژ نمی کرد.ظاهرا اشکال باطری دارد،لطفا راهنماییم کنید جهت خرید باطری چه کار کنم .
Negative,صداش بالا نمیاد.خیلی بد و پول دور ریختن.مجانی هم دادن تحویل نگیرید
Negative,گوشه های زمینش شیب داره . کیفیت ساختش خوب نیست .
Negative,من تازه این تبلت رو خریدم قبلش اینقدر بحث اینجا داغ نبودا خوب زودتر اطلاع میدادین مشکلاتی که من توی این دو هفته دیدم یه خورده کنار دوربینش داغ میکنه و صفحه نمایش پرش داره اینقدر اینجا از مشکلات بعد اپدیت گفتن که حقیقتا میترسم آپدیت کنم مشکل پرش صفحه نمایش چطوری حل میشه
Negative,من این گوشی رو خریدم 2 ماه بیشتر کار نکرده بود که سوکت شارجرش خراب شد دادم نمایندگی 15 تومن گرفت مثلا نعمیرش کرد 2 ههفته بعد دوباره خراب شد رفتم تهران که برد پایینشو که سوکت شارج بهش وصل میشه بگیرم همه جارو گشتم نه نمایندگی و نه توی بازار اصلا گیرم نیومد مثلا گوشی ایرانی گرفتیم که قطعاتش گیر بیاد کاملا از این برند زده شدم یه گوشی چینی ه تقلبی میگرفتم بیشتر برام کار میکرد .
Negative,به قیمتش نمیرزه . سونی یا سامسونگ توی این رنج قیمت بهتره سخت افزار بهتری دارن .
Negative,سلام من خریدمش.دفترچه راهنمای فارسی نداشت.همون بار اولم دکمه ONش گیر کرد و در نیومد . هنوز استفاده ای نکردم امیدوارم مشکل دیگه ای براش پیش نیاد . .
Negative,سلام به نظر من قیمتش خیلی بالاس . .
Negative,متاسفانه با یک بار استفاده وفرو رفتن یک خار گل سوراخ شد مثل اینکه پلاستیک معمولی بود
Negative,سلام . گوشیم متاسفانه بین LCD و قاب گوشی فاصله افتاده و وقتی دست میزنی لق میزنه . ایا راه حلی برای درست کردنش هس ؟ . . لطفا راهنماایی کنید ! . . از دوستان کسی اطلاعاتی داره لطفا راهنمایی کنه ممنون میشم . .
Negative,با گوشی های موبایل سازگار نیست چون 2 . 7ghz فقط با کامپیوتر وایرلسش به درد می خوره من خودم همین اشتباه و کردم و فکر کردم با گوشی موبایل هم جواب میده
Negative,فقط گوشت کوب برقیش خوبه ، خرد کنش خیلی خیلی کوچیکه اصلا هم سبزی رو خوب خرد نمیکنه ، همزنش هم توش زنگ زده و موقع هم زدن از توش خارج میشه میرزه تو مواد ، در کل اصلا راضی نبودم
Negative,محافظ روی صفحه نمایش خوب جا نمیگیره از خریدم خیلی نا رازیم واقعا به درد نخوره
Negative,فقط ظاهرش خوبه اما سخنگوی آن بسیار ضعیفه . پیشنهاد میکنم نخرید . به قیمتش نمی ارزه
Negative,این گوشی تنها مشکلی داره که واقعا ناراحت کنندس داغ شدنشه دلیلش هم ضداب بودنشه برای همینه گوشی های سونی همه داغ میکنن چون هوا در گوشی های ضداب ردبدل نمیشه و همین باعث میشه که هم دیر خنک بشه و هم زود داغ بشه اگه یه گارد کلفت براش بزاری دیگه گرما رو دستت حس نمیکنه
Negative,همانطوری که پایین تر هم گفتم متاسفانه بعضی وقتها گوشی در اجرای دستورها تاخیر ( لگ ) داره ! فکر می کردم این مشکل فقط در وایبر است ولی در بعضی برنامه های دیگر مثل بازار هم همین طوره ! با دوباره نصب کردن مشکل برطرف نشد ! همین طور تنظیم نور صفحه با نور محیط کار نمی کنه با این که تیک برای تنظیم خودکار را زده ام ! ( نمی دانم مشکل از خرابی سنسور نور است یا نرم افزاری است . ) شاید مشکل در کیفیت ساخت گوشی است به همین دلیل در بعضی مشکل هست و در بعضی خیر .
Negative,قطعا ارزش خرید هایما و کپچر تیولی بالاتره نسبت به این خودروی گران گمنام . .
Negative,گوشی من خود به خودخاموش شده دیگه روشن نشد
Negative,متاسفانه حیف این گوشی که بدنه آن ترک میخوره و گارانتی هم جوابگو نیست . . حتما این نکته مد نظرتون باشه در هنگام خرید
Negative,نمیتونید زمانی که تو شارژ هست استفاده کنید . برای هر دفعه شارژ هم باید 16 ساعت تو شارژ باشد،طبق گفته های دفترچه راهنما .
Negative,همه چیزش مناسبه ولی باطریش ناامید کننده اس دوستان اگه راه حلی پیدا کردن به ما هم بگن
Negative,با قسمت بلوتوثش کاری ندارم اما خود هندزفری واقعا بی کیفیته و ارزش نداره و حتی تو پیشنهاد ویژه هم نمیارزه
Negative,سلام دوستان بعد از سه هفته اسفاده از این گوشی تا بحال بیش از ده بار گوشی هنگ کرده روی صفحه Always On یا همون صفحه ای که تاریخ و ساعت رو نشون میده گارانتی هم بردم جوابگو نبودن میگن باید گوشی رو بفرستیم تهران به روز رسانی هم به آخرین نسخه انجام دادم و چند بار هم ریست فکتوری کردم درست نشد که نشد نمیدونم شاید یکی من این مشکلو داشته باشه اما در کل نسبت به سامسونگ زده شدم
Negative,دوستان من خریدم این کالارو اصلا پیشنهاد نمیکنم حتی کابل ایفون که میندازم داخلش خوب چفت نمیشه جنسشم تعریف نداره فقط اگر برای دم دستی بخواین بدد نیست
Negative,گوشی منم همین ایراد رو داره . . عیبش اینه که تا از حالت عکاسی به فیلم برداری می ری ارور می ده و خارج میشه
Negative,سلام من حدود 10 روزی هست این مودمو از دیجی کالا خریدم مشکلم اینه که قطع ووصل میشه/البته نه وای فای یا اینکه چراغ اینترنتم خاموش بشه چراغ ها هر چهار تا روشن . ظاهرن هیچ مشکلی نداره ولی مثلن وقتی توی گوشیم یه نرم افزار اجتماعی مثل لاین یا واتس آپ باز میکنم مرتب اون نرم افزارپیغام قطع ارتباط میده ویا یه پستو که لایک میکنم کلی لود میکنه تا اعمال بشه ویا نمیشه خیلی سعی کردم واضح توضیح بدم تا منظورمو متوجه بشید مشکلم چیه.لطفن اگه کسی راه حلی برای این مشکل داره راهنمایی کنه البته از توی همین سایت یه مقدار از تنظیماتشو تغییر دادم ولی فرقی نکرد ضمنن با سی دی خودش کانفیگش کردم/سپاس
Negative,واقعا ارزش خرید نداره
Negative,با سلام خدمت دوستان گرامی در کل محصولات شرکت اپل دارای کیفیت بالایی هستند ، ولی قیمت اونها نسبت به کارایی اونها خیلی بالاست.برای نمونه همین مدل لب تاپ رو در نظر بگیرید با مداهایی مث ایسوس و سونی ، با این قیمت مدلهای بسیار بالا از لحاظ هارد ، رم و امکانات از این لب تاپ ها رو می تونید بخرید . به نظر من خریدش اصلا اقتصادی و منطقی نیست . .
Negative,بسیار بی کیفیت . تو پیشنهاد شگفت انگیز خریدم ولی اصلا کیفیت نداره
Negative,واقعا دیجی کالا داره رو به افول میره کالاهاش مرتب داره کم میشه ویا با برندها ی نامناسب . من خواستم این روکش ودزد گیر بگیرم این که تمام شد ودزد گیر خوبم نداره با وجودی که 5 سال هست دارم از این سایت خرید میکنم فکر میکنم افت محسوسی گریبا نگیرش شده
Negative,منم مشکل گرد و غبار و در قسمت پایینی سمت راست و قسمت چپ بالا و دارم کسی راه حلی نداره
Negative,یک هفته کار کرد و سوخت . . گارانتی هم که نداره واقعا جنس بدی بود و از دیجی کالا بعید بود همچین محصولی . .
Negative,فعلا بعد از 2 روز استفاده کردن میتونم این رو بگم که حرکت سینوسی متاسفانه در این موس هم دیده میشه . یه مطلب دیگه ای هم هست که شاید سلیقه ای باشه ولی از نظر من خیلی خوب نبود و اون هم اینه که اپتیک این موس نور مرئی نداره و من تا چند دیقه نمیدونستم که موس روشن شده ! تصور می کردم موس خرابه و روشن نمیشه ! به نظر من اگر اپتیک نور داشت بهتر بود که شاید در مواقعی می تونست به درد بخوره . مثلا برای من قبلا پیش اومده که پوینتر موس روی صفحه حرکت نداشته و من برای اطمینان از اینکه موس روشن هستش رفتم باتری رو عوض کردم که مطمئن بشم موس روشنه ! ( البته با موس دیگه ای به این مشکل برخوردم ) خلاصه مطلب اینکه بعد از 2 روز استفاده متوجه حرکت سینوسی شدم و این میتونه نقطه ضعف این موس باشه .
Negative,نحوه ی فروش ویژه ی این تبلت آخر بی برنامه گی بود . فکر کنم بهتر بود محدودیت تعداد خرید رو اعمال می کردید تا به افراد بیشتری برسه . من خریدم رو تکمیل کردم و درست تو مرحله ی واریز پول بهم گفت که تغییراتی توی سبد خریدتون پیش اومده .
Negative,سلام یه نکته مهم هنگام بازی کردن حتمان لبتاب به برق متصل باشد ، عملکرد لبتاب هنگامی به برق متصل نیست ، درست نیست و ضعیف است اگر بازی میکنید به برق متصل کنید ، تا بیش از 50 درصد بهبود کیفیت وبهتره هنگام اتصال به برق باطری رو در بیارید و در یک جای خنک و خشک بزارید و حد اقل هفته ای یک بار به لبتاب زده و شارژ کنید
Negative,کیفیت عکساش که خوب نیست من تازه به دستم رسیده ، یعنی تو نور روز بهتر می شه کیفیتش ؟
Negative,این گوشی را برای خواهرزاده ام خریدم بعد از مدتی حدود 3ماه گلایه داشت و راضی نبود توی این رنج قیمت برند هوآوی گوشیهای به مراتب بهتر و با قیمت خیلی مناسبتر داره . . شخصا خریدش را توصیه نمیکنم
Negative,اقا من پریروز خریدم اصلا بدرد نمیخوره پشیمونم
Negative,من این رو خریدم با اولین استفاده شیشه داخلش شکست . دیجی کالا هم مرجوع نکرد . نخرید دوستان .
Negative,خییلی کوچیکه ! قراردادن قاشقش کنار ظرف منو به اشتباه انداخت ! دوتاقاشق ماست به زور توش جا میشه
Negative,تنوع ساعتهاتون خیلی پایین اومده مخصوصا مردونه هاش
Negative,تا میخوایم یه سیستم جمع کنیم یه چیز ناموجود میشه این موجود شه یکی دیگه ناموجود میشه این کالا برا دیجی کالا زشته من واقعا از طرفداراشم ولی سعی کنین قبل از ناموجودی انباز جنس هایی مثل این رو خریداری کنید
Negative,این راکت رو من همین امروز ازدیجیکالا گرفتم . کیف نداره dvd هم همراهش نیست
Negative,من تو پیشنهاد شگفت انگیز خریدم ، الان نظرات وخوندم و اصلا موافق نیستم ، هیچ فرقی با ارجینال نداره ، هم از لحاظ جنش ، هم کیفیت ، هم پخش ، دقیقا همونی هست که داخل پک گوشی هست .
Negative,این ادکلن رو صرفا بر اساس نظرات دوستان خریداری کردم ولی واقعا انتظار بوی دیگه ای رو داشتم ! طراحی شیشه و همچنین پخش بوی خوبی داره ولی خود بو اصلا جالب نیست ، هر چند تا حدودی سلیقه ای هست
Negative,چقدر صفحه نمایش کوچیکی داره ! ! . .
Negative,بی کیفیت ، قلابش هم به همه جا گیر میکنه .
Negative,آشغاله با هر نوع شگفت انگیزی که گذاشته بشه ، حتی 0 تومان ! نمی ارزه ، نظرمو پایین دادم بخونین حتما . . برین سراغ الجی ولی سراغ این آشغال نرید !
Negative,به هر حال ازرش درست کردن نداره اگر میخواید وقت پولتونو بریزید دور بگیرید
Negative,من امروز این دستبند رو خریدم اما برای رجیستر کردن و ورود به برنامه به مشکب برمیخورم . لطفا راهنمایی کنید . بدون اپ هم که به هیچ دردی نمیخوره
Negative,نسبت به قیمت اصلا ارز ش خرید نداره و چون کاور خوب تو بازار نبود مجبور شدم بخرم . وزن تبلتو هم زیاد میکنه
Negative,اینکه پراید نا ایمن و بی کیفیت هست حرفی نیست ولی من تقریبا تمام افرادی رو که در مورد ماشین صحبت میکنن ( چه تو فضای مجازی و چه واقعی ) رو دیدم نظرشون اینه که آدم بدون ماشین بمونه یا یه چهارپا سوار بشه بهتر از اینه که پراید بخره . پس این همه پرایدی که تو جاده ها تردد میکنن برای کیه ! اگه واقعا این همه بدی داره هیچ کس پراید نخره تا تولیدش متوقف بشه . امثال من وشما این همه سال این ماشین رو خریدیم که هنوز داره تولید میشه .
Negative,اولش که میزنی خیلی خوب میشن موهات اما یکم که میگذره اصلا نمیشه شونه کرد و توی مواد تشکیل دهندش پارابن بود که من رو نسبت به استفاده از محصول ترسوند
