Positive,عالیه هم جمع و جور و شیکه هم کارکردش آسون در کل عالی
Positive,به دستم رسید عالی نسبت به قیمت کیفیت صداش چیزی کمتر از پایونیر نداره من قبلا داشتم ماشینم سمنده به فیشهای فابریکش خورد خودم راحت نصب کردم باند 6965v2 دارم کیفیت و حجم صدا معرکه رنگ صفحه نمایش قابل تغییره ، یک عدد پورت USB ، یک عدد درگاه RCA پشتش هست ، پنلش جدا میشه ، یه رم ریدر پشت پنلش هست و یه کنترل کوچولو هم داره aux هم تست کردم گوشیم هم سامسونگ آندروئید خوب جواب داد من بسیا ر راضی هستم قبلا یه فابریک سمندی داشتم 85 رد کردم 30 گذاشتم روش اینو گرفتم 100 در صد از فابریکی سر تره فقط سی دی خور نیست که سی دی کلا داره منسوخ میشه وقتی usb و aux و sd ram میخوره دیگه سی لازم نیست با زم اگه سوالی بود تو لاین در خدمتم fatali63 آیدی لاینمه راستی به همه ماشینی میخوره هر انتظار معقولی داشته باشید برطرف میکنه بسته به باندی که دارین من پیشنهاد میکنم باند فقط 6965v2 پایونیر بندازید که بدون آمپلی هم خوب جواب میده
Positive,توی پیشنهاد ویژه گرفتمش و واقعا ازش راضیم بی صدا بودن قدرت کافی و وسایل جانبی کامل واقعا ارزش خریدش رو بالا میبره نسبت به پولی که میدین واقعا راضیتون میکنه فقط نمیدونم چرا جای دنده و کلید استارت بر عکس این عکسی که تو سایت قرار گرفته هستش !
Positive,خیلی عالیه چند روزه گرفتم واقعا راضیم
Positive,با سلام،دوست عزیز که پاین درمورد گوشی اومگا نظر دادید من پیشنهاد میکنم پولتو حرام نکن،کجای دنیا دیدی با همچین قیمتی گوشی با اون مشخصات بهت بدن،اون مشخصات فقط در ظاهر و روی کارتون اومگا حک شده،بیشتر نمیگم چیزی ، ودر آخر از دی جی عزیز نهایت سپاس و تشکر دارم،تا میخاستم بخرم بهش هدیه هم اضافه شد خیلی به موقع،سفارش دادم مطمئن هستم گوشی خوبی انتخاب کردم،فقط دی جى کالا
Positive,سلام به همه . باید بگم با توجه به قیمتش گوشی بسیار عالی است ولی تنها و بزرگترین مشکلش عدم پشتیبانی از حافظه جانبی است که البته وجود 32 گیگ حافظه داخلی کمی این مشکل را حل کرده ولی همه ما میدانیم پر کردن زیاد حافظه داخلی باعث هنگ های پی در پی گوشی میشود و اگر فقط این مشکل نبود این گوشی کاملا بی نقص میشد .
Positive,من این گوشی رو با قیمت بسیار مناسب از همین سایت خریدم ( خرید از دیجی کالا برام عادت شده ) در مدتی که دارم ازش استفاده می کنم هیچ مشکل خاصی باهاش نداشتم ( هنگ و ریبوت و . . ) برای فارسی نوشتن اولش کیبورد فارسی رو نداشت ولی بدون نیاز به روت کردن و . . با نصب کیبورد فارسی مشکل کاملا حل شد .
Positive,سلام.تشکر از دیجیکالای عزیز.پاور بانک خیلی شکیل و با کیفیتیه.اگر موجود بشه بازم میخرم
Positive,گوشی خوبیه ولی نو آوری نداره . من خودم honor 6x دارم و تا حالت نشده مشکل سخت افزاری یا نرم افزاری ببینم.حسگر انگشتم که اصلا نپرس . فوق العادس
Positive,خیلی کاربردی هست مخصوصا برای مهمونی ها و مسافرت
Positive,سلام به نظر من پدیده سال 2013 و 2014 بدون بزرگنمایی honor6 هستش رزولوشن تصویر با تراکم پیکسلی445 پیکسل بر اینچ و صفحه نمایش 5 اینچی-دوربین 13 . 0مگاپیکسلی پردازندهHiSilicon Kirin 920 Chipset Octa-core CPU همراه با RAM3 که بسیار قابل توجه میباشد و قابلیت NFC و 4G که وجودش بسیار در دنیاحائز اهمیت است سیستم عامل Android 4 . 4 KitKat این گوشی را از نظ من به بهترین گوشی اندرویدی جهان تبدیل کرده است
Positive,واقعا کارتون درسته . این محصول نو بازار داره تا 45 تومان فروخته میشه و شما پایینتر میفروشین . من که همیشه از دیجی کالا خرید میکنم مگه اینکه محصول رو نداشته باشه
Positive,بهترین گوشی که تا حالا داشتم
Positive,سرعتش خیلی خیلی بالاست بچه ها طراحیشم خیلی قشنگه و خوش دسته ممنون دیجی کالا
Positive,اصن روزی که بدون قهوه شروع شه روز نیست ! اما امان از بوی جذابش که همچین میره تو دماغت که مجبور میشی از خواب بیدار شی و روزت رو خوب شروع کنی ! این کپسول ها بی نظیرن ! امیدوارم دیجی کالا همینجور تازه تازه شون رو بیاره و ما بخریم وکیف کنیم !
Positive,من عاشق آقای فیضم تو رو خدا زودتر این کتابو موجود کنید،من میخواام ! !
Positive,گوشی خوبیه و از هر نظر عالیه
Positive,جنس و کیفیت خوبی داره تیغه ها تیز و برنده هستن لطفا قیچی 6701 بهکو هم موجود کنید هم برا گل چینی هم برا مصارف خانگی چیدن کاغذ و پارچه و غیره واقعا عالی و مناسب هست
Positive,این گوشی واقعا ارزش خرید داره
Positive,من این گوشی رو چند روز پیش خریدم فوق العاده است تو این رنج قیمت این امکانات تو هیچ گوشی پیدا نمیشه فقط یه مشکلی که داره کاور و قاب ژله ای براش پیدا نکردم
Positive,بسیار زیبا و بادوام
Positive,بسیار نظم دهنده خوبیه البته برای خودرو هایی که صندوق بزرگتری دارند مثل پژو و سمند . و برای خودرو های هاچ بک و گاز سوز بعلت جای کم صندوق باید از سایز کوچکتر استفاده کنند . مککه شخصا از این خریدم راضی هستم .
Positive,سلام یکسال و نیمه دارمش و واقعا راضیم
Positive,خیلی خیلی خووبه
Positive,وقتی مشغول کاری هستم ازآن استفاده می کنم وخیلی باحاله
Positive,بدنش عالی - دوربین فول - کیفیت عالی - ممنون از دی جی کالا
Positive,دوماهه دارم میگم موجود کنین خب موجود کنید دیگه
Positive,برا گیمر هایی ک موس با قیمت مناسب میخوان عالیه من 5 ماهه دارم خیلی راضیم
Positive,من خریدمش . کیفیت ساخت خوبی نداره . درصورتی که با این هزینه محصولات سونی و asus به مراتب استخون دار تر هستن ولی در سرعت و کیفیت صفحه نمایش هیچ جای حرفی نزاشته ! عالی
Positive,دی جی جون آوردی ولی حالا چرا ؟ هفته پیش از بازار خریدمش . لنز بسار با کیفیتی هستش - یه لنز عالی واسه عکس های پرتره لوازم همراه شامل : هود + کیف و درپوش
Positive,عالیه شک نکنید تو خریدش
Positive,سلام خیلی کیس خوبیه فقط تنها بدیش اینکه دی وی دی رام نداره
Positive,خیلی حرف واسه گفتن داره . بدنه عالی - باتری فوق العاده - دوربینش خیلی خوبه - زاویه دید عالی - صداش هم با کیفیته و بیس موزیکارو قشنگ حس میکنی - سیستمش که دیگه خودتون میدونید که چقدر قویه . فقط از ظاهر گوشی خوشتون بیاد همه جوره راضیتون میکنه . تمام این امکانات رو بخواید از برندای دیگه انتخاب کنید قیمتش بیش از این حرفا میشه . من از خریدم پشیمون نیستم به نظر من واقعه این گوشی رو حرفه ای ساختن و این کمپانی دیگه اون کمپانی قبلی نیست .
Positive,خیلی سبک وبا کلاس از هر نظر عالیه ممنون از دیجی کالا
Positive,عالیه عالیه عالی . این داغ کردنش هم با به روزرسانی های سونی بر طرف شده . فقط z3+
Positive,سلام خدمت دوستان اقا انصافا فکر نمیکردم اینقد خوب باشه.من خودم هانر 4cدارم این به عنوان گوشی دوم فوق العاده است . ممنون از دیجی کالا بابت این محصول بخاطر قیمت و به صرفه بودن.من این کوشی رو از سایت جعبه باز دیجی کالا خریدم خداوکیلی دمتون گرم ارسال هم رایگان بود.راضی راضی هستم.خیلی ازش خوشم اومد
Positive,واقعا شامپو عالیه ریزش مو رو قطع میکنه حتی ریزش مو ارثی من که راضیم
Positive,سلام یه ساعت پیش به دستم رسید عالی شک نکنید فقط تنها مشکلی که داره ایمه که آداپتور نداره که اونم با آداپتور موبایل خودتون حل میشه عالی شک نکنید عالی عالی .
Positive,من این تبلت رو 4 سال دارم و همش دارم ازش کار میکشم و کم نیورده و همچیش عالیه فقط دوربین 5 . 0 مگاپیکسله اگر بیشتر بودعالی میشد . پیشنهاد میکنم بخرید تبلت خوبیه
Positive,گوشی نسباتا خوبیه قبلانم تو نظرات گفتم . . فقط اندروید 6 کی میاد براش
Positive,سلام خدمت آقای علیرضا نظری منتظر چی هستی خرید کن مطمعن باش ضرر نمیکنی الان نسبت به خریدی که من از همین سایت کردم اومده پایین
Positive,سلام روی گوشیم بود این هندزفری(xperia sp ) واقعا نسبت به قیمتش یک شاهکاره،تفکیک صدای عالی و بلندی خوب از هندزفری ورزشی فیلیپس هم بهتره کلا عالی همه نظر فقط رفت زیر پام شکست یک گوشیش که اونو با فیلیپس که اونم یکیش شکسته بود پیوند زدم و شد یک هندزفری سالم ولی اون گوشیه سونیه بهتره(یکیش سونیه یکیش فیلیپس )
Positive,واقعا پرینتر خوبی است پیشنهاد می کنم اگر دنبال پرینتری خوب و با قیمت مناسب میگردید این پرینتر پیشنهادی عالیست !
Positive,پرینتر خوبی هست 5ماهه دارمش و تونستم کارتریج قابل شارژ هم روش نصب کنم و خودم با سرنگ جوهر داخلش پرکنم درمورد استفاده از کاغذ من از کاغذ 160 و 170 گرم کلاسه و مات استفاده کردم که کیفیتش هم عالیه در مورد wifi هم مورم باید کلید Auto connect روی روتور وجود داشته باشه
Positive,به این میگن ژاپنی . . حتی قابل مقایسه با مارک های دیگه نیست ( چون مث ال جی به فکر فروش زیاد نیست/رضایت مشتری براش مهمتره(همه چیزش از بهترین ها ست ) )
Positive,بهترین است هم از نظر قدرت وکیفیت اگر تیغ شو بکشیم بالا مثل تیغ صورت و اطلاح میکنه من بعداز خرید این محصول به چندتعمیرکار نشون دادم که مطمن شوم اصل است و همه تایید کردن این موزر اصل است قیمتش هم عالیه مرسی دیجی کالا
Positive,کیفیت صداش عالیه ، 1 روز مفید میخونه ، خیلی شیکو مجلسیه ، من ک راضی بودم خیلی
Positive,سلام،این مجموعه خیلی برام مفید بود ، چون کار با این سیستم عامل در ابتدا کمی سخته که کمی راحتر میشه با این مجموعه آموزشی
Positive,سلام ، تجربه یکماهه خرید من : من بعد از سوختن گوشی لومیا520 که راضی بودم ازش ، تصمیم گرفتم که این مدل ال جی رو بخرم . چونکه کارهای اینترنتی و بازی کردن رو با آیپد انجام میدم ، زیاد دنبال چیز گرونی نبودم . بعد از مقایسه با گوشی های دیگه ، متوجه شدم که علیرغم اندازه نمایشگر 4 / 7 اینچ ، اندازه خود گوشی خیلی کوچیکه و حتی یکجورایی از لومیای 4 اینجی قبلی ام هم کوچکتره . توی معایب این گوشی زده رزولیشن نسبتا کم ، این در حالیه که بنظر من رزولیشن خوبی هم داره . تا حالا هنگ نکرده . دوستان تداخل نرم افزاری همیشه باعث هنگ و ری استارت میشه و چیز عادی ای هست ، این داستان رو من حداقل پنج بار روی تبلت آیپد هم داشتم . چون بازی و نرم افزار الکی نریختم روی ال جی ، برای همین هم اصلا لگ و هنگی نداره . کیفیت عکاسی و مخصوصا فیلم برداریش خوبه و مناسبه . کیفیت صدای موزیکش به خوبی آیپد نیست اما در حد ایده آل و خوبه . گاهی اوقات توی جیب شلوار روشن میشه و شروع میکنه برای خودش کارهای عجیب انجام دادن ، برای همین زیاد روی جیب شلوار حساب باز نکنید و سعی کنید لااقل یک فلیپ کاور براش تهیه کنید . کلیدهای پشتشم خوبه ، اما کمی آدم قاطی میکنه . مخصوصا اینکه وقتی توی جیبتونه ، برای زیاد کردن صدا ، ناخودآگاه دست آدم با لنز دوربین در تماس خواهد بود . درکل راضی هستم ازش و خوبه . . نسبت به قیمتش واقعا می ارزه .
Positive,من تحقیق کردم برای گیم با توجه به قیم عالیه و ظاهر خیلی قشنگی هم داره
Positive,واقعا که فوق العادست برا یکبار هم که شده امتحانش کن قول بهت میدم عاشق مارک جردن میشی ، من یه مدل دیگشو هم گرفتم معرکه هستن من باهاشون حال میکنم ، حتما امتحان کن این مدلو
Positive,این تبلت رو 6ماهه دارم.بیشتر به خاطر باطریش خریدم . واقعا معرکه است . صداش هم خوبه .
Positive,کارت گرافیک خوب و مناسب نصب درایور راحت انجام شد تمام بازی هارو اجرا میکنه : Call of Duty : Black Ops 3 - - Fallout 4 - - Assassin's Creed Unity راحت اجرا میشه تست کردم . . اپدیت درایورم کردم . . در کل خوبه و از یه سری کارت گرافیکای 128 بیتی ddr3 بهتره و پهنای باند خوبی داره تا 48 اوورکلاک میشه کرد البته همون 40 کارو راه میندازه . .
Positive,گرافیک 6 gb خوبه نسبت به قیمتش
Positive,با تجربه ای که از Huawei Mate دارم ; میتونم بگم اینم عالیه
Positive,تازه بدستم رسیده،با ظاهرش مشکلی ندارم و میخوره بهش جنس خوبی داشته باشه
Positive,خیلی خوب عالی من یک ماهه دارم عالی بود دوربین وهمه چیزش تجهیزات عالی خیلی خیلی سرعتش از A5بیشتره دوربینشو با A 7مقایسه کردم بهتر بود
Positive,همه چیزش خوبه فقط مشکل باتری داره دوربینش هم در حد 5ه قیافش عالی صفحه نمایشش عالی مال من اندرویدش 4 . 3 صد البته از v بهتره من هردو رو داشتم
Positive,بسیار مناسب جهت خم نشدن کابل HDMI و عدم ایجاد فشار به پورت دستگاه
Positive,فلش به این زیبایی مقاوم در برابر آب و مقاوم در برابر ضربه باور نکردنیه
Positive,سلام من ایندوربین وماه پیش خریدم دوربین خوبیه نمایشگرباطریشم خوبه وهرسه مرحله رودرست نشون میده نسبت به قیمتش ازرش خریدروداره
Positive,به قیمتش عالیه
Positive,از نظر ظاهری زیباست ولی تو این رنج قیمت ایسوس مدل N43SM-C از این بهتره .
Positive,باسلام و تشکر از دیجی کالا چندروزی میشه که گوشی واسم اومده گوشیه محشریه پیشنهاد میکنم حتما از دیجی کالا بخریدش
Positive,حیف که دیگه کم هست این گوشی اما به نظرم نسبت به قیمت عالیه حرف نداره
Positive,فوقالعادست . . قمتش بیاد پایین خیلی خوبه
Positive,نتیجه خوبی داشت و برای پاکسازی وبرطرف کردن جوشهای سرسیاه تا حد زیادی اثربخش بود .
Positive,کیقیت لیوان و لاستیک دور و بالاش بسیار عالیه من خاکستریشو خریدم که دقیقا رنگ تو سایته فقط باید مواظب باشین لیوانش زمین نخوره که میشکنه لاستیک بالاش کاملا کیپ میشه و اگه لیوان تکون شدیدم بخوره مایعاتش از دور لاستیک نمیریزه بیرون من باهاش نوشیدنی داغ میخورم که بخوبیم حرارتو داخلش نگه میداره برا محل کارم بسیار خوبه در کل تو خریدش شک نکنین
Positive,"این گوشی خوبه اما رقبای سرسختی داره که کار خریدارو مشکل می کنه و همه چی برمیگرده به سلیقه کاربر . Z2 , M8 , G3 رقبای سرسختی هستند . ( لایکو نزنی ناراحت میشم ! ! )"
Positive,گوشی خیلی خوبه 20 روزه گرفتم خیلی ازش راضیم قبلا اس تری مینی داشتم قبمتش بالا تر از هوآوی جی 610 هستش ولی کارایی همین گوشی رو داره تازه بگین نگین رزولیشن جی 610 کمی بالا تره تو جابه جایی فیلم مشکلی نداره سرعتش خوبه تو باز کردن مرور گر های وب مشکلی نداره فنت نوشته هاشم خوبه ، پردازنده 4 هسته ای قدرتمندش تو عملکرد بازی ها بسیار عالیه اس تری مینی که چه عرض کنم با گوشی های بالای یک میلیون هم مقایسش کنین کم نمی یاره
Positive,عالیه من ازش راضی هستم
Positive,من خریدم . از دیجی کالا هم خریدم . گوشی خوبیه . کیفیت ال سی دی . تاچ . طراحی شیک و با کلاس اما خیلی ظریفه ! . صداشم زیاد بلند نیست اما خوبه . در کل میشه گفت می ارزه . .
Positive,لپ تاپ های زیادی رو بررسی کردم اما این یه چیز دیگست
Positive,شرکت ال جی همیشه گل کاشته به افتخار ال جی
Positive,الان نزدیک دوساله دارم و خیلی راضیم ازش .
Positive,سلام به دوستان من3سال پیش این دستگاه رو برای پدربزرگم خریدم بعد ازون 2 تادستگاه دیگه ام ازشرکت خریدم . واقعا راضی ام چون قیمت نواراش مناسبه و همه جا در دسترسه . از دیجی مینونید بخرید تو تمام استان هام نمایندگی دارن . نسبت قیمت خوب نواراها با توجه به کسایی ک مثل خودم دیابت دارن و مصرف نوارشون بالاس خیلی خوبه و نواراش هرکدوم تکی بسته بندی شده ک یک سال تاریخ انقضا داره . ی بار دستگاه خودم رو برای چک بردم شرکت و رایگان برام تعویض کردند . راستی اگرم اپلیکیشن بارکد خوان روی گوشیاتون داشته باشید چک کنید میبینید زده USA
Positive,بهبه عجب گوشی هست
Positive,سلام خیلی عالیه من چند روزه بدستم رسیده فکر نمیکردم هدست جنیوس این قدر با کیفیت باشه وقتی هم رو گوشت میذاری دیگه صدای اطرافو نمیشنوی
Positive,گوشی فوق العاده ای هست کیفیت صفحه و دوربین عالیه سیستم عامل هم مثل همیشه فوق العادس این گوشیو به کسایی پیشنهاد میکنم که قبلا با ویندوز فون کار کرده باشن این گوشی برای کسایی که پابند اندرویدن اصلا توصیه نمیشه چون بدردشون نمیخوره تا به حال بهترین ویندوزی هست که دستم گرفتم همینطور ممنون از دی جی کالا که گوشی رو به بهترین نحو به دستم رسوند .
Positive,سلام . آقا من خودم لومیا 520 دارم ، و هیچ کدام از مشکلاتی را که شما گفتید را نداشت . . لطفا اول یک بار ویندوز فون را توی دستتان بگیرید ، بعدش بیاین از این حرفا بگین . .
Positive,این نوع سپیکر قدرت بیس بالایی داره و به درد سیستم های میخوره که ساب ندارن
Positive,این سشوار ساخت چین هست . نسبتا کوچک ، سبک و خوش دست . قدرت پرتاب باد خیلی خوبی داره ، و برای من که موهای بلند و پرپشتی دارم ، خشک کردن و حالت دهی رو راحت تر کرده . مهم ترین ویژگی اون فناوری تولید یون هست که باعث شدن این بار بعد از شسوار کشیدن خشکی همیشگی رو در موهام احساس نکنم و از این بابت خیلی راضی هستم . قطر دهانه ی شسوار هم اگه کمی بزرگتر بود بهتر می شد . درجه ای برای تنظیم میزان حرارت و شدت باد به صورت مجزا وجود نداره و هردو باهم کم یا زیاد میشه . بین این مدل و Philips HP8229 Hair Dryer انتخابش کردم . به دلیل نیمه حرفه ای بودن(یه درجه قوی تر از سشوارهایی با مصرف خانگی ) و فناوری تولید یون(مناسب برای کسانی که به وصرت متعدد و مداوم سشوار میکنن ) مشهد هستم . جمعه شب از دیجی کالا خرید کردم ، یکشنبه عصر به دستم رسید . از سرعت و کیفیت خدمات دیجی کالا ممنونم .
Positive,سلام من حدود شش ماه برای این گوشی تحقیق کردم و حالا حدود دو ماهه دارمش همه گوشی های هم رده خودش رو دیدم مثلz2وg2وs5 و . . همه این گوشی هایی که نوشتم قیمت شون لا اقل 100تومان گرون تره ولی این از همه شون بهتره چرا کودوم یکی از اینا 3 گیگ رم دارن کودومشون طراهی به این قشنگی دارن یا اگه من دروغ میگم بزارین بنچمارک بگه تو تست انتوتو که من از این گوشی گرفتم امتیاز 41856رو به دست اورد یکم پایین تر s5 دوربین 13 مگاپیکسل پشتش فوق العاده است دوربین جولو 5 عالیه تازه با قابلیت پاناراما عکس های بسیار جذابی میتونین بگیرین باتریش 3100امپریش الیه ولی نمیدونم چرا زود تموم میشه البته بگم من همش پوشتشم بازی میکنم تو بازی ها هم باد بگم من بازی اسفالت 8 ریل ریسنگ 3 و جی تی ای 5 ومودرن کمبت 5و خیلی بازی های دیگه رو امتحان کردم مثل ساعت کار میکنه هیچ مکسی توش دیده نمیشه اموشنشم 3 شده عالیه همه چی بی نقصه رابت کاربریش بسیار روونه و از توچ ویز سامسونگ و رابط کاربریhtcخیلی قشنگ تره سریع تر وبهتره و میتونین هروز تمشو عوض کنید . باتشکر از شما
Positive,سلام من این ماشینو دارم واقعا راضی هستم حرف نداره با کیفیت شارژ هم خوب نگه میداره
Positive,همه چی عالی واقعا تا الان که ا زش استفاده میکنم انتن دهیش خوبه 10 نفرم از طریق وای فای کانکت شدیم بدون افت سرعت بوده
Positive,به نظرم خیلی عالی بود
Positive,همین الان سفارش دادم . پیشنهاد میکنم سفارش بدید چون واقعا عالیه
Positive,من از مرداد ماه دارم استفاده میکنم و ازش راضی هستم ، البته الان 20 روزه از مدل جدید پارس دارم استفاده میکنم که باز هم راضی هستم .
Positive,با سلام . این تبلت ، تبلت ستودنیی هستش . مخصوصا کیفیت صفحه نمایش نسبت به ابعادش . اما اگه دوربینش با رزو لوشن 13 بود و برجسته نبود خیلی بهتر میشد.حافظه داخلیشم مسبت ب قیمت ی خورده کمه . اگ 64 میشد عالی میشد . شاد باشید
Positive,من یک هفته است که خریدم خیلی گوشی خوبیه مشکلی توش ندیدم طراحی زیبایی داره نسبت به قیمتش می ارزه ☺
Positive,سلام وخسته نباشید به تمامی کاربران ومدیران این سایت . . من واقعا از دیجی کالا ممنون هستم به خاطر تمامی زحمات و تلاشهایی که برای ما انجام میدن . عرض شود که من این لب تاب رو خریدم و خیلی خیلی راضی هستم ازش واقعا نسبت به قیمت و کیفت میتونم به جرات بگم که واقعا ارزش داره که درنگ نکنید و خرید کنید چون با این مشخصات بعید میدونم لبتاب بتونیدبخرید و این امکانات عالی رو داشته باشه . . بازم مچکریم دیجی کالای عزیز
Positive,اول از همه خیلی کوچیک و خوشگل و سبک طراحیش واقعا زیباست بسته بندیشم عالی بوود مهم تر از همه کارایی محصول که من خیلی راضی بودم با گیرنده اش میتونید دوتا دستگاه شارژ کنیداگر هم گوشیتون وایرلس شارژ بشه باخود پاوربانک هم میتونید وایرلس شارژ کنید من گوشیم s7 وایرلس شارژش میکنم ولی خواهرم آیفون داره از گیرنده اش استفاده میکنه خیلی از خریدم راضیم حتما پیشنهاد میکنم .
Positive,"طراحی این گوشی واقعا عالی,از بازی هایی که اجرا میکنه هم میشه فهمید سخت افزار خوبی داره اما در مورد دوربین و تاچش , تاچش با آپدیت کردن نسخه اندروید و دوربینش با تنظیم کردن رزولوشن روی 8MP و آپدیت کردن اندروید خوب میشه با تشکر از کارمندان دیجی کالا که کالا های اصل در اختیار ما میدن ."
Positive,سلام من یه ماهی هست که این گوشیرو خریدم واقعا فوق الاده است هر کی در خریدش مشکل داره شک نکنه و بخره . من همه کار باهاش کردم بازیای فوق سنگین روش راحت اجرا شده مثل call of duty strike team - تمام modern combat 3 - 4 - 5 روش راحت اجرا شده در کل گوشی خوبیه باتریش هم خوبه حدود 4 ساعت راحت وب گردی میکنم دوربینش یکم ضعیفه کیفیت صفحش واقعا عالیه از هرچیش خوشتون نیاد از کیفیت صفحه راضی خواهید بود اصلا تا حالا هنگ نکرده . هر کی موافقه لایک کنه.بازم ممنون از دی جی کالا
Positive,کیف بسیار خوب و محکمی هستش . من برای هارد sp armor a85 گرفتم که واقعا از کیفه راضیم و خیلی مقرون به صرفه هست .
Positive,من بین این تبلت و لنوو a300 و مدل هیوندای p700 plus شک داشتم در نهایت بعد از کلی تحقیق هیوندای p700 پلاس رو از بازار خریدم چون دیجی کالا نداره این مدلو ازش خیلی راضیم مشخصات دقیقا مثل اینوله ولی من خیلی ارزونتر خریدم و نسبت به لنوو خیلی سبکتر و نازکتره تبلت خوبیه
Positive,طراحی خوب ، جاگیری سبدها داخل هم خیلی راحته که باعث می شه جای کمی اشغال کنن و در مجموع رضایت بخش .
Positive,سفارش دادم و بعد از چند رو بدستم رسید . به نسبت قیمتش . کار خوب و شیکی هست . ارزش خرید به این قیمت رو داره . البته نباید انتظار یک کاربا جنس MDF رو داشته باشید . درست کردن و بستنش هم اصلا کاری نداره .
Positive,یک گوشیه همه چیز تمام در حال حاضر نزدیکه 1 ماهه از دیجی کالا خریدم و خیلی راضیم بخصوص سخت افزار و سرعت بالای اینترنتش . به دوستای مهربونم هنوز اقدام به خرید نکردن حتما پیشنهاد میکنم البته به شرط خرید از نمایندگی اصلی یا دیجی کالا با گارانتی معتبر دنیا پردازش
Positive,من خودم این گوشی رو خیلی چششم گرفته و به دنبال خریدشم چون یکی از اطرافیان این گوشی رو داره و خیلی هم راضی فقط خواستم ببینم که چرا رنگ های دیگرش را نمیران
Positive,با سلام خدمت دوستان . این رم همین دیروز به دستم رسید . سرعت انتقال اش هم عالیه . تو خریدش معطل نکنید !
Positive,ارزش خرید رو داره اگر برای پارک های داخل شهری استفاده بشه
Positive,سلام خدمت دوستان این گوشی واقعا معرکست ، از هر جهت کار ادمو راه میندازه : وب گردی ، بازی ، حتی عکاسی و طراحی ، به نظر من میرزه به گوشیی های برند های دیگه
Positive,درود دوستان . من این کوله رو دارم . . برای صعودهای یک روزه ازش استفاده می کنم . ازش راضیم . . شیک و راحته . . برای کسی که جثش کوچیکه خوبه . . فقط به خاطر اسکلتش ، فضای داخلش تنگه و برای اینکه به محتوای ته کوله دسترسی پیدا کنی اذیت می شی . البته برای من رنگش یکپارچه سبزه و دورنگ نیست . دو رنگش خیلی جلوه ی زیباتری داره .
Positive,کاملا راضی هستم . داخل رونیز به راحتی جا شد و کنارش هم فضای خالی اضافه اومد که جای مناسبیه برای کیف . ولی شاید برای ماشین های کوچیکتر بزرگ باشه . قبل از خرید به ابعادش دقت کنید . این ساک بدنه ی شل و ول نداره و خیلی شکیل در عقب ماشین قرار می گیره . داخلش سه قسمته که در قسمت وسط می تونید آچار چرخ رو به راحتی جا بدید . ارتفاع دیواره هاش بنده و تقریبا هرچیزی رو می تونید در داخلش قرار بدید . هر کدوم از قسمت هاش در جداگانه داره ، یعنی اگه توی یکی از قسمت ها چیزی بگذارید که بلند باشه می تونید فقط در همون قسمت رو نبندید و برای بقیه ی قسمت ها مشکلی نخواهد بود . زیرش چسب داره و به موکت ماشین می چسبه و لیز نمی خوره ولی اگه مداوم بخواهید جابجاش کنید شاید این چسب ها یواش یواش موکت ماشین رو خراب کنه . در تصویر می بینید که دورتادورش توری کشیده شده ولی در عمل این جیب ها اینقدر تنگ هستند که فقط برای کاغذ یا باطری قلمی مناسب هستند . من از خریدش راضی هستم . اگر به ابعاد ماشین می خوره کاملا ارزش داره .
Positive,نسبت به قیمتش خیلی عالیه.منتظر همچین محصولی بودم.مرسی دیجیکالا
Positive,من امروز این محصولو خریدم اول خیلی دو دل بودم اما بعد از اصلاح کاملا نظرم عوض شدش اول اینکه رایحه مطبویی داره و بعد از پخش کردن رو پوست ی احساس خنکی میکنید در حین اصلاح احساس میکنید که تیغ کند شده ولی اینطوری نیست در واقعه کف داره از پوستتون محافظ میکنه و نمیذاره تیغ خط بندازه و در اخر اصلاح خیلی تمیزی رو ارائه میده امیدوارم تونسته باشم به خوبی راهنماییتون کنم
Positive,حرف نداره واقعا عالیه هیچ مشکلی پیدا نکرده بعد چند سال .
Positive,فلش عالی است من 7سال پیش خریدم اخ هم نگفته
Positive,تو این بازه قیمتی عالیه شک نکنید
Positive,بین تمام دوربین های هم قیمت خودش عالیه . کیفیت ساخت و ارگنومی عالیی . کیفیت عکس ها به عنوان ی دوربین با سنسور کوچیک کاملا راضی کنندست . فقط کاش مثل hs35 با فرمت raw عکسو ذخیره میکرد .
Positive,من همین الان اینو سفارش دادم به نظرم خیلی خوبه
Positive,خیلی باکیفیت و خوبه و ارزش خرید داره
Positive,حرف نداره از همه لحاظ عالیه .
Positive,ساعتی بسیار زیبا و عالی . با سپاس از دیجی کالا
Positive,وای دیجی کالا فوق العاده ای که همه چی داری
Positive,الان پنج یا شیش ماهه که خریدمش . این محصول عالیه ، من با بقیه مخالفم که میگم این محصول بدیه حالا از لحاظ باتری باشه یا کلید جابه جایی os android ، هر دو درست کار میکنه تا وقتی که هنوز اپدیت نکرده باشین چون شرکت میکروسافت هنوز برای ویندوز 10 کلید جابه جایی os درست نکرده و وقتی که اپدیت بخوایین بکنین جای بیشتری از حافظه ازتون کم میکنه . از هر لحاظ این تبلت یا 3g کالینگ یا نوت بوک درست کار میکنه وچون من یه منشی هستم از این که میتونم سه تا وسیله رو با هم داشته باشم خیلی راضیم . کسی هم که با جای کم مشکل داره میتونه یه رم دست حسابی بزاره و از برنامه های پورتبل استفاده کنه . من از ساعت 1 که سر کار هستم تا ساعت 8 همیشه باهاش کار میکنم و فیلم میبینم بعد از هشت ساعت فیلم دیدن خاموش میشه به نظرم این همه ساعت خیلی هم خوبه .
Positive,سلام آقا من 2 ساله خریدم جز افتخارام حساب میشه هر وقت تو خونه میبینمش حس خوبی بهم دست میده اگه به فکر سلامتیتون هستید حتما بخرید . باریکلا دی جی کالا
Positive,در یک کلمه عالیه .
Positive,محصول خیلی خوبیه . . کیفیت لنز هاش عالیه . چون گیم پد مخصوص نداره ، میتونین بوسیله کابل OTG موس رو به موبایل وصل کنین و استفاده کنین . وجود شیار برای عبور کابل شارژر و هندزفری خیلی کارآمد هس . در کل عالیه
Positive,تقریبا 3 ماهی میشه که این گوشی را برای همسرم خریداری کردم . واقعا نسبت به قیمتش حرف نداره . ایرادهای قابل ملاحظه اش یکی صدای اسپیکر نه چندان قویشه و یکی هم اینکه کاستوم رام هاش خیلی کمه و منطقی بنظر نمی رسه که کاستوم رام های خوب و جواب پس داده ای باشن . البته من روش روت کردنش رو پیدا کردم و بعضی نرم افزارهای بی فایده ای که روش بود رو پاک کردم ، ولی هنوز نتونستم اورکلاکش کنم ، گرچه همینطوری هم سرعتش قابل قبول و روانه .
Positive,جالبه که 100 آمپر ظرفییتشه ولی گوشی نوت3 ( 3200 ) آمپر رو فقط 2 بار ظرف مدت 2 ساعت شارژ میکنه . در کل بد نیست .
Positive,تو پیشنهاد شگفت انگیز عالیه حتما بخرین .
Positive,من این محصول را تهیه کردم . بسیار عالی و با کیفیت است و با وجود اینکه از بقیه دستگاههای گیرنده دیجیتال قیمت کمتری دارد ، ولی کیفیت بالاتری دارد .
Positive,واقعا اشعارش معرکست ، کاش یه روز این کتابو هدیه بگیرم . .
Positive,من این گوشی رو دیروز دیدم . . از اونجا که من عاشق گوشی طلایی هستم و پولم نمیرسه آیفون گلد بخرم اینو خریدم تا ایشاالا در آینده آیفون گلد بخرم . . خوشگله ظاهر خوبی داره که هیشکی باورش نمیشه من به این قیمت خریدمش . . کار کردن باهاش هم راحته تنها مشکلی که هست بعضی وقتا تاچش گیر میکنه . . مقلا میخوام شماره بگیرم دو بار باید عدد رو بزنم تا بگیره . . و رزولیشن صفحه اش هم زیاد جالب نیست . . عکس ها حالت پیکسل پیکسلی میشن . . ولی در کل خوبه . . کار راه اندازه . . دیگه والا با دویست تومن چی میدن که
Positive,سلام دوستان من ازین حوله یدونه گرفتم امروز بدستم رسید . بسیار با کیفیت هستش و راضیم از خریدنش . پالتویی هستش دیگه ! ! اون حوله ها برای نشون دادن رنگهاشه .
Positive,من از بهمن 92تا به الان مدل Gpro E988 رو دارم فوق العاده س اونموقع حدود 2تومن با وسایل جانبیش از علاالدین گرفتمش ، واقعا عالیه و حرف نداره خیلی ازش راضیم و تنها مشکلم کاورشه که متأسفانه کاور این مدل تو بازار نیس
Positive,یک ماهی میشه این گوشی رو از دیجی کالا خریدم با این قیمت میتونم بگم یه گوشی تمام عیاره که تمام نیاز هاتو برطرف میکنه و هر کی بخره به هیچ وجه پشیمون نخواهد شد . صفحه نمایش خیلی عالی دوربین خیلی عالی در حد دوربین گلکسی J7 اندروید 5 . به نظر من ارزش خریدو داره و به دوستای عزیزم پیشنهاد میکنم با این رنج قیمت به هیچ عنوان از دست ندین
Positive,گوشی مناسبی است
Positive,بسیار با کیفیت و محکم است و برای چسباندن قطعات پلاستیکی به هم بهترین گزینه است
Positive,از دیجی کالا کی خریده و راضیه جواب بدید
Positive,قبلا از دیجی کالا زیاد خرید کرده بودم . قیمت مناسب جاذبه جذب مشتری است . ولی باید به سیستم پیگیری مستمر ، سرعت عملکرد عالی ، کیفیت کالا و بسته بندی بسیار خوب و نیز احترام به مشتری در دیجی کالا امتیاز 100 داد . امیدوار هستم در این راه الگوی مناسبی برای سایت های خرید اینترنتی باشید .
Positive,واسه گوشی دوم فوق العادس . شش ماه میشه ازش استفاده میکنم . مشکل خاصی ندااشته
Positive,انتی ویروس خوبیه.فضول نیست ! ! این خیلی خوبه . . نود32 خیلی فضوله . . واسه خودش جو گیر بازی زیاد درمیاره . . چه بهتر که لایسنس ارجینال بخریم و اینقدر دوباره کرک نباشیم . . همچین هزینه ای واسه6 ماه عالیه
Positive,این گوشی یکی از بهترین گوشی ها نسبت به قیمتشه آنتوتو1500 . دوربین بی نظیر.صفحه نمایش دوم پر کاربرد.خیلی کاربرد داره و هرچی بخوای روش نصب میشه.ولی یکی از مشگلاش اینکه قاب قشنگ نداره.بازهم هرچی باشه ازA7 2017بهتره.هرکی نظر من رو دوست داشت لایکنه لطفا باتشکر .
Positive,خیلی عالی بخرید .
Positive,به نظر من فوق العاده هستش همه ازم میپرسیدن که عطر چی زدی واقعا عالیه حتما امتحان کنید
Positive,با سلام خدمت دوستان عزیز باید بگم هوآوی تو چند وقت گذشته واقعا پیشرفت کرده جوری که من خودم اوایل اصلا از هوآوی خوشم نمیوند ولی الان عاشقشم چون گوشیای قدرتمند خوبی رو معرفی کرده در باره آنر 8 هم باید بگم عالیه برای خریدش شک نکنین من ک از همین الان پولشو گذاشتم کنار همین که موجود بشه میخرم
Positive,گالری فوق العاده،مدیا پلیر فوق العاده،باتری قوی ک تا دو روز شارژ میده و با نت هم ی روز کامل جواب میده،کیفیت ساخت و صفحه نمایش هم بینظیره،در کل عالیه
Positive,با سلام دیروز به دستم رسید ترسیدم تمامشه زود خریدم خیلی باحاله حرف نداره ای کاش تو پیشنهاد ویژه بزنن
Positive,سلام دوستان این کابل واقعا با کیفیته من سبزش رو سفارش دادم چند ساعت پیش به دستم رسید الان به تبلتم وصل کردم با یه موس تبلتم مثل لپ تاپم شده ! واقعا عالیه ممنون از دیجی کالا بخاطر ارسال سریع !
Positive,نزدیک به دو ماهه این گوشی رو داریم و ازش خیلی راضیم و تا به امروز به هیچ مشکلی بر نخوردم . . من به شما این گوشی رو پیشنهاد میکنم .
Positive,من با دنیای فرمول یک توسط این سری بازی f1 2011 آشنا شدم در اول مسائلی هست که نیاز به علم مسابقه داره و نمیشه مسل یه بازیه آرکید به اون نگاه کرد اما وقتی دنیاشو درک کنی زیباترین بازی ریسینگ میشه واستون که نمیتونید یک لحظه کنارش بذارید فرمول یک تو کشور ما مخاطب کمی داره اما بدونید که بعد از فوتبال پر بیننده ترین مسابقه تو کل دنیاست حتمن امتحان کنید
Positive,عالی و پر محتوا
Positive,فوق العادست این گوشی اصلا هنگ نمیکنه خوش دسته . . عالیه . .
Positive,سلام دوستان من بالاخره بعد از یه عالمه تحقیق بین انواع برند ها و دوربین ها به این نتیجه رسیدم که این دوربین نیاز من رو به یه دوربین خوب برآورده میکنه و سفارشش دادم با تشکر از دیجی کالا
Positive,با توجه به قیمتش . کیفیت ساخت فوق العاده ا ی داره . . از صدا وباس آخوبی داره
Positive,فوق العاده است . فقط حیف که قیمتش بالاست .
Positive,من از هر نظر راضیم و کارم رو راه انداخته و بیشتر از تصورم بوده .
Positive,خیلی خوشگله ، قاب پشتی آلومینیومیش حس خوبی به آدم میده ، نازکیش هم که حرف نداره فقط یکم از لحاظ سخت افزاری ضعیفه ، لگ زیاد داره ، ولی تا الان ( دو هفته ) هنگ نکرده
Positive,من چند سال این محصول رو استفاده می کنم به نظرم فوق العادس
Positive,خیلی محکمه و خوبه فقط بدیش اینه که ریموت نداره ! !
Positive,سلام ، برای افرادی که کارشون آموزش و ارائه هست و میخوان وسیله ای داشته باشند که هم قابل حمل باشه و هم کیفیت و روشنایی خوبی داشته باشه ، حتما این پروژکتور را پیشنهاد می کنم ، خودم از دیجیکالا خریدم و بسیار از خریدم راضی هستم . حتی در محیط هایی که روشنایی بالایی دارند هم به خوبی قابل استفاده هست ، واقعا ارزش هزینه ای که پرداخت می کنید رو داره . با تشکر . .
Positive,نزدیک یک سال داره میشه که دارمش و به جرات تو این 10 11 ماه،کلا 2 ماه خاموش بوده ! مداوم روشن بوده و بازی های و برنامه های سنگین رو به راحتی باهاش اجرا کردم . . فقط بهتره موقع کارای سنگین براش یه فن هم بگیرین که خیالتون راحت باشه . تو خریدش شک نکنید . .
Positive,کتابی فوق العاده . مرسی دیجی کالا ! !
Positive,سلام دوستان حدود 2 ماه هست خریدمش از همین دیجی کالا به نظرم انتخاب خوب و مناسبیه برای موی های صورت که واقعا خوبه اما واسه زیر گلو وقت بیشتری باید صرف کنی اما اصلا هیچگونه حساسیت یا التهابی رو ایجاد نمیکنه در کل راضی کننده هست و ارزش خریدش رو کاملا داره
Positive,من چند روز پیش خریدم ولی توصیه می کنم ولی اصلا راضی نیستم . تنها خوبیش اینه که دو سیمکارته هست و بلوتوث و چراغ قوه داره ولی فونت فارسیش خیلی نامناسب و بد هستش ، زیادی بزرگه و غیر قابل استفاده ، ' میم ' اش شبیه صاد هست تقویم شمسی هم نداره ، پیامها هم نصفه نیمه میاد و همه اش یه دفعه نمیاد ، دوربینش هم VGA هست نه میشه عکس انداخت نه فیلم گرفت تازه مال من صفحه اش لق می زنه در کل پشیمونم که خریدم البته مهمترین مشکلش فونت فارسی هست پیامهای فارسی به سختی قابل خوندن هستن
Positive,من 5 ساله این کیف و دارم . مرگ نداره . هر کاریم فکر کنید باهاش کردم و واسه مسافرت واسه لپتاپ . ورزش . کوه . . همه چی . عالیه
Positive,خیلی عالیه هم وزنش کمه هم همه چیش نسبت به قیمتش خوبه
Positive,فقط از بیرون عکس گرفته شده و مشخص نیست نوع در چجوری باز و بسته میشه داخل جیب نگهداری وسایل داره نداره سایزش روی دوش نمایش داده نشده کلا مشخصه کیفیت بالایی داره ولی عکسها گویا نیست .
Positive,ساعت خوبیه خوش دست من تازه گرفتم واسه همسرم
Positive,اگه به مقدار پولش اهمییت نمیدی +GALAXY Note 5 va GALAXY s6 Edge بین انتخاباتتدن قرار بدید من خودم Note 4 دارم کاملا راضی ام رنگ طلاییش فوق العادس
Positive,عالیه من چهار ساله دارمش
Positive,به نظر من تنها نقطه ضعف این گوشی دوربینشه که البته باید این رنج قیمت رو هم در نظر بگیرید و واقعا خیلی از کاربرا در رابطه با این موضوع بی انصافی می کنند
Positive,من بیشتر از یه ساله این گوشی رو دارم و به تازگی هم بصورت دستی اندرویدم رو به مارشمالو ارتقا دادم ، با این قیمت خیلی عالیه ، گوشی های جدیدی که به بازار میان از نظر سخت افزاری اختلاف زیادی با این گوشی ندارن . دو تا نقطه ضعف داره : دوربین سلفی مثه خود گوشی عالی نیست ، مصرف باتری به دلیل کیفیت خیلی بالای ال سی دی بالاست در کل پیشنهاد میکنم بخرین ، اندروید هم ارتقا بدین من تا الان گوشیم یه بارم هنگ نکرده ، من که خیلی سخت سلیقه ام واقعا راضیم .
Positive,این کالا رو توی پیشنهاد شگفت انگیز خریداری کردم ، یه کم مونتاژش زمان بر بود.در کل از خریدم خیلی راضیم
Positive,"USER دانته پیرهوشیار : احیانا یک سری به Razer Adaro DJ هم بزنید که به نظر من به خاطر نوع خروجیش و کیفیت ساخت و شفافیت صدا دست کمی از این مدل نداره به علاوه از نظر وزن هم فشار کمتری به مهره های گردن وارد میکنه , قیمتش هم به صرفه تره . بعضی از دوستان این مدل رو با HD800 مقایسه میکنند ( بیشتر از نظر قیمت ) اگر شما به این هدفون گوش داده باشید تفاوت های زیادی بین این دو مدل هستش ، HD800 فرکانس و impedance اون تفاوت خیلی زیادی داره و به علاوه پشت باز هستش و کیفیت استاندارد صدا رو در خروجی اون میبینیم و برای استفاده از اون یک amplifier لازم دارید که حداقل 300 اهم رو پشتیبانی بکنه . بنده HD700 دارم و اون زمان دسترسی به HD800 نبود ، از نظر کیفیت صدا از خواهرش در سطح بسیار پایینتری قرار داره ولی بنده رو راضی نگه میداره . مقایسه برند نادرسته ممکنه هدفونی از برندی وجود داشته باشه که به درد سطل آشغال بخوره ولی از همون شرکت هدفونی باشه که کیفیت صدای عالی داشته باشه ."
Positive,اگه یه درصدم شک دارین که بخریدش برید فیلم نقد و بررسى شو ببینید حتما مى خریدش
Positive,عالی بود واقعاحرفنداره
Positive,من این تبلت را امتحان کردم . مصرف باتریش خیلی خوبه.بیست دقیقه کمتر از 5 ٪ مصرف شارژ داره . صفحه نمایشش خوبه . و خیلی بدنه شیکی داره . مشکل تاچ هم نداره . این مواردی که عرض کردم با در نظر گرفتن تبلت و گوشی خودم که سامسونگه بوده .
Positive,تنظیم زبانش رو پیدا کردم . با توجه به اینکه داخل پک راهنمای چاپ شده ای نیست ، و اینکه منوی انتخاب زبان هم داخل منوها نبود ، داخل قسمت ساپورت خود کنون چک کردم . برای دوستانی که ممکنه به این مشکل برخورد کنند ، می گم : در حالت خاموش کلید playback رو بزنید ، سپس کلید Display رو نگه داشته و کلید Menu رو فشار بدید . لیست زبانها میاد که زبان فارسی رو هم داره . با توجه به اینکه امروز عصر این دوربین رو با بسته بندی خیلی مناسب از دیجی کالا تحویل گرفتم ( ضمن تشکر از سرعت و کیفیت مثال زدنی ارائه خدمات دیجی کالا ) و نظراتی که دوستان دادند ، تجربه یکساعت اول کار با این دوربین ( مدتی که باتری در حالت آکبند کمی شارژ داره ) رو براتون می گم . امیدوارم مورد استفاده قرار بگیره : ظاهر و ارگونومی : واقعا عالی ، من با SX210~260 و sx110~160 کار کردم . مدل SX700 طراحی و کیفیت متریال به مراتب بهتری داره . راحت تو دست جا می گیره . فلاش پرانی که در سری های SX2## بود و بدلیل اینکه تا دوربین رو روشن می کردی میومد بالا همیشه روی اعصاب من بود ، توسط یه دکمه مخصوص مهار شده . کیفیت عکس در شب : خوب . من بدون فلاش و عکسهایی با زوم ماکزیمم و بدون زوم گرفتم . زیر نور لامپ کم مصرف سفید ( بدترین نور برای عکس ) ، با اینکه بدلیل عدم استفاده از فلاش تقریبا تمام عکسها در ایزوی 1600 و 1250 و 100 و 800 گرفته شده بود ، 90 % عکسها خوب و با نویز خیلی کم ( بیشتر در زوم فول ) گرفته شده بودند . ضمنا با اینکه در زوم های بالا بدون سه پایه و در وضعیت نسبتا بی ثبات ( لم داده ) عکس گرفتم ، لرزش دستم فقط در دوتا از سی تا عکس مشهود بود که به نظرم با توجه به اینکه این دوتا عکس هم در زوم 30 برابر گرفته شده ، نمره قبولی خوبی به لرزشگیر این دوربین می ده . ( همه عکس در مد Auto و حالت 4 : 3 و سایز 8M گرفته شدند ) کیفیت فیلم فول اچ دی در شب : خوب . من زیر همین لامپهای کم مصرف ، دقیقا یک دقیقه فیلم FullHD 30fps گرفتم به همراه زوم . حساسیت میکروفونها عالی بود و کیفیت فیلم هم برای شب کاملا قابل قبول بود . حجم یک دقیقه فیلم : 175 مگابایت . بیت ریت تصویر 2400kbps و با کد AVC و عمق رنگ 24bit ، بیت ریت صوت هم 128kbps استریو و با کد AAC و نمونه برداری 4800Hz برای تست سایر موارد دیگه باتری جونش رو از دست داد که فعلا تو شارژه . بعد از اینکه شارژش کامل شد ، مدت زمان فیلمبرداری فول اچ دی 30 فریم رو هم چک می کنم و اطلاع می دم . ضمنا در 10 دقیقه آخر طول مدتی که با دوربین کار می کردم ( بعد از فیلمبرداری و Play کردن فیلم و دیدن عکسها ) کمی قسمت راست بدنه ( محل باتری ) گرم شده بود . موفق باشید
Positive,هم سرعت شارژش بالاست و هم باهمهءدستگاههاسازگاراست
Positive,من امروز گرفتمش واقعا عاله هم headphonesh هم mouse که هر دو با هم بودن خیلی عاله و خوده لپتاپ هم که با پک اصلی بود مرسی دیجی .
Positive,به نظر من ایفون یه چیز دیگس ! ! من خودم ایفون 6 میخرم . . واقعا محشره
Positive,یعنی با این پولی که دارین میدین یه چیز حرفه ای میگیرین واقعا عالی خدایی اصلا توقع نداشتم یه دوربین عالی مثل این گرفتم،حتما بگیرید تا از دستتون نرفته
Positive,از دوست خوبمون مهیار میرزازاده سپاس گذارم که اگه تمام سوالات و جواب نداد که شک الکی بعضیا در مورد این محصول برداشت ولی صحبتاش جوری بود که دیگه کسی فکر نکنم ایراد دهن پرکنی از این گوشی بگیره باتشکر از دیجی کالا
Positive,ترو خدا موجود کنین . من خیلی به این نیاز دارم . هیچ چی نمیتونه اثری که سوناکس روی رنگ خودرو میزاره رو داشته باشه . یک کلام خوراک ماشین بازهاست
Positive,تازه بدستم رسیده و واقعا خوب تمیز میکنه من که خیلی راضی بودم
Positive,با سلام واقعا تبلت خوبیه - از هر نظر عالیه مخصوصا شارژ باتری رو خوب نگه میداره - فقط نمیدونم چرا سیمکارت ( همراه اول ) رو نمیشناسه لطفا راهنمایی کنید با تشکر علیرضا صادقی
Positive,خیلی عالی بود پیشنهاد میکنم بخونیدش ارزش خوندن داره
Positive,عالی ه عالی فوق العاده شیک و زیبا و بادوام و راحت و فیت پا
Positive,سلام من امروز این کالا بدستم رسید،البته توی تخفیف ویژه گرفتم ، واقعا نمیتونی توقع داشته باشی از این اسپیکر کوچولو این صدای بلند و با کیفیت رو بشنوی . . ! خیلی راضیم از خریدم ولی یک ایرادی هست که هنوز برام حل نشده ! اونم کلید وولووم این دستگاهه . . معلوم نیست نقشش چی هست : - )
Positive,شرکت electronic arts واقعا ترکونده توی این بازی بنظرم 100 % ارزش یک بار تجربه کردنو داره همچنین اگر از بازی کردن های پی در پی در بخش kick off خسته شدید میتونید کمی هم به بخش داستانی سر بزنید و با ماجراجویی های الکس هانتر همراه شوید نمره شخصی من به این بازی 9 از 10 هست و بنظرم تجربش برای هر گیمر فوتبال دوستی واجبه ! در ضمن لطفا دیگر شاهکار استودیوی ea یعنی battlefield 1 را هم هرچه زودتر موجود کنید چون جایی معتبر تر از digikala برای خرید نداریم لطفا این بازیو موجود کنید
Positive,من این دوربین رو خریدم خیلی کیفیت خوبی داره میتوان گفت بی نظیره
Positive,عالی برای کارهای گرافیکی و انیمیشن سازی
Positive,واقعا عالیه کیفیتش واقعا بالاس ارتقاء تصویرش هم خیلی فوق العادس کنترلش هم اصلا ناامید کننده نیست با این که جادویی نیس ولی خیلی راحت و ساده میشه ازرش استفاده کرده تو وب گردی . این محصول رو حتما پیشنهاد میکنم
Positive,سلاممن این میکرو حدود یک ماه پیش تهیه کردم واقعا سرعت خیلی خوب و عالی داشت . کارت حافظه قبلی من پر شده بود و دنبال میکرو اس دی جدید بودم که کداک به من معرفی شد . یک سری اط اطلاعات از حافظه گوشی وقتی رو میکرو کداک انتقال میدادم واقعا سرعت بالا بود حتما بهتون پیشنهاد میکنم این کالا بخرین . گوشیم هم سامسونگ J1 بود .
Positive,سلام حدود یک ماهه خریدم و کاملا از کارش گوشی راضی هستم
Positive,خیلی ممنونم لطفا گوشی های شیائومی و برند های خوب چینی بیشتری رو وارد فروشگاه خود کنید .
Positive,در پیشنهاد ویژه واقعا می ارزه که بخرید
Positive,در کل از خریدم راضی هستم ابعاد مقداری کوچک است ولی برای کاربری روزانه بسیار مناسب ، سبک و کارامد می باشد
Positive,من این تبلت را از دیجیکالا خریدم و بعد از چهار روز تحویل گرفتم . تبلت بسیار عالی است تست antutu را انجام دادم در زمانی که وای فای خاموش بود به طور کامل انجام و امتیاز 2600را بدست اوردولی زمانی که وای فای را روشن کردم پیام داغ شدن داد و خاموش شد و برای بار سوم با وای فای روشن به طور کامل انجام شد با امتیاز 2500
Positive,دریک کلام بگم عالیه
Positive,روز دوم از دستم افتاد گوشه بالای بدنه پلاستیکی مقداری شکست و همچنان داره افزوده میشه پس مواظب باشید از دستتون نیوفته و البته بگم که دو باری هم از سمت صفحه نمایشش دستم افتاد روی سرامیک که جرات نمیکردم برش دارم منتظر بودم صفحش خرد شده باشه که خداروشکر هیچیش نشده بود صفحه نمایشگر عالیه روش پی دی اف های سنگین اجرا میشه گرافیکش هم خوبه ولی یه وقتهایی کند میشه که نسبت به قدرتش توی موارد دیگه به چشم نمیاد تلفن هم میشه باهاش صحبت کرد که برای دست های یه خانوم یکم بزرگه ولی صدا و . . خوبه صداش عالیه دو اسپیکر داره که وقتی روبروت میگیری و موزیک گوش میدی حس خیلی خوبی داره نازک و خوش دسته بعد از یکسال استفاده اگر با صفحه روشن باهاش کار بشه باطریش تقریبا تا غروب جواب میده کلا بعد از این یکسال ازش راضیم و پیشنهاد میکنم .
Positive,بی تظیر این لب تاب قیمت کارایی و زیبایی فوق العاده است بابت خریدش خوشحال و راضیم
Positive,بنده چندین ساله این مودم رو دارم و خیلی وقت ها شب تا صبح هم روشن بوده و مشغول دانلود : D گاهی اوقات هم شب و روز روشن بود تا الان خدارو شکر آخ هم نگفته البته اینی که اینجاس قیافه ش خوشگل تر از مال منه : D
Positive,در کل گوشیه خوبیه . خیلی بهتر از سری جدیده سامسونگ هست . تو تست s7 edge و s7 رو قورت داد . ولی الان نخرید قیمتش خیلی زیاده نسبت به امکاناتش . عزیزان من قبلأ htc داشتم میتونم بگم هنگ نداره و فقط یک بار هنگ کرد و واقعا بهش حق میدادم یعنی اگه هنگ نمیکرد تو اون شرایط تعجب میکردم . و همچنین کیفییت اسپیکر htc فوق العادس . در کل این گوشیا پیشنهاد میشه . LG V10 _ htc M10 _ Blackberry priv_Samsung note5 _ SONY XPERIA Z5 p . . _ بقیه گوشیا واقعا خوب نیست . میتونید تست های سایت های مختلف رو تو همه ضمینه ها رو نگاه کنید
Positive,حرف نداره إز هر نظر که بگی حرف ندار خوش دسته خوش تیپه إز نظر سخت افزار و نرم افزار حرف نداره در اینده نفدیک میخرمش
Positive,انداختم هاچ پک می ترکونه رو باکس شرکتی باکس واکس کزاشتم
Neutral,غلیظ ترین عصاره ، عطر یا perfume نام دارد با غلظتی بین 40 - 15 % خالصترین و ماندگارترین بوهاست و در عین حال گرانترین نوع عطر است . و بعد از آن به ترتیب ، Eau de Perfume با غلظتی در حدود 15 - 7 % رایج ترین نوع عطر است که ماندگاری مناسبی دارد و به گرانی عطر هم نیست . ادو توالت ( Eau de Toilette ) در حدود 6 - 1 % غلظت داشته بوی ملایمی دارد که ماندگاری زیادی هم ندارد و برای تمدید بوی آن باید چندین بار در طول روز از آن استفاده شود . و آخر از همه ادوکلن ( Eau de Cologne ) است که در واقع همان ادو توالت ( Eau de Toilette ) است ، بویی ملایم دارد و ماندگاری اش نیز به همان اندازه است .
Neutral,با مشخصات وفیلم هایی که در رابطه با بررسی این گوشی بود دیدم متوجه شدم گوشی عالی هست و میخوام از دیجی کالا بخرمش ولی نمی دونم چرا دیجی کالا به چرت و پرت هایی مثل الجی و سامسونگ اونقدر اهمیت میده که براشون پیش فروش میذاره اما با گذشت یک سال از اومدن گوشی هنوز موجود نشده . ببخشید که طولانی شد .
Neutral,من از دوستان دیجیکالا خواهش میکنم مودم TD8968 رو بیارن دقیقا شبیه همین مدل هست اما قدرت آنتن دهی این مودم 3dbi هست اما 8968 قدرتش 5dbi هست که کسی به این نکته دقت نمیکنه تو خود سایت سازنده زده 5dbi اما اینجا همون 3dbi هست نمیدونم چرا 1 جنس با مشخصات کمپانی دست ما نمیرسه
Neutral,سلام جواب بدید لطفا من این ساب را دارم با یه آمپ سه هزار با یک جفت 718 وبا یک جفت دیگر 6975 میخوام بندازم جواب میده ضبت هم دارن اسمش کنکرا پنل دار است
Neutral,سلام.کی میتونه بگه چطوری میشه اطلاعات پاک شده راریکاوری کرد؟من یک نرم افزارریکاوری هم گذاشتم روی کامپیوترم وبا کابل یو اس پی به تبلت وصل کردم ولی نشناختش ولی گوشی سامسونگ اندرویدم را شناخت . لطفا کمک کنید ممنون . .
Neutral,من دوساله این گوشی رو دارم بهترین گوشیه خیلی عالیه مخصوصا تاچش دیشب باهاش یه فیلم900مگابایتی دانلود کردم عالییه قابلیت اتصال USBداره کیفیت صداشم عالیه باطریشم تا وقتی دقیق بزاری تو شارژ دشارژ نمیکنه دوربینشم 12مگاپیکسله
Neutral,این محصول دیروز دیروز به دستم رسید و در اولین نگاه عاشقش شدم واقعا قشنگ و شیکه بعد از اولین شارژ وصلش کردم برای استفاده و واقعا هم دقیق و بدون تاخیر هستش و من مشکلی ندیدم تاحالا درش از نظر سنگینی هم زیاد سنگین نیست و این مشکل اصلا به چشم نمیاد و در کل برند جینیوس هم دوست دارم به شخصه
Neutral,سلام دوستانی که دارن بدون تعصب من یکی دوتا فیلم دیدم باتریش تو اون زمان کم یکی دوتا خالی کرد اینطوره ؟ ؟ من استفادم کمه و هفته ای دوبار ااینا e5 رو شارژ میکردم ! ؟ این چطور هس ؟ همچنین nCF داره ؟ ؟ و اندروید 6 بهترش میکنه ؟ ؟ الان c5 اندرویدش 6 و جیزای بالاتر الان این قدیمی شده نسبت به اون ؟ ممنون
Neutral,آیا در تلویزیون های هوشمند قابل استفاده ست ؟
Neutral,درود ، راد زنگنه بله چک کردم از نظر گرافیک تقریبا مقداری بهتر عمل میکنه این مدل . من الان بین 2OE و 2PC موندم . این گرافیکش بهتر هست و اون سی پی یوش . دوستان لطفا راهنمایی کنید در کل کدوم یکی بهتر هست ؟ ( حتی اگر 1 صدم هم بهتر هست بگید ) من خیلی مقایسه کردم اما بازم به نتیجه ی خاصی نرسیدم .
Neutral,از نظر من چیز خوبی بود ولی حالا دیگه از رده جارج شده ولی هنوز بازی هاش به راحتی پیدا میشه
Neutral,تو اندروید 6 قابلیت انتقال به sd رو برداشتن ربطی به گوشی نداره
Neutral,خیلی زمان شارژ میخواد و در عوض فقط 10 تا 15 دقیقه کار میکنه برای سرگرمی راه های کم خرج تری هم هست
Neutral,سلام . دوستان من تو این دستگاه و دستگاه Canon i-SENSYS MF3010 Printer Multifunction Laser Printer گیر کردم به نظرتون کدوم رو بگیرم . خواهشا جواب بدید . منون
Neutral,باور کنید روزی ده بار چک میکنم که شاید موجود شده باشه . بهترین اهنگام رو کاستن . داداش دی جی جون خودت با یه قیمت مناسب موجودش کن و دلمونو شگفت انگیز کن . ببینم چی میکنیاا ! ! .
Neutral,توی مشخصات ، تن رنگ و زده کرم صورتی ولی در واقیعت کرمه
Neutral,سلام کسی میدونه hotspot داره یا نه ؟ ! ویا اینکه نرم افزارای وایبرو واتس آپ روش نصب میشه یا نه ؟ !
Neutral,آقای خطیبی من مدل تی پی لینک آرچر سی ناین رو دارم ( از نظر برد و . . مثل همینه ) در چهارطبقه بالاهارو یه مقدار ظعیف میگیره و من زیر بنای 500 متر چک کردم تا حد خوبی جواب میداد یه سری جاها یه مقدار کور بود فقط ولی برای شما حد اقل باید دو یا سه تا روتر N900 به بالا تو نقاط مختلف باشه
Neutral,سلام من هنوز نخریدم اما میخوام بخرمش اگه میدونید خوب نیست تا من الکی پول جای این گو شی ندم لطفا راهنمایی کنید ممنون
Neutral,آقا لطفا باز بزاریدش تو پیشنهاد ویژه . . ما تا اومادیم بخریم تخفیفشو برداشتین . . ممنون
Neutral,یه نکته:اگه تو قسمت تاسک منجر برین می بینین نرم افزار vivobook نصب شده کار سی پی یو رو به 100 درصد میرسونه اگه نرم افزارو پاکش کنین به زیر 17درصد میرسه.بعد پاک کردن نگران نباشد میتونید دوباره از سایت پشتیبانی ایسوس دانلود کنید.نرم افزار lucky رو هم پاک کنید.این دو تا کار سی پی یو را به 100 میرسونن .
Neutral,من دستگاهم بعد 1 ساعت بازى بوى سیم سوخته ازش در میومد ولى بعد از نصب این فن مشکل رفع شد
Neutral,"با عرض سلام و خسته نباشید میخواستم گوشی بخرم بین اینها گیر کردم z1 , G2 , Gpro , s4 , note3 , iphone5 لطفا راهنماییم کنید با تشکر"
Neutral,سلام میخواستم بدونم این کاور واسه fonpad 8 مناسبه ؟
Neutral,"سلام دیجی جان.تو که nokia asha 503 رو نیاوردی.منم مجبور شدم بیام سراغ این.من هرچی دارم,از تو دارم.توروخدا رنگ های قرمز و زردشو بیار.پیر شدیم به خدا . . مرسی"
Neutral,آقای حسین سلیمانی چه جوری میگید کیفیت این دوربین از D5300 بیشتره ؟ من با جفتش عکاسی کردم،قدرت سنسور نیکون و ISO بالاتر کاملا تو عکس ها نمایان هستش تو تمام سایت های عکاسی هم D5300 خیلی اختلافش از این دوربین بیشتره،در مورد فیلم برداری هم نظری نمیدم چون خودم هیچوقت دوربین عکاسی واسه فیلم برداری نمیخرم،این دوربین فقط از لحاظ زمان معرفی رقیب D5300 هستش نه از هیچ نظر دیگه تازه حذف فیلتر Low pass که واقعا بی نظیره که کنون تازه این کار رو تو مدل 760D انجام داده
Neutral,تفاوت خاصی با مدلهای معمولی نداره . .
Neutral,سلام به تمام کسانی که قصد خرید گوشی تو این قیمت رو دارن honor 8 پیشنهاد میکنم چون هم رم 4 گیگ هست اینفرارد داره اسمارت کی داره کیفیت صفحه نمایش بهتر فوق العاده زیبا تره و NFC داره و کلی امکانات بیشتر و قیمت بهتر سری honor همیشه بعد از سری پی میاد و کلی امکانات بیشتر و جدید تر داره دقیقا مثل انر هفت و پی هشت کلا همیشه سری انر یک قدم جلوتر از سری پی هستش موفق باشید
Neutral,سلام خدمت همه ی شما عزیزان من به اقای خرمی پیشنهاد میدم که یکم دیگه صبر کنه تا ایام مسافرتهای تابستان تمام بشه و قیمتها باز هم افت کنه و اون وقت دوربین Nikon Coolpix P530 رو بگیرید چون هم کیفیت عکس بالاتری به شما میدهد هم فیلم و کیفیت عکس در نور کم بالاتری داره چون ایزوی بالاتری داره ( 12800 ) در ضمن قدرت زوم بالاتری داره 42x
Neutral,سلام من نظرم رو بعد از 3 ماه استفاده نوشتم امید وارم مثمر ثمر واقع باشه
Neutral,با تشکر آقا حامد بله مشکل حل شد با زدن افتر شیو . در ضمن در بار اول زیاد بنده وارد نبودم به نحوه اصلاح . با تشکر
Neutral,با سلام من این گوشی رو امروز خریدم گوشیه خوبیه ولی متاسفانه با مودمم تداخل میکنه اگه کسی خواست به همون قیمت شگفت انگیز بهش میدم
Neutral,من دو عدد از این لباس رو تهران سفارش دادم و دریافت کردم و بعد از دو روز برای هدیه به شهرستان بردم ولی متاسفانه هر دو لباس از بچه ها بزرگ بودند . با اینکه مارک لباس جدا نشده ولی جعبه ها تهران هستند ای کاش امکان تعویض سایز تا چند روز هم امکان پذیر بود ممنون از دیجی کالا
Neutral,سلام دوستانی در مورد کالیبره کردن و گیر کردن عدد باتری در یک عددی و سپس خاموش شدن ناگهانی صحبت کردن . من حدود 16 ماه این لپ تاپ رو دارم برا من هم 6 ماه پیش این مشکل پیش اومد و لی بعد حدودا یک ماه خودش درست شد
Neutral,کسی از دوستان عزیز مخزن روی این پرینتر نصب کرده ؟ ! کیفیت چاپ بعد از نصب مخزن کم نشده ؟
Neutral,موجودش کنید لطفا.ممنون
Neutral,بنظر من چتر های شوان جز بهترین چتر ها هستند بخصوص که ساخت کشور عزیزمان ایرانند ! این نکته را نمی دانستم و به تازگی متوجه شدم دیجی دوستت دارم
Neutral,عدم عملکرد در گوشی آیفون 6
Neutral,واقعا ' باتری ضعیفی داره ؟ لطفا ' جواب بدین .
Neutral,اگر می خواید اینو بخرید یه نگاهی به ال جی جی پد 8 . 3 هم بندازید
Neutral,من حدودا 7 سال پیش این ادکلن رو هدیه گرفتم و اونوقع رو بورس بود و خیلی خوب ولی شاید الان 3 ساله که 3تا ازین رو از جاهای مختلف خریدم دیگه اون نبود و 2 ااشو بخشیدم به دیگران . اصلا خوب نیست .
Neutral,سلام کی موجودش میکنید ریجین 2 یدون کمرا
Neutral,به تازگی و برای اولین بار خریدم و وقتی بازش کردم به نظر میاد که محصول باکیفیتی باشه . از این نظر از دوستان همیشه همراه دیجی کالا تشکر میکنم اما متاسفانه دریغ از یک خط توضیح . . ! که چطور میشه این رو به درستی نصب کرد . این در حالیه که یه پیچ گوشتی هلندی من خریدم داخلش کاتالوگ نحوه استفاده داشت ! . . و این تفاوت ما هست با کشورهای مترقی که در اونجا رضایتمندی مشتری در اولویت اول هست و اینجا هم البته همینطور منتها اول از آخر ! !
Neutral,اقا این کیف رو بیاارین دیگه
Neutral,لطفا وزن کول پد رو هم بنویسید برای این وسیله فاکتور مهمی محسوب میشه
Neutral,سلام دوستانی که این لپ تاپ رو دارند آیا بلندگو همراهش است یا نه ؟ و در ضمن آیا بدون بلدنگو هم صدا دارد یا نه ؟ ممنون
Neutral,کیف دستی کوچیکی هست که بشه توش یه کیف پول و یا مبایل جا داد.طول قد کیف به اندازه یک وجب دست خانوماست.جلو و پشتش هم یک شکله . به درد مواقعی میخوره که به غیر از کیف پول یا مبایل چیز دیگه ایی نمیخواین حمل کنید .
Neutral,بنظر شما بازی جاست کاست 3 رو بخرم یا آنچارتد4 لطفا کمکم کنید واقعا توش موندم
Neutral,من این کاور رو گرفتم خیلی با کیفیت هست و خیلی مقاوم در ضمن تمامی قسمتهای گوشی رو پوشش میده از جمله درگاه هندزفری و شارژ و همچنین بلندگو و لنز دوربین فقط این رو بگم ک این کاور با محافظ صفحه جی سی پال مدل 3D Glass screen protector سازگاری نداره
Neutral,لطفا در صورت امکان فایل pdf این کتاب ( و البته دیگر کتاب ها ) رو هم موجود کنید . با تشکر
Neutral,دوستان لطفا منطقی باشید توی توضیحاتم نوشته بود دمای نگهداری زیر 50 درجه
Neutral,تو عکسش نیست که داخلش رنگش طوسیه
Neutral,خانوم صاحبدل : : متن یکی از کاربران عزیز هست که راجب یکی از پالتوها تو بخش نظرات نوشته من حضوری حوله ویانا برق لامع رو خریدم اونجا پرسیدم درمورد سایزاش گفتن 115 سایز s هست . 125 سایز M هست . 135 سایز L هست . قدشم از سرشونه تا پایین 115 همون 115 سانتیمتر میشه . و به ترتیب 125 سانت و 135 سانت . مثلا برای یه خانم با قد 160 سانت و وزن 60 کیلو 115 مناسبه.برای یه آقای 170یی اگر چاق نباشه 125 .
Neutral,اسکنری با این امکانات و با پشتیبانی از اسکن صفحه هایی با ابعاد A3 خیلی به درد بخور و کاربردی هست . ولی خیلی گرونه . . ! ولی خداییش دم دیجی کالا گرم که هر چی که هیچ جا پیدا نمیشه رو آن داره ، یعنی خودت رو بکشی اسکنر A3 پیدا نمیکنی .
Neutral,یه حسی میگه یه جای کار میلنگه . ( البته منظورم طنز بود ) . صفحه نمایش 4 اینچ(ابعاد مناسب ) و IPS . IPS بودن صفحه در این بازه قیمتی منطقی نیست ( کسانی که اهل بررسی صفجه های نمایش هستند حتما بهتر متوجه این مطلب میشن ) گوشی با دو هسته ی 1 . 2 ( خب با 160 تومن تک هسته ی اندرویدی به زور گیر میاد ) دوربین 3 ( که بازم هم در این بازه قیمتی 2 مرسومه ) اندروید 4 و وجود حسگر ژیروسکوپ(که کسانی که اهل بازی HD متلا MODERN COMBAT و . . هستند این حسگر رو شدیدآ لازم دارند ) حالا همه ی اینا یه طرف این که ایرانیه یه طرف ( خب آخه یه زمانی میگفتن که ایران گوشی خوب نمیزنه ما نمیگیریم و گر نه ما از هم وطن هامون حمایت میکردیم اون عزیزان الان دوست دارم بیان بگن با 160 تومن آخه چی میخاید بگیرین آخه . باز اینجا برا هم وطن های خودمون اشتغال زایی میشه نه جای دیگه )
Neutral,سلام دیجیکالا ازت خواهش میکنم . . ! ورژن این کنسول رو مشخص کن مثلا ( حتی اگه اینو فروختی فورنا ورژ کنسول بعدی رو بزار خواهش میکنم ازت من مردم این همه تحقیق کردم تا بدونم تا ورژن چند کپی خور میشه پس لطفا هر کنسولی گذاشتی فورا ورژنشرو مشخص کن.ممنون
Neutral,لطفا اگه میشه از همین نوع کلاه محافظ با گارد صورت شفاف که جلوی دید مبارز رو نگیره بیارید .
Neutral,سلام خواهش میکنم راهنمایی کنید . قابلیت مکالمه داره ؟ کابل otg پشتیبانی میکنه ؟
Neutral,نسبت به توضیحاتی که برای محصول داده شده وقیمت نسبتا بالاش اصلا کارایی مناسبی نداره وپوست رو خیلی خشک نشون میده بعلاوه اینکه اصلا خبری از براق شدن صورت هم نیست بهتره یه پنکیک یا رژ گونه معمولی برنز بزنید چون با این دریک سطحه
Neutral,سلام . دیجی جون بیایم برات ؟ چرا خب مشکیش رو نمیاری ؟ گیر دادی به نارنجی چرا آخه ؟ بیار تا بخریم پس !
Neutral,سلام من این گوشی رو از دیجی کالا خریدم ولی نمیدونم چرا حافظه داخلیش چهار گیگه ! ! نه 8 گیگ ! کسی اطلاع داره ممنون
Neutral,لطفا موجود بشه و پایه بلندش رو هم بیارین
Neutral,خوب عزیز من تعداد زیاد بیار تا زود تموم نشه واای جون خودت موجودش و شگفت انگیز کن
Neutral,امکان آپدیت سیستم عامل این گوشی به اندروید 5 هست ؟
Neutral,لطفا نقره ای این کابا رو شگفت انگیز کنید.ممنون
Neutral,لطفا ' در پیشنهاد ویژه قرار دهید من و چند تن از همکاران طالب این فسقلی شده ایم.با تشکر از مدیران محترم مشتری مدار دیجی کالا .
Neutral,به تبلت lg gpad 7 اینچی میخوره ؟
Neutral,دوستان موقع خرید دقت کنید مدل گرونتر E988 رو نخرید چون 4G هست که تا 10 سال دیگه تو ایران ارزش و استفاده نداره مدل E985 هست که هم ارزونتر هست هم 3G خلاصه حواستون باشه گول نخورید !
Neutral,مسولان دیجی کالا لطفا شگفت انگیزش کن بخرمش.خدایی خیلی وقته منتظرم .
Neutral,سلام عزیز عرض کنم که این گوشى دکمه هومش مجازیه و براى القا کردن حس دکمه از سیستم تپتیک انجین گوشى استفاده میشه و واقعا قسمت پایین گوشى تو نمیره و فقط شما حس میکنید که این اتفاق میفته
Neutral,لطفا تا یک ماه دیگه موجودش کنید با تشکر
Neutral,امیدوارم به زودی با قیمت مناسب موجود بشه البته گویا این مدل دارای 2 کانفیگ با رم 6 و 8 گیگ هستش که فقط 6 گیگ در دیجی کالا ثبت شده
Neutral,سلام . با این چه بازی هایی رو میشه انجام داد ؟ روی ویندوز 8 کار میکنه ؟ جنسش چطوره ؟ حتما حتما جواب سوال اولم رو بدید ؟
Neutral,سلام لطفا رنگ سفید رو هم بیارید دیگه مردم بس منتظر موندم !
Neutral,دوستان عزیز بنده به واسطه استفاده از کارتهای گرافیکی جهت رندر سه بعدی در نرم افزارهایی مانند Octane و iRay مدت زیادی در مورد قدرت کارتهای گرافیکی شرکت nVidia تحقیق کردم . در نتایج تحقیق بنده یک معیار مهم برایساده تر شدن روش تخمین قدرت کارت گرافیکی بدست آمد و آن ' تعداد هسته های CUDA ' بود . شما به راحتی میتوانید تعداد CURA cores را به عنوان معیار قدرت کارت گرافیک در نظر بگیرید که از این لحاظ کارت گرافیک TITAN در صدر جداول مختلف قرار میگیرد . و اما مقدار رم : توجه کنید که این حجم رم بالا در کارت TITAN اصولا در رندرهای حرفه ای صحنه های سه بعدی بسیار حجیم ( شامل میلیونها texture و مش ) در نرم افزارهایی همانند 3dMAX و Maya کاربرد دارد و نه برای گیمیر های حرفه ای چون اصولا هیچ گیمی ساخته نشده که نیاز به این اندازه حافظه رم داشته باشد . بنابراین میتوانید برای گیم های حرفه ای از کارتهای با رم کمتر هم استفاده کنید . ولی این کارت گرافیک رویای هنرمندان عرصه ی معماری و انیمیشن سه بعدی است .
Neutral,سلام تا اونجایی که من میدونم این چمدان دلسی 100 % پلی کربنات مقاوم
Neutral,من مشکی رو خواستم نه طلایی ! مشگی رو موجود کنید !
Neutral,سلام من اکسپریا sp دارم چند روز پیش برای این که بتونم برنامه ها رو.به کارت sd انتقال بدم گوشی رو روت کردم ولی هنوزم نمیتونم انتقالشون بدم ، مگه app2 sd از گوشی شما پشتیبانی نمیکنه زیرا گوشی شما دارای حافظه خارجی کارخانه ای میباشد که به عنوان حافظه داخلی شناخته میشود . . لطفا یکی کمکم خواهشا
Neutral,سلام کسی میدونه طول کابلش چند متره ؟
Neutral,به نسبت قیمتش فوق العاده ! ! قبلا با usb2 . 0 تست کردم سرعتش 35 مگابایت بر ثانیه امشب هم که با usb3 . 0 سرعت فوق العاده 180مگابایت بر ثانیه ! که دوستم تعجب میکرد ! حد اکثر تا 110 مگ دیده بود و میگفت سرعتش در حد انتقال هارد به هارد اینترنال sata3 هست .
Neutral,پس کی موجد میشه خیلی وقته که دیگه نیست : - )
Neutral,جی ال ایکس اسا glx asa تری جی هم داره . مثل همینه همهچیش فقط تیری جی هم داره
Neutral,التماسا موجودش کنید و بزارید تو پیشنهاد ویژه به خدا میخوام بخرم ولی به هیجا جز دیجی کالا اعتماد ندارم . ( هرکه موافقه لایک کنه ) ممنون
Neutral,سلام لطفا بگید بازی اسفالت 8 روش نصب میشه یا نه
Neutral,برسی و . . در مورد LG V10 که دیجی کالا انجام داده رو من دیدم توی آپارات که اسمشم تست های نظامی بود خب گذاشتن شما ندیدین
Neutral,با سلام به دوستان گرامی لطفا به من کمک کنید من بین این مدل و مدل کانن 150 موندم کدومشو بخرم آخه در مشخصات این مدل نوشتن لرزشگیر اپتیکال نداره ومدل 150 داره آیا این امکان در عکس گرفتن تاثیرگذاره یا نه؟خواهشا دوستانی که این مدلو دارن یا اطلاعاتی تو این زمینه دارن منو راهنمائی کنن ! آخه امروزو فردا میخام یکیشونو بخرم خیلی خیلی ممنون از همتون !
Neutral,سلام 1 _ دوستان در نطر بگیرید که کالا را همیشه به تناسب قیمتش ارزیابی کنید 2 - عکس ها ی دیجی کالا بیشترشان با نمونه اصلی برابری میکنه 3 _ این کالا تو تخفیف فقط ارزش خرید داره و قیمت اصلی آن به نظرم بالاست 4 - از لحاظ حفظ دما هم باید بگم بطور کلی فلاسک ها ی قیمت پایین اصلا قابلیت حفظ دما بیش از چند ساعت ندارن و در ثانی این فلاسک تنها ظرفیت دو لیوان را بیشتر نداره بنابر این بطور کلی میشه گفت با توجه به نیاز خودتون انتخاب و خرید کنید
Neutral,دیجی اینقد دیر موجود کردی و اینقد شگفت انگیزش نکردی که مجبورشدم از جای دیگه خریداری کنم . هرچند با قیمت پایین تر ! ! .
Neutral,دیجیدجان توروخدا بذارش توپیشنهاد شگقت انگیز
Neutral,با سلام . تو یه سایتی در قسمت نطرات خوندم 7100 بافر داره و تو 7200 اصلاح شده ! ! این یعنی چی؟میشه بگید چه مشکلی داره چون من قصد خرید 7100 رو دارم
Neutral,وقتی میخوایم سیستمی جم کنیم انتظار داریم همه قطعات تو سایتتون موجود باشه ولی متاسفانه هیچ نوع رم DDR4 و بسیاری از کارت گرافیک ها توسایت موجود نیستن خواهشن جنساتونو کامل کنید
Neutral,متوسط بود
Neutral,این هدفون خوبه اما پیشنهاد میکنم قبل از خریدش هدفون Sennheiser Momentum 2 . 0 Wireless رو هم تست کنین و خودتون مقایسه کنین !
Neutral,دی جی جان لطفا بیار دیگه
Neutral,سلام بین این مدل و m127fw موندم کارتریج این 85a هست و کارتریج اون 83a این صفحه نمایشش دوخطیه و اون صحش ال سی دی سرعت اون کمی بیشتره که البته محسوس نیست خیلی و اون دو مورد بالا شاید مهمتر باشه هزینه مصرفی به مراتب مهمتر از بقیه چیزهاست و کارتریج این دو با وجود شباهت کانفیگ ، متفاوته کسی در این زمینه اطلاع یا تجربه ای داره ؟
Neutral,سلام.خواستم از اقای جنیدی برای این نظرشون تشکر کنم،واقعا به کارم اومد و پیشنهاد میکنم شما هم همه این راه هایی که گفته شدرو برید،من از یه فروشگاه تو بازار داشتم خرید میکردم که خوشبختانه این مراحل رو رفتم و نزدیک بود سرم کلاه بره . ' دلم نیومد این نکات رو در مورد این محصول ننویسم . حتما حتما این هارو مطالعه کنید،چون خیلی به کارتون میاد : قبل از خرید و هنگام خرید محصولات بیتس حتما به نکات زیر توجه فرمایید : 1 _ متن نوشته های هدفون تماما چینی نباشد.مگر نوشته ها چند زبانه باشند و فقط فقط دلیل آن نوشن اطلاعات محصولات به زبانهای دیگر باشد . این مهمترین مورد میباشد.دیده شده سایتها و فروشگاه های بزرگی فقط و فقط برای دریافت سود بیشتر بدون هیچگونه اطلاعی اقدام به فروش محصولات بیتس تماما چینی کرده و میکنند . 2 _ چک کردن بارکد حتما بارکد محصول خود را اسکن نمایید تا مطمئن شوید بارکد و تصویر آن با محصول شما یکی میباشد . 3 _ سریال نامبر به هیچوجه به دلایل فروشنده مبنی بر رجیسترشدن سریال نامبر توجه نکنید،این خود حقه ای برای فروش محصولات تقلبی میباشد زیرا متاسفانه تمامیه محصولات تقلبی دارای سریال نامبر قابل رجیسترمیباشند و این موضوع توسط خود بیتس هم اعلام شده و از سال 2011 به بعد فاقد اعتبار میباشد و به هیچ عنوان دلیل بر اصالت کالا نمیباشد . 4 - قیمت جهانی محصول قیمت جهانی و دلاری محصول را چک نمایید و به آن هزینه های حمل و نقل و گمرک و ترخیص و سود و قیمت دلار حواله ای را محاسبه و اضافه کنید.هرکجا با صحبت از اینکه ما تعداد خریداری کرده ایم و یا در تخفیف خریداری کرده ایم را نپذیرید زیرا شرکت بیتس فقط و فقط به تامین کننده های اصلی خود تخفیف مناسب و ویژه میدهد و این صحبت ها دست کم برای ساکنین کشور ما اصلا موجه نمیباشد پس مواظب باشید کالاهای ریفربیش رو به جای نو و آکبند بهتون ندن 5 _ کیفیت چاپ کیفیت چاپ محصولات اصلی بیتس کاملا واضح و مشخص میباشد،به طوری که از شفافیت خاصی برخوردار هستند و با رنگ های اصلی و درست طراحی و چاپ شده اند . 6 - برچسب های اضافی و کلمات اضافی روی محصولات به هیچ وجه به جز بارکد محصول برچسب دیگه ای اضافه نشده باشه و نچسبیده باشه . با تشکر از دیجیکالا که نظرات ما رو منتشر میکنه . ' بازم ممنونم
Neutral,لطفا موجودش کنید . . الان دوماهه توی سبد خریدم مونده منتظر موجود شدنشم که سفارشو نهایی کنم !
Neutral,خواهشا این محصول یا مدل 1204 رو بذارین تو تخفیف وی ژه
Neutral,سلام من حدود سه ماه هست که این گوشی ر ا از همین سایت خریدم همه چی عالیست اما هنوز نتونستم gprs او نو فعا ل کنم چون وقتی برا ی تنظیمات توی سایت همراه اول میرم میگه تنظیمات این مدل گوش رو نداره موندم چه کنم اگه کسی اطلاعاتی در این مورد داره منو راهنمایی کنه - باتشکر حسن ار نیشابور
Neutral,جناب امین الهی این تلویزیون 3 روز پیش یدست من رسید و طبق توصیه دوستان به نصاب مربوطه زنگ زدم . بعد لز نصب از من ( شیرینی)خواست طبق رسم همیشگی که نوش جانش وشما اگر به عکس تلویزیون از بغل دقت کنید مرکز ثقل تلویزیون جلو هست و با پایه پلاستیکی که امروز با وزش باد در داخل اطاق تعادلش بهم خورد وبرگشت خودم که بردم نمایندگی فرمودند قابل تعمیر نیست برای من این تجربه را داشت انشالله مبارکتان باشد
Neutral,امروز اومدم بخرم تموم شد ؟ دیجی زود تر برسون : ) ) به خصوص نقره ایشو
Neutral,سلام از کسانی که این گوشی رو خریدن میخواستم بپرسم این درسته که قابلیت پشتیبانی همزمان از دو تا سیمکارتو نداره ؟ یعنی سیم یک فعال باشه سیم دو در دسترس نیست ؟ ؟
Neutral,باسلام.نسبت به قیمتش محصول خوبیه و اصلاح کردن باهاش لذت بخشه
Neutral,سلام به همه این باند درجه 2 و 3 هم داره و درجه 1 این باند باید لیبل و گارانتی پایونیران رو داشته باشه ! دوستانی که تهیه کردن از دیجی کالا آیا این گارانتی یا برچسپ رو داشته یا نه ؟ ممنون دیجی کالا که مثل یه رفیق خوبی برای ما و نه صرفا یه فروشگاه خاص ممنون دوستان
Neutral,با سلام لطفا موجودش کنید من قصد خرید دارم . با تشکر
Neutral,با احترام لطفا به مشتری هاتون ارزش قائل بشین هر جنسی که خواستار داره رو موجود کنین با لوازم جانبی اونقده معطل میکنین که مشتری علیرغم میل باطنی مجبور میشه بره از جای دیگه تهیه کنه والله این رسم مشتری مداری نیست !
Neutral,برای حل مشکل کیبورد فارسی از swiftkey استفاده کنید . تو قسمت زبانش فارسی را دانلود کنید . فوق العاده کامله . به هر رنگی هم که بخوایین در میاد.بهتر از go kb هستش .
Neutral,من کل وسایل خونه رو تونسم خیلی راحت ست کنم از آیفون 6+ با ios 9 . 0 . 2 استفاده می کنم موقع انتخاب مدل گوشی برای دانلود برنامه ی مخصوصش یه ورژن برای اندروید هم داشت
Neutral,من الان دو ساله دارمش البته من کیبوردم همراهش دارم از نظر عمر باطریش باید بگم بستگی به برند باطری داره ولی حتما الکالاین استفاده کنید . . و تنها نکته منفیش از کار افتادن اسکرولشه
Neutral,با سلام : راجع به سوالات دوستان احساس وظیفه کردم راهنمایی کنم اولا : اون شیاری که دوست عزیز پرسیده بودند برای اتصال یو اس بی در مدل های دیگه هست که چیز به درد بخوری نیست جز گرفتن گرد و خاک که مدل thinkpad نداره و خیلی هم بهتره . دوما : باید یه cd راه انداز سخت افزار که حدودا 500 تومنه بخرید و درایورها رو نصب سپس به اینترنت وصل بشی و از طریق همان cd و یا سایت لنوو آپدیتشون کنید و حالشو ببرید سوما : دانش آموز عزیز در خرید این لپ تاب شک نکن ، چون مدل صنعتی هست و خیلی با دوامه ولی وقتی خریدی همین مدل با گرافیک 2 گیگ بخر که در بازار هم موجود هست جمله آخر : تنها عیبی که این لپ تاب داره اینه که نور صفحه کلید نداره - زاویه دیدش کمه ( بهتره چون دیگران از بغل نمیتونن فضولی کنن ) - یه کم هم اثر انگشت رو سر و صورتش می مونه که باید تنبل نباشی پاکش کنی - در عوض صفحه تصویرش مات هست با روشنایی زیاد که خود من یک و نیم میلیون به این لپ تاب دادم فقط به خاطر همین ( چون به چشم کم آسیب می زنه ) . تمام
Neutral,لطفا زود پیشنهاد ویژه بذارید . میخوام بخرم .
Neutral,دوستان عزیز . من الآن حدود یک ماهه که این تبلت رو دارم . خیلی دوستش دارم و واقعا چیزهایی که می خوام و دوست دارم در این تبلت هست و فوق العاده است . اما تنها یک چیز هست که اذیت می کنه و اون هم اینه که وای فای کلا با سیمکارت مشکل داره . یعنی بعد از آپدیت کردن هر وقت سیمکارت را در حالت پرواز قرار بدید یا از اینترنت سیمکارت استفاده کنید ، وای فای دچار مشکل میشه . بیشتر دوستان پیشنهاد کردند که بعد از آپدیت برای حل مشکل ریست فکتوری بشه و در صورتی که سه تا گزینه ی گوگل اومد تیک اونها رو برداشته بشه . اما بعد از ریست فکتوری و برداشتن تیک ها ، بازهم اگر دوباره از اینترنت سیمکارت استفاده کنید وای فای قطع میشه و همون مشکلات پیش میاد . من شخصا برای حل معضل مجبور شدم چهار پنج بار در این یک ماهه ریست فکتوری کنم . در نهایت با مرکز گارانتی تماس گرفتم و اونها گفتند که اگر تبلت رو ببرم اونجا ده دقیقه ای مشکل رو حل می کنند . حالا نمی دونم می خوان دانگرید کنند یا کار دیگه . اما اگر دانگرید کنند حتما برای آپدیت کردن اینبار از روش آقا مانی استفاده می کنم تا اون رو امتحان کنم . همچنین اضافه کنم که متأسفانه شرکت های گارانتی در شهرستان ها نمایندگی ندارند یا در شهرهای معدودی نمایندگی دارند و من الآن مجبورم برای گارانتی فن گستران برم تهران . گزینه ی پست هم مورد قبولم نیست چون هم هزینه ی بالایی داره و هم نمی تونم باهاش کنار بیام که روزها منتظرش باشم بره و برگرده . حضوری برم می تونم سوالاتم رو بپرسم و کنکاش کنم .
Neutral,دوستان راستی یه سوال ؟ ؟ نور پس زمینشو چطور میشه تنظیم کرد ؟ ؟
Neutral,6510 بابلیس مقایسه شود . 6510 ایتالیایی هست
Neutral,سلام عزیزان.این لپ تاب خروجی VGAدارد
Neutral,متاسفانه سیم کارت رایتل را ساپورت میکند چرا متاسفانه دوست عزیز ؟ این قضیه مموری کارت و پیامش چیه ؟ مثلا میشه از این دو مورد توی ایپد استفاده کرد ؟
Neutral,سلام دوستان بعضیا میان میگن گوشیای هوآوی فلان بهمان چین درکل کارش تقلید از دیگرانه دوستان تو همه زمینه ها اما چرا نمیایم قبول کنیم که این شرکت یه پرچمدار داده بیرون با کیفیت های جهانی و استاندارد و هر کسی این گوشی رو خریده راضی بوده و امتحاناشو پس داده . پس ما نیایم نظر الکی نزاریم چون بعضیا واقعا از کیفیت نرم افزار و سخت افزار چیزی نمیدونن . مرسی
Neutral,من امروز میخواستم یکی دیگه ام سفارش بدم که ناموجود شد لطفا زودتر موجودش کنید
Neutral,این همه گفتین 4g . 4g . بلاخره اومد
Neutral,به نظر شما تب اس بخرم یا تب اس 2 ؟
Neutral,آقا من هرجایی رو که میگشتم نمیتونستم ی گوشی خوب پیدا کنم تا اینکه بابام گفت چون عموت آیفون داره راضیه تو هم آیفون بخر . . گذشت تا من رفتم بازار و سراغ گوشیای روز رو گرفتم شاید باورتون نشه . . اونقدری که از A7 تعریف میکردن ، از S7 تعریف نمیکردن اشتباه نکنید این گوشی همونیه که میتونید با افتخار بگیرید دستتون هر وقت هم که حس کردید کمی از مدل های دیگ عقب افتادین کافیه صد الی صد و پنجاه هزار تومن خرج کنید و انرویدش رو بالا ببرید . با تشکر امیر واحدی
Neutral,مشخصات نوع پوشش گوش In Ear داخل گوش نوع اکوستیک Open Back پشت باز امپدانس 23 اهم رنج فرکانسی 5 هرتز تا 21 کیلو هرتز حساسیت 109 DB طول کابل 1 . 395 متر نوع کابل صاف نوع فیش 3 . 5 میلی متر وزن 10 گرم میکروفن دارد
Neutral,سلام لطفا g6 مدل4G رابیاورید باتشکر از دیجی کلا
Neutral,سلام.لطفا این محصول رو تو پیشنهاد ویژه بزارید .
Neutral,با سلام لطفا رنگ طلایی رو هم موجود کنید و پیشنهاد شگفت انگیز هم لطفا متشکرم
Neutral,سلام د یجی لطفا پیشنهاد ویژه کن من میخوامش
Neutral,سلام و خسته نباشید خدمت دیجیکالا لطفا این تبلت را در پیشنهاد ویژه قرار دهید . موافقا لایک بزنن
Neutral,دیجی کالا لطفا موجودش کن !
Neutral,لطفا شگفت انگیز کنید یکی برا مامانم بخرم .
Neutral,توصیه می شود برای : دانشجویان ، افراد علاقمند برای مطالعه کتب الکترونیکی ( اسکن کتب به صورت سریع و ارزان ) ، افراد بسیار پر حوصله برای اسکن دستی ، کسانی که حجم بسیار محدودی اسکن در روز نیاز دارند توصیه نمی شود برای : افراد کم حوصله ( فیدر ندارد ) ، افراد حساس به کیفیت اسکن ( با اسکن دستی امکان کج گرفتن اسکن بسیار زیاد است ) ، جهت کارهای حرفه ای ( کیفیت اسکن پایین است ) ، افراد با بودجه نامحدود ( با کمی بیشتر خرج کردن ، اسکنر های با کیفیت تر و با فیدر پنجاه برگ یا بیشتر وجود دارد ) در یک کلام : عالی برای افراد علاقمند به مطالعه کتب الکترونیکی با بودجه محدود عالی برای دانشجویان اسکنر های با قیمت دو سه برابر این اسکنر ، قدرت اسکن کردن سیاه و سفید هر برگ در یک ثانیه را ندارند .
Neutral,دیجی موجودش کن بخریم منتظرم
Neutral,من خودم یه 5s دارم جدیدا هم یه 7 گرفتم ، هر دو دستمه هیچی به خوش دستی و راحتی 5s نمیشه ، البته من از گوشی بزرگ خوشم نمیاد ، اما اگه گوشی همه فن حریف میخوایید و اینکه گوشی بزرگ دوست ندارید 7 بگیرید
Neutral,لطفا در پیشنهاد شگفت انگیز بگزارید
Neutral,موجود کنید لطفا . . ممنون
Neutral,سلام خدمت آقای سالار هاشمی باید عرض کنم الان یه هفته اس این آمپلی رو با باند6975v2و یه باکس جی بی ال 100هزار بستم.دوجفت 6975رو این آمپ ساپورت میکنه همچنین میشه دو کانالش رو منو کرد و ساب بست مثل من که اینکارو کردم.نهایت این آمپ یه 310رو ساپورت کنه ساب که مد نظر شماست رو ساپورت میکنه اما صداش رو در نمیاره.به نظر من این جی بی ال که انداختم براش خوبه کمم نمیاره صداشو درمیاره.ساب های 100رو با آر آم اس300بهتر ساپورت میکنه نهایتش همینه.بیشتر نمیشه روش حساب کرد آمپ760واته انتظار بیشتری نمیره ازش همین که یه کانالش رو منو گذاشتن بهتره تا اینکه کلا استریو بود .
Neutral,سلام دیجی کالا لطفا عکس های این مدل را به روز کن !
Neutral,سلام خدمت دوستان دیجی کالا لطفا مدل Olympus TG3 - iHS رو هم بیارید . ممنون می شم لان 3 ماه شده که میخوام بخرم . ولی حتی تو دبی هم گیرم نیومده !
Neutral,هرکی نظرشو میده و نظر همه محترمه به نظر من کسی نباید به نظر دیگری اهانت کنه یا اظهار نظر کنه چون ماها مسئول کارهای خودمون هستیم من چون پول این تلویزیون رو ندارم بخرم باید بیام کسانی که خریدن و نظر دادن رو بگم کار اشتباهی کردن ، خیر اصلا به من یا هیچکس دیگه مربوط نیست ما به جای اینکه از نظرات دیگران استفاده کنیم فقط یاد گرفتیم نظر بدیم من شخصا پولشو ندارم در ایرانم زندگی میکنم که شاید امکاناتی که هست بسیاری از تکنولوژی های روز دنیا رو نتونم تو کشورم استفاده کنم اما دلیل نمیبینم که نداشته باشم دلیل نمیبینم که بگم بده پولشو داشته باشم با توجه به انتقادات دیگران از خرید این تلویزیون سعی میکنم بهترین انتخاب کنم هر کی هم خریده مبارکش باشه و به خوبی استفاده کنه منم تلاشمو میکنم این تلویزیون یا هر چیز دیگه ای که دوست دارمو بخرم داشته های دیگران به خودشون و داشته هام به خودم مربوطه چون هر شهروند حق خودشو داره و به دیگری ارتباطی پیدا نمیکنه ( عذر خواهی ویژه اگه ناخواسته به کسی بی حرمتی شد )
Neutral,درسته شاید باتری این گوشی مقدارش از نظر عددی کم باشه اما وقتی آزمایشات اصلی باتریش بیاد معلوم میشه خوب یا نه
Neutral,لطفا رنگ مشکی رو بیارین ! !
Neutral,سلام لطفا دوباره پیشنهاد ویژه کنید
Neutral,با این پول گزینه های بهتر هم هست میتونید یه گوشی بالا رده برند ایسوس رو خریداری کنید که کیفیت ساخت بالاتری داره و طراحی جدید تری داره همینطور مجهز به فوکوس لیزری هست . با این قیمت برند های دیگه از پردازنده های قویتری مانند اسنب دراگون شرکت کولکام استفاده میکنند که کارایی قویتری داره .
Neutral,پس رنگ مشکیش چی شد ؟
Neutral,آقای محسن حسینی الکی مردم رو نترسون احتمالا نمی دونی چه جوری نصب کنی سیستم جاوا مثل اندروید نیس که.دوست من این گوشی رو داشت راحتم واتس آپ روش نصب شد منم میخواستم از این بگیرم ولی نظرم عوض شد امکانات اون بیشتره .
Neutral,چرا ناموجوده
Neutral,سلام میخواستم بدونم این لب تاب برای گیم خوبه یا نه ممنون
Neutral,سلام خدمت همه بزرگوارن یه راهنمایی میخواستم راجع شارژ دستگاه بعد از شارژ اولیه ک 16ساعت هست روال عادی باید چن ساعت این دستکاه شارژ بشه مثلا 2ساعت یا بیشتر؟ایا بعد اینکه دستگاه شارژ کامل شد باز چراغش قرمز رنگه یا رنگش عوض میشه ؟ ؟ ممنون میشم راهنماییم کنید
Neutral,با سلام . . جدیدا یه آپدیت 40 مگی واسش اومد . . وقتی اپدیت کردم مصرف باتریش زیاد بود . . بدتر شد . . مصرفش بیشتر شد . میخواستم بدونم واسه شما هم اینطور شد ؟
Neutral,سلام خسته نباشید . اگه ممکنه سریعتر موجودش بکنید .
Neutral,سلام من یه گرافیستم و به کامپوتری احتیاج دارم که کارت گرافیک بالا داشته باشه و همه نیاز های گرافیکیمو پاسخگو باشه و نسبتا قیمت مناسبی داشته باشه ایا این کامپیوتر مناسبه ؟
Neutral,گزینه ی به من اطلاع بده رو فعال کردم ولی نه پیامک نه ایمیل و نه دیجی پیام برام نیومد . بعد تا خاستم بخرم تموم شد . .
Neutral,سلام کسی اطلاع داره چه مدل هارد اکسترنالی بهش می خوره؟من میخوام یه توشیبا 1 ترابایت یا سیلیکو پاور بگیرم به نظرتون جواب میده ؟
Neutral,میخواستم تی ایکس بخرم . . اینو دیدم نظرم عوض شد . . بچه ها . . به نظر شما میصرفه 300 تومن بیشتر خرج کنی بخاطر ضد آب بودنش و البته 8 گیگ کسر حافظش ؟ ؟ نسبت به تی ایکس ؟ ؟ اگه میصرفه++اگه نه - -
Neutral,خواهش می کنم دوباره موجودش کنید تولیست خریدم بود کارتم موجودی کافی نداشت . . خواهش می کنم
Neutral,با سلام میخواستم بدانم فرق 5203 با 5202 چیست ؟ و ایا امکان آوردن مدل 5203 هست .
Neutral,چرا سونی این کارو کرد پسرفت داشته تا پیشرفت
Neutral,اقا اشکان اگه عکسه 2 از 30 هم نگاه کنی می بینی من خودم n550 jv دارم اینا مثل اپل فنشون پایین صفحه نمایش و انتهای کیبورد هستن : )
Neutral,اول اینکه من بار اول هست توی 206 TU3 این رو ریختم و خوب بود . صدای موتور کاهش پیدا کرد و میشه گفت فقط میتونم مطمئین باشم موتو ماشین با روغن ایرانی بهران آسیب نمیبینه . مشکل دومی وجود داره و اینکه دیجی موجود نداره که این مکافات بزرگی میشه . چون واقعا نمیدونم از کجا تهیه کنم .
Neutral,کی وی ام قبلی که ازش استفاده میکردم یکی از مشکلاتش این بود که برای هر سیستم مجبور بودم ماوس و کیبرد جداگانه بذارم با اینکه میشد از یکی استفاده کنم ولی مشکلات زیادی پیش میومد که مجبور شدم برای هر دستگاه ماوس و کیبرد جداگانه بذارم و عملا فقط مانیتور دستگاه ها یکی بود و سویچ شدنش هم زمان میبرد ولی این یکی که دارم ازش استفاده میکنم اصلا هیچ کدوم از این مشکلات رو نداره فقط خاستم باماوس بلوتوثی(logitech - m170 ) کار کنم ، تو میحط سیستم اول و سوم ماوس بدون مشکل بود ولی تو محیط سیستم دوم و سوم ، موقع استفاده از کلید های ترکیبی مثلا شیفت کیبرد و تکمه چپ ماوس ریب میزد و نمیتونست درست عمل کنه ولی با ماوس بی سیم techno-melody - acme-viera مشکلی نداشتم
Neutral,"دوستان من روت کردم تبلت را.بعد هم از روش * 0011 * #روی گزینهlte ستاره را زدم،انتخاب کردم،الان 4gرو تبلت میاد،گوشهبجای hنوشته 4g , ، نمیدونم الان واقعی هستش"
Neutral,دیجی جون چرا ادکلن پرفیوم نمیاری همش ادو تویلت و با ماندگاری کم میاری
Neutral,چرا موجود ندارید جوهرش رو ؟
Neutral,تجربه ی 2 هفته ی کار کاردن با این گوشی : طراحی فوق العاده و چشم نواز ( جنس بدنه هم خیلی خوبه ، ولی نه به اندازه طراحیش ! ) صفحه نمایش عالی . . ( خودم 2 ساله با Super AmoLED کار کردم و در مقایسه با اون چیز زیادی کم نداره و به نظرم بهتر هم هست ، چون رنگها طبیعیه ، تراکم پیکسلی هم عالیه و چندان فرقی با Full HD نداره ) کیفیت و بلندی صدا هم خیلی خوبه . . رابط کاربریش فوق العادست . . من که خیلی خوشم اومد . . عکسبرداریش هم حرف نداره . . چه عکس معمولی ، چه HDR ، چه پاناروما . . دوربین جلو هم 5 مگاپیکسله و از نظر کیفیتی هم خیلی رضایت بخشه . . از نظر پردازشی هم خوب و روونه . . تو بنچمارک AnTuTu که خودم گرفتم امتیاز حدود 1500 گرفت که گرچه از S3 پایین تره ولی قابل قبوله . . واسه sms و شارژ و . . چراغ نوتیفیکیشن داره . . لوازم همراه ( هندزفری ، شارژر و کابل ) باکیفیتی داره و بسته بندیش مناسبه ! . . یه محافظ ژلاتینی هم داره با خودش . . معایب : فیلمبرداریش زیاد راضیم نکرد . . رنگها زیاد پویا و زنده نیست و یکم هم حالت تاری داره . . داغ میکنه ، ولی نه اونقدر که مشکل ساز باشه و آدمو نگران کنه . . باتریش یکم زود خالی میکنه . . لوازم جانبیش هنوز به خوبی گیر نمیاد . .
Neutral,سلام ببخشید من تازه تبلتو گرفتم وقتی میخوام با usbب کامپیوتر وصلش کنم وصل نمیشه فقط شارژ میشه من باید چیکار کنم ؟ ؟
Neutral,اگه باتری روش داشت بهتر بود
Neutral,دوربین دوچشمی kenko 10×25 SGWP کجایی هست ؟ یک سایت به من گفت فیلیپینی است آیا درست است ؟ ؟
Neutral,از دیجی کالا خواهش میکنم زودتر موجودش کنه ولی با قیمت مناسب بالاتر از یه تومن ارزش خریدشو پایین میاره
Neutral,الان دو تا سفارش دادم . دو ساله که یکی دارم عالیه . اما متاسفانه میخواستم سه تا بگیرم بعد از سفارش دو تا تا اومدم یکی دیگه هم سفارش بزارم ناموجود
Neutral,سلام چرا موجود نیس ؟ ! الان ک ما خواستیم بخریم ناموجود شد . . ای خداا
Neutral,لطفا زودتر موجود و شگفت انگیزش کنید،منتظریم همچنان
Neutral,من دو سیم کارتشو خریدم حدود سه ماه پیش تنها عیبی که داشت یکی مصرف زیاد باطری و عیب دومش هم gps شه اصلا روش حساب باز نکنید
Neutral,"cpu , مادربورد هم بیارید لطفن ."
Neutral,با سلام . چند روزی هستش که این گوشی رو خریدم . خوبه . بد نیست . البته کیفیت صداش ( هم بلندگو و هم گوشی ) به پای تلفن آلمانی که قبلا داشتمش نمیرسه . درضمن دو تا مشکل کوچیک داره . یکی اینکه وقتی روی پایه هستش نمیتونید به تماسها پاسخ بدین و دوم اینکه کلیدهاش یکم صفت هستن .
Neutral,یکی از دوستان گفته که این گوشی فورس تاچ یا همون تری دی تاچ داره ولی با توجه به مشخصاتی که خود هواوی اعلام کرده نگفته که این گوشی فورس تاچ داره نمیدونم چرا هوواوی تو این گوشی برعکس میت اس از فناوری فورس تاچ عقب نشینی کرده یا شایدم نتونسته تو این فناوری موفق عمل کنه و برا همینم از لیست امکانات پرچمدارش حذف کرده
Neutral,دوستان من اکتیویشن کد رو که می زنم قبول نمی کنه ، ایراد از کحاست ؟ همون اکنیویشنی که تو جعبه هست .
Neutral,بچه ها من میخوام بخرمش ولی میترسم زیاد خوب نباشه لطفا یه کمک کنید ! !
Neutral,لطفا هرچی سریعتر این پرینتر موجود کنید که می خواهم بخرم . .
Neutral,لطفا توی پیشنهاد ویژه یا شگفت انگیز قرارش بدین
Neutral,رنگهای دیگشو بیارین من منتظرم که بخرم .
Neutral,بابا زود تر موجود کنید دیگه . . چند ماهه دارم پول جمع می کنم اینو بخرم داغون شدم وقتی دیدم نا موجوده.خواهشا زود تر موجود شه . .
Neutral,لطفارنگ سفیدش موجودکنیدوتوپیشنهادویژه قراربدین .
Neutral,با سلام ممنون آقای ابراهیمی همه این مطالب را می دانم ولی من فقط جهت کد نویسی لازم دارم و مسلما اگر می خوام باتری زیاد نگه داره باید یک سری قابلیت ها را کنار گذاشت و برای همین پول کمتری می خواستم بدم ولی اگر بخوام هزینه کنم یکم صبر خواهم کرد پولامو بیشتر جمع می کنم و macbook pro mgx82 رو می گیرم بین این ux32la و مک مونده بودم . سپاس فراوان فقط می دونم اینجا جاش نیست ولی لطفا کمکم کنید : macbook pro md101 رو بگیرم و یا mgx82 چون در ایران نمی دانم مدل mgx82 را با توجه به اینکه سخت افزار آن به طول کامل به هم چسبیده اند و امکان تعمیر کردن این مدل خیلی سخت است . آیا در ایران با این حال می توانند mgx82 را تعمیر کنند ؟ از پیشنهاد آقای مهدی محمدی هم استقبال میشه و حتما به خاطر روی گل ایشان هم که شده حتما پیگیری می کنم : )
Neutral,لطفا سریعتر دوباره موجودش کنید . تا خواستم سفارش بدم تموم شد .
Neutral,آخجون ! من 1ماه پیش اآگهی این اپیلاتور آی پی ال رو تو ترکیه دیدم . دنبالش بودم . دی جی کالا منتظرم تا بگیرمش . تا حالا 1 / 5 میلیون برا این موهای لعنتی خرج کردم . مابقیشم با این حل میکنم .
Neutral,دوستان با تو جه به تجربه ای که من از بیلد های قبلی ویندوز داشتم این بیلد کاملترین بیلده الته نمیدونم اپدیت جدید اومده یانه جون من لایسنس اصل ندارم چون بالاخره لایسنس اصل باشه اپدیت میشه به طوطر خودکار و خب اگه اصل باشه قطعا من به این نسخه نمیگم سیستم عامل برتر چون ویندوز به صورت ایم ن و ایدار و با اپدیت و پشتیبانیو قطعا ملت ترجیح میدن ولی خب فعلا با این وضع تحریم فک نکنم جایی کبتونه اصلشو بفروشه . .
Neutral,با سلام خدمت دوستان عزیز که همگی متخصص دوربین های دیجیتال هستند . ببخشید میخواستم اگه میشه این دوربینو با دوربین fujifilm xf1 مقایسه کنید و ببنید کدوم بهتره . و اینکه آیا تفاوت ها و شباهت هاشون در واقعیت هم همینجوره چون ایجور که من گشتم و میبینم فوجی خیلی بالاتر هست که البته با اندکی اختلاف ارزانتر هم هست . مدلش هم تو همین سایت دیجی کالا هست . تورو خدا اگه میشه بررسی کنید و نظرات مهمتون رو تو همون صفحه فوجی یا همینجا واسم ثبت کنید . خیلی خیلی ممنون میشم .
Neutral,نکته جالب در مورد این گوشی : در بخش مشخصات فنی ذکر شده دارای مرورگر وب است که با توجه به نداشتن Gprsو wifi به چه کاری می آید معلوم نیست .
Neutral,بوی فوق العاده ای داره لطیف و ملایم بسیار خوشبوست . به جهت ملایم بودنش ماندگاری بالایی نداره
Neutral,در جواب دلواپسین اپل باید بگم اون آقایی که میگه محدودیت محدودیت ، بره یه ذره مطالعه کنه بعد بیاد حرف بزنه ، برادر من ios9 داره برا iphone 4s 2011 رو ساپورت میکنه ، حالا واسه S3 یا دیگر محصولات سونی قبل 2014 آپدیت اندروید 5 اومده ؟ ؟ شما با دوهسته 1 . 4 و 1گیگ رم داری بازی و برنامه که روی اندروید باید 3گیگ رم و حداقل 4 هسته داشته باشی واسه اجرا . . مقایسه شما در مورد اپل با دیگر محصولات مثه مقایسه بنز و بی ام و با ماشین های چینی و کره ای D : قبل از اینکه سامسونگ گوشی میخاست تولید کنه ، اپل تو نرم افزار و سخت افزار واسه خودش غولی بود و هست ، واقعا به چه روزی رسیدیم که بعضی با 500 تومن گوشی میخرن میان با اپل مقایسه میکنن . .
Neutral,من 6 ماهی میشه خریدمش از همه نظر عالیه مخصوصا حالت درخشانش برای عکس برداری از مناظر که منظره رو از اصلش قشنگ تر میکنه . فقط 2عیب داره یکی باتریش زود تموم میشه که البته به خاطر اپتیکال زوم بالاشه و با یه باتری زاپاس حل میشه دوم اینکه اگه تو محیط های ساکت فیلم برداری کنید صدای زومش اذیت میکنه ولی این صدا از مدل های مشابه خیلی کمتره .
Neutral,سلام دوستان عیدتون مبارک میخواستم بدونم اندروید 7 برا این گوشی اومده یا نه ممنون میشم کمکم کنین
Neutral,سلام دی جی کالا این گوشی کی موجود میشه . . چند هفته است دنبالشم ولی ندارن هیجا آکشو
Neutral,چند ماهه هی چک میکنم هیچ کاوری برای تبلت های سامسونگ موجود ندارید ، فکر میکنم اصولا وقتی یه تبلتی برای فروش تو سایتتون گذاشته میشه حد اقل یک نوع کاور باید واسش ارائه کنید .
Neutral,لطفا مدل های دیگه هم بیارید که مناسب منزل باشه پلاستیکی زیاد جالب نیست استیل بیارید لطفا یا شیشه
Neutral,سلام آیا این محصول گیرنده دیجتیال داخلی هم دارد ؟
Neutral,گوشی 1280 من هم این باتریو داره ! !
Neutral,سلام از دوستانی که این گوشی رو دارن عاجزانه یک درخواست دارم خیلی مهمه واسم که داشته باشه این امکانو اونم اینه که برن به تنظیمات و در قسمت محل ذخیره یا حافظه ببین که گزینه ای که بشه فایل هایی که بلوتوث ارسال میکنه رو به sd card بفرسته نه حافظه داخلی ! امیدوارم منظورمو فهمیده باشید چون در گوشی داداش من که هواوی هست در قسمت حافظه میشه تیک گزینه حافظه داخلی رو برداشت وsd card یا رم رو زد از این به بعد فایل هایی که بلوتوث میشن مستقیما به رم انتقال بشن .
Neutral,سلام.من امروز اندروید رو به پنج ارتقا دادم . عالی شده . دیگه هم مثل گذشته داغ نمیکنه و هم باتری دیرتر خالی میشه . کسایی که موافق هستن بزنن لایکو
Neutral,لطفا خش گیرشو موجود کنید . مال من اسیب دید جای دیگه ای هم خش گیر این گوشیو نداره
Neutral,محصولات جانبی + شگفت انگیز تا قبل از عید منتظرم
Negative,این ادکلن رو صرفا بر اساس نظرات دوستان خریداری کردم ولی واقعا انتظار بوی دیگه ای رو داشتم ! طراحی شیشه و همچنین پخش بوی خوبی داره ولی خود بو اصلا جالب نیست ، هر چند تا حدودی سلیقه ای هست
Negative,گوشی خوبی هست اما زیاد هنگ میکنه . داشتم که میگم
Negative,قیمتش مناسبع ولی خیلی بی کیفیت هستش همین که از جعبه بازش کردیم پرزهای پارچه،با همون نخهاش با یه دست خوردن کنده میشه و می ریزه ، انگشتعا در جای تعیین شده جهت حرکت قرار نمیگیرن،ارزش خرید اصلا نداره،جنسشم بی نهایت پایینه
Negative,جنس بدنه تنها 2 - 3 هفته بعد از خرید شروع به پوست پوست شدن می کنه و واقعأ بی کیفیت هست . به هیچ وجه پیشنهاد نمی کنم خریدش رو .
Negative,اگه با سرعت افتضاح خوندن و مخصوصا نوشتنش بتونید کنار بیاید میشه وسیله به درد بخوری باشه .
Negative,خیلی سریع و با کوچکترین تکان شیشه آن میشکند
Negative,اصلا پیشنهاد نمیکنم دور تصاویر دیده نمیشود که ناقص میبینید تصویرو
Negative,گوشی بسیار خوش دست و راحتیه اما در روز اول استفاده متوجه شدم که این گوشی بیش از اندازه معمول داغ میکنه . در حین مکالمه با سیم کارت دوم پس از 3 دقیقه تماس خود به خود قطع میشد.متاسفانه صفحه نمایش در هفته اول خراب شد و نیمی از صفحه پیکسلاش به هم ریخت . به نظر میرسه شیائومی تو میان رده ها کیفیت ساختش پائینه .
Negative,انتظار بیشتری داشتم از پارت الکتریک با مشابه تیراژه که مقایشه کردم . تیراژه به نظر بهتر میاد
Negative,قطعا ارزش خرید هایما و کپچر تیولی بالاتره نسبت به این خودروی گران گمنام . .
Negative,لطفا نمونه عطر رو هم به نحوی در اختیار مشتریان قرار دهید . . قیمتها واقعا بالاست و فرصت برای انتخاب یک عطر خوب هم خیلی کم
Negative,سلام می خواستم بدونم گوشی من Note Edge SM-N 915F مشکل 4 G داره نشون نمی ده مشکل از سیم کارتمه
Negative,شیشه خود به خود شکست و جالب اینکه تو بازار شیششو نمیتونی پیدا کنی . حیف پول که دادم بهش
Negative,ب یک ماه نکشید ک فهمیدم ضرر کردم . . هنگ زیاد داره و نت روی سیم یک برای استفاده از 4جی خیلی ضعیف بود همه جا تست کردم.و خیلی ایرادهای دیگه
Negative,ظاهرش از نظر کیفیت پایینه مخصوصا شیشه
Negative,من این عطرو از دیجی کالا خریدم ولی اصلا راضی نبودم . اصلا ماندگاری نداره پخش بو هم صفر .
Negative,من اینو خریدم ! تو دفترچه راهنماش نوشته فقط برای اصلاح موی دست و زیر بغل و پا و ویژه خانوم ها هست ، تیغه قابل تعویض نیست و هنوز هیچ تیغه ی یدکی برای این دستگاه ساخته نشده و این با توضیحی که تو سایت نوشته مغایرت دارد . موتورش خیلی ضعیفه و موها رو میکشه و عملا استفاده از اون زیاد توصیه نمیشه .
Negative,واسه هر مداد 2 تا باطری مصرف می شه خیلی مسخرس
Negative,متاسفانه این جنس رو سفارش دادم ، باطری گوشی که خراب بود از این بهتر شارژدهی داره . اصلا پیشنهاد نمیشه .
Negative,من دوساله دارم از این هارد استفاده میکنم دوبار تا حالا تعویض کردم چون خراب شده ! ! اصلا بدرد نمیخوره این مدلش .
Negative,نسبت به قیمت اصلا ارز ش خرید نداره و چون کاور خوب تو بازار نبود مجبور شدم بخرم . وزن تبلتو هم زیاد میکنه
Negative,من دارمش ، باید خیلی نزدیک باشن تا بوشو حس کنن یعنی پخش بو خیلی ضعیف در مقایسه با سایر عطرهای هم قیمت .
Negative,کاش از طراحی قبلیش استفاده میکردن
Negative,سلام من تازه از دیجی خریدمش بعد نیم ساعت استفاده دست زدم فوق العاده داغ کرده بود در ضمن یک فن کوچیک هم داره که دیجی تو توضیحات گفته بود نداره
Negative,هندزفری قبلی من سونی بود ازش راضی بودم . چند تا هندفری عوض کردم تا اینکه این هندزفری رو تو سایت دیجی کالا دیدم . دیروز به دستم رسید صدای بی نهایت واضح با بیس عالی . با این هندزفری میتونید از موسیقی لذت کامل ببرید . فقط تنها بدی میتونم بگم داره جنس سیمش هست که خیلی ضعیف به نظر میرسه .
Negative,من این محصولو در شگفت انگیز خریدم خیلی بزرگه استفاده ازش سخته چون درش پیچیه نسبت به فلاسک هایی که با فشار یه دکمه چای میریزن خیلی دنگ و فنگ داره حتی در پیشنهاد شگفت انگیز هم ارزش خرید نداره
Negative,من از روز اول که گاز داشت ولی روشن نمیشد که به خاطر قیمت مثل دوست عزیزمون که گفته بود عودت ندادم و انداختم دور
Negative,نسبت به قیمتش میشه پاوربانکای قوی تری تهیه کرد من نزدیک 2 - 3 ماهه که دارمش ولی متاسفانه زیاد راضی نیستم ازش به نظر من دنبال مدل دیگه ای باشید
Negative,اقا من 5sداشتم و با همه چیه اپل اشنام این گوشی 3 . 5ساعت طول میکشه تا شارژ شه و فستینگ شارژ نداره.بزرگ ترین ضعفش همینه دوم اینکه نمیشه بهش فلش زد و فایلا و عکس و فیلم داخلش ریخت و حتما باید فلش های مخصوص خود اپل باشه تا بشه باهاش اینکار و کرد شارژ وایرلس نداره صفحه نمایش ضعیفتر از گوشیای سوپر امولد سامسونگ . و امیدوارم طبق شایعات سال بعد صفحه نمایششو اولد بزنه . نسخه 32 گیگش یه ریسک بزرگ برای خریده چرا که کارت حافظه نمیخوره و باید 128 گیگشو بخری که خیلی گرونه عدم پشتیبانی از بلوتوث با سایر دستگاه های اندرویدی عدم داشتن نمایندگی تو ایران و به دنبال ان نداشتن گارانتی قابل اطمینان این گوشی ظاهرش هیچ فرقی با6sنداره و همین طور هیچ فرقی با ایفون6نداره ببینید دوستان این گوشی عالیه اما اگر تناسب بلد باشید گوشی ها باید قیمت کم ولی امکانات بالاتر داشته باشند بازده این گوشی نسبت به s7 edgeکه قیمتش نصف این گوشیه،واقعا پایینه همه ی ایراد هایی که گرفتم عکسش میشه s7 edge . مثلا الان بازی قارچ خور رو اپ استور گزاشته به قیمت 10دلار که به پول ما میشه 50تومن.واقعا نا مردیه.در حالی که تو اندروید که در روز های اینده واسش عرضه میشه،میتونید رایگان دریافتش کنید.من 5sداشتم و تجربیاتم رو با الان کهs7 edge دارم میگم.جفتشون عالین و به سلیقه فرد بستگی داره.مثلا یه نقص که تو s7 edgeمیبینم پشتیبانیش ضعیفه.همه گوشیا ضعف دارن ولی ایفون خیلی ضعف داره.سیاست های اپل و در بعضی موارد نمیتونم درک کنم . خوش باشید . دیجی چاپ کن .
Negative,من که اصلا راضی نبودم و پشیمونم از خریدش قبل از این اسپری نرم کننده موی بچه فیروز و استفاده میکردم خیلی از این بهتر بود
Negative,ظاهر خوبی نداره
Negative,همش ضعفه از اندروید بگیر تا لوازم جانبی که در بازار نیست خدمات پس از فروش نداره
Negative,بعد از خرید متوجه شدم خیلی کوچیکه و حجم صداش کمه
Negative,سلام توصیه میکنم اصلا این گوشیو انتخاب نکنید چون پشیمون میشید الان 3ماهه ک خریدمش ماهی یک بارفلش زدم چون هنگ میکرد . الان هم همش خاموش روشن میشه . . خسته شدم
Negative,شما که میگید بوش همش مارکه یه دستگاه بوش با رونیکس رو کنار هم بزار ببین چجوریاست وقتی ندیدین لطفا نظر ندین ولی الان دی سی ای از ماکیتا سرتره
Negative,ماشالله لنوو همیشه یه کمی و کسری تو سیستماش هست . سیستم به این خوبی با یه پنل بد . باید روی این یه IPS فول اچ دی میزاشتن
Negative,این تلفن رو تقریبا یکسال هست خریدم . نکات مثبت : 1 - بیس گوشی خوش فرم و زیبا 2 - صفحه تاچ اسکرین برای دستیابی سریع تر و راحت تر به منوها و دفترچه تلفن 3 - مجموعه ای از رینگ تون های زیبا و قابلیت ذخیره سازی رینگ تن دلخواه 4 - قابلیت منشی تلفنی 5 - حسگر حرکتی برای روشن شدن صفحه نمایش هنگام برداشتن گوشی نکات منفی : 1 - با سیستم مخابرات ایران سازگار نیست و اگر مبدل کد سرراهش نگذارید ، کالر آیدی آن کار نمیکند . 2 - امکان ارسال اس ام اس دارد ولی دریافت ندارد ( در ایران ) 3 - فارسی را پشتیبانی نمیکتد 4 - امکانات خوبی مثل room monitoring دارد ولی درست کار نمیکند و لذا قابل استفاده هم نیست . 5 - در خیلی از مواقع تا طرف مقابل تلفن را قطع کند ، تماس قطع نمی شود . 6 - منوی کندی دارد و گاهی هنگ میکند 7 - بلوتوث آن فقط برای ارتباط صوتی است و برای ارسال عکس و تنظیم آن بعنوان مخاطب قابل استفاده نیست . 8 - کیفیت مکالمه خوب است ولی وقتی از اسپیکر استفاده میکنید صدا بریده بریده میشود و کیفیت مناسبی ندارد . 9 - اتصال به کامپیوتر از طریق پورت میکرو یو اس بی فقط برای آپگرید نرم افزاری یا انتقال آهنگ و تصویر به گوشی است . دسترسی به صدا های ضبط شده و ذخیره آن روی کامپیوتر امکان پذیر نیست . 10 - برای ذخیره اطلاعات در دفترچه تلفن ، برای هر فیلد اطلاعاتی ( نام ، شماره ) فقط یک سطر جا هست و وقتی نام یا شماره طولانی میشود ، برای جاگرفتن اطلاعات در یک خط ، فونت کوچک و کوچکتر میشود که در برخی موارد خواندن آن سخت میشود . نتیجه گیری : این گوشی روی کاغذ امکانات خوبی دارد اما از آنجا که جزء اولین گوشی های تاچ اسکرین تلفن ثابت است ، کیفیت مناسبی ندارد و امکانات ان هم خیلی قابل استفاده نیست .
Negative,دوستان اینفرارد ندااره ! ! یک هفتس گرفتم . 5فروردین 1395 تمام جاها و سایت ها که نوشتن اینفرارد داره اشتباه نوشتن ! ! یعنی نا امید شدم شدید ! برای خانمم اس6 اج هست و اینفرارد داره ! اما متاسفانه برای اس 7 و اس 7اج که برای خودم هست،نداره ! خیلی خورد توی ذوقم .
Negative,مشخصات خوبی داره ولی قیمت مناسبی نداره و گارانتی معتبری نداره هرچی سرچ کردم سایتشونو پیدا نکردم ممنون
Negative,نویسنده در این کتاب فقط سفسطه میکنه توصیه نمیکنم
Negative,گوشی هواوی نوا بهتره
Negative,چرارژهای بی یو از لیست رژها حذف شدن ؟ ! ! بعضی محصولات بهداشتی ایوروشه هم همینطور هستن
Negative,ارزش نداره
Negative,چیز خیلی بدی است که صدا میدهد و پنج بار بیشتر زمین سرعت آن کند میشود
Negative,من احساس می کنم خیلی قدیمی و دمودس پاکو رابانا غیر از بلک ایکس هیچ چیز خوبی نداره
Negative,من این کتاب را گرفتم راستش کوچیکه و داخل جیب جا میشه و کیفیت چاپ کمی پایین است ولی چون کوچیکه همه جا میبرمش و میخندم پیشنهاد میکنم .
Negative,قدرت یه موزرو ازش نداشته باشین . فقط اینکه کاش از صفر هم میزد
Negative,از نظر کیفیت تصویر و دوربین از بقیه flagshipها پایین تره
Negative,سلام بنظرم خوب نیست
Negative,برای خودم نخریدم . موها تا زمانی که رطوبت داشت صاف بودند اما بلافاصله از خشک شدن وز موها و شکستگی ها پدیدار شد . سرم مو نتیجه ی بهتری میده .
Negative,باطری اصلیش2100 خیلم ضعیفه وای به حال این که1700 میلی آپره خنده داره
Negative,ای کاش بهتر بود واقعا خیلی بدرد نخوره اصلا کیفیت نداره
Negative,متاسفانه خیلی زود باطری خالی میشه و بعد از سه ماه سارژ سریع نمیکنه و 8 ساعت طول میکشه تا باطری شارژ بشه
Negative,جواب آقای علی اسماعیلی مقدم . اول مبارک باشه . باید دوربین رو روی ntsc بگذاری تا مثلا 30 فریم بشه . مموری هم باید خوب باشه .
Negative,با سلام ما این پکیج رو تو شگفت انگیزط خریدیم و اصلا از کیفیت پارچه و طرح های روی اون ( گلدوزی شده ) راضی نبودیم الیاف لحاف هم نداشت که کاش حداقل در موقع خرید به صورت جداگانه پیشنهاد بشه و یا به عنوان هدیه همراه محصول داده بشه به جای الیاف بالش و کوسن .
Negative,خیلی بده که از این کالا فقط یک رنگ و فقط یک سایز ارائه شده است
Negative,من این صفحه کلید را از دیجی کالا خریدم باید بگم مثل بقیه صفحه کلید ها و موس های ماکروسافت کیفیت پایینی داره و کیفیتش در حد Genius ها ارزان قیمت هم نیست چه برسد به Logitech این طراحی خاص صفحه کلید اصلا ارگونومی نیست و باعث می شود مدام حروف را اشتباه تایپ کنید کلید ها یک مقدار لق می زنند که این امر باعث می شود مدام اشتباه تایپ کنید.من به عنوان یک تایپیست حرفه ای واقعا با این صفحه کلید مشکل دارم و اصلا خوشم نیومد در ضمن کلید ها را باید تا ته فشار دهید و اگر نصفه و نیمه کلید ها را فشار دهید و بخواهید سریع تایپ خیلی از حروف جا می مانند . به نظر من ماکروسافت فقط باید نرم افزار تولید کند چون در زمینه تولید سخت افزار خیلی ضعیف عمل می کند
Negative,واقعا خودکار خیلی کیفیت بدی داره اصلا نمی نویسه زنگم زدم گفتین پس نمیگیرید لطفا مثل همیشه اجناس با کیفیت بزارید تو سایت از این خیلی ناراضی ام
Negative,اگه میخوا انقدر پول اینو بدی بری بدی نوت 3 یا اس 4 که ارزون تره خیلی سود کردی تو گوگل سرچ کنی میبینی که دوربین 13 اس 4از این خیلی با کیفیت تره دیجیکالا لطفا تایید کن شاید کسی رو راهنمایی کرد ممنون از همه ی شما
Negative,به قول دوستمون که گفت کیفیتش بده
Negative,باسلام من 7 ماهی میشه که این تبلتو خریدم تبلت بدی نیست ولی من ازش راضی نیستم
Negative,دوستان گرامی فقط نقاط قوت این ماشین اصلاح ضد آب بودنش و شارژی بودنشه وگرنه نسبت به موزر بسیار ضعیفه این ماشین اصلاح برای افرادی که موی کم و نرمی دارند بسیار مناسب است . من 3 سال این ماشین اصلاح رو خریدم ویکی علتهای خریدم ژاپنی بودنش بود که رضایت کننده نیست .
Negative,خنده دار ترین روش های گارانتی رو هارد ها توی ایران دارند ! این هارد یا سری بلک که 5 سال گارانتی جهانی داره یا مثلا هارد های Sasmsung Pro SSD که گارانتی 10 ساله دارند ( اگر چه نشان از کیفیت بالا و عملکرد مطمئنشون داره ) اما توسط شرکتهای ایرانی فقط دو سال گارانتی میشه ! تنها هارد یکه دیدم مدل جهانیش گارانتی میشه هارد های ADATA شرکت اونگ هست البته من چون به برندش اعتماد ندارم SSD رو از اون نگرفتم اما خود گارانتی 3 ساله 5 ساله جای تفکر داره در مقابل گارانتی های دو ساله که شما داری پول کامل محصل با گارانتی اصلی رو هم میدی و البته مقدار نزدیک ب0 10 20 درصدی بیشتر از قیمت جهانی ! از شرکتها هم بپرسی میگن اون اختلاف قیمت برای هزینه های گارانتی هست ضمنا دیجی کالای عزیز در خصوص پارامترهای امتیاز دهی هم برای هارد ها پارامترهای اصلی چیزهای دیگه هستش اونها رو هم اضافه کنید سرعت در مقایسه قیمت نسبت به ظرفیت
Negative,خیلی بد بود موهارو مثل چوب میکنه
Negative,با سلام خدمت همه ی بروبچ گل دیجی کالایی . . من میخواستم به این نظر بنده یحقیر توجه کنید . . من 3ماه پیش با اجازتون اکس پریا وی گرفتم دوربینش که حرف نداشت درمورد ضد اب بودنش باید درپوش ها رو ببندی حواستون باشه صفحه ی نمایشش خوبه فقط چی زی که باعث شد بفروشمش باطری ضعیف و داغ کردن ان بود . . پس از 1ماه کار با گوشی توانستم بفروشمش واس پی بخرم خداوکیلی تاصبی نمیگم هم باطریش بهتره هم خشکل تره هم سرعت پردازشش 1 ممیز7 گیگاهرتز است که وی 1 وویز5 است ولی دوربین وی بهتره و من الان از اس پی راضیم راستس اون چراغ اعلان اس پی هم خیلی باحالا و این راهم بگویم که تراکم پیکسلی اس پی سیصدو خورده ای است دقیق یادم نیست برید ببینید خلاصه من صحبت هایم را کردم ببخشید اگه غلط املایی داشتم . .
Negative,آخه دیجی جون تودیگه چرا؟جای آوردن مدلcکه4gداره وبهترهست چرارفتی مدلhروکه4gنداره روآوردی وچرامدلs روهم حذف کردین خواهش میکنم که توضیح بدین ماهم بفهمیم همه کاربراتونظرات از این کارشما ناراضی اندخواهشارسیدگی کنیدونظرموتاییدکنید .
Negative,چند فصل کتاب رو خوندم ، خیلی گنگ و مبهم هستش.پشیمون شدم از خرید این کتاب
Negative,تو آپدیت جدیدش نور پس زمینه کلید برگشت و مولتی تسکینگ فعال شده.فقط هرچی گشتم تنظیماتش رو پیدا نکردم که مدت زمان روشن موندنش رو تغییر بدم یا غیرفعالش کنم.یه باگ هم داره واسه من بعد آپدیت اینجور شده.برنامه پیامهای پیشفرض خود گوشی مدام فورس کلوز میده
Negative,من یکیش رو خریدم . بیسش زیاده که میشه با تنظیم تریبل کامپیوتر جبرانش کرد . انتظار زیادی نباید ازش داشت . ولی نویز شدیدی روی خروجی هدفونش داره . به نحوی که با هدفون اصلا قابل استفاده نیست . نمیدونم مال من اینجوریه یا همش همینطوره . الانم دنبال اینم که مرجوعش کنم .
Negative,با سلام خدمت دوستای گلم که میخوان این گوشی رو بخرن واقعا مزخرفه اینو با ارفاق میگم هر کس بخواد این گوشی رو بخره 100 تومن بیشتر پول میده و Asend G6 میخره که اصلا با این گوشی قابل مقایسه نیست
Negative,بی کیفیت و بی ارزش
Negative,کپی خیلی بد از اونتوس و خیلی متوسط از ماین
Negative,ظاهرش با اونچه که در عکس هست متفاوته . انتظار بیشتری داشتم . جنس پارچه تقریبا سر و براقه و توی عکس یه پارچه زخیم تری به نظر میاد . در کل در حد جامدادی های ارزون قیمت مغازه هاست .
Negative,این چیزایی که میگن در موردش که سایه میندازه برا من پیش نیومده ولی بدترین دوربین رو داره عکسهایی که باهاش میندازی برابری می کنه با یه گوشی سامسونگ ارزون قیمت
Negative,از ابتدا که از این هارد استفاده کردم مشکل صفحه آبی داشتم و ویندوز ریستارت میشد . امروز با نرم افزار hddexpert بررسی کردم میگه هارد مشکل داره
Negative,حتی با تخفیف پیشنهاد نمیکنم
Negative,همون دفعه اول پاره شد.کیفت بشدت پایین . نخرید که پولتون دور ریختید
Negative,حتی یک نفر هم از شما اسم عطر را نخواهد پرسید چون چیزی حس نخواهند کرد هر چند خود شما برای مدت زمان نسبتا خوبی بوی عطر را استشمام می کنید
Negative,خیلی زشته بدرد هم نمی خوره
Negative,' با سلام کار من طوریه که باگردو خاک زیاد کار دارم . وبه شدت با گوشی بد کار میکنم . گوشیم تو این 14 ماه یک بار هنگ نکرد.الان هم دیگه عمرش رو کرده بعضی وقتها خاموش میشه .
Negative,من این کالا رو خریدم به نسبت کیفیت قیمت مناسبی داره البته از دیجی نخریدم.بیرون قیمتش از اینجا خیلی پایینتره !
Negative,وقتی یو اس بی رو جدا میکنی هنگ میکنه باید خاموش روشن بشه توی،جعبه ارسالی من ریموت کنترلش نبود طرحش بسیار قدیمیه و گرافیک داخلی،پلیر صفره
Negative,با این قیمت چیز های خیلی بهتری میشد خرید صرفا یک لیوان دو جداره س با کیفیت پایین
Negative,با سلام خدمت دوستان عزیز و گرامی من آخر شهریور این تبلت خریدم پیشنهاد میکنم اصلا نخرید
Negative,نمیدونم چرا ولی متاسفانه شامپو های فولیکا از کیفیت خیلی پایینی برخوردارن
Negative,گوشی جدید . گوگل . از امکانات . دوربین . اصلی . بی بهره . هست.و . کارت حافظه . جانبی . ندارد . و دوربین دوگانه.نداردو . شکل گوشی . زشت . تر شده .
Negative,جنس خوبی نداره پس از مدتی قطع شد
Negative,در مورد این دستگاه میتوانم بگویم که تقریبا کار نمیکند !
Negative,من هم با دوستان موافقم یه صدای ریزی داره ک رو مخ میره و برای من بعضی وقتا سر درد میاره
Negative,وقتی دو دستگاه میزنی همش قطع و وصل میشه . بعد از چند بار استفاده الان مزینم به گوشی گوشی ارور میده که شدت جریان برای شارژ گوشی مناسب نیست ! ! فقط میتونه هندز فری رو شارژ کنه . الان دارم میندازمش دور تا یه شارژر خوب بخرم
Negative,دوستان اینو همینطوری الکی خریدم اوایلش خوب بود . . ولی بعد یه مدت مشکل قطع وصل پیدا کرد . . داشتم یک فایل 2 گیگابایتی رو از مموری گوشی moving یا همون cut می کردم تو فلاش یهو وسط انتقال قطع شد فایل دو گیگ رو که مدت ها طول کشیده بود دانلود شه پروند یعنی نه طو گوشی موند نه رفت تو فلش چون قط شد و عملیات ناقص شد . . به عنوان یکبار مصرف کابل خوبیه فقط
Negative,به ویندوز 10 از طریق برنامه Insider آپدیت نکنید بدرد نمیخوره همون 8 . 1 برای این گوشی عالیه بسیار روان و بدون مشکل
Negative,اولا جلوی دید شما نسبت به صفحه پشت فرمون رو میگیره . ثانیا خیلی خیلی زود باز میشه چون گیره خیلی کوتاهی داره . بالای فرمون هم اگه ببندید مزاحم رانندگیه
Negative,بنظر بسیار عالی میومد منتها در چهارمین مرتبه استفاده پلاستیک قسمت پایین بی کیفیت بود و از وسط برش خورد و بی استفاده شد ، شاید اگه یدک پلاستیکی مناسب داشته باشه خوب باشه .
Negative,جنس بسیار ضعیف و بوی ارزان قیمت
Negative,در حده متوسطه کیفیتش . جای مایع دستشویش هم بعد یه مدت خراب شد و دیگه پمپ نمیکنه .
Negative,بیشتر شبیه به محصولات یکبار مصرف میمونه و نمیشه به عنوان یه چراغ اضطراری روش حساب باز کرد !
Negative,امروز به دستم رسید.خوشحال از اینکه ی پک خوب نصیبم شده ولی متاسفانه کیفیت دی وی دی ها بسیار پایین بوده و حتی چند دی وی دی رو که امتحان کردم اتو ران غیر قابل اجرا بود.البته همشونو امتحان نکردم.دی وی دی 12 رو که خیلی نیاز داشتم به هیچوجه باز نشد و با اولترا ایزو خواستم ایمیج بگیرم ولی بعد 2 ساعت و نیم هنوز 87 % پیش رفته.خیلی بده . ارزش خرید نداره.من شگفتشو خریدم .
Negative,گوشی خیلی بیخودیه . .
Negative,من به نظرات دوستان اعتماد کردم و خریدم واقعیت اینه که در مقابل حذف سیم ها تا 30 درصد کیفیت موزیک رو از دست میدین اگه برای گرش دادن موسیقی تهیه می کنید اصلا نظرتون رو جلب نمیکنه در کل بد نیست ( عالی اصلا نیست ! )
Negative,من برای فاصله ی ده متر ، با دو تا دیوارم بین من تا مودم هست،میخواستمش ، ولی جواب ندا،سیگنالش پره ولی سرعتش پایینه،باید موددمو جابه جا کنم ببینم شراسط بهتر میشه
Negative,زیاد برای بچه سرگرم کننده نیست چون وقتی دکمه رو فشار میدی میریزن همه
Negative,اصلا تبلت خوبی نیست من که اصلا راضی نیستم بلاخره دارم قانع میشم که به سامسونگ مهاجرت کنم این تبلت واقعا مایوسم کرد
Negative,با سلام . . به نظر من به مدل پیشین یعنی نوت 2 نمیرسه .
Negative,با سلام دوستان من این مودمو دارم اما بیشتر از ای دی اس ال کابلیش استفاده میکنم چون وایرلسش اصلا تعریفی نداره دو متر ازش فاصله میگیری انتن می پره ! ! بنابرین از کسانی که بی خود و بی جهت از یه محصول چرت تعریف میکنن تقاضا دارم یه کم واقع گرایانه به نقد و برسی بپردازند شاید یه بنده خدایی بر اساس نظرات من و شما محصول مورد نظر را انتخاب میکنن و چه بسا بعد از تحویل گرفتن محصول و راه اندازی ان مارا به خاطر اطلاعات غلط نفرین و دشنام بدهند بنابرین بیایید هر چیزی رو بر اساس نقاط ضعف و قوتش بررسی کنیم نه اینکه فقط تعریف و تمجید باشه
Negative,دوستان با دست بنویسید 400تومن برای یه قلم : - \ مگه چیه
Negative,من تست کردم با سامسونگ s7ولی متاسفانه دیرتر از شارژ اصلی شارژش کرد نمیدونم چرا تو ی مشخصات نوشته شارژ سریع 3 ولی اینجوریه ! !
Negative,شارژدهی خیلی ضعیفی داره بعد 24 ساعت شارژ 5 دقیقه هم کار نمیکنه .
Negative,سلام تاچش عصاب خورد کن شده خاک بر سر شرکت لنوو
Negative,شما با چه مدرکی میگین خاکستریش اصلا خوب نیست 70درصد طرفداران رنگ خاکستری رو دوس دارن و ترجیح میدن
Negative,به نظرم بهتره برا کالا های این چنینی بنوییسد که باید حتما داخل شارژ باشه تا شارژ کنه . من فکر کردم خود این دستگاه شارژ میشه و بعد شارژو تا چند ساعت نگه میداره و میشه باهاش گوشی شارژ کرد با گذاشتن روی ان . این که همش باید به شارژ باشه تفاوتش با شارژ بی سیم چیزی نیست من که از خریدم پشیمانم
Negative,نه خدایی کی 750 تومن پول اسپیکر میده ؟ ؟
Negative,سلام من دیروز به دستم رسید که متاسفانه کار نکرد الانم باید ببرمش خدمات پس از فروش ببینم چیکار میکنه
Negative,امروز رفتم از پست تحویل گرفتم | تعصیر زیادی نداشت به هر حال خریدم و پشیمان نیستم | بر روی مودم tplink 8951nd امتخان کردم
Negative,محصولات Beyond بشدت بی کیفیت و ضعیف در جنس بدنه و دکمه ها هستند و تنها ضاهری زیبا دارند .
Negative,واسه پیچهای آیفونم خریدم که به درد نخورد ، اونایی هم که ستاره ای هستن کج و معوجن و نامنظمند . کلا بدردم نخورد .
Negative,من گرفتم اما بدلیل عدم پشتیبانی از شارژ سریع مرجوع کردم علی رغم اینکه بدلیل خروجی 2 آمپری سریع شارژ کرد ولی مثلا برای گوشی S6 میزنه شارژ کابلی نه شارژ سریع
Negative,بسیار سبک هست ، چند تا طناب بزنین سریعا پیچ میخوره تو هم ، راحت نیست در کل . انتهای دسته باز میشه و میتونین طول طنابو تنظیم کنید ، پیشنهاد نمیکنم .
Negative,کیفیت ساخت پایین . و اصلا خوش تایپ نیست .
Negative,اولا که این کابل انعطاف پذیرى کابل هاى معمولى را ندارد و در ثانى یک ماه بیشتر کار نکرد و خراب شد و این پیغام روى صفحه موبایلم بعد از یکماه می امد : کابل و یا شارژر براى استفاده گوشى آیفون شما معتبر نیست !
Negative,اندروید 7 حتی برای گوشی های با رم 2 هم سنگینه بعضی وقتها و اذیت میکنه من فکرنمیکنم بتونه خوب از پسش بر بیاد
Negative,اصلا خوب نیست.نخرید . سایزش کوچیکتر از صفحه هست.چسبندگیش هم ضعیفه.فقط هم یه دستمال خشک داره واسه پاک کردن.مثل بقیه مدلها دستمال مرطوب نداره .
Negative,اگه شیشه ش شکست شیشه تو بازار گیرتون نمیاد . تحت هیچ شرایطی . مثل فلاسک بنده که الان لاکش تو انباری افتاده . شیشه بسیار ضعیفی داره متاسفانه
Negative,سلام من چند روز این گوشی رو خریدم اولش خوب بود ولی الان ارور میده ریست میشه مشکل نرم افزاری داره
Negative,خیلی بوی شیرینی داره و آزار دهنده ست ضمن اینکه من سر درد میگیرم ازش برام هدیه آوردن . . پیشنهاد میکنم اصلا نخرید مفتشم گرونه
Negative,ولی بادی است . اگر میدانستم این محصول بادی است خرید نمیکردم . در مشخصات این محصول اصلا قید نشده بود که بادی است
Negative,کیفیت ساخت بسیار پایین هست من خریدم سه نظامش لنگ مزنه و صدای عجیبی میده که ماله چرخ دندهاش هست
Negative,من 3ماه پیش از نمایندگی خریدم و متاسفانه به طرز عجیبی کفش خراب شده بود انگار پوسیده بود از کنار باز شده بود که بردم نمایندگی برام تعویض کرد یه مدل دیگه داد طراحی خیلی خوب و شیکی داره و همینطور هم تقریبا راحته اما متاسفانه کیفیت اصلا نداره
Negative,لنز هاش خیلی روشنه نسبت به وظیفه ای که تو دیجی کالا براش نوشته شده.یعنی مناسب جوشکاری متداول نیست اصلا
Negative,به نظر من پول شما از بین میره و با کمی هزینه میشه ایرانی با مارک و کیفیت بهتری خرید
Negative,با سلام بعضی از دوستان هستن بدلیل اینکه این محصول رو خودشون خریدن چشمشون رو به حقایق بستن و نمی خوان ک ایرادات این محصول رو قبول کنن مثلا اون دوست عزیزی که گفته بوت لپ تاپ 7 ثانیه هستش ، بله لپ تاپی که دو سه روزه خریدی و تازه ویندوز ریختی روش اگه هاردش 5400 هم باشه بوتش 7 الی 8 ثانیس ، من بعد از حدود یک ماه استفاده با تامر اندازه گرفتم بوت لپ تاپ از زمان زدم دکمه پاور تا اومدن منوی وین8 . 1 ، 12 ثانیه بود . مورد دیگه سیستم کولینگ هست ، هر کسی که این لپ تاپ رو خریده باید قبول کنه که سیستم کولینگ معمولیه ، اینکه نمی دونم ایسوس بلده که چجوری با یه فن سیستم رو خنک کنه و این حرفا همش خرافات دوستانیه که محصول رو خریدن و نمی خوان ایراداتش رو قبول کنن ، تنها در صورتی این فن عملکرد خوبی داره که من بشینم کناره پنجره و پنجره رو باز بذارم تا هوای سرد بیرون برسه به لپ تاپ ! نمیشه که من کل خونرو سرد کنم بخاطر اینکه اجازه ندم لپ تاپم داغ نکنه البته من تا حالا با کول پد تستش مکردم . آرم ایسوس هم روشن نمیشه ! که جای شکر داره چون مال سری مالتی مدیا که آرم ایسوس روشن میشه واقعا بی ریخته ، تو این مورد خواسته از اپل اسکی بره که گند زده ! ولی آرم روگش روشن میشه و خیلی قشنگه ! بک لایت هم داره کیبوردش ، صفحه نمایشش هم عالیه ، من با آپاچی ام اس آی 2 ساعت کار کردم انقد چشمم سوخت اشکم در اومد ولی این اصلا چنین ایرادی نداره من از دیجی نخریدم ، ولی کیف و موس و هدستش همونیه ک تو خود سایت ایسوس زده بتلفیلد 4 و کال آو گوست و فارکرای 3 و واچ اگز و متال گیر ر تست کردم روش همرو براحتی آورد
Negative,با پول این وسیله میشه یه گوشی دو سیمکارت خرید
Negative,هرکی بخره واقعا پولشو دور ریخته من اینو دو ماه پیش از سایتی سفارش دادم از کیفیتش ناراضیم تازه قلتکشم خیلی صدا میده
Negative,این کالا امروز به دستم رسید راستش قبل از خرید نظرات دوستان رو خوندم انتظار خیلی بیشتری ازش داشتم ولی متاسفانه صداش خیلی تیزه و اصلا شفاف نیست وقتی صداش رو نصف باشه واقعا اذیت میکنه گوش رو . .
Negative,من از طرح این سرویس خیلی خوشم اومد ولی وقتی بازشون میکردم برخلاف قیمت گرونی که دارن خیلی کوچیکن و ارزش خریدن ندارن
Negative,آخه Eau De Toilette که میگند موندگاریه کمی داره . این چه جوری زیاده ؟ ؟
Negative,خرید این گوشی را توصیه نمیکنم
Negative,من زیاد باهاش ارتباط برقرار نکردم .
Negative,من پریروز سفیدشو خریدم فعلا که بد نیست.فقط دوریبنش اونجور که انتظار داشتم نیست
Negative,سلام دوستان بنده این دوربین رو سه چهار ماه پیش گرفتم ، اولش که روشن کردن نتونستم عکس بگیرم چون حافظه داخلی نداره باید رم SD بندازی - وقتی رم رو تو دوربین انداختم یه عکس از خودم انداختم با فلش خوب عکس می گیره ولی تو روشنای زیاد مثلا جلود خورشید فلش رو خاموش کنید چون یکم رو کیفیت عکس تاثیر می زاره ( این یک تجربه عکسی منه ) . یه مشکل تو فیلم برداری داره زمانی که زوم می کنی ( اپتیکال ) میکروفن صدا رو ظبت نمی کنه این به خاطر اینه که صدای زوم تو فیلم نیوقته خیلی بده - کیفیت فیلمش هم خوبه من با دوربین های mindiv سونی مقایسه کرم کیفیتش خوبه فقط باید نور خورشید ویا از پروژکتور استفاده کنی چون به نور زیاد نیاز هست برای عکاسی و فیلم برداری . ( تو فیلم برداری هیچ وقت زوم نکن ) مشکل بعدی ظرفیت کم باتری هستش شارژدهیش خوبه ولی زود تموم میشه اگه نور ال سی دی رو کم کنی فکر کنم ظرفیت باتری بالا بره . نمام شد .
Negative,چشبوندم به شیشه یه مدت استفاده کردم بعد دو ماه که میخواستم شیشه رو تمیز کنم دیگه نچسبید . فقط می افته منم گذاشتمش کنار حیف اون پول
Negative,نه دوست عزیز زیر نویس فارسی رو پخش نمیکنه متاسفانه سونی نشون داده خیلی نمیشه بهش امید داشت که توی اپدیت های بعی مشکل حل بشه
Negative,یکم سایزش کوچک بود،برا تولد دوسم گرفته بودم تو ذوقم خورد
Negative,نسبت به LG G PAD خیلی ضعیفه
Negative,دیروز سفیدش رو خریدم . ولی دوربینش اصلا خوب نیست پشیمون شدم
Negative,4g نداره ، دوربینش ضعیفه ، رمش کمه ، برید honor 6 بخرید هم ارزون تره هم از همه لحاظ قوی تره ، فقط amoled نیست ،
Negative,اصلا کارایی نداره و فقط میتوان به کودکان کادو داد تا باهاشون به عنوان اسباب بازی بازی کنند ! بعضی وقتها ادم گول میخوره و از این خریدها انجام می ده !
Negative,واقعا ماندگاری این تستر در حد ثانیه است . اصن خوب نبود .
Negative,"اوه اوه عجب بویی میده , گذاشتمش تو افتاب بوش نرفت شستمش بازم بوش نرفت اما سایزشو خیلی دوست دارم جنسشم بد نیست امید وارم زود بوش بره : )"
Negative,سلام وخسته نباشید خدمت پرسنل دیجی کالا من این محصول رو خریداری کردم و مثل همیشه سر وقت و با بسته بندی خوب به دستم رسید ولی متاسفانه برای تبلت ایسوس 375 می خواستم که کار نکرد بد جوری تو ذوقم خورد خواهشا اگه محصولی فقط به صورت محدود برای محصولات خاصی کار میکنه در هنگام معرفی محصول ذکر کنین ممنون میشم در ضمن در جای شارزی خودروهم خوب چفت نمیشه
Negative,آقا کیفیتش از افتضاح هم افتضاح تر بود نخرید که بد میخوره تو ذوقتون.منو که دپرس کرد
Negative,با سلام 3روزه ک خرید کردم شارژ دهی متوسطی نسبت به گوشی سابقم galasy grandداره و کمی هم داغ میشه و ضمنا اینکه imeiگوشی با کارت گارانتی عدد کمتر داره و وقایع گستر هم راه حلی براش پیدا نکرد
Negative,من این ماشین حساب رو سفارش دادم اما ابعادش خیلی کوچیکه توی عکس بزرگ به نظر میاد والان هم از خریدش پشیمونم نمی دونم چکار کنم
Negative,منم از همینجا خریدم.اصلا جالب نبود لگ فراوان مخصوصا با لانچر خودش باتری ضعیف.کیفیت دوربین پایین.و مال من که صدای گوشی خیلی ضعیف یود این تنها خریدی یود که از دیجی داشتم و ناراضی بودم.مابقی خریدام خیلی راضی کننده یوده
Negative,بسیار بی کیفیت خصوصا موقعی که با پلی استیشن بازی میکنین تا حالا تلوزیون به این بدی ندیده بودم رنگ هاش اصلا طبیعی نیست کنترانست نداره
Negative,حالم ازین گوشی بد شد
Negative,فقط مدلی که چند سال پیش بود تقلبی نبود که روش آلمانی نوشته بود نه عربی ! این مدل رو من گرفتم و متاسفانه دستگاهم ایراد دار شد و 100 خرج برداشت . تعمیرکار گلدیران هم گفت فقط کلارو بگیر تازه نه که کلارو عالی باشه فقط از بقیه بهتره بعبارتی کاچی به از هیچه . نت هم فقط خود گلدیران داره . بیرون قابل تهیه نیست .
Negative,به نظرم به جای اینکه 10 میلیون بدید به این ؛ میتونید با 9 میلیون Microsoft Surface Book - D رو بخرید که هم یه لپ تاپه و هم تبلت . تازه سخت افزارشم از این قوی تره و حافظه ی گرافیکی مجزا هم داره.البته بازم این تبلت صفحه ی لمسی ش از Microsoft Surface Book - D بهتره ولی به نظر من بازم لپ تاپ-تبلت مایکروسافت رو بخرید خیلی بهتره
Negative,اصلا ارزش خرید نداره ، حتی در شگفت انگیز فوق العاده بی کیفیت
Negative,مونیلکس متأسفانه اصلا کیفیت خوبی نداره مخصوصا موتورش که بعد از یک مدت ضعیف میشه قیمتش که دیگه خیلی زیاده
Negative,دیجی کالا خدایش یه چیزی گفتی هیچ جوره تو کتم نمیره ! اینکه تو قسمت معایب گوشی وزن گوشی میتوانست بکمتر باشه ! میخوام بدونم چظور حساب کردی ؟ این گوشی با اینکه 5 . 5 اینجه و 0 . 4 اینچ از گلگسی اس5 بزرگتره فقط 4گرم سنگینتره ، از HTC M8 که نیم اینچ ( 0 . 5 ) بزرگتره تازه 1گرم ازش سبکتره ! میتونی با بقیه گوشی ها هم مقایسه کنی ! خدایش این یه مزیته نه عیب ! این خلاقیته ! 100 % اگه یه شرکت دیگه گوشی 5 . 5 اینچی میزد سنگین تر از این میشد اما ال جی به لطف حاشیه کم دور صفحه نمایش کاری کرد وزن و اندازه گوشی کمتر بشه
Negative,دست همه گی درد نکنه . ولی خدا وکیلی خیلی گرونه . یعنی چقد میاد پایین . بازی هاشو هم میشه بیارین . اخه گفتن از 22 آذر تو دبی.احتمالش هست که ارزون تر بشه ؟
Negative,سلام دیجی خدایی بعد این همه مدت حالا چرا L04 ؟ 32 گیگ مشکی رو موجود کنید L04 سفارش هنده انگار درجه 2 بدرد نمیخوره زیاد
Negative,سلام متاسفانه طی چند روز گذشته تولید بازی های کپی برای xbox360متوقف شده و اگر دستگاه رو اپدیت کنید دستگاهتون دیگه بازی هارو اجرا نمیکنه به نظر من الان play station 4 slim رو بگیر به صرفه تره
Negative,هنوز یک ماه از خریدن نگذشته که دیگه شارژ نمیکنه و باید بیفتم دنبال گارانتی
Negative,باطریش خیلی ضعیفه گیر هم نمی یاد
Negative,اصلا نخرید انگار که پول رو میریزید توی جوب
Negative,سلام دوستان کسی از شما تونسته بازی nfs mw رو با این گوشی اجرا کنه ؟ من دیتاشو با همین گوشی دانلود کردم ولی اجرا نشد . در حین بالا امدن بازی از بازی خارج میشه .
Negative,من که پشیمونم کاش نظرات کاربران رو تا آخر خونده بودم ! اصلا دقت نداره و میپره ! امیدوارم بشه بهش عادت کرد . ولی پیشنهاد میکنم نرید سراغ این موس
Negative,سلام من این دسته دنده رو چند وقت پیش برای پراید خریدم خیلی برام مشکل ایجاد کرد آخر هم در آوردمش و پشیمون شدم واقعا بدردنخور هست .
Negative,لومیا 520 بهتر و ارزونتر از این گوشیه .
Negative,بازی و گرفتم اما نصب نمی شه حتی یک درصد چیکار کنم
Negative,در یک کلام باید گفت مایکرو سافت بلد نیست گوشی بسازه انگار یک جور به مایکرو سافت تحمیل شده که گوشی بسازه و بی حوصلگی در زبان طراحی این گوشی کاملا دیده میشه مدل 535 یا640 ویا دیگر محصولات مایکرو سافت رو از نظر سخت افزاری قوی کردن شده این من خودم نوکیا 520 دارم و برای خواهرم 535 خریدم قاعدتا مدل 535 باید باتوجه به تاریخ زمان عرضه این گوشی نسبت به520 بهتر و قویتر و بهینه تر باشه که اصلا اینطور نیست فیلم برداریش ضعیفه-کیفت تاچش پایینه و گاهی گیر میکنه فقط کمی بزرگتر شده و صفه نمایشش بهتر شده کاش نام نوکیا حذف نمیکرد مطمنا الان با یک محصول متفاوتری روبرو بودیم فکر نمیکنم دوربینش در برابرمدل 930 تغییر زیادی کرده باشه همان دوربین رو با تغیرات کم رو این گذاشتن در صورتی که دوربین مثلا الجی جی 4 نسبت به جی 3 تغییر زیادتری داره تا 950نسبت به930
Negative,به نظر من قیمتش نسبت به مشخصاتش بالاست .
Negative,دوستان من این گوشی رو خریدم!فکرمیکردم خیلی خوش دست باشه برای اس ام اس دادن ولی متاسفانه دکمه هاش افتضاحه واسه اس ام اس نوشتن سریع !
Negative,شفافیت نداره ، مثل جنس ایرانی میمونه . از خریدم پشیمون شدم .
Negative,مادرم از بیرون خرید . از نظر من هرچی بیشتر از زمان اسپری کردنش میگذره بیشتر زیر دل میزنه و اصلا نمیتونم عمیق تنفسش کنم حالت تهوع بهم دست میده ! !
Negative,من که خریدم سوخته بود
Negative,دوستان من اینو از نمایندگی سامسونگ خریدم . راستش بعد از مدتی لوگو سامسونگ از روش پاک شد و حتی پوست روش هم پس از مدتی کنده شد
Negative,اصلا ماندگاری نداره . . بوشم خوب نیست
Negative,خیلی خیلی بی کیفت می باشد و من اصلا پیشنهاد نمی کنم کسی بخره حتی نصف قیمت
Negative,زمان شارژ 960 دقیقه و زمان شارژ دهی 40 دقیقه ! مگه میشه !
Negative,3 روز پیش همین گوشیو از دیجی کالا گرفتم الانم پشیمونم چون صفحه نمایشش خوب نیس از سمت راست که واقعا افتضاحه
Negative,خیلی بی کیفیته
Negative,قیمت این موبایل با نسل بعدش خیلی فرق نداره اگه میتونید mate 8 بگیرید
Negative,خیلی گرونه ارزش خرید نداره ! .
Negative,چرا موس پدش بالای کیبورده ؟ ناجور نیست یه کم ؟
Negative,دوستان مال من امروز رسید . فوق العاده یک چیز اون ور تره . امتیاز بنچمارکش 11240 شد . مزایا : شارژ دهی فوق العاده . دوربین قابل قبول . صفحه نمایش فوق العاده به نصبت قیمت گلکسی گرند رو هم می خوره . پخش ویدیو HD فول اچ دی هم با بیت ریت پایین خوب پخش می کنه . کیفیت مکالمه مناسب . کیفیت یاخت باور نکردنی . آنتن دهی وای فای فوق العاده قوی . بسیار شیک . داغ نمی شه . قاب های رنگی با کیفیت . سیم کار ت معمولی می خوره . معایب : کیفیت اسپیکر می تونست بهتر باشه . وقتی گوشی رو تکون می دی باطری در جای خودش تکون می خوره . اسلات میکرو اس دی خوب طراحی نشده . حافظه ی داخلی کم . 1 . 05 گیگ قابل دسترس کاربر . ناتوانی در پخش ویدیوی فول اچ دی با بیت ریت بالا . زمان طولانی برای شارژ شدن . کابل شارژ بی کیفیت . پورت MICRO USB بسیار بی کیفیت و مستعد خراب شدن .
Negative,نسبت ب قیمتش خوبه اما بعد س ماه استفاده خراب میشه
Negative,به نظر من اصلا گزینه ی مناسبی برای خرید نیست چون واقعا به نسبت قیمتش سخت افزار خوبی نداره
Negative,گوشی رو خریداری کردم واقعا باطری این گوشی های زد تی ای انگار همشون بی کیفیت هستند . .
Negative,سلام به همه دیجی باز های عزیز - من خریدم چیز جالبی نیس ، نویزش زیاده ولی کیفیت خود هدفون از نظر باس و تفکیک صدا خوبه ولی چون بصورت بیسیم هست صدای صاف یک دستی رو در هیچ کدوم از سه باند فرکانسی نخواهید داشت ، لذا این مدل وایرلس بدرد نمیخوره . موفق باشین
Negative,سلام من این هاردو خریدم به هیچ عنوان سیستم اینو نمی شناسه از هر راهی هم وارد شدم باز نشد اصلا به درد بخور نیست حالا هم باید بیوفتم دنبالش که ببرم تهران برای گارانتی معلوم نیست چی بشه از من می پرسید نخرید
Negative,این بازی دارای بسیار باگ ( مشکلات کامپیوتری)هستش و واقعا بی معنی به قدری بازی کسل کننده ای بود که من مجبور شدم یه بازی دیگه از دیجی کالا سفارش بدم در کل خیلی بازی بدی .
Negative,کلا یه چند سالی هست که تنوع هارد تو بازار داخل خیلی کم شده اوایل که بیشتر بود حق انتخابم بیشتر بود ولی الان چه بخوای چه نخوای فقط هارد وسترن توبازار ریخته . متاسفانه یکم درصد خرابی هاردهای وسترن زیاده که این خودش میتونه بعلت این باشه که بیشترین هارد موجود تو بازاره ولی کلا هاردهای هیتاچی خیلی با کیفیت تره و کم صداتر هستن تمام هارد های وسترن ومکستورو به محض اینکه همون بار اول استفاده میشه جیر جیر میکنه با اینکه خام هست و هنوز هیچ اطلاعتی درونش نیست حالا نمیدونم بخاطر اینکه قیمت و بتونن پایین نگه دارن کیفیتشون اومده پایین یا کلا هارد های وسترن بی کیفیت هستند . من خودم به شخصه تو دوتا هارد وسترن سوزوندن .
Negative,به دردنخورد
Negative,گوشی های اپل طول عمر خیلی خوبی دارند و با توجه به پشتیبانی نسبتا زیاد شرکت اپل ارزش خرید بالایی . اما قیمت محصولات اپل با توجه به ناپایداری قیمت دلار بعضی اوقات خیلی نامعقوله .
Negative,پسرداییم داره اصلا هم رازی نیس چپو راست هنگ میکنه.هواوی همینه انتظاری کسی ازش نداره
Negative,به نظر من این مقدار پول دادن با یه گوشی کارعاقلانه این نیست میشه چند تا دیوایس کاربردی تر با همین مقدار پول خرید
Negative,امروز به دستم رسید از نظر ظاهر واقعا افتضاحه ای کاش خارجیشو میخریدم
