به گزارش گروه اقتصادی باشگاه خبرنگاران جوان به نقل از شانا، وزارت نفت عراق اعلام کرد که صادرات نفت این کشور در ماه آوریل امسال در مجموع ۱۰۰ میلیون و ۱۹۷ هزار بشکه (معادل ۳ میلیون و ۳۳۹ هزار بشکه در روز) بود- عاصم جهاد، سخنگوی وزارت نفت عراق، همچنین با استناد به آمار نهایی اعلام شده از سوی شرکت بازاریابی نفت عراق (سومو) اعلام کرد مجموع درآمدهای عراق از صادرات نفت در ماه آوریل، ۶ میلیارد و ۵۰۱ میلیون و ۶۹۵ هزار دلار بوده است. به گفته جهاد، قیمت یاد شده بر اساس قیمت نفت ۶۴ دلار و ۸۸ سنت برای هر بشکه، محاسبه شده است. این در حالی است که آمار شرکت بازاریابی نفت عراق هنوز شامل صادرات نفت خام از میدان‌های کرکوک نمی‌شود.,اقتصادی,1,126
به گزارش خبرنگار گروه اقتصادی باشگاه خبرنگاران جوان حذف رانت عظیم فروش محصولات پتروشیمی در بازار به اصطلاح آزاد، فروش این محصولات از پایان سال ۹۰ در بورس کالا الزامی شد که مهر ماه سال ۹۴ با تلاش وزیر صنعت وقت فروش این محصولات به بازار آزاد بطور نسبی منتقل شده است. حامد سلطانی نژاد مدیرعامل بورس کالا در گفتگو با خبرنگار بورس، بانک و بیمه گروه اقتصادی باشگاه خبرنگاران جوان، با اشاره به ایرادهای وارد شده به بورس کالا در حوزه پتروشیمی افزود: ایرادهای گرفته شده به بورس کالا در حوزه پتروشیمی، طی ماه‌های اخیر و پس از برگزاری جلسات مختلف با فعالان این صنعت، و همچنین با حضور نهادهای قانون گذار بررسی و راه حل هایی نیز ارائه و هم اکنون در بورس کالا اجرایی شده است. وی ادامه داد: در نظر داریم برای صنعت پتروشیمی ابزارهایی طراحی کنیم که خریداران بتوانند از طریق آن، فقط با پرداخت بخشی از وجه معاملات، محصول مورد نیاز خود را تهیه کنند. انتهای پیام/,اقتصادی,1,163
خلیلیان در عین حال بر کوتاه کردن دست و اسطه‌ها و کاهش فاصله میان تولید کننده و مصرف کننده تاکید کرد و گفت: شبکه‌های بازار رسانی در کشور باید اصلاح شود. وی افزود: در حال حاضر وظیفه تولید با وزارت جهاد کشاورزی و تنظیم بازار بر عهده دستگاه دیگری گذاشته شده در حالی که تولید بدون توجه به بازار معنی ندارد. خلیلیان ادامه داد: تولید، بازار، واردات، صادرات و صنایع مرتبط با کشاورزی یک بسته به هم پیوسته است که می‌تواند منجر به توسعه بخش کشاورزی شود. وی در عین حال واگذاری امور تصدی‌گری به تشکل‌ها و بخش غیر دولتی را از رویکردهای وزارت جهاد کشاورزی عنوان کرد و ابراز داشت: ما سعی می‌کنیم وظایف را به خودتان بسپاریم و هزینه‌های حاصل از کوچک سازی ساختار وزارتخانه را صرف حمایت از تولید کنندگان کنیم. وزیر جهاد کشاورزی با اشاره به این که به رغم بروز خشکسالی‌ها، تحریم‌ها و مسایل مربوط به هدفمندسازی یارانه‌ها، تولیدات کشاورزی جهش خوبی داشته است گفت: تأمین ۹۵ درصد نیاز مواد غذایی در کشور، نقطه قوتی برای چانه‌زنی‌های ایرانی با قدرت‌های جهانی است. وی افزود: اگر بخش قابل توجهی از نیاز کشور به مواد غذایی در داخل کشور تأمین نمی‌شد، شرایط برای مسؤولان در چانه زنی‌های بین المللی سخت‌تر می‌شد. خلیلیان در ادامه، افزایش بهره وری، اصلاح ساختار فن آوری در واحدهای تولیدی، عرضه مستقیم کالا، توسعه صادرات و سرمایه گذاری را از اهداف استراتژی بخش کشاورزی عنوان کرد و گفت: امروزه کشاورزی در کشور قابل اتکا است و امسال که سال تولید و حمایت از کار و سرمایه ایرانی است، دولت محور کار را بخش کشاورزی قرار داده است. /س,اقتصادی,1,265
یک مقام مسئول گفت: با وجود آنکه کارتن و شانه تخم‌مرغ در بازار وجود دارد، اما عرضه کنندگان به بهانه نبود کاغذ، قیمت‌ها را ساعتی افزایش می‌دهند. ناصر نبی پور رئیس هیئت مدیره اتحادیه مرغ تخم گذار استان تهران در گفت‌وگو با خبرنگار صنعت، تجارت و کشاورزی گروه اقتصادی باشگاه خبرنگاران جوان، با انتقاد از افزایش بی سابقه قیمت نهاده‌های تولید اظهار کرد: قیمت هر شانه تخم مرغ با افزایش ۵-۵ برابری از ۱۰۰ تومان به ۵۳۰ تومان رسیده است. وی نرخ کارتن تخم مرغ در خرداد ماه را ۸۰۰ تومان اعلام کرد و افزود: این درحالی است که قیمت کارتن از ۲ هزار و ۶۰۰ تومان هفته گذشته به ۴ هزار تومان افزایش یافته است. نبی‌پور با اشاره به اینکه شانه و کارتن تخم‌مرغ در بازار وجود دارد، گفت: البته عرضه کنندگان به بهانه نبود کاغذ، قیمت‌ها را ساعتی در بازار افزایش می‌دهند. این مقام مسئول ادامه داد: تا دوماه پیش بابت خرید این نهاده‌ها، چک‌های ۶ ماهه و هفت ماهه پرداخت می‌کردیم در حالیکه هم اکنون عرضه کنندگان می‌گویند پس از واریز نقدی باید در نوبت بمانید. به گفته وی، در ماه‌های اخیر، مرغداران دلخوش بودند که بخشی از افزایش هزینه‌های تولید را کارتن و شانه جبران می‌کند اما اکنون قیمت یک کیلو کارتن از تخم مرغ گران‌تر است. رئیس هیئت مدیره اتحادیه مرغ تخم گذار در پایان با بیان اینکه سالانه ۱۲۰ میلیون دوز واکسن آنفلوانزا مورد نیاز است، تصریح کرد: مسئولان ذی ربط، منابع لازم و ارز کافی برای خرید واکسن را در اختیار ندارند و حال نمی‌دانیم با ورود پ-ن-گان مهاجر در فصل سرما باید چه کنیم.,اقتصادی,1,262
به گزارش خبرنگار اقتصادی باشگاه خبرنگاران، سامانه اطلاع رسانی فرصت‌های سرمایه گذاری مناطق آزاد و ویژه اقتصادی با نشانی به زبان‌های فارسی و انگلیسی آخرین فرصت‌های سرمایه گذاری را به مخاطبان و سرمایه گذران ارائه می‌نماید. از طریق ثبت نام در سامانه اطلاع رسانی فرصت‌های سرمایه گذاری مناطق آزاد و ویژه اقتصادی که با هدف ارائه اصولی و کارآمد فرصت‌های سرمایه گذاری در این مناطق راه اندازی شد، سرمایه گذاران از طریق پست الکترونیک در جریان آخرین فرصت‌های ثبت شده قرار می‌گیرند. فرصت‌های سرمایه گذاری در این سامانه به گونه‌ای ارائه و طراحی شده که امکان جستجوی پیشرفته پروژه‌ها به تفکیک منطقه وجود دارد و سرمایه گذار در هر مرحله می‌تواند از طریق کارشناسان سرمایه گذاری دبیرخانه شورای هماهنگی مناطق آزاد و ویژه، اطلاعات بیشتری در مورد فرصت‌ها به دست آورد. /س,اقتصادی,1,132
وی افزود: براساس قانون ۱۱ سازمان حفظ نباتات میوه‌های ممنوعه خارجی باید به سرزمین اصلی بازگردد یا پشت مرزها امحا شود چرا که کنترل آن در داخل سخت‌تر است. محمودی ادامه داد: در واقع بهترین راه برخورد با میوه‌های قاچاق پشت مرزها است چرا که هنگام ورود به کشور و دپو شدن در انبارها و سردخانه‌های اطراف و شهرستان‌ها نظارت و کنترل با مشقت همراه خواهد بود. توزیع میوه‌های خارجی تا کی ادامه دارد حسین مهاجران رئیس اتحادیه میوه و سبزی در گفتگو با خبرنگار اقتصادی باشگاه خبرنگاران جوان؛ گفت: واردات قاچاق میوه‌های خارجی همچنان به کشور ادامه دارد و مانند سابق معاملات آشکارا و قابل رویت نیست. وی با اشاره به قیمت انواع میوه‌های خارجی افزود: در حال حاضرقیمت هر کیلو پرتقال مصری ۶ هزار و ۵۰۰ الی ۸ هزار تومان، سیب سبز فرانسه ۱۱ الی ۱۲ هزار تومان، انگور شیلی ۲۵ الی ۳۸ هزار تومان است. مهاجران ادامه داد: قاچاق زردآلوی ترکیه همزمان با عرضه زردآلوی داخلی به کشور صورت گرفته و باید گفت که بهتر است با نظارت دقیق بر واحدهای خرید و فروش جلوی این امر گرفته شود چرا که این امر ضربه مهلکی به تولید داخل می‌زند.,اقتصادی,1,192
حمید زرخیر کارشناس بازرگانی در گفتگو با خبرنگار باشگاه خبرنگاران ضمن بیان این مطلب افزود: بی ثباتی در بازار مواد اولیه تولیدات صنعتی که نتیجه نبود مدیریت و وجود واسطه هاست، ‌ موجب شده تا نرخ هزینه‌های تولید محصولات داخلی نسبت به مشابه خارجی افزایش یابد. وی گفت: وجود واسطه‌ها در بازار مواد اولیه، موجب چند نرخی شدن مواد اولیه تولیدات صنعتی شده است. زرخیز با اشاره به اینکه بخشی از بی ثباتی در بازار مواد اولیه نتیجه فقدان مدیریت در عرضه مواد اولیه است، اضافه کرد: دولت می‌تواند با ارائه یک مدیریت کارآمد و سالم و نیز کوتاه کردن دست واسطه‌ها، زمینه دسترسی آسان و کم هزینه به مواد اولیه مرغوب را برای تولید کنندگان و صنعتگران فراهم آورد. /ق۲,اقتصادی,1,121
قیمت (تومان) ماوس بی‌سیم لاجیتک ام ۱۸۵ قابلیت اتصال به صورت بی‌سیم با استفاده از رابط USB با حداکثر برد تا ۱۰ متر دارای کلید روشن و خاموش ماوس مایکروسافت بی سیم موبایل ۱۰۰۰ قابلیت اتصال به صورت بی‌سیم با استفاده از رابط USB با حداکثر برد تا ۵ متر دارای قابلیت کارکردن با هر دو دست ماوس بی‌سیم لاجیتک M۲۳۵ قابلیت اتصال به صورت بی‌سیم با استفاده از رابط USB با حداکثر برد ۱۰ متر دارای کلید روشن و خاموش ماوس بی سیم مایکروسافت آرک ماوس بی سیم لیزری با نهایت وضوح دارای نمایشگر نوری وضعیت عمر باطری قابلیت اتصال به صورت بی‌سیم با استفاده از رابط USB با حداکثر برد تا ۱۰ متر ماوس مایکروسافت آرک تاچ قابلیت اسکرول لمسی قابلیت اتصال به صورت بی‌سیم با استفاده از رابط USB طراحی شده برای استفاده هر دو دست ماوس بی سیم ریزر اوروچی کروم ادیشن مشکی اتصال بی‌سیم از طریق بلوتوث نسخه‌ی ۳-۰ طراحی آرگونومیک و طراحی شده برای استفاده از دست راست دارای حافظه داخلی قابل استفاده به صورت بی‌سیم و باسیم ماوس بی سیم مخصوص بازی ریزر اوروبروس قابلیت اتصال به صورت دوگانه بی‌سیم و باسیم با استفاده از رابط USB ساخته شده از جنس روکش طلا طول عمر ۱۲ ساعت در حالت استفاده مداوم در بازی همراه با نمایشگر وضعیت باتری مجهز به ۱۱ دکمه با قابلیت برنامه‌ریزی,اقتصادی,1,222
به گزارش خبرنگار اقتصاد و انرژی گروه اقتصادی باشگاه خبرنگاران جوان، مهم‌ترین عناوین اخبار اقتصادی امروز به شرح ذیل است: روند اعطای تسهیلات با بهره‌های بالا به تولیدکنندگان برای رونق کسب و کارشان به جای کمک به تولید، آنها را راهی زندان کرده است. مشاور وزیر صنعت، معدن و تجارت گفت: اگر فکر عاجلی در جهت بروزرسانی سیستم تجارت خارجی کشور نکنیم، در آینده بازارهای هدف را از دست خواهیم داد. برای حصول دستاوردهای هر چه بیشتر در عرصه اقتصادی، تأمین مطالبات منطقی این طیف و دیگر فعالان اقتصادی، ضرورتی است که انتظار می‌رود با دقت نظر هر چه بیشتری مورد توجه قرار گیرد. کارگر گفت: در چهار ماهه نخست سال جاری طبق آمار گمرک، ٨٩ میلیون دلار صادرات فرش دستباف صورت گرفته که نسبت به مدت مشابه سال قبل ٧٫٣ درصد داشته است. یک تحلیلگر بورس گفت: بازار سرمایه در کنار بازار پول یکی از ارکان اصلی تامین مالی بوده که تیم اقتصادی دولت جدید باید توجه ویژه‌ای به آن داشته باشند. افزایش قیمت مصالح ساختمانی در هفته‌های اخیر، نرخ مسکن را بالا برده است. رئیس انجمن کارفرمایی طراحی معماری و دکوراسیون گفت: اکثر طراحان به دنبال محصولات جدید و فناوری‌های نوین هستند ولی بیشتر محصولات آنها کپی است. رئیس اتحادیه ملی محصولات کشاورزی گفت: گمرک زرباطیه عراق بدون اطلاع قبلی به صادرکنندگان کشورمان، صادرات برخی محصولات را به عراق ممنوع اعلام کرده است. اخذ مالیات بر سپرده موجب هدایت نقدینگی به سمت تولید می‌شود که این امر رونق اقتصادی و در نتیجه افزایش اشتغالزایی را در پی خواهد داشت. بسیاری از مسئولان امر معتقدند که عرضه متعادل جوجه یکروزه در بورس کالا مزیت‌های بسیاری از جمله شفاف سازی قیمت، حذف واسطه‌ها و درنهایت تعادل قیمت مرغ در بازار را به همراه دارد. انتهای پیام/,اقتصادی,1,286
به گزارش خبرنگار راه و شهرسازی گروه اقتصادی باشگاه خبرنگاران جوان، طی سه روز آینده در استان‌های ساحلی دریای خزر در برخی ساعات افزایش ابر پیش بینی می‌شود که احتمال بارش خفیف و پراکنده دور از انتظار نیست. روز‌های شنبه و یکشنبه در شهر‌های صنعتی افزایش آلاینده‌ها و کاهش کیفیت هوا پیش بینی می‌شود. همچنین از روز یکشنبه با ورود سامانه بارشی از سمت غرب و شمال غرب به کشور، به تدریج در نیمه غربی کشور افزایش ابر، بارش باران و وزش باد پیش بینی می‌شود که این سامانه بارشی تا اواخر هفته آینده در این نواحی فعال خواهد بود. به اطلاع هموطنان در مناطق زلزله زده می‌رساند که تا روز شنبه جوی پایدار در منطقه حاکم بوده و تغییرات دمایی، قابل توجه نمی‌باشد؛ ولی از روز یکشنبه دراین مناطق افزایش ابر، بارش باران، گاهی وزش باد و به تدریج کاهش نسبی دما پیش بینی می‌شود؛ این شرایط تا اواخر هفته آینده پیش بینی می‌شود. انتهای پیام/,اقتصادی,1,157
به گزارش خبرنگار اقتصادی باشگاه خبرنگاران، هاشم یکه‌زارع مدیرعامل گروه صنعتی ایران خودور اظهار داشت: به طور مشخص در سیاست جدید ایران خودرو که باید از ۶سال پیش انجام می‌گرفت این شرکت هیچ سایت مونتازی در هیچ استانی نخواهد زد. یکه‌زارع ادامه داد: هم‌اکنون ظرفیت تولید خودرو در کشور یک میلیون و ۸۰۰ هزار دستگاه و نیاز بازار یک میلیون و ۲۰۰ هزار دستگاه است، بنابراین ظرفیت مازاد تولید در کشور داریم و آماده‌ایم تمام سایت‌های خارج از تهران را واگذار کنیم. وی با تاکید بر اینکه باید به جای سایت‌های مونتاژ زیرساخت‌های صنعت خودرو را تقویت کنیم، گفت: ما با سازمان حفاظت از محیط زیست و وزارت نفت مذاکراتی را برای تولید خودروهای برقی و دوگانه‌سوز در ایران انجام داده‌ایم. مدیر عامل ایران خودرو اضافه کرد: هم چنین اگر بخواهیم در بخش خصوصی نیز این موضوع را حمایت کنیم حتما در بخش قطعات موتور و زیر ساحت‌های خودرو خواهد بود بر همین اساس هر سرمایه گذاری که اعلام آمادگی کند ما سیاست واگذاری سایت‌ها را انجام خواهیم داد. انتهای پیام/,اقتصادی,1,171
"گوشی موبایل و سیم کارت قیمت ریال اپل آیفون ۴s-۶۴G- ۲۸,۴۰۰,۰۰۰ اپل آیفون ۴s-۳۲G- ۲۵,۵۰۰,۰۰۰ نوکیا ۵۱۳۰ -XpressMusic - ۲,۷۲۰,۰۰۰ نوکیا - C۱-۰۱ - ۱,۸۵۰,۰۰۰ سونی‌اریکسون - Xperia arc S - ۹,۹۰۰,۰۰۰ سونی - Xperia S - ۱۳,۴۵۰,۰۰۰ سونی Xperia acro S - ۱۶,۸۰۰,۰۰۰ اپل آیفون ۴s-۱۶G- ۲۲,۵۰۰,۰۰۰ سامسونگ I۹۳۰۰ Galaxy S III- ۱۸,۹۲۰,۰۰۰ نوکیا - E۷ - ۱۰,۵۰۰,۰۰۰ ال‌جی Optimus ۳D P۹۲۰ - ۸,۱۵۰,۰۰۰ ال‌جی P۵۲۰ - ۲,۳۵۰,۰۰۰ اچ‌تی‌سی Sensation XL- ۱۲,۵۰۰,۰۰۰ اچ‌تی‌سی Wildfire S - ۵,۲۵۰,۰۰۰ سیمکارت همراه اول دائمی صفر کد۴ - ۵,۰۰۰,۰۰۰ سیمکارت همراه اول دائمی صفر کد ۵- ۴,۵۰۰,۰۰۰ سیمکارت همراه اول دائمی صفر کد ۶- ۴,۱۰۰,۰۰۰ سیمکارت همراه اول دائمی صفر کد ۷- ۲,۶۰۰,۰۰۰ سیمکارت همراه اول دائمی صفر کد ۸- ۲,۶۰۰,۰۰۰ سیمکارت دائمی ایرانسل- ریال ۱,۲۰۰,۰۰۰",اقتصادی,1,123
وی ادامه داد: سیب گلاب کیلویی ۲۵۰۰ تومان، خیار کیلویی ۹۰۰ تومان، گیلاس درجه یک کیلویی ۵۰۰۰ تومان، گیلاس معمولی کیلویی ۳۰۰۰ تومان و زرد‌آلو کیلویی ۳۰۰۰ تومان به فروش می‌رسد. رییس اتحادیه میادین میوه و تره‌بار با اشاره به نرخ مصوب گفت: هلو کیلویی ۲۰۰۰ تا ۳۵۰۰ تومان، آلو قطره طلا ۱۵۰۰ تومان و آلو ۱۵۰۰ تا ۲۵۰۰ تومان در میادین عرضه می‌شود. دارایی‌نژاد همچنین درباره‌ هندوانه و طالبی گفت: هندوانه کیلویی ۶۰۰ تومان و طالبی کیلویی ۷۵۰ تومان به فروش می‌رسد. او در پاسخ به این سوال که چرا قیمت میوه میادین در سطح شهر بسیار با هم متفاوت است، بیان کرد: میوه در میادین کمتر از قیمت مصوب به فروش می‌رسد و تمام داد‌وستد‌ها با فاکتور و نظارت رسمی صورت می‌گیرد، اما متاسفانه بازرسان سازمان صنعت، معدن و تجارت بر قیمت میوه در سطح شهر هیچ نظارتی ندارند و به طور مثال می‌توان به قیمت گوجه در میدان تجریش اشاره کرد که کیلویی ۱۷۰۰ تومان به فروش می‌رسد. رییس اتحادیه میادین میوه و تره‌بار افزود: گوجه‌فرنگی کیلویی ۶۰۰ تا ۸۰۰ تومان، پیاز زرد ۶۰۰ تومان‌، پیاز صدفی ۱۵۰ تومان، سیب‌زمینی ۱۲۰۰ تومان و سیب استانبولی ۲۰۰۰ تومان به فروش می‌رسد.,اقتصادی,1,193
قیمت (تومان) چرخ گوشت GASTROBACK مدل ۴۱۴۰۶ صفحه نمایش دیجیتال کلیدهای لمسی چراغ دار دکمه‌ی چرخش معکوس جنس قطعات استیل چرخ گوشت GASTROBACK مدل ۴۱۴۰۸ کلیدهای لمسی چراغ دار سینی مخصوص گوشت و صفحه پنجره‌ها از جنس استیل محفظه، گلویی، مارپیچ و مهره‌ی گلویی از جنس آلومینیوم چرخ گوشت BLACK & DECKER مدل FM ۱۵۰۰ سوئیچ چرخش معکوس عملکرد توربو چرخ گوشت BLACK & DECKER مدل FM ۱۵۵۰ سوئیچ چرخش معکوس عملکرد توربو رنده چرخ گوشت پ-ن-سونیک مدل MK-ZG۱۵۰۰ سیستم چرخش معکوس قابلیت چرخ ۹۰ کیلوگرم گوشت در ساعت چرخ گوشت پ-ن-سونیک مدل MK-G۱۸۰۰ مجهز به سیستم قطع اتوماتیک هنگام فشار بیش از حد به موتور کلید گردش معکوس چرخ گوشت بوش مدل MFW۱۵۵۰ سینی دو منظوره گوشتکوب پلاستیکی قیمت چرخ گوشت تفال مدل ME۷۱۰۸ دارای دکمه معکوس,اقتصادی,1,128
به گزارش خبرنگار اقتصادی باشگاه خبرنگاران؛ همایش ملی گز که در سه بخش اقتصادی، بهداشت و کیفیت و اجتماعی فرهنگی برگزار شد و از ۷۷ مقاله ارسالی رسیده به دبیرخانه این همایش ۱۲مقاله به عنوان مقالات برتر از استانهای تهران، اصفهان و چهار محال و بختیاری برگزیده شدند. بررسی کیفیت باکتریولوژی گزهای عرضه شده در سطح شهرستانهای شهرکرد و کیار به منظور ارتقای سطح ایمنی مواد غذایی، بررسی اهمیت نقش برند در مدیریت بازاریابی صادراتی، تعیین و روش مناسب ترفیع محصول، پتانسیل‌های ویژه گردشگری گز اصیل بلداجی، تعیین خوشه‌هایی با اولویت در بخش صادرات گز، بررسی نگرش و عملکرد مصرف‌کنندگان گز استان و اجرای کاربردیhaccep در کارگاه گز با مغز پسته از دیگر مقاله‌های برگزیده در همایش ملی گز است. در این راستا همچنین ۴ مقاله به صورت ذخیره برگزیده شده است و ۴۸ مقاله به صورت پوستر تهیه و ارائه می‌شود. همچنین در این همایش از نخستین تمبر یادبود همایش ملی گز رونمایی گردید. که این تمبر یادبود نمادی ماندگار در چهارمحال و بختیاری است که همیشه بلداجی، پایتخت گز ایران را به خاطر می‌آورد. /عب,اقتصادی,1,177
به گزارش گروه اقتصادی باشگاه خبرنگاران جوان به نقل از شرکت ملی نفت ایران، در حکم صادر شده از سوی علی کاردر تاکید شده این انتصاب با توجه به بخشنامه هفتم آذرماه وزیر نفت برای تعیین تکلیف شرکت ملی صادرات گاز ایران صورت گرفته است. مدیرعامل شرکت ملی نفت ایران در این حکم آورده است دیگر مدیریت‌ها موظف به همکاری با آن مدیریت شده‌اند. امیرانی مدرک کارشناسی در رشته مهندسی شیمی با گرایش گاز از دانشگاه صنعت نفت و مدرک کارشناسی ارشد در رشته اقتصاد انرژی و بازاریابی از دانشگاه تهران دارد. آخرین مسئولیت وی، مدیریت بازاریابی، فروش و بررسی‎های اقتصادی در شرکت ملی صادرات گاز ایران بوده است. لازم به ذکر است وزیر نفت در تاریخ ششم آذرماه امسال اعلام کرده بود که شرکت ملی صادرات گاز منحل می‌شود و در زیرمجموعه شرکت ملی نفت ایران قرار می‌گیرد.,اقتصادی,1,139
به گزارش گروه فرهنگی باشگاه خبرنگاران جوان؛ اگر امروز موفق به رصد اخبار فرهنگی نشده‌اید، برترین اخبار امروز این سرویس خبری را از نگاه کاربران در ادامه دنبال کنید. عمل انسان چه زمانی بی‌نتیجه می‌شود؟ ناگفته هایی درباره سارا و نیکا + بیوگرافی بیماری‌ را پذیرفته‌ام و خوشحالم که همچنان کار می‌کنم/ هزینه‌های درمان بالاست نحوه حمایت از تولید ملی در حوزه گردشگری جزئیات مراسم نکوداشت محمدعلی کشاورز اعلام شد اقدام رئیس سازمان صدا و سیما برای حمایت از کالای ایرانی بیژن امکانیان بازیگر سریال ماه رمضان شد فیلم‌های کمدی در روز شهادت امام کاظم (ع) اکران نمی‌شوند امیرزاده سخنگوی نمایشگاه کتاب تهران شد/ اعضای هیات رسیدگی به تخلفات تعیین شدند فیلمنامه سریال شهید صیاد شیرازی رونمایی شد دستورالعمل پرداخت بن کتاب در نمایشگاه کتاب اعلام شد نمایشگاه لوور به مشهد می‌رود تشکیل کارگروه مشترک رسانه ملی و وزارت نیرو/ تاکید بر لزوم فرهنگسازی رسانه‌ای در زمینه مصرف درست آب خرید و فروش دلار و سکه برای کسب سود بیشتر حلال است یا حرام؟,فرهنگی هنری,5,164
جمشید حقیقت شناس، مدیر نگارخانه‌های خانه هنرمندان ایران، در گفتگو با خبرنگار بخش تجسمی باشگاه خبرنگاران گفت: هفتم اردیبهشت هفته تئاتر در خانه هنرمندان ایران برگزار شد. وی گفت: به مناسبت هفته تئاتر برنامه‌های متعددی در خانه هنرمندان ایران برگزار خواهد شد. وی خاطرنشان کرد: در پی برگزاری برنامه‌های هفته تئاتر در خانه هنرمندان ایران، نمایشگاه تجسمی نیز در این هفته خواهیم داشت. وی در ادامه گفت: همچون سالهای گذشته به مناسبت هفته تئاتر نمایشگاه عکسهای تئاتر در گالری‌ها ی خانه هنرمندان ایران برگزار می‌شود. وی بیان کرد: در این هفته در کنار عکسهای تئاتر، پوسترهایی از تئاتر نیز به نمایش گذاشته خواهد شد. حقیقت شناس در ادامه گفت: عکسهای تئاتر دربرگیرنده بخشی از تئاترهایی است که تاکنون اجرا شده‌اند. وی گفت: نمایشگاه عکسها و پوسترهای تئاتر به مدت یک هفته در خانه هنرمندان ایران ادامه دارد. /ص,فرهنگی هنری,5,138
به گزارش حوزه سینما گروه فرهنگی باشگاه خبرنگاران جوان؛ فرامرز رسولی صدابردار، آهنگساز که در عرصه‌ی میکس، امور فنی صدا، برش نگاتیو، افکت، سینکرون، ضبط موسیقی، صداگذاری و.. فعال بوده است و ۵۰ سال سابقه‌ی فعالیت هنری داشته است، در روزهای گذشته بر اثر عارضه شدید ریوی در بیمارستان بستری شد که صبح امروز ۴ آبان ماه در بیمارستان تیریتا در تهران از دنیا رفت. وی از سال ۱۳۳۸تا ۱۳۷۷ صدابرداری فیلمهای مختلفی چون بوی گندم، میرزاکوچک خان، شام آخر، سردار جنگل، زنگ اول، مدرک جرم، خانه ابری، ناخداخورشید، آری چنین بود، ستاره و الماس، دام، مجروح جنگی و … را برعهده داشته است. فرزند این صدابردار فقید سینما اعلام کرد: پدرم حدود ۱۲ روز پیش به دلیل مشکلات ریوی در بیمارستان بقیة‌الله بستری شد و بعد از چند روز به بیمارستان تریتا منتقل شد و در نهایت صبح امروز درگذشت. وی درباره زمان خاکسپاری گفت: به احتمال زیاد فردا (۵ آبان ماه) مراسم در بهشت زهرا (س) برگزار خواهد شد. منبع: ایسناانتهای پیام/,فرهنگی هنری,5,164
رسول اولیازاده مدیر نگارخانه عکاسخانه جوان در گفتگو با خبرنگار تجسمی باشگاه خبرنگاران گفت: نگارخانه عکاسان جوان میزبان نمایشگاه انفرادی عکس خواهد بود. وی ادامه داد: در این نمایشگاه تجربه‌های عکاس هنرمند برجسته عکاس کشورمان محسن اشتری به نمایش گذاشته می‌شود. اولیازاده افزود: حدود بیست قطعه عکس از طبیعت به نمایش گذاشته می‌شود. وی اظهار داشت: با این نمایشگاه عکس با عنوان پنجگانه در نگارخانه عکاسان جوان برگزار می‌شود. مدیر نگارخانه عکاسان جوان بیان کرد: عکس‌های به نمایش گذاشته شده از طبیعت به صورت پ-ن-راما (چندفضای مختلف عکاسی شده) است. اولیازاده گفت: این نمایشگاه از ۲۲ دی ماه برای بازدید عموم برپا شده است و به مدت یک هفته ادامه دارد. انتهای پیام/ اس,فرهنگی هنری,5,114
به گزارش خبرنگار بخش تئاتر باشگاه خبرنگاران؛ نمایشگاه عروسکهای حوزه صبا شامل وسایل شخصی، اسناد، سازها، عکس‌های خانوادگی، نقاشی‌های روی پارچه، نقاشی‌های رنگ روغن روی بوم ابوالحسن صبا و عروسک‌های همسر وی می‌شود. بنابراین گزارش؛ در این مجموعه ۹۲ عروسک نگهداری می‌شود که نشاندهنده فرهنگ فولکلوریک ایرانی است و در واقع جلوه‌ای از فرهنگ ایرانی را ابراز می‌کند. همسر صبا جدا از عروسک سازی، گلچینی از کتاب‌ها که یکی از آن‌ها به چاپ سی ونهم رسیده را نوشته که نشان دهنده استقبال مردم از این اثر بوده است. شایان ذکر است؛ در این موزه لباس زن ایرانی دوره باستان دیده می‌شود و عروسک‌ها به شیوه مومی ساخته شده‌اند. /ه,فرهنگی هنری,5,109
مهشید فاتحیان هنرمند نقاش در گفتگو با خبرنگار حوزه تجسمی باشگاه خبرنگاران گفت: نمایشگاه کلکسیون هنرهای ایرانی یکی از متفاوت‌ترین نمایشگاه هایی است که تاکنون در حوزه هنرهای تجسمی برگزار شده است. وی عنوان کرد: در این نمایشگاه مجموعه‌ای از آثار هنرهای تجسمی کشورمان که تاکنون دیده نشده‌اند به نمایشگاه گذاشته شده است. مهشید فاتحیان تصریح کرد: در بخشی از این نمایشگاه آثاری در زمینه نمدبافی ارائه شد است که یادآوری این هنر قدیمی است. وی گفت: این نمایشگاه فرصتی برای مرور دوباره هنرهای فراموش شده کشورمان محسوب می‌شود. این هنرمند نقاش خاطرنشان کرد: نمایشگاه کلکسیون هنرهای ایرانی با آثاری که به نمایش گذاشته شده در حقیقت یکی از کم نظیرترین نمایشگاه‌های هنری است. /ص,فرهنگی هنری,5,115
به گزارشحوزه قرآن و عترت گروه فرهنگی باشگاه خبرنگاران جوان؛ اهمیت حدیث در میان مسلمانان از آن روست که از منابع اصلی استنباط احکام در فقه و عقاید در علم کلام محسوب می‌شود. همچنین احادیث از منابع اولیه پژوهش‌های تاریخی است. به دلیل آشنایی بیشتر و تلمذ در پیشگاه پروردگار الهی و ائمه معصومین، هر روز یک حدیث از معصومین (ع) با مضامین دینی و اخلاقی در بخش قرآن و عترت منتشر می‌شود. حضرت فاطمه علیها السلام: بشر فی وجه المؤمن یوجب لصاحبه الجنة؛ خوش رویى هنگام روبه رو شدن با مؤمن، بهشت را بر فرد خوش رو واجب مى کند. همان، ج ۷۵، ص ۴۰۱.,فرهنگی هنری,5,106
ارژنگ امیرفضلی بازیگر سینما، تلویزیون و تئاتر در گفتگو با خبرنگار حوزه تئاتر گروه فرهنگی باشگاه خبرنگاران جوان؛ در خصوص بازی در نمایش رویای شب دهم اردیبهشت به کارگردانی میلاد جباری مولانا، گفت: این نمایش، یک قطعه از زندگی شهید محسن وزوائی است که من به علت شباهت قیافه‌ام به این شهید و البته بر اساس معیار و ملاک خودم، این نقش را قبول کردم. وی پیرامون معیار و ملاک خود برای انتخاب این نقش، عنوان کرد: من بسیار دوست دارم که نقش‌های متفاوت را امتحان کنم و همیشه هم در خصوص بیشتر نقش‌هایی که پذیرفته‌ام این اتفاق افتاده است. امیرفضلی پیرامون همزمانی افتتاحیه این نمایش با شهادت شهید محسن وزوائی و ایام شعبانیه، اظهار داشت: این بسیار کار جالبی است و صد در صد هم بر مخاطبان تاثیرگذار خواهد بود و ما از سال گذشته برای این روز هماهنگی‌های لازم را انجام داده‌ایم. بازیگر نقش شهید محسن وزوائی، در خصوص اهمیت ساخت این سبک نمایش، تصریح کرد: نمایش‌هایی با این محتوا باید ساخته شوند ولی اندازه‌ای برای آن نمی‌توان تعیین کرد. ارژنگ امیر فضلی در پایان پیرامون آشنایی با زندگی این شهید قبل از بازی در این نقش، بیان کرد: من زمانی که این پیشنهاد را دریافت کردم به آن‌ها گفتم که؛ برادر کوچک شهید محسن وزوائی با من، همکلاس بوده است و ما در مقطع دبستان و راهنمایی با هم بوده‌ایم. من خود شهید را نمی‌شناختم و زمانی که رفتیم و با خانواده این شهید، آشنا شدیم از خصوصیات این مرد بزرگ مطلع شدم و همان‌ها را بر روی صحنه عملی کردم.,فرهنگی هنری,5,254
به گزارش حوزه رادیو تلویزیون باشگاه خبرنگاران؛ نقش زنان در توسعه، مستقیما با هدف توسعه اجتماعی و اقتصادی بستگی داشته و از این رو در تحول همه جوامع انسانی، عاملی بنیادی محسوب می‌گردد. این نوشتار در صدد است، ضمن انجام یک تحلیل اقتصادی مختصر در زمینه توسعه، به چگونگی رابطه میان موقعیت زنان با توسعه یافتگی و تأثیر گذاری مشارکت آنان به عنوان نیمی از نیروی فعال جامعه در فعالیت‌های اقتصادی، برای تحقق توسعه و عدالت اجتماعی بپردازد. دکتر علیرضا شریفی یزدی جامعه شناس در برنامه حضور دارد و در مورد اشتغال زنان و موانع آن، تاثیر آن بر زندگی شخصی و … مطالبی را به سمع شنوندگان می‌رساند. سبک زندگی به تهیه کنندگی فریبا درویش پنج شنبه ۱۹ دی ساعت ۱۸:۰۵ تقدیم شنوندگان محترم شبکه رادیویی اقتصاد می‌گردد. انتهای پیام/ اس,فرهنگی هنری,5,132
به گزارش باشگاه خبرنگاران، فیلم سینمایی سه گلوله محصول هنگ کنگ سال ۲۰۱۰روز پنجشنبه ۲۶ اردیبهشت ساعت ۱۳:۳۰ از شبکه سه سیما پخش می‌شود. کارگردان این اثر تانگ شینگ یی نام دارد. بازیگرانی چون لوئیز کو، دانیل وو، چارلنه چو، بینگ بینگ لی در این فیلم هنرنمایی کرده‌اند. خلاصه فیلم سرقت از خودرو حمل پول بانک منجر به کشته شدن و سرقت مبلغ زیادی از اوراق قرضه می‌شود. حضور یک ورزشکار تیرانداز که ظاهرا بصورت اتفاقی در صحنه سرقت اقدام به تیراندازی جهت حمایت از نیروهای حفاظتی می‌کند پرونده‌ای پیچیده را درمقابل دادگاه قرار می‌دهد. در ابتدا هیئت منصفه رای به بیگناهی تیرانداز می‌دهد. /ی۲,فرهنگی هنری,5,105
به گزارش خبرنگار حوزه میراث و گردشگری گروه فرهنگی باشگاه خبرنگاران جوان؛ ICON Rollercoaster ترن هوایی جدید ۸۹ میلیارد تومانی با ارتفاعی در حدود ۲۷ متر است که حالا پس از گذشت ۵ سال در شهر بلکپول در شمال غربی انگلستان آماده بهره‌برداری شده است. سرعت تقریبی ۵۰ مایل در ساعت (سرعتی بیشتر از یک هواپیمای تجاری) و پیچ و تاپ فوق‌العاده، تنها بخشی از هیجان استفاده از این وسیله حیرت انگیز است. صدها تن آهن و فولاد با یک طراحی پیچیده برای بازدیدکننده‌ها، بازی خطرناک و فوق‌العاده شبیه مسابقات اتومبیل‌رانی فرمول یک ایجاد کرده که برای سوار شدن به آن باید شجاعتی انکار ناپذیر داشته باشید. لازم به ذکر است؛ این شهر بازی دومین پارک بازی پرطرفدار در سال ۲۰۱۲ بوده و مسئولان امیدوارند با ساخت این وسیله بازی به جایگاه قبلی خود بازگردند.,فرهنگی هنری,5,135
به گزارش حوزه سینما گروه فرهنگی باشگاه خبرنگاران جوان به نقل از ستاد اطلاع‌رسانى سى‌امین جشنواره بین‌المللى فیلم‌هاى کودکان و نوجوانان؛ هیأت انتخاب بخش آثار کوتاه و نیمه‌بلند داستانى جشنواره، اسامى ١٩ اثر پذیرفته شده در این بخش را به شرح زیر اعلام کرد. آر یو والیبال / کارگردان: محمد بخشی/ تهیه‌کننده: نیما ربیعی باران آهسته می‌بارد / کارگردان: سعید نجاتی/ تهیه‌کننده: انجمن سینمای جوان دفتر قم بچه و مرد / کارگردان: سید محمدرضا خردمندان/ تهیه کننده: حوزه هنری انقلاب اسلامی-باشگاه فیلم سوره بی‌نام / کارگردان و تهیه‌کننده: امیر کرمی بیا با هم بخندیم / کارگردان و تهیه‌کننده: جواد قلی‌زاده پس کوچه / کارگردان و تهیه‌کننده: مهدی زارعی پیژامه راه راه پدر را باد برد / کارگردان: محمد صادقی/ تهیه‌کننده: محمد صادقی- انجمن سینمای جوان تابستان قوها / کارگردان: مریم صمدی/ تهیه‌کننده: سناد نوری آذر جوجه پر / کارگردان: فرشاد صالحی/ تهیه‌کننده: حجت‌الله شیروانی خاطره / کارگردان: رقیه فتحی / تهیه‌کننده: حوزه هنری انقلاب اسلامی- باشگاه فیلم سوره دریایی / کارگردان و تهیه‌کننده: حسن ملک‌زاده دوئل / کارگردان: سیدمحمدرضا خردمندان/ تهیه‌کننده: حوزه هنری انقلاب اسلامی- باشگاه فیلم سوره رویای شیرین / کارگردان و تهیه‌کننده: مریم عبدلی سلام / کارگردان: محمدرضا حاجی غلامی/ تهیه‌کننده: حسین اسدی زاده- جبرئیل نجفی صدای نرگس / کارگردان و تهیه‌کننده: هادی رهبر قطارهای انتظار / کارگردان و تهیه‌کننده: شاهد سلطانی آزاد کلاس / کارگردان: امیر داسارگر/ تهیه‌کننده: سیدسجاد قافله باشی گزارشگر / کارگردان: سید محمدرضا خردمندان/ تهیه‌کننده: حوزه هنری انقلاب اسلامی- باشگاه فیلم سوره مشق شیدا / کارگردان و تهیه‌کننده: مهرداد حسنی علی عبدالعلی‌زاده، غلامرضا رمضانی، سیروس حسن‌پور، آزیتا حاجیان و جواد حاتمی اعضای هیأت انتخاب این بخش هستند. سى‌امین جشنواره بین‌المللى فیلم‌هاى کودکان و نوجوانان از ٩ تا ١٥ تیر در اصفهان برگزار مى‌شود.,فرهنگی هنری,5,279
مهتاب کرامتی در گفتگو با خبرنگار حوزه سینما گروه فرهنگی باشگاه خبرنگاران جوان؛ در خصوص آخرین وضعیت نلسون ماندلا برای همیشه گفت: قطعا همچین پروژه عظیمی برای شروع نیاز به منابع مالی دارد و با صبر و حوصله خاصی باید کار کرد که دوستان ما با تامل و برنامه‌ریزی‌های خاص و مفیدی در حال انجام دادن کارها هستند. وی افزود: خوشبختانه ارگان‌های زیادی در خصوص همکاری با این پروژه قرار گرفتن در کنار آن اعلام آمادگی کردند تا بتوانیم کار را با انرژی، کامل و مستمر تا پایان یکسال به سرانجام برسانیم. گفتنی است؛ مستند نلسون ماندلا برای همیشه به کارگردان میثم شاه‌بابایی است و مهتاب کرامتی به عنوان راوی این پروژه را همراهی خواهد کرد. این مستند به زندگی نلسون ماندلا می‌پردازد و در دو بخش شهرهای پرتوریا، ژوهانسبورگ و روستای کونو آفریقای جنوبی‌ (محل خاکسپاری ماندلا) و آمریکا تصویربرداری خواهد شد. در ضمن از کمک‌های یکی از دختران نلسون ماندلا در خصوص این پروژه استفاده خواهد شد. عوامل تولیدکننده مستند نلسون ماندلا، برای همیشه عبارتند از: پژوهشگران و کارگردان: میثم شاه‌بابایی راوی: مهتاب کرامتی تصویربرداران: مهرداد همایان‌، مجید گرجیان صدابردار: امیر نوبخت تدوین‌گر: سیاوش پورخلیلی دستیاران کارگردان: امیر مسعود نایب‌آقا تصویربردار دوم: مهران گل محمدی عضو تیم کارگردانی و مترجم: وحید صادقی,فرهنگی هنری,5,204
به گزارش حوزه تئاتر باشگاه خبرنگاران؛ علی مرادخانی معاون امور هنری وزیر فرهنگ و ارشاد اسلامی به هجدهمین جشنواره ملی تئاتر مقاومت – فتح خرمشهر پیام داد. متن این پیام به شرح زیر است: حکایت شور و شیدایی ملت بزرگ ایران نه در قالب کلام می‌گنجد و نه محصور در زمان و مکان است، اصالتی کهن از دیر زمان تاریخ تا همیشه زمان. طنین نام این ملک آسمانی بی‌گمان غرورآفرین است و ستودنی و مردمانش نشان از مهر خداوند و شرف و بزرگی دارند. و خرمشهر یکی از نمادهای شرف و بزرگی این آفریدگان شایسته خداست با حماسه‌ای آسمانی، با عزمی بر پایه اعتمادی سترگ و فتحی به نشان ایمان و عشق. اینک که سالها از حماسه بزرگ قلبهای دریایی و ارادههای آسمانی در فتح غرور آفرین خرمشهر می‌گذرد، پاسداشت، حفظ و تکریم آن بزرگی‌ها و به کار بستن آن آموزه‌های گرانقدر بر دوش تمامی شئون فرهنگی و هنری است. و تئاتر به عنوان یکی از مردمی‌ترین و ملموس‌ترین گونه‌های هنری، رسالتی بزرگ در به صحنه کشیدن این شور و شعور و شیدایی دارد. هنرمندان ارزنده تئاتر ایران با نگاهی خلاق برپایه واقعگرایی و پرهیز از رویاپردازی‌های دور از ذهن، با کنکاش هنرمندانه در زندگی، تفکر و اعتقادات حماسه سازان هشت سال دفاع مقدس می‌بایست نام و نشان راستین آن پاک سرشتان را به قلم و بیان شیوای نمایش جاودان کنند. امید که در سایه مهر خداوند در استعلای فرهنگ و هنر ایران اسلامی پیروز و سربلند باشید. قلم‌ها و قدم‌هایتان در هجدهمین جشنواره ملی تئاتر فتح خرمشهر پرتوان و استوار باد. هجدهمین جشنواره ملی تئاتر مقاومت – فتح خرمشهر از ۳۰ ادیبهشت ماه الی ۳ خرداد ماه به دبیری همایون قنواتی در خرمشهر و آبادان برگزار می‌شود.,فرهنگی هنری,5,278
گلاره عباسی بازیگر سینما و تلویزیون در گفتگو با خبرنگار حوزه سینما گروه فرهنگی باشگاه خبرنگاران جوان؛ در خصوص عیدی مسئولان و اتفاقات سال ۹۴ گفت: مسئولان بهترین عیدی را به فیلمسازان جوان بدهند تا ما از طریق آنها بتوانیم کارهای خوبی داشته باشیم. وی افزود: سال گذشته فیلم‌اولی‌ها ثابت کردند خیلی پتانسیل دارند که فیلم خوب و خلاقانه کار کنند تا تاثیر گذار باشند. همچنین فیلم‌سازان جوان امکان ساخت فیلم‌های خوب را داشته باشند. آنها از دوستانم هستند که بسیار انتظار کشیدند تا بتوانند فیلم‌های خود را بسازند و بیشتر برای ‌آنها عیدی می‌خواهم تا خودم. بازیگر شیار ۱۴۳ در ادامه صحبت‌هایش با اشاره به استمرار حضور کودکان در فیلم‌های سینمایی عنوان کرد: نمونه حضور کودکان در فیلم نفس شاهد بودیم که می‌تواند آینده درخشان داشته باشد و آنها این فرصت را دارند تا از سن پایین شروع کنند. به نظرم این یک موهبت است برای یک بازیگر و آینده برای آنها روشن است. وی تصریح کرد: خیلی عمیق می‌توانند به سینما بپردازند و هنر را گسترده‌تر بیاموزند. کسی که در سن کودکی کار را شروع کند با فردی که در ۱۸ سالگی در دانشگاه با تحصیل آغاز می‌کند، خیلی متفاوت خواهد بود. معتقدم هنر در زندگی شانس است و فردی که از سن پایین شروع می‌کند بزرگترها می‌توانند راهنمای خوبی برای او باشند. مهم نیست چه تعداد کار می‌کند مهم این است چگونه آموزش دیده است. عباسی خاطر نشان کرد: ورود نیروهای جوان که تا به امروز اسمی از آنها نشنیده بودیم یک اتفاق مبارک برای اهالی سینما است و نوید آن را می‌دهد فضا برای شکل‌های جدید داریم و جشنواره فیلم فجر ۹۴ پر بار بود. انتهای پیام/,فرهنگی هنری,5,271
به گزارش حوزه تئاتر باشگاه خبرنگاران به نقل از روابط عمومی مرکز هنرهای نمایشی رادیو، در این برنامه با فرهاد آئیش درباره نگاه او به بازیگری و تفاوت‌های کار حرفه‌ای تئاتر در ایران و آمریکا گفت و گو خواهد شد. آئیش سال‌هایی از زندگی‌اش را در شهرهای سانفرانسیسکو، واشنگتن، بوستون و برلین گذراند و در این مدت به کارگردانی و بازیگری در بیش از ۳۰ نمایشنامه به زبان‌های فارسی و انگلیسی پرداخت. دیالوگ به تهیه‌کنندگی و سردبیری ایوب آقاخانی، مجری کارشناسی سعید اسلام زاده، نویسندگی و پژوهشگری علی جعفری و هدی عربشاهی، خبر بابک احمدی، هماهنگی علی بهرامی و دستیار تهیه محسن جواهری هر شب ساعت ۲۱ از رادیو نمایش روی موج اف ام ردیف پخش می‌شود. پخش افسون از رادیو نمایش شنونده نمایش افسون به کارگردانی اکبر زنجان پور اول دی ماه از رادیو نمایش باشید. این نمایش نوشته بابک صفی خانی درباره مردی به نام حجر است که پس از آن که از بستر بیماری طولانی خود برخاسته از این واقعه باخبر می‌شود که حسین بن علی (ع) از مکه بیرون آمده و در راه کوفه است؛ اما به دلیلی که هنوز بر ما آشکار نیست تصمیم می‌گیرد به همراه همسر و غلام خود از بصره خارج شده و با شتاب به سوی کوفه رود. افسون به تهیه‌کنندگی: ماهداد توکلی و با هنرمندی آشا محرابی، فریدون محرابی، احمد ایرانی خواه، مهرداد عشقیان، علی تاجمیر، مینو جبارزاده، سعیده فرضی، رحمان باقریان، و با صدابرداری علی حاجی نوروزی، افکتور: فرشاد آذرنیا و با گویندگی: مریم نشیبا یکشنبه ساعت ۲۳:۳۰ از رادیو نمایش پخش می‌شود. انتهای پیام/ص,فرهنگی هنری,5,256
به گزارش حوزه دفاعی امنیتی گروه سیاسی باشگاه خبرنگاران جوان سردار سید مسعود جزایری معاون امور بسیج و فرهنگ دفاعی ستاد کل نیروهای مسلح در پاسخ به سؤالی پیرامون وضعیت حقوق کارکنان نیروهای مسلح اظهار داشت: حداکثر دریافتی کارکنان و مدیران و فرماندهان نیروهای مسلح بالاتر از حد مجاز که قانون تعیین کرده است، نبوده و با توجه به موضوع حقوق‌های نجومی که اخیرا مطرح شده مجددا این مسأله در همه بخش‌های نیروهای مسلح مورد بررسی و بازرسی قرار گرفت. وی افزود: در مورد برخی مشاغل از جمله اعضای هیأت‌های علمی مراکز دانشگاهی نیز تصمیماتی گرفته شد تا سقف و حداکثر دریافتی‌ها از آنچه قانون تعیین کرده بیشتر نشود. جزایری با اشاره به اصلاحات بعمل آمده سال‌های اخیر در حقوق کارکنان نیروهای مسلح تصریح کرد: در نیروهای مسلح در سال گذشته یکبار حقوق کارکنان اصلاح شد که در آن حداقل دریافتی کارکنان افزایش یافت و در سال جاری نیز بنا داریم این کار را انجام دهیم تا بین حداقل و حداکثر دریافتی‌ها تعادل بیشتری ایجاد شود. سخنگوی ارشد نیروهای مسلح در پایان گفت: با اتخاذ تدابیر جدید در ستاد کل نیروهای مسلح امیدواریم با افزایش حداقل دریافتی کارکنان جدید الورود و کسانی که از دریافتی کمتری برخوردارند، گشایشی در امور معیشتی کارکنان اعم از ارتش، سپاه، ناجا و وزارت دفاع و پشتیبانی نیروهای مسلح بعمل آید.,سیاسی,3,216
حجت‌الاسلام موسی قربانی در گفتگو با خبرنگار حقوقی قضایی باشگاه خبرنگاران، با اشاره به طرح آیین‌ دادرسی الکترونیک و نیروهای مسلح اظهار داشت: طرح آیین دادرسی و نیروهای مسلح به عنوان یک فصل از آیین دادرسی مورد رسیدگی قرار گرفته ولی علی‌رغم تصویب مجلس هشتم هنوز نهایی نشده است. وی تصریح کرد: طرح آیین دادرسی الکترونیک و نیروهای مسلح مطابق اصل ۸۵ قانون اساسی مورد رسیدگی قرار گرفته است اما این طرح زمانی نهایی می‌شود که پس از تایید شورای نگهبان، رئیس مجلس آن را به دولت ابلاغ و دولت آن را به قوه قضاییه اعلام کند. حجت‌الاسلام قربانی در پایان گفت: متاسفانه تصویب قوانین و نهایی شدن آن در یک روند کند صورت می‌گیرد و این مهم باید مورد توجه مسئولین قرار گیرد تا قوانین بتوانند دارای تاثیرگذاری موثرتری باشند. لازم به ذکر است اصل ۸۵ قانون اساسی تصریح می‌کند: سمت نمایندگی قائم به شخص است و قابل واگذاری به دیگری نیست مجلس نمی‌تواند اختیار قانونگذاری را به شخص یا هیئتی واگذار کند ولی در موارد ضروری می‌تواند اختیار وضع بعضی از قوانین را با رعایت اصل ۷۲ به کمیسیون‌های داخلی خود تقدیم کند در این صورت این قوانین در مدتی که مجلس تعیین می‌نماید به صورت آزمایشی انجام می‌شود و تصویب نهایی آن‌ها با مجلس خواهد بود. برای مشاهده خبر اینجا کلیک کنید. گفتنی است، لایحه آیین دادرسی جرایم نیروهای مسلح و دادرسی الکترونیکی در مجلس هشتم تصویب و به شورای نگهبان ارجاع داده شده بود، ولی شورای نگهبان به آن ایراد گرفت، لذا این طرح مجددا برای تامین نظر شورای نگهبان است. انتهای پیام/,سیاسی,3,257
باشگاه خبرنگاران- مجلس شورای اسلامی، که در رأس تمام نهادهای نظام جمهوری اسلامی است، از ویژگیهای خاصی برخوردار است، که مهمتری آنها اسلامی- ملی بودن آن است. اسلامی است که تمام تلاشش در راه تصویب قوانین غیر مخالف با احکام مقدس اسلام است؛ خصوصا با برخورداری از شورای محترم نگهبان. و ملی است، که از متن ملت جوشیده است و دست شرق و غرب و وابستگان به آنان از سرنوشت آن کوتاه است. امروز، مجلس خانه واقعی ملت است. و برخلاف دوران طاغوت، بخصوص رژیم ستمگر پهلوی، بر آراء توده متعهد به اسلام و اصیل و زحمتکش و محروم استوار است؛ و دست ناپاک دولتمردان و قدرتمندان و خانان و غرب و شرق‌زدگان از آن کوتاه است. (پیام به نمایندگان نخستین دوره مجلس شورای اسلامی، /۲۲، صحیفه امام، جلد۱۸، صفحه۴۲۰) /س۲,سیاسی,3,131
استاندار سیستان و بلوچستان گفت: با توافق پاکستان پایانه مرزی ریمدان را رسمیت دادیم و عملا ۴ پایانه و دروازه رسمی با افغانستان و پاکستان ایجاد شد. علی اوسط هاشمی استاندار سیستان و بلوچستان در گفت‌وگو با خبرنگار وزارت کشور گروه سیاسی باشگاه خبرنگاران جوان، درباره تعطیلی بازارچه‌هایمرزی استان متبوع خود اظهار داشت: خوشبختانه بازارچه‌های مرزی استان فعال بوده و اخیرا فعالیت یکی از پایانه رسمی و مهم کشور تحت عنوان ریمدان، مورد تصویب هیئت دولت قرار گرفته است. وی افزود: در سال جاری بنده به همراه رئیس جمهور به پاکستان سفر کردیم و با توافق این کشور پایانه مرزی ریمدان را رسمیت دادیم بنابراین به این شکل عملا ۴ پایانه و دروازه رسمی با افغانستان و پاکستان به منظور برقراری فعالیت‌های گردشگری، حمل و نقل، ترانزیت، تجارت همچنین سرمایه گذاری مختلف، ایجاد شد. استاندار سیستان و بلوچستان خاطر نشان کرد: با استقرار نهادها، ادارات، نقش آفرینی بخش خصوصی همچنین ایجاد معابر در استان، فرصت مناسبی برای مرزنشینان دو کشور فراهم می‌شود بنابراین ضمن آنکه مردم دو کشور با یکدیگر در ارتباط خواهند بود، آثار این تعامل هم در منطقه کاملا آشکار خواهد شد.,سیاسی,3,184
رضی خانی در گفتگو با خبرنگار حقوقی قضایی باشگاه خبرنگاران، منع اعدام اطفال بزهکار زیر ۱۸ سال را یکی از نقاط قوت قانون مجازات اسلامی جدید خواند و اظهار داشت: ایران با پیوستن به کنوانسیون حقوق اطفال ملزم به اجرای مفاد آن است چرا که ماده ۳۷ این کنوانسیون نیز تصریح دارد حکم اعدام در مورد جرایم ارتکابی اشخاص کمتر از ۱۸ سال صادر نمی‌شود. وی با بیان اینکه جنبه تادیبی عاملی بازدارنده در پیشگیری از جرم اطفال است تصریح کرد: توجه به این نکته که جرم اطفال در چه شرایطی صورت گرفته بسیار حائز اهمیت است زیرا برخی اوقات بسیاری از عوامل در بروز یک جرم دخیل هستند بنابراین نباید بالافلصله فرصت زندگی را از این افراد گرفت. این حقوقدان با اشاره به شیوه‌های جدید در قانون مجازات اسلامی خاطر نشان کرد: به یقین قانونگذار نیز به این نتیجه رسیده است که اصلاح و تربیت طفل مجرم بسیار مهمتر از مجازات او است به همین دلیل منع اعدام کودکان زیر ۱۸ سال حاکی از آن است که با این مسئله به صورت واقع بینانه برخورد شده است.,سیاسی,3,178
محمدرضا مرندی در گفتگو با خبرنگار دانشگاه باشگاه خبرنگاران با اشاره به موضوعاتی که در دیدار با مقام معظم رهبری از سوی برخی از اساتید مطرح شد، اظهار داشت: یکی از مهمترین مسائلی که از سوی اساتید به آن پرداخته شد، سبک زندگی اسلامی و تاثیر ناخودآگاه فرهنگ غربی بر سطح زندگی اسلامی مردم بود که دغدغه امروز دلسوزان نظام جمهوری اسلامی است. وی به بسته پیشنهادی سیاست‌خارجی جمهوری اسلامی از سوی برخی اساتید اشاره کرد و گفت: اگر ایران در روابط خود با سایر کشورها یک رویکرد دیپلماسی علمی را دنبال کند مسلما به نتایج بسیار خوبی در زمینه روابط خارجی خواهد رسید. عضو کانون دانشگاهیان دیدگاه مهم دیگر بیان شده از سوی اساتید را رصد کتاب‌های ترجمه شده در کشور دانست و تصریح کرد: در این زمینه دو دیدگاه متفاوت مطرح شد که یکی بر ساماندهی و هدایت ترجمه‌ها و دیگری بر آزادی اجازه ترجمه تمامی کتاب‌ها تاکید داشت که در این زمینه مقام معظم رهبری هر دو نظریه را پ-ن-یدند و بیان داشتند که با جمع‌بندی و یک رویکرد میانه می‌توان هردو راه را پیاده کرد. عضو کانون دانشگاهیان از فرمایش مقام معظم رهبری مبنی بر پیشرفت شگرف علمی ایران در ۱۲ سال گذشته اظهار خوشحالی کرد و خاطرنشان کرد: امیدواریم رشد تحقیقات علمی در ایران در سال ۲۰۱۸ به رتبه چهارم در جهان برسد و اساتید در دیدار با مقام معظم رهبری از این حیث که می‌توانند به راحتی دیدگاه‌های خود را نزد ایشان بیان کرده و از نظرات مقام معظم رهبری نیز استفاده کنند اثر مثبتی بر روی فعالیت اساتید خواهد گذاشت. انتهای پیام/,سیاسی,3,259
به گزارش حوزه دفاعی امنیتی گروه سیاسی باشگاه خبرنگاران جوان، امیر حسین حاتمی فرمانده سابق دانشگاه افسری امام علی (ع) و از پیشکسوتان هشت سال دفاع مقدس به همرزمان شهیدش پیوست- امیر حاتمی از فرماندهان یگان‌های توپخانه در لشکر ۹۲ زرهی خوزستان در دوران دفاع مقدس بود و در عملیات‌های مختلف حضور داشت- فرماندهی دانشگاه افسری امام علی (ع) به مدت ۴ سال از جمله آخرین مشاغل این امیر سرافراز بود. امیر حاتمی از یادگاران دوران دفاع مقدس، روز گذشته در بیمارستان بقیه الله بر اثر بیماری و جراحات باقی مانده از جنگ تحمیلی دارفانی را وداع گفت و به همرزمان شهیدش پیوست.,سیاسی,3,103
به گزارش حوزه احزاب و تشکلهای گروه سیاسی باشگاه خبرنگاران جوان، حجت الاسلام و المسلمین سید احمد خاتمی عضو هیات رئیسه مجلس خبرگان رهبری از برگزاری مراسم افتتاحیه پنجمین دوره مجلس خبرگان رهبری در چهارم خرداد آینده خبر داد. وی گفت: یگانه دستور کار این مراسم، انتخاب هیات رئیسه موقت و سپس، انتخابات هیات رئیسه دائم است. وی در پاسخ به پرسشی درباره برخی رایزنی‌ها در خصوص رئیس و هیات رئیسه خبرگان پنجم افزود: در این باره هنوز هیچ تصمیمی گرفته نشده است و به ملت عرض می‌کنم که انتخاب کننده، خود خبرگان هستند و خبرگانی که مردم برگزیدند فارغ از تفکر جناحی تصمیم خواهند گرفت. خاتمی گفت: ‌ البته رایزنی در این باره طبیعی است و هر کسی دوست دارد کاندیدای خودش عضو هیات رئیسه شود. عضو هیات رئیسه مجلس خبرگان همچنین با تبیین جزئیات برگزاری آخرین نشست مجلس خبرگان رهبری در دوره چهارم از بررسی مسائل اقتصادی کشور با حضور سخنگوی دولت در نشست پس فردای خبرگان خبر داد. وی گفت: با توجه به تجربه موفقی که از نشست‌های پیشین داریم خوب است اعضای مجلس خبرگان به عنوان فرهیختگان ملت، نظر موافق و مخالف را در همه مسائل بشنوند بر این اساس، آقایان نوبخت و خوش چهره در نشست این هفته دعوت شده‌اند. سید احمد خاتمی افزود: در این چارچوب، برنامه‌های دولت برای رفع مشکلات اقتصادی با حضور آقای نوبخت مطرح و با سخنرانی آقای خوش چهره بررسی می‌شود. وی گفت: خبرگان ملت درصدد مچ گیری نیستند بلکه درپی نقد عالمانه‌اند به نحوی که قوت‌ها و ضعف‌ها با هم بیان شوند. آیت الله جنتی دیگر مهمان ویژه آخرین نشست مجلس خبرگان رهبری از دوره چهارم است که پس فردا روند برگزاری انتخابات هفتم اسفند را تبیین می‌کند. انتهای پیام/,سیاسی,3,281
به گزارش خبرنگار حوزه دولت باشگاه خبرنگاران مستقر در ستاد انتخابات کشور، اطلاعیه شماره ۳۱ به این شرح منتشر شد: اعضای محترم شعب اخذ رای، نمایندگان فرماندار در استانهای خراسان رضوی و کردستان توجه داشته باشند پس از اتمام انتخابات نهمین دوره مجلس شورای اسلامی ومیان دوره‌ای مجلس خبرگان و پایان رای گیری برابر تبصریه ۳ ماده ۳۰ قانون انتخابات مجلس شورای اسلامی هنگام بازگشایی صندوق‌ها قبل از هر اقدامی ابتدا آرایی که اشتباها به صندوق انتخابات دیگر انداخته شده باحضور ناظران محترم شورای نگهبان به صندوق رای مربوطه انتقال داده شده و سپس شمارش آرا آغاز شود. ضمنا یادآور می‌شود چنانچه در برگه‌های رای مربوط به هر انتخابات به اشتباه اسامی نامزدهای انتخابات دیگر نوشته شده باشد این آرا به عنوان آرای باطله مأخوذه محسوب می‌شود. /ر,سیاسی,3,128
رییس جمهور گفت: همه باید به دنبال صلح و ثبات در منطقه و جهان باشیم. برای ما امنیت ملی خودمان و سپس ثبات و امنیت منطقه‌ای و جهانی بسیار اهمیت دارد. به گزارش حوزه دولت گروه سیاسی باشگاه خبرنگاران جوان؛ حسن روحانی رییس جمهور، صبح جمعه (۲۶ شهریور ماه) پیش از عزیمت به ونزوئلا به منظور شرکت در اجلاس غیرمتعهدها در این کشور، در جمع خبرنگاران، با اشاره به شرکت در هفتاد و یکمین اجلاس عمومی سازمان ملل متحد در نیویورک در ادامه این سفر و سخنرانی در مجمع عمومی، خاطرنشان کرد: نظرات نظام جمهوری اسلامی ایران در ارتباط با مسایل مهم منطقه و جهان را در این اجلاس بین‌المللی مطرح خواهم کرد- رییس جمهور گفت: همه باید به دنبال صلح و ثبات در منطقه و جهان باشیم- برای ما امنیت ملی خودمان و سپس ثبات و امنیت منطقه‌ای و جهانی بسیار اهمیت دارد- رئیس جمهوری همچنین دیدار با برخی سران سیاسی کشورها و انجام مصاحبه با رسانه‌های خبری را از دیگر برنامه‌های خود در ادامه این سفر برشمرد- وی تأکید کرد: شرایط جهان و منطقه شرایط مناسبی نیست؛ همه باید به دنبال صلح و ثبات در منطقه و جهان باشیم؛ برای ما امنیت ملی خودمان و سپس ثبات و امنیت منطقه‌ای و جهانی بسیار اهمیت دارد- روحانی گفت: دستور کار اجلاس غیرمتعهدها که از نظر تعداد شرکت‌کنندگان و اعضای این جنبش (۱۲۰ کشور) از اهمیت بالایی برخوردار است، صلح، حاکمیت ملی کشورها و همبستگی است. رئیس جمهوری افزود: برای ما صلح و عدم مداخله در امور داخلی کشورها و حاکمیت ملی آن‌ها و رایزنی، هماهنگی و همفکری برای مسایل جهان در حال توسعه و کل جهان اهمیت دارد. روحانی ابراز امیدواری کرد در این سفر بتوانیم نظرات ایران را تبیین کنیم و در ملاقات با سران کشورها، مسایل دوجانبه را با کشورهای مختلف دنبال کنیم.,سیاسی,3,296
خسروشاهی در گفتگو با خبرنگار دانشگاه باشگاه خبرنگاران، با بیان اینکه باید یاد و خاطره شهدای هسته‌ای را زنده نگاه داشت گفت: همایش نکوداشتی را بسیج دانشجویی دانشگاه امیرکبیر برای آن شهید بزرگوار پیش بینی کرده است و قرار است برخی مسائلی که پیرامون اخراج دکتر شهریاری در زمان اصلاحات و سوء‌استفاده‌ای که دولت اصلاحات از برنامه‌ هسته‌ای ایران صورت گرفته‌است گفتگو شود. وی با بیان اینکه دکتر شمسایی و دکتر ستایشی از اساتید دانشگاه فیزیک دانشگاه امیرکبیر در این جلسه حضور دارند، تصریح کرد: این اساتید از دوستان نزدیک شهید شهریاری هستند و قرار است دربار مباحثی صحبت کنند که تاکنون بیان نشده است. معاونت سیاسی بسیج دانشگاه امیرکبیر خاطرنشان کرد: این همایش در روز سه شنبه ۱۴آذر در سالن مرکزی همایش‌های دانشگاه امیرکبیر برگزار می‌شود. انتهای پیام/ وی با بیان اینکه دکتر شمسایی و دکتر ستایشی از اساتید دانشگاه فیزیک دانشگاه امیرکبیر در این جلسه حضور دارند، تصریح کرد: این اساتید از دوستان نزدیک شهید شهریاری هستند و قرار است دربار مباحثی صحبت کنند که تاکنون بیان نشده است.,سیاسی,3,171
حسن قشقاوی معاون کنسولی امور مجلس و ایرانیان خارج از کشور در گفتگو با خبرنگار سیاست خارجی باشگاه خبرنگاران در تحلیل فرمایشات مقام معظم رهبری در آغاز سال جدید اظهار داشت: به نظر می‌رسد در سال جدید دولت باید گام‌های بسیار جدی بردارد. وی ادامه داد: این گام‌ها در زمینه‌های تقویت بنیه‌های اقتصادی و فرهنگی ملی کشور می‌باشد همچنین از دیگر قدم‌های بسیار مهم دولت، مواجه با قدرت‌های بزرگ جهانی در بحث مذاکرات هسته‌ای و مسائل مهم منطقه‌ای است که همه این‌ها ایجاب می‌کند دولت و ملت در کنار یکدیگر با هم زبانی بیش از گذشته به همکاری بپردازد. معاون کنسولی امور مجلس و ایرانیان وزارت خارجه تصریح کرد: برداشتن چنین گام‌های اساسی‌ای چاره‌ای جز تقویت انسجام ملی و همبستگی هر چه بیشتر دولت و ملت ندارد به همین دلیل رهبر معظم انقلاب با علم به مسائلی که پیش روی نظام است به عنوان مطلع‌ترین فرد، چنین تشخیص دادند که انسجام دولت و ملت باید بیشتر شود. قشقاوی افزود: همانطور که مقام معظم رهبری فرمودند این انسجام به این معنی نیست که زبان انتقاد بسته شود اما بعضا برخی موارد از چهارچوب انتقاد سازنده خارج می‌شود که این امر موجب صلب اعتماد عمومی خواهد شد. وی در پایان خاطرنشان کرد: از طرف دیگر در اواخر سال جدید انتخاباتی را در پیش رو داریم که ممکن است برخی از حقوق قانونی و اخلاقی تجاوز داشته باشند و به بهانه رقابت‌های انتخاباتی عملکرد نظام و دولت را زیر سوال ببرند بنابراین رهبر معظم انقلاب ارشاد‌های لازم در این زمینه را به عمل آوردند. انتهای پیام/,سیاسی,3,253
محمدرضا صباغیان نماینده مردم یزد در گفتگو با خبرنگار مجلس گروه سیاسی باشگاه خبرنگاران جوان درباره سرگردانی خود بدلیل تاخیر پرواز در فرودگاه اظهار داشت: بلیط بنده برای ساعت ۱۵:۱۰ از شرکت هواپیمای آسمان بود اما اکنون ساعت ۱۸:۳۰ دقیقه است و نزدیک به سه ساعت مردم معطل هستند. وی افزود: متاسفانه چیزی که برای مسئولان و دست اندرکاران هواپیمایی ارزش ندارد وقت مردم است. حتی یک نفر در این باره هیچگونه اطلاع رسانی انجام نداده و حتی اعلام نشده که یک ساعت یا دو ساعت دیگر پرواز انجام می‌شود. صباغیان با بیان اینکه با این تاخیر در پرواز همه مردم سرگردان هستند ادامه داد: این اتفاق تنها مربوط به امروز نمی‌شود و بارها شاهد بودیم پروازها با سه یا چهار ساعت تاخیر صورت گرفته است. نماینده مردم یزد گفت: بنده حتما این موضوع را از وزیر راه جویا می‌شوم تا حداقل تکلیف مردم در این زمینه روشن شود. وی خاطر نشان کرد: در برخی کشورها یک یا دو دقیقه تاخیر در پروازها صورت میگیرد اما متاسفانه این وضعیت بر کشور ما حاکم است. صباغیان با تاکید بر اینکه تاکنون هیچ کس هیچ گونه اطلاع رسانی درباره تاخیر پرواز نکرده، تصریح کرد: ما که نمایندگان مجلس هستیم اینگونه با ما رفتار میشود حال باید دید برخوردها با مردم چگونه است. نماینده مردم یزد اضافه کرد: متاسفانه این گونه مسائل نشان دهنده ضعف هایی است که سعی می‌کنیم وظیفه خود را در این باره انجام دهیم. وی با بیان اینکه متاسفانه وقت مردم برای آقایان ارزشی ندارد، خاطرنشان کرد: تعدادی دیگر از نمایندگان نیز امروز پروازهایشان برای بازگشت به شهرشان با تاخیر مواجه بوده است.,سیاسی,3,264
به گزارش حوزه دولت باشگاه خبرنگاران، حجت‌الاسلام و المسلمین دکتر حسن روحانی رئیس جمهوری اسلامی ایران، در پیامی فرا رسیدن روز ملی آلبانی را به رییس جمهور، دولت و ملت این کشور تبریک گفت. متن کامل پیام روحانی به شرح زیر است: بسم‌الله الرحمن الرحیم جناب آقای بویار نیشانی رئیس‌جمهوری آلبانی فرا رسیدن روز ملی کشورتان را به جنابعالی، دولت و ملت آلبانی صمیمانه تبریک می‌گویم. امیدوارم با عنایت به پیوندهای تاریخی دو ملت و آغاز فعالیت دولت‌های جدید در جمهوری اسلامی ایران و جمهوری آلبانی، توسعه روزافزون مناسبات دوجانبه در همه زمینه‌های سیاسی، اقتصادی و فرهنگی و نیز ارتقاء همکاری‌های بین‌المللی را شاهد باشیم. از خداوند متعال، سلامتی و موفقیت آن جناب و بهروزی و سرافرازی دولت و ملت آلبانی را مسألت دارم. حسن روحانی رئیس‌جمهوری اسلامی ایران انتهای پیام/,سیاسی,3,131
سید علی سیدی‌رکنی در گفتگو با خبرنگار احزاب باشگاه خبرنگاران، درباره برنامه‌های انتخاباتی جبهه اصولگرایان اصلاح‌طلب، اظهار داشت: کاندیداهای مختلفی همچون محمد شریعتمداری، علی‌اکبر ولایتی و حجت‌الاسلام پورمحمدی در جبهه اصولگرایان اصلاح‌طلب مطرح هستند. قطعی شدن لیست شوراها تا پایان فروردینوی با تاکید بر اینکه باید کاندیداهای احتمالی انتخابات آتی هر چه سریعتر نظر قطعی خود را برای انتخابات اعلام کنند، تصریح کرد: در صورت اینکه کاندیداهای انتخابات آتی حضور و یا عدم حضور خود در انتخابات را قطعی اعلام کنند احزاب و تشکل‌ها می‌توانند بررسی‌های دقیق‌تری را برای انتخاب کاندیدای خود انجام دهند. سیدی‌رکنی درباره برنامه‌های جبهه اصولگرایان اصلاح‌طلب برای انتخابات چهارمین دوره شوراهای اسلامی شهر و روستا، گفت: لیست قطعی جبهه اصولگرایان اصلاح‌طلب برای انتخابات شوراهای آتی تا پایان فروردین ۹۲ قطعی می‌شود. دیدار انتخاباتی با محمد شریعتمداریدبیرکل جبهه اصولگرایان اصلاح‌طلب با اشاره به دیدار انتخاباتی خود با محمد شریعتمداری، خاطر نشان کرد: این دیدار حدود یک ماه پیش انجام شد و درباره مسائل مختلفی با این کاندیدای انتخابات آتی گفتگو کردم و شریعتمداری را یک اصولگرای اصلاح‌طلب شناختم که الگوی یک مدیر موفق نیز است. انتهای پیام/,سیاسی,3,180
سید جلال ساداتیان درگفتگو با خبرنگار سیاست خارجی باشگاه خبرنگاران، با اشاره به اقدامات ضد ایرانی کشور آذربایجان گفت: در مقاطع مختلفی شاهد رفتارها و اقدامات ضد ایرانی توسط دولت آذربایجان بودیم که این رفتارها متأثر از لابی‌گری‌های دشمنان جمهوری اسلامی ایران از جمله رژیم غاصب صهیونیستی و آمریکا بوده است. وی افزود: مجموعه اقدامات صورت گرفته از سوی کشور آذربایجان با لابی‌گری‌های رژیم صهیونیستی صورت گرفته و با توجه به عملکرد خصمانه این رژیم غاصب در گذشته دور از ذهن نیست که برای تحت الشعاع قرار دادن موقعیت چشمگیر جمهوری اسلامی ایران از هیچ اقدامی فرو گذار نباشد. ساداتیان ادامه داد: جمهوری اسلامی ایران در برابر این اقدامات سکوت نکرده و بارها تذکراتی را به سفیر آذربایجان ابلاغ کرده بنابراین این کشور نبایدخود را به رژیم غاصب صهیونیستی بفروشد چرا که موقعیت خود را در منطقه متزلزل خواهد کرد. این کارشناس سیاست خارجی در پایان خاطرنشان کرد: با توجه به نقش حمایتی جمهوری اسلامی ایران در تحولات اخیر سوریه، رژیم غاصب صهیونیستی و غرب سعی دارند از طریق کشورهای همسایه جمهوری اسلامی ایران اهداف ضد ایرانی خود را عملی کنند. انتهای پیام/,سیاسی,3,183
به گزارش خبرنگار حوزه دنیای ورزش گروه ورزشی باشگاه خبرنگاران جوان، به نقل از دیلی تلگراف‌، ‌ تحیقات این روزنامه و فایل ویدئویی که از سم آلاردیس منتشر شد، ‌ نشان داد که این مربی در فساد مالی دست داشته است و امروز وی از سمتش برکنار شد. آلاردیس تنها ۶۷ روز سرمربی تیم ملی انگلیس بود. روز سه شنبه، ‌ این روزنامه بریتانیایی ادعا کرد که ۸ مربی سابق و یا حال حاضر لیگ برتر انگلیس متهم به گرفتن پول غیر قانونی در ازای انتقال بازیکنان به تیم‌های دیگر هستند. البته این روزنامه انگلیسی اسمی از این مربیان نبرده است اما تحقیقات آنها برای ریشه کن کردن این مشکل در لیگ جزیره ادامه دارد و ممکن است مربیان دیگری به این علت از کارشان برکنار شوند. انتهای پیام /,ورزشی,6,130
به گزارش گروه ورزشی باشگاه خبرنگاران، هفته یازدهم لالیگا شب گذشته پیگیری شد و در آخرین مسابقه رئال مادرید در سانتیاگوبرنابئو میزبان سویا بود. گرت‌بیل که انتقادهای زیادی از بازی وی پس از ال‌ کلاسیکو شده بود، در دقیقه ۱۴ دروازه سویا را باز کرد و ۱۳ دقیقه بعد دومین گل خود و تیمش را به ثمر رساند. کریستیانو رونالدو در دقیقه ۳۲ از روی نقطه پنالتی گل سوم را وارد دروازه سویا کرد و ۶ دقیقه بعد پاکیتیچ از روی نقطه پنالتی یکی از گل‌های خورده را جبران کرد. باکا دو دقیقه بعد اختلاف را به یک گل رساند تا این بازی در نیمه اول با نتیجه پر گل سه بر دو به پایان برسد. کریم بنزما در دقیقه ۵۳ چهارمین گل رئال مادرید را به ثمر رساند و کریستیانو با گلزنی در دقایق ۶۰ و ۷۱ هتریک و تیمش را ۶ گله کرد. رونالدو تعداد گل‌های خود را در این فصل به عدد ۱۱ رساند. راکیتیچ نیز در دقیقه ۶۳ دومین گل خود و سومین گل تیمش را به ثمر رساند. در دقیقه ۷۶ ام بیا با دریافت کارت زرد دوم از سوی داور مسابقه اخراج شد تا سویا در دقایق باقی‌مانده ۱۰ نفره به کارش ادامه دهد. در حالی که ۱۰ دقیقه به پایان ۹۰ دقیقه قانونی مسابقه باقی مانده بود، کریم بنزما یک بار دیگر گلزنی کرد تا رئال با نتیجه ۷ بر ۳ به پیروزی برسد. شاگردان آنچلوتی با این پیروزی همچنان با ۲۵ امتیاز در رده سوم جدول لالیگا قرار دارند. در سایر دیدارهای شب گذشته نیز اوساسونا با کسب سومین پیروزی فصل خود مقابل رایووایکانو با ۱۰ امتیاز از ۱۱ بازی در رده شانزدهم جدول قرار گرفت. اویر (دقیقه یک)، اوریول ریرا (دقیقه ۱۳) و روبرتو تورس (دقیقه ۵۸) برای اوساسونا و گالوز در دقیقه ۷۱ برای رایووایکانو گلزنی کردند.,ورزشی,6,297
بیت‌اله رضایی در گفت‌وگو با خبرنگار سایر حوزه‌های گروه ورزشی باشگاه خبرنگاران جوان درباره رایگان شدن طبقه دوم ورزشگاه آزادی در دیدار پرسپولیس-سایپا اظهار کرد: از طرف هیئت مدیره باشگاه سایپا دقایقی پیش به من اطلاع دادند که مذاکرات ۲ طرف برای رایگان شدن طبقه دوم ورزشگاه آزادی در دیدار تیم ما با پرسپولیس مورد موافقت قرار گرفته و سرانجام هواداران پرسپولیس می‌توانند به صورت رایگان در طبقه دوم ورزشگاه آزادی حضور یافته و تیم خود را مورد حمایت قرار دهند. وی افزود: البته کادر فنی و مجید جلالی سرمربی سایپا نیز با حضور پرشمار هواداران پرسپولیس در ورزشگاه آزادی موافق بودند. چرا که این مسئله را منجر به بالا رفتن کیفیت فنی این دیدار و جذابیت‌های دیدار پرسپولیس-سایپا می‌بینند. مدیرعامل باشگاه سایپا در خصوص این که آیا مبلغی از باشگاه پرسپولیس به سایپا برای بلیت‌فروشی این دیدار داده می‌شود یا خیر بیان کرد: به هر حال ما مذاکراتی را با مسئولان باشگاه پرسپولیس انجام داده و قول‌هایی در این باره به باشگاه سایپا داده شده است. امیدوارم این موضوع تحقق پیدا کند چرا که باشگاه سایپا میزبان این بازی به دلیل خوشحال کردن هواداران پرسپولیس فرصت حضور آنها را در ورزشگاه آزادی فراهم کردیم.,ورزشی,6,195
به گزارش خبرنگار سایر حوزه‌های گروه ورزشی باشگاه خبرنگاران جوان، روز گذشته مسابقات تور جهانی مجارستان در بوداپست آغاز شد و نمایندگان کشورمان به مصاف حریفان رفتند. در دیدارهای مرحله گروهی روز گذشته پوریا عمرانی، افشین نوروزی و نیما عالمیان به رقابت پرداختند. در گروه دوم مسابقات نیما عالمیان موفق شد با نتیجه ۴ بر صفر در مقابل کیریل شوتس از روسیه به پیروزی رسید تا در دیدار سرنوشت امروز به مصاف کارلوس فرانکو از اسپ-ن-ا برود. پوریا عمرانی هم در گروه پنجم بازی‌ها به ترتیب با شکست ۴ بر ۲ و ۴ بر ۱ در مقابل نمایندگان اتریش و ایتالیا از دور مسابقات کنار رفت. عمرانی در مسابقات زیر ۲۱ سال نیز روز گذشته در یک دیدار نزدیک با نتیجه ۳ بر ۲ مغلوب دانگ وی پنگ از چین تایپه شد و امروز نیز در آخرین دیدار مرحله گروهی به مصاف گابور کواسز از مجارستان می‌رود. وانگ وی پنگ در ۲ مسابقه نخست خود با شکست عمرانی و کواسز رتبه نخست گروه یازده را در رده سنی زیر ۲۱ سال بدست آورده است. افشین نوروزی کاپیتان تیم ملی تنیس روی میز کشورمان نیز روز گذشته در اولین مسابقه خود با نتیجه ۴ بر ۱ مغلوب مارتین چاتچانوف از هلند شد و امروز دردیداری سرنوشت ساز مقابل دیاگوچن از اتریش قرار می‌گیرد. شایان ذکر است، این رقابت‌ها دارای رنکینگ جهانی و ۷۰ هزار دلار جایزه است و با حضور ۱۹۴ بازیکن مرد و ۱۷۵ ورزشکار زن از ۵۶ کشور جهان در حال برگزاری است.,ورزشی,6,244
به گزارش خبرنگار فوتبال و فوتسال گروه ورزشی باشگاه خبرنگاران جوان، با توجه به مصدومیت پادوانی بازیکن خارجی تیم فوتبال استقلال و دوری این بازیکن از میادین در حال حاضر مشکل عجیبی برای او رقم خورده و صاحبخانه پادوانی از وی خواسته تا هرچه زودتر خانه‌اش را تخلیه کند. صاحبخانه پادوانی بازیکن خارجی تیم فوتبال استقلال طی پیامکی به این بازیکن اعلام کرده که باید هر چه زودتر خانه‌اش را تخلیه کند و حتی ۱۰ روز پیش نیز این فرد اولتیماتوم لازم را به پادوانی داده است. در حال حاضر هم همسر پادوانی در صفحه اجتماعی خود پیامک صاحب خانه را منتشر کرده است. حضور استقلالی‌ها در جلسه آنالیز پیشگیری استقلال از یک شکایت احتمالی توسط جیری ساناک,ورزشی,6,118
به گزارش خبرنگار حوزه دنیای ورزش/ گروه ورزشی باشگاه خبرنگاران؛ روزنامه سوئیس شویزام سونتاگ به نقل از یک منبع ناشناس نزدیک به سپ بلاتر نوشت، بلاتر ممکن است بخواهد در سمت خود باقی بماند. این روزنامه سوئیسی گفته است، اطلاعاتی دارد که سپ بلاتر حمایت‎های فدراسیون‎های فوتبال کشورهای آفریقایی و آسیایی را دریافت کرده و آنها از او خواسته‎اند در تصمیم خود برای استعفا تجدید نظر کند. این منبع ناشناس به روزنامه سوئیسی گفته است، بلاتر از این حمایت‎ها تقدیر کرد و باقی ماندن در سمت ریاست فیفا را منتفی ندانسته است. گفتنی است، سپ بلاتر روز دوم ژوئن (۱۲ خرداد) در بحبوحه تحقیقات در خصوص فساد مالی در فیفا اعلا بازنشستگی کرد و پیش بینی می‌شود فیفا رئیس جدید خود را در ماه دسامبر سال جاری انتخاب کند. انتهای پیام/,ورزشی,6,131
یاسمانی کامپوس بازیکن تیم ملی فوتبال بولیوی در گفت و گو خبرنگار فوتبال و فوتسال گروه ورزشی باشگاه خبرنگاران جوان؛ بازیکن با تجربه تیم ملی فوتبال بولیوی درباره دیدار تیم‌های ملی کشورش و ایران بیان کرد: ایران تیم خیلی قوی است و بازی‌های خوبی را در جام جهانی ۲۰۱۸ روسیه مقابل پرتغال و اسپ-ن-ا انجام داد و می‌دانیم که بازیکنان قوی و خوبی را دارند و امیدوارم عملکرد خوبی در مسابقه فردا داشته باشیم. او افزود: بازی کردن با تیم‌های آسیایی برای بازیکنان بولیوی جالب بود و اکنون درحال آماده سازی بازی‌های مقدماتی جام‌جهانی ۲۰۲۲ قطر هستیم تا بتوانیم نتایج خوبی بدست آوریم. کامپوس در پایان گفت: ایران تیمی فوق العاده تاکتیکی است و زمانیکه توپ را از دست می‌دهند، تلاش زیادی می‌کنند تا توپ را پس بگیرند و قطعا بازی سختی پیش رو داریم. بر اساس اسم بازیکنان ایران را نمی‌شناسم اما به دلیل بازی هایی که از این تیم در جام جهانی دیدم، می‌توانم از روی چهره آنها را بشناسم و امیدوارم فردا تقابل خوبی شود. کی روش: از گذشته بهتریم اما هنوز سردرد داریم/ سید جلال قلب مرا تسخیر کرده است شجاعی: ثبات تیمی مهم‌ترین عاملی است که می‌تواند به تیم ملی کمک کند سخنرانی کی روش زیر عکس سید جلال! آزمون: ۹۹ درصد به خاطر خانواده‌ام تصمیم گرفتم خداحافظی کنم برگزاری تمرین آماده سازی بولیویایی‌ها در ورزشگاه آزادی,ورزشی,6,222
به گزارش خبرنگار حوزه سایر حوزه‌های گروه ورزش باشگاه خبرنگاران جوان، نیما عالمیان آخرین نماینده ایران در مسابقات انفرادی آسیا با شکست مقابل نماینده تایوان از دور مسابقات کنار رفت. در مرحله یک شانزدهم نهایی مسابقات انفرادی مردان قهرمان بزرگسالان آسیا نیما عالمیان با رنکینگ ۱۹۲ جهان به مصاف لی‌چیاشنگ با رنکینگ ۱۶۰ جهان از تایوان رفت و با حساب ۴ بر۱ مغلوب حریف خود شد. نیما عالمیان در این دیدار فقط در گیم دوم موفق شد با امتیاز ۱۱-۶ مقابل حریف خود به پیروزی برسد ولی در گیم‌های دیگر با امتیاز ۱۱-۳، ۱۱-۹، ۱۲-۱۰ به حریف تایوانی خود باخت تا پرونده ایران در این مسابقات بسته شود.,ورزشی,6,108
محمدرضا لویی مقدم سرپرست انجمن جودو ناشنوایان در گفتگو با خبرنگار ورزشی باشگاه خبرنگاران گفت: مهرداد صیدی، جودوکار ناشنوای کشورمان از پتانسیل بالایی برخوردار است صیدی شایسته کسب عنوان برترین جودکار وزن ۱۰۰- کشور است حضور وی در باشگاه عراق نیز برای صیدی تجربه مناسبی است و امیدوارم وی مسابقات باشگاه عراق نیز عملکردی درخشان ارائه دهد و به رقابت‌های جام باشگاه‌های کشورهای عربی راه یابید. لویی مقدم افزود: تیم ملی جودو ناشنوایان تا شروع رقابت‌های چین تایپه هر ماه ۲ مرحله اردو برپا می‌کند ملی پوشان ۸۰ روز بصورت صبح و بعدازظهر تمرین می‌کنند. لویی مقدم افزود: اردوهای تیم ملی با ۲۱ جودکار برپا می‌شود در نهایت ۷ جودکار در ۷ وزن به مسابقات اعزام می‌شوند برای نخستین بار در رقابت‌های آسیایی در بخش کاتا نیز جودوکاران مبارزه می‌کنند از انجمن جودو ناشنوایان کشورمان ۲ جودوکار ناشنوا نیز به مصاف حریفان می‌روند. وی ادامه داد: تیم ملی جودو ناشنوایان، ملی پوشان با قدرتی در اختیار دارد تمام تلاش و هدفمان کسب عنوان قهرمانی رقابت‌های آسیایی چین تایپه است.,ورزشی,6,169
به گزارش خبرنگار فوتبال و فوتسال گروه ورزشی باشگاه خبرنگاران جوان، با قرارگرفتن نام مدافع فصل گذشته پرسپولیس در فهرست نهایی تیم فولاد خوزستان با رقم بالغ بر ۶۰۰میلیون تومان می‌توان گفت یکی از نکات بحث‌برانگیز فهرست انتشاریافته است چراکه این بازیکن با یک محرومیت سنگین ابتدا به مدت ۹ماه و با کاهش ۳ ماه به شرط آموزش دادن به بازیکنان نوجوان و جوان مواجه شده بود. همچنین وی با حضور فعال در تمرینات این تیم فولادی‌ها و خود خانزاده امید بسیاری برای بخشش داشتند با توجه به این که او کاملا تنبیه شده و همچنین ممکن است با بخشش فدراسیون و کمیته انضباطی مواجه شود، فولادی‌ها با این بازیکن قراردادی امضا کردند که در صورت بخشش می‌توانند از خانزاده فقط در نیم فصل استفاده کنند و اگر این اتفاق هم رخ بدهد به نظر می‌رسد برای یک بازیکن که با این محرومیت مواجه شده این رقم قرارداد بسیار بالا باشد و می‌تواند مشکلاتی را برای این تیم پدید آورد. همچنین احتمال این تصمیم مبنی بر اینکه اگر مسئولان فولاد صلاح بدانند یک بازیکن جایگزین او بکنند بسیار زیاد می‌باشد.,ورزشی,6,180
به گزارش خبرنگار کشتی و رزمی گروه ورزشی باشگاه خبرنگاران جوان، رقابت‌های کشتی آزاد جوانان قهرمانی آسیا از فردا (شنبه) و به مدت دو روز در شهر تایچونگ کشور چین تایپه (تایوان) برگزار می‌شود- مراسم وزن کشی اوزان ۵۰ و ۱۲۰ کیلوگرم بعد از ظهر امروز (جمعه) برگزار شد که در وزن ۵۰ کیلوگرم علی فاتحی در دور اول به مصاف اناربک سیدیبیکوف از قرقیزستان می‌رود و در صورت پیروزی بر این حریف در مرحله نیمه نهایی با برنده کشتی میان نمایندگان کشورهای قزاقستان و چین تایپه مبارزه خواهد کرد در این وزن ۶ کشتی گیر حضور دارند- در وزن ۱۲۰ کیلوگرم که ۹ کشتی گیر به روی باسکول رفته‌اند، شایان جلیل زاده پس از استراحت در دور اول در دور دوم با امیل آشیرعلیف از قرقیزستان کشتی می‌گیرد- رقابت‌های اوزان فوق فردا (شنبه) و رقابت‌های اوزان ۵۵، ۶۰، ۶۶، ۶۴، ۸۴ و ۹۶ کیلوگرم روز یکشنبه برگزار می‌شود. انتهای پیام/ انتهای پیام/,ورزشی,6,153
به گزارش گروه ورزش باشگاه خبرنگاران؛ علی رضا پژمان که به جای امیر قلعه نویی محروم در نشست خبری پیش از بازی با تیم گسترش فولاد تبریز حضور یافته بود، اظهار داشت: مثل بازی‌های گذشته فردا به دنبال ۳ امتیاز دربی هستیم و بعد از بازی فولاد تمرینات خود را طبق آنالیزهایی که داشتیم برگزار کردیم. وی افزود: مصدومیت سینا عشوری برای ما ناراحت کننده بود و امیدواریم سایر بازیکنان جای خالی او را پر کنند. علاوه بر او محسن بنگر هم به دلیل مصدومیت بازی فردا را از دست داده است و برای بازی فردا غایب خواهد بود. مربی تیم تراکتورسازی خاطرنشان کرد: هر بازی شرایط خاص خود را دارد و هر تیمی برای بازی پیش روی خود تاکتیک خاص خود را دارد و ما فردا با یک بازی حساب شده می‌خواهیم امتیازات کامل بازی را کسب کنیم.,ورزشی,6,139
به گزارش خبرنگار دنیای ورزش گروه ورزش باشگاه خبرنگاران جوان در فینال جام جهانی و در دقایق حساس مسابقه که تیم کرواسی فاز حجومی گرفته بود چهار جیمی جامپ وارد زمین شدند. اخبار و حواشی داغ مربوط به جام جهانی ۲۰۱۸ را لحظه به لحظه در اینجا (جام جهانی ۲۰۱۸) دنبال کنید. این اتفاق در حالی رخ داد که چهره‌های سیاسی از جمله پوتین، مکرون و رئیس جمهور کرواسی در ورزشگاه حضور داشتند و نظاره‌گر حرکات جیمی جامپ‌ها شدند. بر اساس حکم دادگاهی در مسکو این چهار جیمی جامپ به ۱۵ روز حبس و ۳ سال محرومیت از حضور در میادین ورزشی محکوم شدند. عجیب‌ترین اتفاقات جام جهانی ۲۰۱۸ فوتبال چه بود؟ گفتنی است در فینال جام جهانی ۲۰۱۸ روسیه تیم فوتبال فرانسه موفق شد با نتیجه ۴ بر ۲ تیم فوتبال کرواسی را شکست دهد.,ورزشی,6,136
به گزارش گروه ورزشی باشگاه خبرنگاران، با توجه به اطلاعات پروازی ارسالی از ازبکستان، اعضای تیم فوتبال بنیادکار روز دوشنبه ۱۴ اردیبهشت در ساعت ۱۸:۴۵ از طریق دوبی وارد تهران خواهند شد. باشگاه بنیادکار همچنین در نامه خود به باشگاه پرسپولیس برای اقامت ۲۹ نفر اتاق درخواست کرده است و زمان ترک تهران از سوی آنها، پرواز ساعت ۵:۲۰ صبح روز پنجشنبه هفده اردیبهشت خواهد بود. باشگاه پرسپولیس همچنین جدا از ۲۰ اتاق درخواستی بنیادکار برای اسکان اعضای تیم طبق قوانین دو اتاق را به عنوان انبار و اتاق پزشکی در اختیار میهمان خود خواهد گذاشت. گفتنی است؛ آخرین دیدار از مرحله گروهی مسابقات لیگ قهرمانان آسیا در گروه پرسپولیس از ساعت ۲۰:۳۵ روز چهارشنبه ۱۶ اردیبهشت برابر تیم بنیادکار در ورزشگاه آزادی برگزار می‌شود.,ورزشی,6,125
به گزارش گروه ورزشی باشگاه خبرنگاران جوان، به نقل از سایت فدراسیون کاراته، در پایان لیگ جهانی کاراته وان ترکیه که به مدت ۲ روز در استانبول برگزار شد، تیم ایران با ۴ طلا، ۴ نقره و ۴ برنز بر سکوی قهرمانی ایستاد. تیم ژاپن با ۳ طلا، ۴ نقره و ۵ برنز دوم شد. تیم ترکیه با ۲ طلا، ۱ نقره و ۴ برنز در مکان سوم قرار گرفت. پرو با ۲ طلا چهارم شد. مراکش با ۱ طلا و ۱ برنز مقام پنجمی را بدست آورد. سوئیس و گرجستان هر یک با ۱ طلا ششم شدند. ایتالیا با ۱ نقره و ۱ برنز هفتم شد. یونان، اتریش و قزاقستان و اسلواکی با ۱ نقره مشترکا هشتم شدند. اوکراین و فرانسه با ۳ برنز و روسیه با ۲ برنز نهم و دهم شدند. اسپ-ن-ا، مجارستان، آلمان، کرواسی و آذربایجان هر یک با ۱ برنز در رده یازدهم قرار گرفتند.,ورزشی,6,150
به گزارش خبرنگار حوزه دنیای ورزش گروه ورزشی باشگاه خبرنگاران جوان، به نقل از فورفورتو، خاوی مارتینز هافبک دفاعی و مدافع تیم بایرن مونیخ به علت مصدومیت بازی‌های تیم ملی اسپ-ن-ا مقابل ایتالیا و آلبانی در مرحله انتخابی جام جهانی ۲۰۱۸ روسیه را از دست داد. این بازیکن در فهرست بازیکنان دعوت شده لوپتگی سرمربی جدید تیم بایرن مونیخ جای داشت. دکتر‌های تیم بایرن مونیخ نیز اعلام کرده‌اند خاوی مارتینز بازی‌های تیم اسپ-ن-ا را به طور حتم و چند بازی آینده بایرن مونیخ را احتمالا از دست خواهد داد. در سایت رسمی کنفدراسیون فوتبال اسپ-ن-ا نوشته شده است: تیم پزشکی باشگاه بایرن مونیخ به ما اطلاع داده‌اند که خاوی مارتینز مصدوم شده است. پیش از تمرینات، آزمایشاتی نیز روی این بازیکن انجام شدند که این مصدومیت را تایید کرده‌اند. بنابراین، به صلاح این بازیکن است که در دیدارهای پیش رو مقابل ایتالیا و آلبانی شرکت نکند. انتهای پیام /,ورزشی,6,149
منصور مجاوری مدیر کل دفتر برنامه و بودجه آموزش و پرورش در گفت و گو باخبرنگار حوزه آموزش و پرورش گروه علمی پزشکی باشگاه خبرنگاران جوان؛ درباره تاخیر در پرداخت حقوق فرهنگیان با وجود سپری شدن سه روز از دی ماه عنوان کرد: با توجه به اینکه مسئولیت پرداخت حقوق برای تمامی دستگاه‌ها به سازمان خزانه داری کشور مربوط می‌شود بنابراین اکنون نیز علت این تاخیر به این سازمان بر می‌گردد. وی با بیان اینکه ۲۴ آذرماه طبق روال ماهیانه و براساس حقوق و دستمزدی که درست شده، لیست حقوقی آماده بوده است، ادامه داد: ۲۵ و ۲۶ آذرماه این مساله به خزانه داری اعلام شده و حتی ۲۸ آذرماه نیز نامه‌ای مجدد به سازمان ارسال شد در واقع آموزش و پرورش در حوزه وظایف خود آمادگی کامل برای پرداخت حقوق فرهنگیان را داشته و هیچ گونه مشکلی از سوی این وزارتخانه وجود ندارد. مدیر کل دفتر برنامه و بودجه آموزش و پرورش اظهار داشت: با توجه به اینکه پرداخت‌ها به سازمان خزانه داری یا بانک مرکزی مربوط است بنابراین زمان دقیق آن را نیز این سازمان و یا وزارت اقتصاد و امور دارایی باید اعلام کند. مجاوری بیان کرد: امیدواریم این مساله هرچه زودتراز طرف سازمان خزانه داری برطرف شود و آموزش و پرورش با توجه به آمادگی کامل در پرداخت‌ها، به محض اعلام آمادگی نهادمربوطه به سرعت حقوق‌ها را پرداخت می‌کند. انتهای پیام/,پزشکی,7,225
جمال تولی رییس اداره نظارت بر تولید و کنترل کیفی سازمان غذا و دارو در گفت و گو با خبرنگار حوزه بهداشت و درمان گروه علمی پزشکی باشگاه خبرنگاران جوان؛ در خصوص فروش لنز در مراکز غیر مجاز گفت: لنزها به دو دسته زیبایی و طبی تقسیم بندی می‌شوند که به دلیل نبود تولید لنز در داخل، تمام این کالاهای طبی از خارج وارد می‌شوند و اداره تجهیزات پزشکی به شرکت‌های واردکننده این نوع محصول مجوز می‌دهد. وی افزود: در واقع اداره تجهیزات پزشکی، لنزها را از چند وجه از جمله کنترل عفونت و نوع مواد به کار برده شده، مورد بررسی قرار می‌دهد که در صورت کسب استانداردهای تعریف شده، اجازه واردات به شرکت مربوطه داده می‌شود. رییس اداره نظارت بر تولید و کنترل کیفی سازمان غذا و دارو با بیان اینکه شرکت‌های واردکننده فقط حق توزیع لنزها را به مطب‌ها و مراکز چشم پزشکی دارند، عنوان کرد: هیچ شرکتی حق توزیع جز در موارد فوق را ندارند و اگر توزیع به مراکزی مانند آرایشگاه‌ها و مراکز فروش لوازم آرایشی داشته باشند، تخلف کرده‌اند. وی افزود: افراد در صورت مشاهده قانون شکنی می‌توانند از طریق شماره تلفن ۱۴۹۰ به بازرسان ما اطلاع بدند تا هرچه سریعتر رسیدگی کنند. انتهای پیام/,پزشکی,7,201
حجت الاسلام و المسلمین کامران اویسی، معاون پژوهشکده قرآن و علم دانشگاه آل طه و استادیار دانشگاه علوم پزشکی ارتش جمهوری اسلامی در گفت و گو با خبرنگار حوزه بهداشت و درمان گروه علمی پزشکی باشگاه خبرنگاران جوان؛ اظهار کرد: بهداشت پوست از جمله مواردی است که پژوهشگران طب اسلامی کمتر وارد آن شده‌اند، زیبایی و سلامت پوست به ۲دسته مهم برای جلا دهندگی و نرم کنندگی پوست و هچنین پیشگیری و درمان عوارض پوستی تقسیم شده که البته در دسته دوم نسبتا مستندات کمتری وجود دارد. وی افزود: بر اساس برخی روایت‌ها مصرف خریزه برای پاکسازی پوست، رفع لکه‌های دوران بارداری، لک و پیس و حتی کاهش جوش‌های سرسیاه بسیار مفید بوده اما نباید در خوردن این میوه پرخاصیت و سرشار از ویتامین‌های زیاده روی کرد. این دکتری تفسیر تطبیقی و پژوهشگر طب اسلامی همچنین با بیان روایت‌های مختلف معصومین در خصوص مصرف مویز به عنوان عاملی برای تقویت حافظه، ادامه داد: از فواید مویز، جلا دادن به رنگ بدن و پوست است. این استادیار دانشگاه علوم پزشکی ارتش جمهوری اسلامی با استناد به روایتی از امام علی (ع) درخصوص دستور مصرف مویز برای جلا دادن و روشنایی پوست، گفت: بهتر است فرد در حالت ناشتا ۲۱ عدد مویز سرخ (رنگ روشن) بخورد - وی با اشاره به روایت معروفی از امام کاظم (ع) برای جوانی، شادابی و شفافی پوست به ویژه در سنین بالاتر، مطرح کرد: کسی که قصد دارد صاحب پوستی شفاف، با نشاط، جوان شود و رنگ چهره و بدن را صفا دهد، میوه میل کند. حجت الاسلام و المسلمین اویسی اظهار کرد: بیشتر توصیه‌ها و روایات دینی برای درمان و زیبایی پوست معطوف به مصرف میوه و سبزیجات است. انتهای پیام /,پزشکی,7,277
به گزارش خبرنگار علمی باشگاه خبرنگاران؛ یک زن ۴۱ ساله اهل کشور استرالیا که به بیماری آسم دچار است چندی قبل دچار حمله آسم و خس خس سینه و نفس تنگی شدیدی شده بود. گفتنی است، او برای جلوگیری از پیشرفت حمله آسم به سرعت کیسه محتوی داروی استنشاقی آسم خود را مورد استفاده قرار داده با تنفس سریع و عمیق سعی می‌کرد که حال خود را بهتر کند که به طور ناگهانی گوشواره گوش خود را به همراه داروها تنفس کرده است. بررسی‌ها نشان می‌دهند، این گوشواره کوچک در ریه سمت راست او گیر کرده و او دچار سرفه‌های خون آلود شده است. پزشکان اورژانس پس از انتقال او به بیمارستان با انجام عکس‌برداری اشعه x گوشواره را در ریه او پیدا کرده‌اند. سرانجام با استفاده از روش آندوسکوپی این گوشواره از ریه او خارج شده است. در اثر ورود این گوشواره به ریه این زن او در حالت نسبتا خفگی و مرگ قرار گرفته بود. پزشکان اعتقاد دارند برای جلوگیری از رخداد چنین مواردی باید آموزش صحیح کار با کیسه محتوی داروی آسم به استفاده کنندگان یاد داده شود و نیز استفاده کنندگان نیز قبل از هر بار مصرف باید از عملکرد صحیح و سالم بودن دستگاه اطمینان حاصل کنند. انتهی پیام/,پزشکی,7,204
غلامرضا خواجه سروی، معاون فرهنگی و اجتماعی وزیر علوم تحقیقات و فناوری در گفتگو با خبرنگار دانشگاهی باشگاه خبرنگاران گفت: با توجه به نزدیکی انتخابات ریاست جمهوری باید بگویم که فعالیت‌های دانشجویان در این برهه‌ای از زمان با توجه و بیان این مسئله که ظرفیت گسترده و بالایی در میان دانشجویان وجود دارد با وزارت کشور و شورای نگهبان هماهنگی شده است تا از این ظرفیت و انگیزه به درستی استفاده شود. وی افزود: البته این نکته را هم بیان کنم که از این ظرفیت دانشجویی و اساتید به عنوان ناظر انتخابات ریاست جمهوری بر سر صندوق‌های رای استفاده کنیم، همچنین در بخش اجرایی نیز بازرس ویژه در بخش نظارت به عنوان افرادی که با شورای نگهبان همکاری می‌کنند انجام می‌شود. وی اظهار داشت: البته انجام این امر منوط به آن است که خود دانشجویان به دفاتر استانداری و فرمانداری سراسر کشور در هر استان اعلام آمادگی کنند. /ح,پزشکی,7,149
قاسم جعفری سخنگوی کمیسیون آموزش و تحقیقات مجلس در گفتگو با خبرنگار دانشگاهی باشگاه خبرنگاران اظهار داشت: با توجه به حساسیت پرونده بورسیه‌ها و ابهاماتی که در این پرونده وجود دارد طرح تحقیق و تفحص از عملکرد وزارت علوم در بررسی پرونده بورسیه‌ها در کمیسیون آموزش و تحقیقات مجلس تصویب شد. وی گفت: ‌ البته زمانی این طرح عملیاتی می‌شود که در صحن مجلس نیز مطرح و رأی بیاورد در این صورت نحوه اعطای بورس تحصیلی دانشگاه‌ها از سال ۶۸ تاکنون مورد بررسی و نقد قرار می‌گیرد. وی افزود: آنچه در این پرونده مسلم است نحوه اعطای بورس تحصیلی شفاف نیست و باید مشخص شود قوانین حاکم در این موضوع رعایت شده است یا نه، لذا این طرح با هدف ایجاد عدالت آموزشی در کمیسیون به تصویب رسید.,پزشکی,7,128
به گزارش خبرنگار کلینیک گروه علمی پزشکی باشگاه خبرنگاران؛ کارشناسان به تازگی دریافتند که لیزر موهای زائد صورت و بدن می‌تواند منجر به ابتلا به انواع سرطان‌ها به علت تنفس هوای آلوده ناشی از دود موهای سوخته شود. پرستاران و متخصصانی که روزانه با دستگاه لیزر موهای زائد در ارتباط هستند با درصد بالایی به سرطان دچار می‌شوند. متخصصان دانشگاه کالیفرنیا در جدیدترین تحقیقات خود به این نتیجه دست یافتند در اتاقی که عمل لیزر موهای زائد در آن انجام می‌شود مقادیر فراوانی از مواد سمی و شیمیایی وجود دارد که تعداد آنها فراتر از ۳۷۷ ماده فوق العاده خطرناک است و می‌تواند به شدت سلامت افرادی که در کلینیک یا درمانگاه مشغول به فعالیت هستند را تهدید کند. کارشناسان بر همین اساس به متخصصان توصیه می‌کنند حتما از ماسک و عینک استفاده کنند تا مواد سمی کمتر وارد مجاری تنفسی آنها شود و نیز دستگاه تهویه هوا حتما در آن مکان فعال باشد تا هوای آلوده در فضا جریان پیدا نکند. افرادی که هشت ساعت یا بیشتر در طول روز با دستگاه‌های لیزر مشغول به کار هستند ریسک بالایی برای ابتلا به بیماری‌های ریوی و انواع سرطان دارند. استشمام بوی موی سوخته در کنار سایر مواد آلوده کننده هوا مانند بوی سوخت اتومبیل‌ها، آلودگی هوا در اثر گازهای گلخانه‌ای و دود سیگار همگی در ایجاد بیماری‌های ریوی موثر است و می‌تواند باعث مرگ افراد شود. گفتنی است؛ کارشناسان به افرادی که برای تکمیل روند درمانی خود نیاز به تکرار فرآیند لیزر دارند توصیه می‌کنند به مراکز معتبر مراجعه کنند که مراقبت‌های درمانی لازم در آنجا رعایت می‌شود. منبع: Dailymail,پزشکی,7,260
انوشه متخصص تغذیه در گفتگو با خبرنگار بهداشت و درمان باشگاه خبرنگاران در این خصوص گفت: بیماران گوارشی نباید شام را از وعده غذایی خود حذف کنند و با رعایت چند نکته ساده می‌توانند با خوردن شام احساس خوبی داشته باشند. وی افزود: این افراد بهتر است وعده شام را حتی به مقدار کم مصرف کنند و در نظر داشته باشند که غذای مصرفی آنها چرب، سنگین یا شور نباشد. انوشه با بیان این مطلب افزود: غذاهای پخته آب پز بهترین گزینه برای وعده شام بیماران گوارشی است. وی در مورد ساعات خوردن شام گفت: بهتر است بیماران گوارشی وعده شام خود را در ساعات اولیه شب مصرف کنند و خوردن شام را به ساعت پایانی شب نزدیک خواب موکول نکنند. این متخصص تغذیه در خصوص مصرف مایعات تصریح کرد: نه فقط افراد مبتلا به بیماری گوارشی بلکه به تمامی افراد توصیه می‌شود مایعات از جمله آب و چای کمرنگ را حتما در طول روز به اندازه مصرف کنند ضمن اینکه به افراد توصیه اکید می‌شود که در بین خوردن وعده غذایی آب مصرف نشود چرا که علاوه بر اینکه باعث تشدید اختلال گوارشی افراد مبتلا به اختلالات گوارشی می‌شود بلکه سیستم گوارشی افراد سالم را نیز دچار عارضه می‌کند. انوشه در مورد مصرف سبزیجات به افراد دچار اختلال گوارشی توصیه کرد: مصرف سبزیجات از جمله کاهو به این افراد توصیه می‌شود و اگر فردی از خوردن سبزی خام پرهیز می‌کند بهتر است سبزی پخته مصرف کنند.,پزشکی,7,237
به گزارش خبرنگار علمی باشگاه خبرنگاران، براساس این پژوهش چنانچه افراد راست دست دچار سکته مغزی در نیمه سمت راست مغز شوند مدن زمان طولانی‌تری را برای به دست آوردن مهارت‌های گفتاری خود باید به نسبت چپ دستان سپری کنند. گفتنی است،: همینطور بازگشت و قابلیت صحبت کردن راست دستان نیز بدتر از چپ دستانی است که دچار سکته مغزی شده‌اند. بررسی‌ها نشان می‌دهند، علت این امر تفاوت ساختاری مغز افراد چپ دست و راست دست است در افراد راست دست قسمت کنترل زبان و گویش و قابلیت‌های گفتاری تنها در یکی از دو نیم کره مغز قرار دارد، در صورتی که در مغز افراد چپ دست شبکه‌ای از جریان‌های ساختاری برای کنترل و قابلیت‌های گفتاری و محاوره‌ای وجود دارد. به این دلیل افراد چپ دست با وجود سکته مغزی در هر کی از نیمکره‌های مغزشان قادر به کنترل گویش ومحاوره و صحبت با اطرافیان به سرعت می‌شوند. /ع۲,پزشکی,7,149
دکتر اخباری رییس دانشگاه جامع علمی کاربردی در گفتگو با خبرنگار دانشگاهی باشگاه خبرنگاران اظهارداشت: کار بررسی رتبه‌بندی مراکز را هم اکنون آغاز کرده‌ایم و در حال ارزیابی‌ شرایط و ملاکهای مد نظر هستیم و می‌توان گفت کار رتبه‌بندی مراکز در مهر ۹۴ اجرایی می‌شود. وی ادامه داد: در این خصوص مراکز به لحاظ کیفیت آموزش شرایط و استانداردها، ‌ تجهیزات، ظرفیت و تعداد دانشجو بررسی می‌شوند و در صورت کسب رتبه عالی به کار خود ادامه داده و امتیاز می‌گیرند اما در صورت کسب رتبه ضعیف باید مجدد مورد ارزیابی قرار گیرند. وی با بیان اینکه مراکز ضعیف در بازه زمانی ۲ ماهه باید خود را ارتقا دهند، خاطر نشان کرد: اگر مرکزی رتبه ضعیف کسب کند و نتواند در عرض ۲ ماه خود را ارتقا دهد خود به خود حذف می‌شود.,پزشکی,7,133
به گزارش خبرنگار علمی باشگاه خبرنگاران؛ با بررسی مصرف مکمل‌های ویتامین D شاهد کاهش فشار خون و بهبود خلق و خو در زنان مبتلا به دیابت شدند. این مطالعه که در جلسه ۷۳ کنگره انجمن دیابت در شیکاگو مطرح شد مصرف مکمل‌های ویتامین D به طور کلی بررسی و نسبت به در دسترس بودن و مقرون به صرفه بودن آن با حداقل عوارض جانبی بحث گردید. این تیم تحقیقاتی با مطالعه ۸ ساله اظهار کردند که تا سال ۲۰۵۰ از هر ۱۰ نفر یک فرد مبتلا به دیابت خواهد بود که نسبت به این بیماری و خطرات آن باید آگاهی کافی داشته و از هم اکنون به فکر درمان یا روش کاهش آن باشیم. /ح,پزشکی,7,115
دکتر علیرضا مرندی رئیس فرهنگستان علوم پزشکی در گفتگو با خبرنگار بهداشت و درمان باشگاه خبرنگاران گفت: تغذیه با شیر مادر موجب تیزهوشی و افزایش سطح هوش و استعداد کودک می‌گردد، همچنین مانع انواع آلرژی‌ها، آسم، بیماری‌های مزمن، عفونت اداری، مننژیت مغزی، انواع سرطانها می‌گردد، ضمن اینکه فواید بسیار زیادی برای مادران دارد و از مشکلاتی چون کم خونی، ابتلا به انواع سرطانها جلوگیری می‌کند. وی ادامه داد: هر چند گفته می‌شود زمان شیر دهی تا ۲ سال باشد ولی تحقیقات حاکی از آن است که مصرف بیشتر شیر مادر حتی تا ۶ سالگی مشکلی از نظر پزشکی ایجاد نخواهد کرد و این نکته حائز اهمیت است که هر چه مدت شیردهی بیشتر باشد تاثیر مثبت آن بر تیزهوشی کودک بیشتر خواهد بود. دکتر مرندی افزود: کیفیت شیر مادران تفاوتی با هم ندارد ولی انحصاری بودن تغذیه با شیر مادر بسیار مهم است یعنی استفاده از شیرخشک همزمان با شیر مادر، اثر گذاری مثبت شیر مادر بر تیزهوشی و بروز بیماری‌ها را کاهش می‌دهد، بنابراین هر چند تغذیه با شیر مادر بیشتر باشد اثرات مثبت آن بالاتر است.,پزشکی,7,178
حمید عبدی متخصص تغذیه در گفتگو با خبرنگار بهداشت و درمان باشگاه خبرنگاران گفت: ضد ویتامین یک مفهوم عام است، بعضی از آنها اثر ویتامین را خنثی می‌کنند، گروهی کل ویتامین را از بین می‌برند و بعضی دیگر نیز با ویتامین رقابت می‌کنند. گروه آخر در دستگاه گوارش در کنار ویتامین قرار می‌گیرند و به عنوان ویتامین جذب می‌شوند اما خاصیت آن را ندارند. وی افزود: ضد ویتامین‌ها بیشتر بر ویتامین‌های گروه B، A تاثیر می‌گذارند به عنوان مثال روغن‌های سرخ کردنی که چندین بار استفاده می‌شوند، ویتامین A را کاهش می‌دهند و کسانی که از این روغن‌ها مصرف می‌کنند به دلیل کمبود این ویتامین در بدن خود ممکن است، مشکلات پوستی یا چشمی پیدا کنند، همچنین چون سویای خام ضد ویتامین D است، می‌تواند استخوان‌ها را تحت تاثیر قرار دهد. عبدی تصریح کرد: داروهایی مانند آنتی بیوتیک‌ها میکروبهای مفید ویتامین ساز روده را از بین می‌برند و به خصوص موجب عدم جذب ویتامین‌هایی نظیر گروه B می‌شود. وی اظهار داشت: اگر افرادی که آهن طبیعی دارند از قرص‌ها و داروهایی که آهن را بالا می‌برند، استفاده نمایند این عنصر با ویتامین‌های گروه E- C مقابله می‌کنند و در نتیجه می‌تواند افسردگی و خلق و خوی بد را در پی داشته باشد.,پزشکی,7,202
نگین صدقی کارشناس شیمی در گفت و گو با خبرنگار حوزه کلینیک گروه علمی پزشکی باشگاه خبرنگاران؛ با اشاره به استفاده از ظروف پلاستیکی با مواد اولیه نامناسب اظهار داشت: ظروف پلاستیکی ارزان قیمت متاسفانه مواد اولیه شان نا سالم و مضر است و به شدت سلامتی افراد را تهدید می‌کند. وی بیان کرد: ظروف پلاستیکی بی کیفیت از مواد غیرطبیعی تشکیل شده است که مدت زمان بیشتری طول می‌کشد تا بازیافت شده و به چرخه طبیعت برگردد از این رو اینگونه مواد مناسب مصرف غذا در آن نیست و بهتر است افراد از ظروف گیاهی و یا چینی استفاده کنند. وی ادامه داد: در اثر حرارت مواد غذایی داغ کاتالیست‌های با بافت پلیمر با غذای موجود در آن ترکیب شده و سبب بروز بیماری‌های مختلفی در افراد می‌شود. صدقی عنوان کرد: افراد بهتر است از ظروف یکبار مصرف برای مصارف غذاهای داغ و مواد گرم استفاده نکنند، زیرا مواد ظروف پلاستیکی در حرارت آزاد شده و ترکیبات بیماری زایی را ایجاد می‌کنند و این ترکیبات وارد مواد غذایی شده و سلامت افراد را تهدید می‌کنند. وی تاکید کرد: ظروف گیاهی ماده اولیه شان معمولا نشاسته و ذرت است و آسیب کمتری به سلامت افراد وارد می‌کند و من توصیه می‌کنم که افراد بیشتر از ظروف کاغذی و سلولزی استفاده کنند. انتهای پیام/,پزشکی,7,213
به گزارش خبرنگار بهداشت و درمان باشگاه خبرنگاران، دکتر فرسارمعاون بهداشتی دانشگاه علوم پزشکی شهید بهشتی ضمن اعلام این هشدار به حجاج ایرانی توصیه کرد از خرید این محصول اجتناب کنند و گفت: محصول صفارالزعفران با علامت تجاری saffaron yellowکه اخیرا توسط حجاج ایرانی خریداری شده و به کشور وارد شده است بر اساس بررسی انجام شده توسط کار‌شناسان معاونت بهداشتی وزارت بهداشت، دارای رنگ شیمیایی است و مصرف آن باعث به خطر افتادن سلامت افراد وی ادامه داد: این زعفران غیر بهداشتی غیر قابل مصرف بوده و درصورت مصرف عوارض جانبی بر کلیه و کبد افراد وارد کرده و مشکلاتی را برای مصرف کنندگان ایجاد می‌کند.,پزشکی,7,107
محمد علی معظمی متخصص مغز و اعصاب در گفتگو با خبرنگار بهداشت و درمان باشگاه خبرنگاران اظهار داشت: عادات غلط زندگی به ویژه در زمینه غذایی تاثیری نامطلوب بر مغز انسان بر جای می‌گذارد. معظمی تاکید کرد: مصرف زیاد مواد قندی به عنوان یک عامل مهم کاهش کارایی و بازدهی مغز محسوب شده و در کودکان و نوجوانان، اثرات منفی بیشتری بر روی عملکرد مغز دارد. وی افزود: در واقع مصرف زیاد مواد قندی و شیرین، جذب پروتئین و مواد غذایی را متوقف و منجر به سوء تغذیه و حتی اختلال در رشد مغز می‌شود. معظمی با اشاره به تاثیر استعمال دخانیات و آلودگی هوا بر روی مغز، خاطرنشان کرد: مغز بزرگترین مصرف کننده‌ی اکسیژن در بدن است و دمیدن هوای آلوده و دود سیگار موجب کاهش اکسیژن مغز شده و از این طریق کارایی و بازدهی این عضو مهم و حیاتی را کاهش می‌دهد.,پزشکی,7,145
"به گزارش گروه بین‌الملل باشگاه خبرنگاران جوان به نقل از روزنامه لوفیگارو؛ فرانسوا اولاند زیاده‌روی‌های دونالد ترامپ، نامزد جمهوری‌خواهان در انتخابات ریاست جمهوری آمریکا را تهوع‌آور خواند و محکوم کرد. فرانسوا اولاند در دیدار با روزنامه‌نگاران انجمن مطبوعات ریاست جمهوری در پاریس گفت: تندروی‌ها حتی در آمریکا به حس تهوع ختم می‌شود مخصوصا وقتی کسی همچون دونالد ترامپ به یک سرباز، به یاد و خاطره یک سرباز، حمله‌ور می‌شود. رئیس جمهور فرانسه به حملات نامزد حزب جمهوری‌خواهان آمریکا به پدر همایون خان از فرماندهان ارتش آمریکا اشاره می‌کرد. وی در سال دو هزار و چهار در حالی که سعی داشت نیروهایش را نجات دهد، جانش را از دست داد. اولاند گفت: بازیگران سیاسی وقتی که شایسته احترام هستند، باید مورد احترام قرار گیرند. رئیس جمهور فرانسه سخنان زننده و تحقیرآمیز دونالد ترامپ را محکوم کرد. وی گفت: دموکراسی نسبت به وسوسه استبدادی که به خصوص در آمریکا شاهد ظهور آن هستیم، مسئله مهمی است. اولاند در عین حال تصریح کرد: دونالد ترامپ هنوز انتخاب نشده است اما اگر آمریکایی‌ها ترامپ را انتخاب کنند، پیامدهایی خواهد داشت زیرا انتخابات آمریکا انتخاباتی جهانی است. اولاند در پاسخ به این پرسش که آیا انتخاب ترامپ می‌تواند بر انتخابات ریاست جمهوری فرانسه در شش ماه دیگر تاثیر بگذارد، گفت: این اتفاق می‌تواند به گرایش شدید به جناح راست یا برعکس آن منجر شود. وی افزود: در کارزار انتخاباتی آمریکا مسائلی مطرح می‌شوند که در کارزار انتخاباتی فرانسه دوباره مطرح خواهند شد. """,بین الملل,2,238
به گزارش سرویس بین‌ الملل باشگاه خبرنگاران به نقل از خبرگزاری رویترز، پلیس و مسئولان نفتی عراق گفتند خط لوله‌ای که نفت مورد نیاز پالایشگاه الدوره بغداد را از میدان‌های جنوب عراق تامین می‌کرد روز سه شنبه نزدیک روستای جرف الصخر در ۶۰ کیلومتری جنوب بغداد منفجر شد. یکی از مسئولان وزارت نفت عراق که خواست نامش فاش نشود گفت: خرابکاران به منظور وارد کردن زیان بیشتر، ابتدا سوراخی در خط لوله ایجاد کردند که موجب نشت نفت خام از آن شد سپس آن را منفجر کردند که بر اثر آن آتش سوزی بزرگی به راه افتاد. مسئولان عراقی از اعلام جزئیات درباره ظرفیت این خط لوله و تاثیر توقف انتقال نفت از آن خودداری کردند. حمله اخیر در شرایطی صورت گرفت که ناآرامی‌های سیاسی در عراق افزایش یافته است و اهل سنت این کشور نخست وزیر شیعه را به نادیده گرفتن طایفه سنی متهم می‌کنند. مسئولان وزارت نفت عراق گفتند آتش نشانان موفق شدند آتش سوزی را مهار کنند و گروهی از متخصصان وزارت نفت برای ارزیابی خسارتها راهی محل حادثه شدند. حمله روز سه شنبه سومین حمله به خطوط لوله انتقال نفت خام عراق از ششم مه تاکنون محسوب می‌شود. آخرین اخبار جهان را اینجا بخوانید.,بین الملل,2,198
"به گزارش سرویس بین‌الملل باشگاه خبرنگاران , در این کنفرانس که تا جمعه ادامه دارد انتخاب اعضای کمیته عمومی، درخواست‌ها برای عضویت در آژانس، پیام دبیر کل سازمان ملل، بیانیه مدیر کل، مشارکت در صندوق همکاری‌های فنی سال ۲۰۱۵, گزارش سالانه ۲۰۱۳ و انتخاب اعضای شورای حکام و برنامه و بودجه آژانس برای سال ۲۰۱۵ مورد بحث و بررسی قرار خواهد گرفت. همچنین اقدامات لازم برای تقویت همکاری‌های بین المللی در زمینه ایمنی هسته‌ای , تقویت اقدامات آژانس در خصوص علوم و فناوری هسته‌ای و کاربردهای آنها, اجرای موافقتنامه پادمان ان. پی. تی بین آژانس بین المللی انرژی اتمی و کره شمالی و اجرای پادمان در منطقه خاورمیانه از دیگر محورهای مورد بحث در این کنفرانس پنج روزه اعلام شده است. در همین حال از موضوعات مهم این کنفرانس بررسی قطعنامه توان اتمی رژیم صهیونیستی است که از سوی اتحادیه عرب پیشنهاد داده شده است. کشورهای عضو جنبش غیر متعهدها نیز سال گذشته در پنجاه و هفتمین کنفرانس سالانه آژانس بین المللی انرژی اتمی برنامه و تسلیحات اتمی رژیم صهیونیستی را منشأ نگرانی جدی برای کشورهای منطقه خاورمیانه دانست. شایان ذکر است آژانس بین المللی انرژی اتمی از سال ۱۹۸۲ میلادی قطعنامه‌های متعددی را تصویب کرده و بارها از رژیم صهیونیستی خواسته است هرچه زودتر به معاهده منع گسترش تسلیحات اتمی (NPT) بپیوندد و تاسیسات اتمی خود را تحت نظارت کامل این آژانس قرار دهد.",بین الملل,2,225
رویترز به نقل از منابع آگاه گزارش داد که فرانسه یک دیپلمات ایرانی را از پاریس اخراج کرده است. به گزارش عصرایران، این اقدام در ارتباط با آنچه کشف و خنثی سازی بمب گذاری در نشست گروه مجاهدین خلق (منافقین) در حومه پاریس توصیف شده، انجام شده است- هنوز این خبر به صورت رسمی از سوی مقامات فرانسه اعلام نشده- دولت ایران هم به آن واکنشی نشان نداده است- &nbsp; دولت فرانسه ایران به&nbsp;دخالت در این ماجرا متهم می‌کند اما تهران این اتهام را رد می‌کند- در همین ارتباط یک دیپلمات ایرانی دیگر به نام اسدی (عضو سفارت ایران در وین) در آلمان بازداشت و برای محاکمه تحویل دولت بلژیک شده است. &nbsp;,بین الملل,2,113
به گزارش سرویس بین‌ الملل باشگاه خبرنگاران به نقل از شبکه تلویزیونی بی بی سی؛ این کمیته در بیانیه‌ای اعلام کرد در دیدار روز گذشته اعضای این کمیته با سازمان عفو بین الملل شماری از مسائل از جمله موضوع وضع رفاهی کارگران در طرح‌های اماده سازی اماکن برگزاری رقابت‌های جام جهانی فوتبال گفتگو شده است. کمیته برگزاری رقابت‌های جام جهانی فوتبال ۲۰۲۲ قطر خاطر نشان کرد در پی این دیدار موضوع بهبود شرایط کار و وضع رفاهی کارگران در مراکز ساخت ورزشگاه‌ها بررسی و به تشکیل کمیته ویژه رفاه کاگران در این مراکز منجر شده است. در این بیانیه امده است مذاکرات سازنده میان این کمیته و سازمان عفو بین الملل در خصوص وضع رفاهی کارگران در آینده تا قبل از برگزاری رقابت‌های فوتبال جام جهانی ۲۰۲۲ ادامه خواهد داشت. یادآور می‌شود سازمان عفو بین الملل روز یکشنبه در گزارشی از سو استفاده از کارگران مهاجر در قطر انتقاد کرده بود و از این کشور خواست از فرصت رقابت‌های جام جهانی ۲۰۲۲ که این کشور میزبان آن است، برای اثبات احترام به حقوق بشر استفاده کند. سازمان عفو بین الملل همچنین از فدراسیون بین المللی فوتبال (فیفا) خواسته بود قطر را برای بهبود شرایط کارگران خارجی تحت فشار قرار دهد. انتهای پیام /,بین الملل,2,203
باراک اوباما گفت دولت این کشور هنوز تصمیم نهایی را درباره اقدام نظامی علیه سوریه نگرفته است. وی مدعی شد: استفاده از سلاح شیمیایی در سوریه تهدیدی برای جهان و هم پیمانان این کشور مانند اردن و اسرائیل است. اوباما تاکید کرد: گروه نظامی اقدام محدود و کوتاه مدت را در سوریه را بررسی می‌کند و حمله بلند مدت در سوریه مد نظر نیست و نیروهای زمینی در حمله احتمالی علیه سوریه حضور نخواهند داشت. رییس جمهور آمریکا گفت: به مشورت با کنگره ادامه می‌دهد و از ناتوانی شورای امنیت سازمان ملل برای اقدام در خصوص سوریه انتقاد کرد. وی گفت هدف از حمله‌های محدود آمریکا این است که دیگران هم ببینند که دنیا به داشتن چنین سلاح‌هایی واکنش نشان می‌دهد.,بین الملل,2,121
به گزارش گروه بین‌الملل باشگاه خبرنگاران جوان؛ به نقل از اسپوتنیک، رسانه‌های مکزیک اعلام کردند در درگیری پلیس با معترضان به افزایش بهای بنزین در ایالت هیدالگو در این کشور، دست کم ۲۵ نفر زخمی شدند. این منابع گزارش دادند پلیس برای متفرق کردن معترضان به پرتاب گاز اشک آور و شلیک تیر هوایی متوسل شد که بر اثر آن دست کم ۲۵ نفر زخمی شدند. گفته می‌شود هیچ یک از معترضان دستگیر نشدند. بهای بنزین در مکزیک از اول ژانویه حدود ۲۰ درصد افزایش یافته که این مسئله باعث اعتراضات گسترده و غارت فروشگاه‌ها در برخی ایالت‌های این کشور و دستگیری صدها نفر شده است.,بین الملل,2,106
به گزارش گروه بین الملل باشگاه خبرنگاران جوان؛ شبکه المسیره در خبری فوری گزارش داد: توپخانه ارتش و نیروهای مردمی یمن پایگاه‌های نظامی عربستان در جنوب خوبه واقع در جیزان را هدف قرار دادند. در این حمله نظامیان سعودی به همراه تسلیحاتشان هدف قرار گرفتند. ۴ کشته در بمباران صعده یمن در بمباران منطقه مرحض در صعده یمن ۴ نفر کشته شدند. بمباران استان حدیده یمن جنگنده‌های سعودی آمریکایی منطقه گردشگری الخوخه، واقع در استان حدیده یمن را هدف قرار دادند. انتهای پیام/برای آگاهی از آخرین اخبار و پیوستن به کانال تلگرامی باشگاه خبرنگاران جوان اینجا کلیک کنید. برای آگاهی از آخرین اخبار و پیوستن به کانال تلگرامی باشگاه خبرنگاران جوان اینجا کلیک کنید. برای آگاهی از آخرین اخبار و پیوستن به کانال تلگرامی باشگاه خبرنگاران جوان اینجا کلیک کنید.,بین الملل,2,130
به گزارش سرویس بین‌ الملل باشگاه خبرنگاران به نقل از خبرگزاری فرانسه، هیلاری کلینتون اعلام کرد: چین، هند، مالزی، کره جنوبی، سنگاپور، آفریقای جنوبی، سریلانکا، ترکیه و تایوان به دلیل کاهش‌های بیشتر در حجم خرید نفت خام از ایران، بار دیگر می‌توانند از تحریم‌های آمده در بند ۱۲۴۵ قانون اختیار دفاع ملی سال مالی ۲۰۱۲ معاف شوند. من متعاقبا به کنگره گزارش خواهم کرد که معافیت از تحریم‌ها برای یک دوره زمانی ۱۸۰ روزه به کار گرفته خواهد شد. گفتنی است، پیشتر منابعی در دولت و کنگره آمریکا از احتمال تمدید معافیت این ۹ کشور از تحریم نفتی ایران خبر داده بودند.,بین الملل,2,102
به گزارش گروه بین‌الملل خبرگزاری فارس، نیروهای موشکی ارتش یمن و انصارالله چهارشنبه‌شب با شلیک سه فروند موشک بالستیک زلزال-۱، محل تجمع شبه‌نظامیان ائتلاف سعودی در نجران واقع در جنوب عربستان را هدف قرار دادند. به گزارش المسیره، این موشک‌های بالستیک بومی‌ساز به صورت همزمان به سمت محل استقرار شبه‌نظامیان در پایگاه نظامی السدیس شلیک شدند. یگان موشکی ارتش یمن و انصارالله دوشنبه گذشته هم دو فروند موشک بالستیک و نقطه‌زن بدر-p۱ و زلزال-۱ را به سمت محل استقرار شبه‌نظامیان ائتلاف سعودی در نجران شلیک کرده بود. نیروهای یمنی یکشنبه‌شب گذشته نیز دو فروند موشک زلزال-۱ به سمت شبه‌نظامیان مستقر در پادگان طیبه الاسم در صحرای الاجاشر در نجران شلیک کرده بودند. عربستان‌ سعودی با حمایت آمریکا، امارات و چند کشور دیگر از مارس ۲۰۱۵ اقدام به تجاوز نظامی به یمن و محاصره زمینی، دریایی و هوایی این کشور کرده است و پس از آن بود که یمن بی‌دفاع و بی‌سلاح به فکر چاره‌ای برای دفاع از خود و پاسخ به تجاوزات بی‌وقفه متجاوزان افتاد و به ساخت و تولید انواع و اقسام موشک روی آورد. بیشتر این موشک‌ها از نوع زالزل-۱، زلزال-۱ و بدر- ۱ و بدر p۱ هستند که جز موشک‌های بومی یمن محسوب می‌شوند. شلیک این موشک‌ها در سال گذشته میلادی بیش از سال‌های قبل از آن بود و به همین دلیل یمنی‌ها پارسال (سال ۲۰۱۸) را سال موشکی یمن نامگذاری کرده بودند. انتهای پیام/ح,بین الملل,2,228
به گزارش سرویس بین‌الملل باشگاه خبرنگاران به نقل ازپایگاه خبری المانیتور، کشورهای اروپایی اخیرا از تحریم‌هایی که کنگره آمریکا علیه حزب‌الله لبنان وضع کرد، ابراز نگرانی کرده و اعلام کرده‌اند اعمال این تحریم‌ها می‌تواند اثرات بدی بر اقتصاد لبنان داشته باشد. المانیتور به نقل از منابعی در کنگره آمریکا و لبنان، نوشت که برخی از دولت‌های اروپایی نسبت به تبعات تصویب نهایی این طرح در کنگره آمریکا هشدار داده‌اند. این منابع همچنین اعلام کرده‌اند که طرح افزایش تحریم‌های حزب‌الله لبنان تا حدی به واسطه همین هشدارها تاحدی در حال حاضر در سنا مسکوت مانده است. به رغم این حامیان این طرح اطمینان دارند که می‌توانند تحریم‌ها را به تصویب برسانند. یک دستیار ارشد کنگره به المانیتور گفته است: فرانسوی‌ها و انگلیسی‌ها و دیگران نگران هستند که این طرح می‌تواند سهوا به دلیل محدودیت‌های اقتصادی‌ای که ایجاد می‌کند، اقتصاد لبنان را متلاشی کند.,بین الملل,2,142
به گزارش گروه بین الملل باشگاه خبرنگاران جوان به نقل از گاردین؛ دفتر نخست‌وزیر انگلیس روز جمعه در بیانیه‌ای اعلام کرد: ترزا می، نخست‌وزیر انگلیس، قرار است در ماه جاری به ترکیه که در حال حاضر با موجی از حملات تروریستی مواجه است، سفر کند. براساس گزارش منابع انگلیسی، ترزا می‌در جریان این سفر قرار است در ارتباط با مبارزه مشترک با تهدیدات تروریستی، تلاش‌های بین‌المللی برای شکست گروه تروریستی داعش و نیز روابط فی‌مابین میان دو کشور به‌ویژه در آستانه آغاز فرایند مذاکرات خروج انگلیس از اتحادیه اروپا، با همتای ترکیه‌ای خود به گفت‌وگو بنشیند. به گفته این منابع، می‌به دنبال حملات اخیر تروریستی در باشگاه شبانه در استانبول، در تماسی با اردوغان، رئیس جمهور ترکیه، آمادگی انگلیس را به کمک به ترکیه برای مبارزه با تروریسم اعلام کرده بود. نخست وزیر انگلیس در جریان سفرش به ترکیه، از آنکارا خواهد خواست که در ارتباط با سیاست‌های مهاجرتی اتحادیه اروپا که سبب ایجاد موانعی برای پیوستن این کشور به این اتحادیه شده، خونسردی خودش را حفظ کند.,بین الملل,2,168
به گزارش گروه بین‌الملل باشگاه خبرنگاران جوان به نقل از خبرگزاری فرانسه، دادستان دیوان بین المللی کیفری در لاهه بامداد سه شنبه در گزارشی اعلام کرد که اسنادی در دست است که نشان می‌دهد که نیروهای آمریکایی و سازمان جاسوسی آمریکا در جنگ افغانستان مرتکب جنایت جنگی شدند. فاتو بن سودا دادستان دیوان کیفری بین المللی افزود: بر اساس اسناد و تحقیقات اولیه، نیروهای آمریکایی و سازمان جاسوسی این کشور بین سال‌های ۲۰۰۳ و ۲۰۰۴ به صورت غیر انسانی به شکنجه و آزار و اذیت زندانیان پرداخته‌اند. دادستان دیوان کیفری بین المللی گفت: اطلاعاتی در دست است که نشان می‌دهد نیروهای آمریکایی و ماموران سازمان جاسوسی این کشور به هنگام بازجویی از زندانیان به اقداماتی متوسل شدند که از موارد جنایت جنگی است. پیشتر نشریه آمریکایی فارن پالیسی از آغاز تحقیقات دیوان بین‌المللی کیفری درباره جنایت‌های جنگی آمریکا در افغانستان، خبر داده بود. این نخستین بار است که یک دادگاه بین المللی درباره جنایت‌های جنگی نیروهای آمریکایی در افغانستان را تحقیق می‌کند.,بین الملل,2,162
سازمان هواپیمایی امارات متحده عربی اعلام کرد که یک فروند بالگرد امداد و نجات در امارت شیخ نشین &laquo;راس الخیمه سقوط کرده است. به گزارش فارس، یک فروند بالگرد امداد و نجات امارات متحده عربی شامگاه شنبه (۸ دی) سقوط کرد- سازمان هواپیمایی امارات در بیانیه‌ای اعلام کرد که این بالگرد (از نوع آگوستاوستلند ۱۳۹) در امارت &laquo;رأس الخیمه سقوط کرده و بر اثر آن همه سرنشینان آن کشته شده اند- خبرگزاری رسمی امارات (وام) گزارش داد که به دستور &laquo;سعود بن صقر القاسمی، حاکم رأس الخیمه تحقیقات گسترده‌ای برای یافتن علت سقوط این بالگرد آغاز شده است. گفته می‌شود این بالگرد به هنگام مأموریت امداد در منطقه &laquo;جبل جیس بوده که بر اثر برخورد با سیم دکل‌ها دچار حادثه شده است.,بین الملل,2,122
به گزارش سرویس بین‌ الملل باشگاه خبرنگاران به نقل از صدای روسیه، رسانه‌های روسیه با اعلام این خبر افزودند ساعتی پیش دیدار هیئت سوری به ریاست فیصل المقداد با سرگئی لاوروف پایان یافت و این هیئت بلافاصله ساختمان وزارت امور خارجه روسیه در میدان سمولینسک مسکو را به سمت محل استقرار خود ترک کردند. این درحالی است که فیصل المقداد از هرگونه گفتگو با خبرنگاران امتناع کرده و تاکنون جزئیات این دیدار منتشر نشده است. گفتنی است، فیصل المقداد معاون وزیر امور خارجه سوریه شامگاه گذشته در راس هیئتی دیپلماتیک برای گفتگو با مقامات روسیه وارد مسکو شد. برخی رسانه‌ها فیصل المقداد را نماینده ویژه بشار اسد برای گفتگوهای مشورتی با سوریه برشمردند.,بین الملل,2,113
به گزارش سرویس بین‌ الملل باشگاه خبرنگاران به نقل از خبرگزاری فرانسه، این اسناد که روز جمعه انتشار یافت، با مطرح کردن مشکلات مالی و رفتارهای اندکی عجیب و غریب این تحلیگر سابق نیروی دریایی آمریکا، از وی تصویری پیچیده‌تر ارائه می‌کند. برای مثال یک روز اعلام می‌کند ارتش جمهوری‌خواه ایرلند همسرش را ربوده است. پولارد در سال ۱۹۸۵ درحالی که سعی می‌کرد به سفارت رژیم صهیونیستی در واشنگتن پناهنده شود بازداشت شد. وی در سال۱۹۸۷ به جرم انتقال هزاران اطلاعات محرمانه دفاعی به رژیم صهیونیستی بین مه سال ۱۹۸۴ تا نوامبر ۱۹۸۵، در آمریکا به زندان ابد محکوم شد. طبق اسناد طبقه‌بندی شده سیا، این جاسوس به بازجویان گفته است ماموریت اصلی وی جمع‌اوری اطلاعات در باره برنامه‌های هسته‌ای کشورهای عرب یا پاکستان بود. افزون بر این پولارد اطلاعاتی را در باره مقر سازمان آزادیبخش فلسطین در تونس ارائه کرده که احتمال دارد به رژیم صهیونیستی در طراحی حمله هوایی سال ۱۹۸۵ کمک کرده باشد. این اسناد همچنین می‌گوید این جاسوس آمریکایی اعلام کرده است اسرائیل از وی اطلاعاتی در باره مهمترین مسائل امنیت ملی آمریکا نخواسته و اطلاعاتی هم در این خصوص دریافت نکرده است. این اسناد محرمانه توسط بایگانی امنیت ملی در دانشگاه جرج تاون آمریکا انتشار یافته است. سیا در ابتدا از انتشار این اسناد خودداری می‌کرد. جاناتان پولارد در سال ۱۹۹۵، پیش از اعتراف رسمی به جاسوسی برای اسرائیل، شهروندی فلسطین اشغالی را بدست آورد. پس از آن اسرائیل تلاشهای زیادی برای آزادی او کرد اما بی نتیجه بود.,بین الملل,2,244
جک ما، موسس علی بابا به عنوان فردی آینده نگر در زمینه تجارت الکترونیک شناخته می‌شود اما وی اخیرا فاش کرده که ایده‌های خود را از ماهاتیر محمد، بنیانگذار مالزی نوین الهام گرفته است. علی بابا امروزه یکی از بزرگترین شرکت‌های فناوری و فروشگاه‌های آنلاین در دنیا است که نوزده سال قبل توسط جک ما تاسیس شد و حالا موسس خود را به ثروت و شهرتی بی نظیر رسانده است. او که حالا پنجاه و سه سال دارد اخیرا اعلام کرده که برنامه‌های ماهاتیر محمد برای تبدیل پایتخت مالزی به یک مرکز کسب و کار فناوری او را به راه اندازی یک کسب و کار دیجیتال تشویق کرده با این امید که فناوری را در چین متحول سازد. وی مدی شده که ایده این کسب و کار حین خواندن مقاله‌ای درباره احداث یک منطقه اقتصادی ویژه با فناوری پیشرفته به نام Multimedia Super Corridor در کوالالامپور به ذهن وی خطور کرده است: با خواندن این مقاله به این فکر افتادم که اگر مالزی می‌تواند چنین ایده نابی را اجرا کند چرا ما چینی‌ها نتوانیم؟ چرا من اینکار را از آپارتمان خودم شروع نکنم؟ اینطور بود که ایده‌های دکتر محمد الهام بخش من برای شروع کار شد و به این خاطر از او تشکر می‌کنم. در کمتر از دو سال جک ما علی بابا را با کمک سه نفر دیگر تاسیس کرد و حالا این فروشگاه در عرضه جهانی به رقابت می‌پردازد. اگرچه دکتر ماهاتیر محمد اکنون یی سال سن دارد اما ایٔتلاف تحت رهبری او با عنوان ایٔتلاف امید اخیرا در چهاردهمین انتخابات سراسری مالزی با کسب اکثریت ییی کرسی در انتخابات مجلس نمایندگان به پیروزی رسید. جک ما یکی از نخستین افراد سرشناس چین بود که پس از این انتخابات برای دیدار با ماهاتیر محمد راهی کوالالامپور شد.,علمی فناوری,4,289
مینو دبیری استاد دانشکده علوم شیمی و نفت دانشگاه شهید بهشتی، عنوان شیمیدان برجسته کشور در حوزه شیمی آلی را در سال ۱۳۹۷ کسب کرد. به گزارش ایرنا، مینو دبیری، چاپ ۱۴۰ مقاله بین‌المللی، ۷۸ مقاله ارایه شده در همایش‌های معتبر، هشت عنوان کتاب تالیفی و ترجمه سه جلد کتاب را در کارنامه پژوهشی خود دارد. تعداد کل ارجاعات علمی این شیمیدان به مقالات (براساس داده‌های پایگاه ISI) حدود ۴۵۰۰ و ۸۷ I ۱۰-Index و H-Index ۴۰ است. وی از سا‌ل‌ ۲۰۱۲ تا کنون در زمره یک ‌درصد دانشمند پراستناد جهان و همچنین پر استنادترین دانشمند ایران در سال‌های ۲۰۰۴ تا ۲۰۰۶ بوده است. در بیستمین کنگره شیمی ایران که به میزبانی دانشگاه فردوسی مشهد، برگزار شد، مینو دبیری مورد تقدیر قرار گرفت.,علمی فناوری,4,123
کمپ-ن- فاکسکان که بیشتر به لطف تولید آیفون شناخته می‌شود، برخی از معتبرترین شرکت‌های تولید روتر و دیگر تجهیزات کامپیوتری را خریداری می‌کند. این کمپ-ن- از اوخر سال گذشته تمایل خود به گسترش زیر مجموعه و زمینه‌های کاری را نشان داده که هدف از آن کاهش وابستگی این کمپ-ن- به تولید آیفون است. در حال حاضر تولید آیفون نیمی از فروش سالانه فاکسکان را تشکیل می‌دهد و در صورتی که اپل به دنبال شرکای جدید بوده یا محبوبیت آیفون کاهش پیدا کند، این شرکت با مشکلاتی جدی مواجه خواهد شد و به همین دلیل مسیٔولان آن به دنبال راه‌های دیگری برای درآمدزایی هستند. یکی از زیر مجموعه‌های این شرکت تایوانی به نام Foxconn Interconnect از قصد خود برای خرید Belkin خبر داده که کنترل شرکت‌های Linksys و Wemo را در دست دارد-Belkin که مقصر اصلی آن در کالیفرنیا قرار دارد، از سه دهه قبل در زمینه تولید تجهیزات تلفن و کامپیوتر، شارژهای بی سیم، داک لپ تاپ و قاب موبایل فعالیت دارد. این شرکت پنج سال قبل Linksys و Wemo را خریداری کرد که به ترتیب در زمینه تولید روتر و سیستم‌های خانه هوشمند از شرکت‌های شناخته شده به شمار می‌روند. خریداری این شرکت‌ها تغییر مهمی برای فاکسکان به شمار رفته و این کمپ-ن- را از بازیگری در پشت صحنه به مالک چندین برند تبدیل می‌کند. مبلغ توافق شده برای این معامله ۸۶۶ میلیون دلار است اما اجرایی شدن آن منوط به پذیرش کمیته سرمایه گذاری خارجی آمریکا است و از آنجایی که دولت ترامپ سابقه کارشکنی در این زمینه را دارد، بعید نیست این معامله هم رنگ واقعیت به خود نگیرد.,علمی فناوری,4,262
به گزارش خبرآنلاین، دکتر میسایٔو فوکودا از انستیتو سلامت M&K در هیوگوی ژاپن تحقیقاتی در این زمینه انجام داده و به این نتیجه رسیده است که بین نوسانات دما و کاهش نسبت جنسیت مرد به زن رابطه مستقیمی وجود دارد، چراکه پسران نسبت به فاکتورهای خارجی استرس آسیب‌پذیرترند. {لینک} تابستان گذشته فوکودا و همکارانش مطالعه جداگانه‌ای منتشر کردند که تأثیر رویدادهای محیطی که استرس شدید تولید می‌کنند را روی میزان و نوع تولد نشان می‌دهد. آن‌ها تأثیر زلزله ۱۹۹۵ کوبه روی منطقه هیوگو، زلزله بزرگ ۲۰۱۱ ژاپن روی منطقه توهوکو، نشت اتمی نیروگاه اتمی فوکوشیما در دایچی و زلزله ۲۰۱۶ استان کوماموتو را بررسی کردند. مهم‌ترین نتیجه این تحقیق این بود که ۹ ماه پس از وقوع این حوادث نرخ تولد پسران بین ۶ تا ۱۴ درصد کاهش پیدا کرد. این تحقیق از این نظریه پشتیبانی می‌کند که استرس بر بارداری تأثیر مستقیم می‌گذارد که به‌نوبه خود باعث تغییر جنسیت نوزاد می‌شود. فوکودا معتقد است به همین خاطر تغییرات اقلیم و گرمایش جهانی می‌تواند بر نرخ و نوع جنسیت هنگام تولد اثر بگذارد. البته دانشمندان دلیل این تغییر را نمی‌دانند اما فوکودا می‌گوید شاید به دلیل آسیب‌پذیری سلول‌های اسپرم y و جنین مرد باشد که می‌تواند تغییر قابل‌توجهی در نسبت جنسیت ایجاد کند. ۵۶۵۶,علمی فناوری,4,204
ایسوس به تازگی گوشی میان رده جدید ذنفون ۵Q را معرفی کرده که از ۴ دوربین بهره می‌برد. ذنفون ۵Q از ۲ دوربین اصلی به همراه ۲ دوربین سلفی بهره می‌برد. هر دو مجموعه دوربین‌ها قادر به ثبت تصاویر فوق عریض ۱۲۰ درجه‌ای هستند. به این ترتیب می‌توانید تصاویر سلفی عریض با گروه دوستانتان بگیرید. حسگرهای دیگر دوربین شامل یک ۱۶ مگاپیکسلی در عقب و یک حسگر ۲۰ مگاپیکسلی در جلو است. بر خلاف گوشی ذنفون ۵ که دارای بریدگی بالای نمایشگر است، ذن فون ۵Q فاقد آن است. همچنین کناره‌های نمایشگر از نوع ۲-۵ است. گوشی جدید ایسوس به حسگر اثر انگشت قرار گرفته در قاب پشتی مجهز شده و از نمایشگر لبه به لبه با نسبت ۱۸ به ۹ با رزولوشن ۲۱۶۰ در ۱۰۸۰ بهره می‌برد. چیپست در نظر گرفته شده برای آن اسنپدراگون ۶۳۰ است، به ۴ گیگابایت رم و ۶۴ گیگابایت حافظه داخلی مجهز شده و باتری ۳۳۰۰ میلی آمپر ساعتی به آن نیرو می‌دهد. از امکانات ارتباطی گوشی جدید کمپ-ن- تایوانی می‌توان به بلوتوث ۴-۲، وای فای، NFC و پشتیبانی از دو سیم کارت اشاره کرد. ایسوس رنگ‌های مشکی، سفید و قرمز را برای این گوشی در نظر گرفته. ذن فون ۵Q با قیمت ۲۹۹ دلار و با اندروید اوریو روانه بازار خواهد شد.,علمی فناوری,4,209
به گزارش گروه علمی و دانشگاهی خبرگزاری فارس به نقل از مرکز خبر شورای عالی انقلاب فرهنگی، جلسه بررسی سند ملی تربیت، آموزش و سلامت جنسی کشور به ریاست سیدسعیدرضا عاملی، دبیر شورای عالی انقلاب فرهنگی در محل دبیرخانه این شورا برگزار شد. در این جلسه که وزرای علوم، تحقیقات و فناوری، فرهنگ و ارشاد اسلامی، آموزش و پرورش، معاون امور زنان و خانواده رئیس جمهور، رئیس شورای فرهنگی اجتماعی زنان و خانواده و معاون امور اجتماعی وزیر بهداشت نیز در آن حضور داشتند؛ پس از بحث و بررسی اعضاء مقرر شد سند ملی تربیت، آموزش و سلامت جنسی کشور با محوریت وزارت آموزش و پرورش و همکاری وزارت بهداشت، درمان و آموزش پزشکی و شورای تخصصی حوزوی شورای عالی انقلاب فرهنگی تدوین و سپس توسط وزارت آموزش و پرورش در صحن شورای عالی انقلاب فرهنگی ارائه شود. گفتنی است این سند با هدف ارتقاء آگاهی، سواد و سلامت جنسی و مواجهه با مخاطرات جنسی برمبنای تعلیم و تربیت اسلامی تهیه شده است. انتهای پیام/,علمی فناوری,4,165
ایلان ماسک این روزها برای سر و سامان دادن به روند تولید تسلا مدل ۳ ساعات بسیاری از شبانه روز را در کارخانه به سر می‌برد و این مساله به دست مایه شوخی کاربران تبدیل شده است کمپ-ن- تسلا قبلا وعده داده بود در هفته ۲۵۰۰ خودروی الکتریکی مدل ۳ را به دست مشتریان می‌رساند اما نتوانسته از سقف ۲۰۰۰ دستگاه فراتر برود. روند تولید این ماشین تا حدودی پیچیده بوده و حتی ماسک از آن به عنوان جهنمی یاد کرده که برای بهبود آن بعضی شب‌ها در کارخانه می‌خوابد. وی اخیرا در مصاحبه با گیل کینگ، خبرنگار شبکه CBS مدعی شده که بعضی شب‌ها روی زمین می‌خوابد چون کاناپه به اندازه کافی عریض نیست. حالا برخی کاربران اینترنت با راه اندازی صفحه‌ای در پلتفرم سرمایه‌گذاری جمعی GoFundMe به دنبال جمع آوری پول به منظور خریدن یک کاناپه جدید برای ایلان ماسک هستند تا در بین شیفت‌های سنگین کارخانه تسلا روی آن استراحت کند. در این صفحه توضیحات زیر ارایٔه شده است: ایلان ماسک در حال پیشبرد دنیا به سمت استفاده از انرژی پایدار و حمل نقل مبتنی بر آن است. او اخیرا برای بهبود تولید ماشین مدل ۳ ناچار شده در کارخانه فرمونت بخوابد و این کاناپه‌ای است که روی آن استراحت می‌کند. ما به عنوان اعضای این جامعه نباید اجازه دهیم این وضع ادامه پیدا کند، پس بیایید باهم کاناپه جدیدی برای او تهیه کنیم. این صفحه در ابتدا برای دریافت هزار دلار ساخته شده بود اما تا کنون نزدیک به ۵ هزار دلار اعانه دریافت کرده است. کاربران در مرحله بعد قصد دارند درخواستشان را از طریق توییتر به گوش ماسک برسانند اما اگر وی این هدیه را قبول نکند آن را به خیریه اهدا می‌کنند. این حرکت در توییتر نیز بازتاب پیدا کرده و برخی از آن انتقاد کرده‌اند.,علمی فناوری,4,293
به گزارش خبرآنلاین، مطابق آمار دو موسسه HootSuite و We Are Social، دو کشور تایلند و اندونزی همراه با فیلیپ-ن-در فهرست ی کشور اول درزمینهی اعتیاد به اینترنت جای گرفته‌اند. متوسط جهانی ی ساعت و یی دقیقه محاسبه‌شده است. {لینک} {لینک} در این فهرست تایلندی‌ها با ی ساعت و یی دقیقه (رتبه سوم) و کاربران اندونزی با ی ساعت و یی دقیقه در رتبه‌های سوم و پنجم قرار گرفتند. دو کشور برزیل و کلمبیا از آمریکای لاتین به‌عنوان کشورهای درحال‌توسعه در بالای جدول قرار دارند. برزیل با ی ساعت و یی دقیقه در رتبه دوم جدول و کلمبیا با ی ساعت در رده چهارم قرار دارند. اغلب کشورهای به‌اصطلاح معتاد به اینترنت مربوط به کشورهای درحال‌توسعه هستند. طبق این گزارش افریقای جنوبی، آرژانتین، مالزی، مکزیک، امارات و مصر ششم تا یازدهم جدول هستند. طبق این گزارش یی درصد از مردم جهان آنلاین در ژانویه یییی آنلاین بوده‌اند. یییی,علمی فناوری,4,148
به گزارش خبرنگار گروه علمی و دانشگاهی خبرگزاری فارس به نقل از سایت universityworldnews، آموزش عالی دانمارک تصمیم بر کاهش پذیرش دانشجویان بین‌المللی گرفته است. کارشناسان علمی باور دارند، کاهش پذیرش دانشجویان بین‌المللی در دانمارک برابر با مشکلات متعددی در تأمین مالی دانشگاه‌ها خواهد بود. وزارت علوم و تحقیقات دانمارک طی یک بیانیه اعلام کرد، تصمیم بر کاهش ۱۰۰۰ نفری در پذیرش دانشجویان خارجی دارد. دانشگاه فنی دانمارک گفته است: حتی در صورت تقاضای زیاد دانشجویان قادر به پذیرش آنها نخواهد بود. بنابر اظهارات آموزش عالی دانمارک، دلیل کاهش پذیرش دانشجویان بین‌المللی این است که دولت برای تحصیل آنها هزینه می‌کند، بودجه خود را در اختیار آنها می‌گذارد و آنها پس از تمام شدن دوره تحصیلی به کشور خود بازمی‌گردند. Jesper Langergaard، رییس یکی از دانشگاه‌های دانمارک می‌گوید: به جای کاهش تعداد دانشجویان بین المللی در دانشگاه‌های دانمارک، تمرکز ما باید بر روی حفظ دانشجویان خارجی پس از فارغ‌التحصیلی آنها باشد. وزارت علوم دانمارک در گذشته اعلام کرده بود: ایجاد اشتغال برای دانشجویانی که در‌ آستانه فارغ‌التحصیلی هستند، نقش پررنگی در تصمیم آنها برای اقامت در کشور دارد؛ فراهم کردن این شرایط می‌تواند جایگاه اقتصادی و علمی دانمارک را با رشد قابل توجهی رو به رو کند. اما به نظر می‌رسد در شرایط کنونی، حذف شماری از دانشجویان بین‌المللی را در اولویت خود قرار داده است. براساس داده‌های منتشر شده، دانشجویان بین‌المللی که در سال‌های ۲۰۰۷ تا ۲۰۱۱ در دانمارک تحصیل کرده‌اند، بیش از ۶۲۷ میلیون دلار آمریکا به اقتصاد این کشور تزریق کرده‌اند. انتهای پیام/,علمی فناوری,4,246
این کفی کفش دولایه از جنس پلی دی متیل سیلوکسان ساخته شده است و لایه زیرین آن در واقع یک مخزن گاز اکسیژن است. لایه بالایی این کفی با استفاده از لیزر به گونه‌ای سوراخ شده است که اکسیژن را دقیقا در محل وجود زخم آزاد می‌کند. هنگامی که شخص از این کفی استفاده می‌کند در اثر فشار پای او، اکسیژن از مخزن خارج شده و از طریق لایه بالایی کفی به طور مستمر در طول روز آزاد می‌شود. این اکسیژن رسانی به زخم موجب بهبود سریع‌تر آن می‌شود. حتی در هنگام نشستن نیز فشار پای شخص برای آزاد شدن اکسیژن در محل زخم کافی است. مدل سازی‌های انجام شده نشان می‌دهد که این نمونه اولیه قادر است تحت فشار پای شخصی به وزن ۵۳ تا ۸۱ کیلوگرم، حداقل به مدت ۸ ساعت اکسیژن تولید کند. این نمونه اولیه با استفاده از قالب گیری سیلیکون و با استفاده از فناوری لیزر ساخته شده است، اما محققان امیدوارند در آینده نزدیک بتوانند این نوع کفی‌ها را با استفاده از فناوری چاپ سه بعدی و بر اساس تصاویر کف پای بیماران دیابتی به طور سفارشی تولید کنند. اکنون محققان در حال انجام آزمایشات بالینی هستند و در تلاشند تا این فناوری را تجاری سازی کنند. دست و پای بیماران مبتلا به دیابت به دلیل ضعف گردش خون و آسیب عصبی معمولا بی حس است و به همین دلیل اغلب متوجه زخم‌های پوستی به ویژه در ناحیه پا نمی‌شوند. به دلیل سرعت پایین بهبود و ترمیم زخم در این افراد، معمولا ناحیه جراحت دچار عفونت شدید شده و ممکن است منجر به قطع عضو بیمار شود. گزارش کامل این تحقیقات در نشریه Materials Research Society Communications منتشر شده است. ۵۶۵۶,علمی فناوری,4,277
سونی چند ماه قبل از کتابخوان مبتنی بر جوهر الکترونیکی DPT-RP۱ پرده برداشته بود که اندازه‌ای در حد یک کاغذ A۴ و نمایشگری ۱۳ اینچی داشت. کاربران می‌توانستند با استفاده از قلم، سند‌های خود را بسازند، در فایل‌های PDF یادداشت کنند یا کارهایی از این قبیل انجام دهند. به تازگی نسخه جدید از این کتابخوان معرفی شده که همان قابلیت‌ها را ارایٔه می‌دهد، ولی اندازه کوچکتری دارد. کتابخوان جدید سونی نمایشگری ۱۰-۳ اینچی دارد مدل جدید که DPT-CP۱ نام گرفته، به اندازه یک کاغذ A۵ است و از نمایشگری ۱۰-۳ اینچی بهره می‌برد. رزولوشن گجت سونی ۱۴۰۴ در ۱۸۷۲ پیکسل است و به این ترتیب تراکم پیکسلی ۲۲۴ نقطه در هر اینچ دارد. محصول جدید سونی ۱۶ سطح رنگ خاکستری را نمایش می‌دهد و حافظه داخلی ۱۶ گیگابایتی دارد CP۱ می‌تواند ۱۶ سطح رنگ خاستری را نمایش دهد. این محصول دارای ۱۶ گیگابایت حافظه داخلی است که می‌تواند فایل‌های PDF را خود جای دهد. همچنین به لطف نرم افزار ویژه سونی، می‌توان کتاب‌ها را با سایر کامپیوترهای بهره مند از سیستم عامل‌های ویندوز یا مک و نیز موبایل‌های بهره مند از سیستم عامل‌های iOS یا اندروید به اشتراک گذاشت. کتابخوان مورد بحث ضخامتی ۵-۹ میلی متری دارد و وزن آن کمتر از ۲۲۶ گرم است. بنا بر ادعای سونی این تبلت تنها با یک بار شارژ، دوام باتری یک ماهه را ارایٔه می‌دهد. مشابه با مدل بزرگتر، DPT-CP۱ تنها در بازار ژاپن ارایٔه می‌شود و در عین حال قرار نیست برای مشتریان عادی به فروش برسد. سونی قیمت ۶۵۰ دلاری را برای این محصول خود در نظر گرفته که به این ترتیب ۱۰۰ دلار ارزان‌تر از برادر بزرگتر خود است. کتابخوان یاد شده قرار است از ماه ژویٔن (خرداد تا تیر) سال جاری روانه بازار شود.,علمی فناوری,4,286
محققان چینی موفق به تولد ی نوزاد میمون شبیه‌سازی شدند که در ژنتیک آن‌ها نشانگرهای بیماری‌های گوناگون وجود دارد. به گزارش ایسنا و به نقل از دیلی‌میل، محققان چینی به تازگی ی نوزاد میمون شبیه‌سازی شده را متولد کرده‌اند که برای شبیه‌سازی حیوانات مبتلا به بیماری‌های مختلف و برای استفاده در آزمایشات تحقیقاتی به وجود آمده‌اند. در DNA هر ی میمون تغییراتی ایجاد شده است که این امر سبب ایجاد شرایطی مشابه با انسان در میمون‌ها شده است. از این نشانه‌ها می‌توان به افسردگی، اضطراب و اسکیزوفرنی اشاره کرد. محققان آکادمی علوم چین (CAS) در شانگهای که این تحقیق را انجام داده‌اند، از روشی استفاده کردند که سال گذشته برای تولد اولین میمون‌های شبیه‌سازی شده به کار گرفته شده بود. این میمون‌های شبیه‌سازی شده در آزمایشگاه زندگی خواهند کرد و بنا بر اظهارات محققان پروژه، برای انجام آزمایشاتی استفاده خواهند شد که راه‌های جدید و خارق‌العاده‌ای برای درمان بیماری‌های مختلف به ارمغان خواهند آورد که اختلالات مغزی و یا سرطان‌ها مثالی از آن‌ها است. گفتنی است استفاده از میمون‌های مذکور علاوه بر بررسی بیماری‌زایی، به کشف روش‌های درمانی دیگر نیز منجر خواهد شد. این پروژه تحقیقاتی به کاهش استفاده از میمون‌های رزوس در تحقیقات زیست پزشکی منجر خواهد شد.,علمی فناوری,4,199
وزیر علوم، تحقیقات و فناوری گفت: شورای اجرایی یونسکو با اشاره به میراث علمی دکتر مریم میرزاخانی و سه بانوی دیگر ریاضیدان در سند نامگذاری؛ روز ۱۴ مارس (۲۳ اسفند) را به عنوان روز بین المللی ریاضیات نامگذاری کرد- به گزارش ایسنا دکتر منصور غلامی اظهار کرد: شورای اجرایی سازمان یونسکو در دویست و پنجمین اجلاس خود، با توجه به نقش ریاضیات در پیشبرد سایر علوم بویژه در فهم مسائل بزرگ اجتماعی، زیست محیطی و معضلات مربوط به آنها مانند آثار تغییرات آب و هوایی، مبارزه با نابودی تنوع زیستی، پیش بینی و برآورد نیازهای رشد جمعیت از جمله غذا و کمک به یافتن راهکارهای علمی، روز ۱۴ مارس را به عنوان روز بین المللی ریاضیات نامگذاری کرد- وزیر علوم هدف از نامگذاری روز بین المللی ریاضیات را در معرض عموم قرار دادن فعالیت‌های حوزه ریاضی در طول سال دانست و گفت: در سند مربوط به نامگذاری روز بین المللی ریاضیات، با اشاره به میراث علمی دکتر مریم میرزاخانی و سه بانوی دیگر ریاضیدان، بر نقش سازنده زنان در توسعه ریاضیات تاکید شده و از آنها به عنوان الگوهایی برای زنان و دختران جویای دانش در همه جوامع نام برده شده است- بر اساس اعلام روابط عمومی وزارت علوم، روز بین المللی ریاضیات براساس عدد پی (۳/۱۴)، روز چهاردهم از سومین ماه سال میلادی در نظر گرفته شده است. جمهوری اسلامی ایران از سال ۲۰۱۵ با رای کشورهای عضو یونسکو به عضویت شورای اجرایی یونسکو که نهاد مدیریتی این سازمان با ۵۸ عضو است، درآمد.,علمی فناوری,4,245
کمپ-ن- اینتل در جریان مراسم Fall Desktop Launch امروز از پردازنده‌های سری Core X بر مبنای پلتفرم Basin Falls Refresh رونمایی کرد. این پردازنده‌ها برای دسکتاپ‌های پریمیوم ساخته شده‌اند و بیش از هرکس دیگر، تولیدکنندگان حرفه‌ای محتوی را هدف قرار داده‌اند. همانطور که انتظار می‌رفت، این پردازنده‌ها همراه با سرعت کلاک افزایش یافته از راه می‌رسند اما از نظر تعداد هسته برتری خاصی نسبت به محصولات پیشین ندارند. اینتل در این مراسم از مشخصات پردازنده ۲۸ هسته‌ای W-۳۱۷۵X هم پرده برداشت که قرار است در نقش مدل پرچمدار ظاهر شود. پردازنده‌های جدید سری X همگی از ۶۴ لاین PCIe پشتیبانی کرده و با سقف ۱۸ هسته و ۳۶ رشته پردازشی از راه می‌رسند. درست مثل مدل‌های فعلی، این پردازنده‌ها از DDR۴ چهار کاناله هم پشتیبانی می‌کنند. ناگفته نماند که تولید این چیپ‌ها با فرآیند ۱۴ نانومتری پلاس پلاس انجام می‌شود. علاوه بر این‌ها، اینتل لحیم مواد رابط حرارت را جایگزین گریس گرمایی پیشین کرده که انتقال حرارت را بهینه‌تر می‌کند. این گام مهمی است که می‌تواند پرفورمنس بهتر هنگام اوورکلاک را برای عاشقان بیشترین قدرت پردازشی ممکن به ارمغان آورد. از طرف دیگر، عملکرد حرارتی هنگام استفاده در کلاک پیش فرض نیز بهبود یم یابد که به پردازنده‌ها اجازه می‌دهد بیشتر در حالت Turbo کار و و کلاک سریع‌تر را برای مدتی طولانی‌تر حفظ کنند. اینتل هنوز مشخصات دقیق‌تر یا قیمت گذاری پردازنده‌های سری Core X را اعلام نکرده اما در ماه نوامبر آتی باید منتظر آنها بود. اینتل ضمنا چند بنچمارک در قیاس با پردازنده Threadripper ای ام دی به اشتراک گذاشت که در پایین قابل مشاهده است.,علمی فناوری,4,259
دولت کره جنوبی از قصد خود برای توسعه اینترنت با سرعت ۱۰ گیگابیت در ثانیه طی یک سال آینده خبر داده است. در حالی که بسیاری از کشورهای آسیایی از اینترنت با سرعت نه چندان فراوان بهره می‌برند، وزارت علوم و ارتباطات کره جنوبی با برگزاری مناقصه‌ای عمومی به دنبال همکاری با شرکت هایی است که توانایی ایجاد زیرساخت‌های لازم برای ارایٔه اینترنت با سرعت ۱۰ گیگابیت بر ثانیه را داشته باشند. دولت این کشور قصد دارد با سرمایه گذاری ۸۷۷ هزار دلاری و مشارکت کمپ-ن-‌های محلی از قبیل KT، LG Uplus و SK Broadband طی سال آینده این پروژه را اجرایی کند. شرکت‌های مذکور در این زمینه تجربه لازم را نیز دارند، برای مثال KT که در زمینه خطوط مخابراتی ثابت تخصص دارد، اینترنت با سرعت ۱۰ گیگابیت بر ثانیه را به صورت محدود در مناطقی از سیٔول و پیونگ چانگ ارایٔه کرده است. کره جنوبی که چهارمین اقتصاد برتر آسیا محسوب می‌شود، پیش از این اینترنت با سرعت یک گیگابیت بر ثانیه را به صورت گسترده در اختیار شهروندان قرار داده و با پیاده سازی پروژه جدید قصد دارد ارایٔه سرویس هایی از قبیل واقعیت افزوده، واقعیت مجازی، انتشار محتوا و سرویس‌های ۵G جدید را تسهیل کند. این کشور از مناطق پیشرو در زمینه فناوری‌های ارتباطی به شمار می‌رود و در این راستا پروژه هایی از قبیل اولین پلتفرم آزمایش خودروی خودران مبتنی بر اینترنت ۵G، ارایٔه اینترنت پر سرعت برای قطارهای سریع السیر و فناوری وای فای جدید با سرعت ۴-۸ گیگابیت بر ثانیه را پیاده سازی کرده است.,علمی فناوری,4,252
به گزارش گروه علمی و دانشگاهی خبرگزاری فارس به نقل از مرکز ارتباطات و اطلاع‌رسانی معاونت علمی و فناوری ریاست جمهوری، شرکت‌های خلاق می‌توانند به‌منظور دریافت انواع ضمانت‌نامه مطابق با شرایط پیش‌بینی شده از خدمات صندوق پژوهش و فناوری کریمه بهره‌مند شوند. این ضمانت‌نامه‌ها شامل ضمانت نامه‌های مزایده و مناقصه، حسن انجام تعهدات و پیش‌پرداخت می‌شود. این اقدام به‌موجب توافق انجام‌شده میان دبیرخانه برنامه توسعه زیست‌بوم شرکت‌های خلاق و صندوق پژوهش و فناوری کریمه و به‌منظور تسهیل فضای کسب‌وکار شرکت‌های خلاق صورت می‌گیرد. این تخفیف ۵۰ درصدی کارمزد در ۳ ردیف برای شرکت‌های خلاق اجرا می‌شود. نخست مزایده و مناقصه است. شرایط بهره‌مندی از این نوع ضمانت‌نامه به این صورت است که آورده نقدی ۵ درصد مبلغ ضمانت‌نامه و کارمزد یک درصد مبلغ آن خواهد بود. دومی ضمانت‌نامه حسن انجام تعهدات است. شرایط این ضمانت‌نامه به‌صورت ۵ تا ۱۵ درصد مبلغ ضمانت‌نامه (متناسب با ارزیابی) و یک درصد مبلغ ضمانت‌نامه برای کارمزد محسوب می‌شود- سومین ردیف نیز ضمانت‌نامه پیش‌پرداخت خواهد بود- در شرایط این ضمانت‌نامه نیز ۵ تا ۱۵ درصد مبلغ ضمانت‌نامه (متناسب با ارزیابی) و یک درصد مبلغ ضمانت‌نامه ذکر شده است. شرکت‌های خلاق می‌توانند برای دریافت اطلاعات بیشتر، شرکت‌های خلاق با شماره ۰۲۱۴۰۸۸۳۰۶۳ تماس حاصل کنند. انتهای پیام/,علمی فناوری,4,200
به گزارش خبرنگار باشگاه شبانه باشگاه خبرنگاران جوان، دانشمندان سنگی آسمانی کشف کرده‌اند که می‌گویند ۴۷۰ میلیون سال پیش به زمین سقوط کرده است و اولین نوع سنگ آسمانی است که به زمین افتاده است. این سنگ آسمانی در تکه سنگ آهک دریایی پیدا شده است و گفته می‌شود که در طی یکی از بزرگترین برخوردهای فضایی در سه میلیارد سال به زمین افتاده است. گفته می‌شود این قطعه سنگ در فاصله ۶۲ مایلی جو زمین از شهاب سنگی در اثر یک برخورد شدید بین شهاب سنگ‌ها، جدا شده است و در به وجود آمدن منظومه شمسی کمک کرده است. این شهاب سنگ ۴ اینچ طول دارد و نام آن اوست ۶۵ انتخاب شده است. این نام گذاری به خاطر این است که این شهاب سنگ در نزدیکی کلیسایی در سوئد به نام اوسترپناند کشف شده است.,اجتماعی,0,137
به گزارش خبرنگار اجتماعی باشگاه خبرنگاران از روابط عمومی برج میلاد تهران، بلندترین برج کشور در لحظه سال تحویل رنگ و بوی دیگری داشت و بسیاری از هنرمندان و ورزشکاران و شهروندان تهرانی سال جدید خود را در کنار ایتام، معلولان و بیماران ام اس آغاز کردند و دعای لحظه سال تحویل را در کنار این کودکان زمزمه کردند. به گفته فرزاد هوشیار پارسیان مدیرعامل برج میلاد تهران، در لحظه سال تحویل بیش از یک هزار شهروند، ۳۰۰ کودک یتیم و تعدادی از بیماران ام اس، در لحظه سال تحویل بر فراز برج میلاد تهران گرد هم آمدند. خواندن دعای لحظه تحویل سال همزمان با برقراری ارتباط زنده با حرم رضوی و اجرای موسیقی شاد محلی از ویژه برنامه‌های لحظه تحویل سال در برج میلاد تهران بود که در ارتفاع ۲۸۰ متری از زمین در برج میلاد تهران برگز ار شد.,اجتماعی,0,141
به گزارش خبرنگار اجتماعی باشگاه خبرنگاران، به نقل از سازمان ثبت اسناد و املاک کشور، در شش ماهه اول سال ۷ میلیون و ۴۸۸ هزار و ۹۲۰ فقره انواع سند رسمی با رشد ۸ درصدی به نسبت مدت مشابه سال ۹۲ در دفاتر اسناد رسمی کشور به ثبت رسیده است. این اسناد شامل اسناد بیع، صلح، وکالت، اجاره، تقسیم نامه، گواهی امضاء و سایر اسناد تنظیمی بوده است. در شش ماهه نخست امسال همچنین ۳۷۳ هزار و ۲۳ ازدواج دائم با کاهش ۶ درصدی و ۱۱۵ ازدواج منقطع با کاهش ۲۱ درصدی در دفاتر رسمی ازدواج ثبت شده است. در این مدت همچنین ۷۶ هزار و ۹۷۷ طلاق با رشد یک درصدی به نسبت مدت مشابه سال قبل نیز در دفاتر رسمی طلاق در کشور به ثبت رسیده است. گفتنی است در حال حاضر ۷ هزار و ۱۱۷ دفتر اسناد رسمی، ۳ هزار و ۲۴۱ دفتر ازدواج و ۸۴۷ دفتر طلاق زیر نظر سازمان ثبت اسناد و املاک کشور فعالیت می‌کنند. انتهای پیام/,اجتماعی,0,163
اقبال شاکری رئیس کمیته عمران شورای اسلامی شهر تهران در گفتگو با خبرنگار حوزه شهری گروه اجتماعی باشگاه خبرنگاران جوان؛ با اشاره به موضوع بازگشایی خیابان ۱۷ شهریور، اظهار داشت: این پروژه در دو فاز اجرایی می‌شود تا بتوانیم با اجرای صحیح آن در راستای خدمات رسانی به شهروندان اقدام کنیم. وی با بیان اینکه در فاز اول شاهد بازگشایی چهارراه صفا تا میدان شهدا بودیم، افزود: با حمایت و همکاری مردم و همچنین مدیریت شهری فاز دوم این پروژه را هم اجرایی خواهیم کرد. رئیس کمیته عمران شورای اسلامی شهر تهران با تاکید بر اینکه مطالعات فاز دوم بازگشایی این خیابان هنوز انجام نشده است، گفت: بعد از پایان یافتن مطالعات باید خروجی کار مشخص شود تا بررسی فاز دوم هرچه زودتر در دستور کار قرار گیرد. شاکری با بیان اینکه باید قبل از به اتمام رسیدن دوره چهارم شورای شهر تهران شاهد اجرای فاز دوم و تکمیل پروژه خیابان ۱۷ شهریور باشیم، تصریح کرد: هم اکنون مشاور تعیین شده از سوی شهرداری تهران در حال بررسی و جمع بندی اطلاعات فاز دوم است تا به این ترتیب بتوانیم در خصوص بازگشایی محور ۱۷ شهریور یک تصمیم نهایی اتخاذ کنیم و همچنین در راستای حل مشکلات مردم گام‌های اساسی برداریم. وی گفت: هم اکنون مشکل برخی مسیرهای طولانی در این محور برطرف شده و مخازن زباله هم از سر کوچه هایی که امکان تردد را برای شهروندان غیر ممکن کرده بود، برداشته شده است. شاکری با اشاره به برداشته شدن پست برق صفای شرقی و اصلاح هندسی معابر این خیابان افزود: با برداشتن برخی از آبنماهای خیابان صفا دو لاین به معبر اضافه و فاز اول تکمیل می‌شود.,اجتماعی,0,269
وی گفت: تاکنون ۸۳۰ هزار نفر از بازنشستگان کشوری در مراحل قبلی معوقات خود را دریافت کرده‌اند. ربیعی تصریح کرد: مطالبات ناشی از اجرای قانون مدیریت خدمات کشوری یکی از مشکلات پیش روی صندوق بازنشستگی بود و با مدیریتی که در پیش گرفته شده و با تدابیر اتخاذ شده این تعهدات پرداخت شد و امیدوارم که بتوانیم گامهای موثرتری را برای بهبود رفاه بازنشستگان برداریم. وزیر تعاون، ‌کار و رفاه اجتماعی در پایان تاکید کرد: توسعه رفاه در جامعه اولویت دولت تدبیر و امید است و اطمینان می‌دهم که دولت هیچ لحظه‌ای را برای بهبود زندگی بازنشستگان از دست نخواهد داد. انتهای پیام /,اجتماعی,0,104
محمدعلی متبحری در گفتگو با خبرنگار اجتماعی باشگاه خبرنگاران عنوان کرد: با تلاش و پیگیری‌های پلیس آگاهی و فرماندهی نیروی انتظامی غرب استان تهران در دو مرحله یک هزار و ۲۲۲ بطری مشروبات الکلی کشف و ضبط شد. وی ادامه داد: یک هزار و ۱۱۰ بطری از مشروبات الکی در خادم آباد شهریار از یک منزل مسکونی کشف و یک نفر نیز دستگیر شد که در اعترافات عنوان کرد مشروبات را از غرب کشور به شهریار منتقل کرده بود. متبحری بیان داشت: با اقدامات اطلاعاتی یکی دیگر انبار‌های قاچاقچیان مشروبات الکلی در تهران، شهرک آزادی شناسایی شد که با همکاری پلیس آگاهی پایتخت این انباری که یک منزل مسکونی بود از بین رفت. دبیر کمیسیون مبارزه با قاچاق کالا و ارز استان تهران خاطرنشان کرد: در نهایت ماموران در بازرسی از این منزل ۱۱۲ انواع بطری مشروبات الکلی را کشف و یک متهم را نیز دستگیر کردند. انتهای پیام/,اجتماعی,0,149
سرهنگ بیگلری رئیس پلیس راه استان قزوین در گفتگو با خبرنگار گروه اجتماعی باشگاه خبرنگاران جوان؛ در خصوص حادثه مرگبار روز گذشته گفت: در اتوبان قزوین - زشت یک دستگاه پژو ۴۰۵ از مسیر خود واژگون شد. وی در ادامه به تلفات این حادثه اشاره کرد و افزود: متاسفانه در پی وقوع این واژگونی یک تن در دم جان خود را از دست داد و ۲ تن نیز مجروح شدند. رئیس پلیس راه استان قزوین به علت وقوع این حادثه اشاره و اظهار داشت: ‌ کارشناسان پلیس با حضور در صحنه حادثه علت این حادثه را عدم توجه به جلو ناشی از خستگی و خواب آلودگی از جانب راننده پژو اعلام کرند.,اجتماعی,0,112
به گزارش خبرنگار حوزه شهری گروه اجتماعی باشگاه خبرنگاران جوان؛ جعفر ناصربخت فرماندار شهرستان قدس در نخستین نشست مجمع مشورتی جوانان استان تهران اظهار داشت: اوایل انقلاب شرایط جامعه شرایط خاصی بود و‌ مطالبات مردم تا این حد توسعه نیافته بود‌. با توجه به تنوع و پیچیدگی هایی که جامعه امروز ما دارد، طبیعی است جوانان باید با پست‌های تخصصی و مدیریتی به کارگیری شوند. وی افزود: به دلیل محدودیتی که داریم‌، سعی می‌کنیم در کارگروه‌های مختلف افراد متخصص را دعوت به همکاری کنیم و جوانان از تجربیات مدیران در آن دستگاه استفاده کنند. ناصر بخت گفت: هم اکنون جوانان ما در شهرستان‌های استان تهران از نظر شادی و‌سرگرمی در تنگنا قرار دارند. فرماندار شهر قدس تصریح کرد: با توجه به مشکلاتی که وجود دارد، برخی جوانان نسبت به آینده ناامید هستند که شاید به دلیل شرایط خانواده و شرایط جامعه باشد.,اجتماعی,0,142
به گزارش گروه اجتماعی باشگاه خبرنگاران جوان؛ سازمان وظیفه عمومی ناجا در اطلاعیه‌ای اعلام کرد: تمام مشمولان فارغ التحصیل دوره‌های کارشناسی و بالاتر و همچنین مشمولان گروه پزشکی سراسر کشور که برگ آماده به خدمت به تاریخ /۱ دریافت کرده‌اند، باید با مراجعه به یکی از دفاتر خدمات الکترونیک انتظامی (پلیس+۱۰)، برگ معرفی نامه مشمولان به مراکز آموزش را دریافت و برابر اطلاعات مندرج در آن اقدام کنند. براساس این گزارش، تمام مشمولان فوق، موظف هستند روز چهارشنبه یکم شهریور ماه سال ۹۶ در محل و ساعتی که توسط این سازمان در برگ معرفی نامه مشمولان به مراکز آموزش نیروهای مسلح اعلام شده حضور یابند. گفتنی است؛ عدم حضور به موقع در زمان و محل‌های تعیین شده، غیبت محسوب و برابر ماده ۵۸ قانون خدمت وظیفه عمومی، محرومیت‌های اجتماعی را برای آنان در بر خواهد داشت. شایان ذکر است، مشمولان می‌توانند با مراجعه به پایگاه فرهنگی سرباز به نشانی فهرست مدارک و وسایل مورد نیاز برای ارائه به مراکز آموزش را رویت و در موعد اعزام به خدمت همراه داشته باشند.,اجتماعی,0,171
به گزارش گروه اجتماعی باشگاه خبرنگاران جوان؛ مرتضی آقایی مدیر کل عتبات سازمان حج و زیارت در خصوص ثبت نام سفر به عتبات و عالیات در دهه اول محرم اظهار کرد: از روز یکشنبه ۱۱ شهریور ساعت ۹ صبح ثبت نام گروه‌های دهه اول محرم در ۲۵۰۰ دفتر تحت پوشش سازمان حج و زیارت در سراسر کشور آغاز می‌شود و متقاضیان از بیست و یکم تا سی و یکم شهریورماه به عتبات اعزام می‌شوند. وی افزود: با افزایش قیمت ارز و با توجه به اینکه بخش عمده‌ای از هزینه‌های سفر، هزینه‌های ارزی است، مبلغی که بابت هزینه‌های اسکان، تغذیه، حمل و نقل زائر پرداخت می‌شود، افزایش پیدا کرده و در حدود ۲ برابر شده‌ است. مدیر کل عتبات سازمان حج و زیارت گفت: افرادی که از ۱۱ شهریور ماه اعزام می‌شوند، هزینه سفرشان با نرخ جدید ارز محاسبه می‌شود. گفتنی است؛ قیمت سفر به عتبات عالیات به صورت زمینی با ۴۰ درصد افزایش از یک میلیون و ۶۰۰ هزار تومان تا یک میلیون و ۹۰۰ هزار تومان و به صورت هوایی با ۶۰ درصد افزایش از ۳ میلیون و ۱۸۰ هزار تومان تا ۳ میلیون و ۳۸۰ هزار تومان خواهد بود.,اجتماعی,0,191
به گزارش خبرنگار اجتماعی باشگاه خبرنگاران، غلامعلی حداد عادل عضو کمیسیون آموزش و تحقیقات مجلس شورای اسلامی در حاشیه نشست آموزش و پرورش از نهاد آموزشی تا نهاد فرهنگی تربیتی که در سازمان پژوهش و برنامه‌ریزی آموزشی برگزار شد در جمع خبرنگاران در خصوص ظهور و بروز عرفان‌های کاذب در میان دانش آموزان‌ به ویژه دانش آموزان‌ دختر گفت: عرفان‌های کاذب پدیده‌ای است که در جامعه ما بعد از انقلاب اسلامی رشد پیدا کرده وعلت‌ آن این است که در اصل نظام و در سیاست‌های کلی کشور بر معنویت تاکید می‌شود اما ر کار آن عرفان‌های کاذب نیز مجال ظهور و بروز پیدا کرده‌اند. وی ادامه داد: این اتفاق در جامعه ما به وقوع پیوسته و هشدار آن نیز در پی آن لازم است وباید به آموزشهای صحیح اخلاقی و عرفانی حرکتی کرد که جوانان تفاوت عرفان حقیقی را از کاذب تفکیک دهند. حداد عادل در خصوص انتقادها در مورد بالا بودن شهریه مدارس غیر دولتی گفت: به دلیل آنکه خود نیز مدرسه اداره می‌کنیم می‌دانم که گرانی‌ دستمزدها موجب بالا رفتن هزینه‌ها می‌شود بنابراین شکایت و انتقاد از بالا بودن شهریه‌ها به جا است و مانند شکایت از انواع گرانی‌ها است اما اینکه بعضی از مدارس بخواهند از این را به سرمایه اندوزی وسود کلان دست پیدا کنند اشتباه است. عضو کمیسیون آموزش و تحقیقات مجلس شورای اسلامی اضافه کرد: برخی مدارس نیز وجود دارند که سوداندوزی ندارند اما با مشکل گرانی مواجه هستند بنابراین برای برخی از مردم پرداخت شهریه مدارس غیر انتفاعی دشوار است. وی در خصوص استیضاح وزیر آموزش و پرورش خاطر نشان کرد: در فضای مجلس بحث استیضاح جدی نیست و امیدوارم هیچ وقت این موضوع جدی نشود زیرا بحث جمع آوری امضا همیشه است اما در حال حاضر جو قالب این نیست. انتهای پیام/,اجتماعی,0,290
به گزارش خبرنگار اجتماعی باشگاه خبرنگاران، ۲۵ شوال سالروز شهادت رئیس مکتب جعفری امام صادق (ع) است-به منظور آشنایی بیشتر با سیره و زندگانی امام صادق (ع) دوره آموزشی با حضور اساتید و پژوهشگران حوزه برگزار می‌شود- تاریخ و زندگی امام صادق (ع)، بررسی سیره امام صادق (ع)، امام صادق (ع) و قرآن، دشمن‌شناسی، گفتار‌شناسی و تربیت شدگان امام صادق (ع) از جمله این مباحث است. این دوره از نیمه مرداد ماه آغاز و در قالب ۱۴ جلسه ادامه دارد. حجت الاسلام و المسلمین طبسی، مهدی پیشوایی، نظری منفرد، محمد جواد طبسی از جمله اساتید این دوره هستند. شایان ذکر است، به کسانی که در این دوره ۱۴ جلسه‌ای شرکت کرده و حضور منظم داشته و در آزمون نمره قبولی کسب کنند مدرک اتمام دوره اعطا می‌شود. انتهای پیام/,اجتماعی,0,129
عزیز پور در گفتگو با خبرنگار اجتماعی باشگاه خبرنگاران گفت: ماموران مبارزه با قاچاق کالا و ارز از یک دستگاه خاور ۴۲ گونی البسه زنانه که از تریکه به صورت قاچاق وارد زنجان شده بود کشف و ضبط کردند. این مقام قضایی در ادامه اذعان کرد: در ادامه ماموران مبارزه با قاچاق کالا برای راننده خاور پرونده تخلفاتی تشکیل دادند و جهت رسیدگی پرونده را به شعبه ویژه قاچاق کالا و ارز ارسال شد. وی در خاتمه تصریح کرد: شعبه رسیدگی کننده با توجه به گزارش ماموران مبارزه با قاچاق کالا و مستندات موجود در پرونده راننده خاور را به ضبط کالای توقیفی و پرداخت جریمه نقدی ۴۲۱ میلیون و ۲۴ هزارو ۶۷۷ ریال در حق خزانه دولت محکوم کرد.,اجتماعی,0,120
سرهنگ همایون اسفندی رئیس اداره تصادفات پلیس راه کشور در گفتگو با خبرنگار حوادث باشگاه خبرنگاران در تشریح جزییات این حادثه گفت: ساعت ۲۲:۱۰ دقیقه شب گذشته در کیلومتر ۱۶ محور بروجرد – اراک استان لرستان یک دستگاه سواری پژو ۴۰۵ با یک دستگاه سواری پیکان برخورد کرد. وی در ادامه افزود: متاسفانه در پی وقوع این حادثه دو تن از همطنانمان کشته و سه تن دیگر زخمی شدند که مجروحان توسط نیروهای امدادی جهت درمان به بیمارستان منتقل شدند. این مقام مسئول انتظامی در پایان به علت وقوع این تصادف اشاره کرد و اظهار داشت: کارشاناسان پلیس با حضور در صحنه حادثه، علت این تصادف را تجاوز به چپ از جانب راننده سواری پژو ۴۰۵ اعلام کردند.,اجتماعی,0,118
علیرضا جورابچیان در گفتگو با خبرنگار اجتماعی باشگاه خبرنگاران با بیان این مطلب افزود: گردشگران و محققان خارجی برای انجام پروژه‌های تحقیقاتی و زیست محیطی خود باید درخواست خود را از طریق سازمان حفاظت محیط زیست مطرح و اقدام به اخذمجوز از این سازمان کنند. وی ادامه داد: در صورت تایید سازمان حفاظت محیط زیست درخواست آنها به وزارت امور خارجه ارجاع می‌شود که پس از یک پروسه یک ماهه و همچنین تایید این وزارتخانه سازمان حفاظت محیط زیست مجوز انجام پروژه‌های تحقیقاتی و زیست محیطی به خصوص در زمینه حیات وحش و جانوران رابه آنها می‌دهند. وی با تاکید بر اینکه هر گونه تحقیق و تفحص در حوزه حیات وحش منوط به اخذ مجوز از سازمان حفاظت محیط زیست است؛ خاطر نشان کرد: ‌گردشگران و تورهای گردشگری خارجی که به منظور توزیع و سیاحت غیر علمی و خارج از حوزه حیات وحش و محیط زیست به ایران سفر می‌کنند باید از طریق سازمان میراث فرهنگی و گردشگری اقدام به اخذ مجوز لازم کنند. /ل,اجتماعی,0,165
عضو شورای عالی استان‌ها با تأکید بر اینکه محسن هاشمی تنها ناجی شهر تهران است، گفت: تصمیمات جناحی در شورای شهر به ضرر شهروندان است. محمد قانبیلی عضو شورای عالی استان‌ها در گفتگو با خبرنگار حوزه شهری گروه اجتماعی باشگاه خبرنگاران جوان؛ درخصوص نحوه انتخاب شهردار تهران اظهار کرد: نگرانی اعضای شورای شهر تهران بر موضوعات جناحی و سیاسی معطوف است و بر اساس تجربه، تصمیمات جناحی در شهرداری و شورای شهر به ضرر شهروندان خواهد بود. وی با تأکید بر اینکه شورای شهر تنها زمانی موفق می‌شود که تفکرات سیاسی را کنار گذارد، افزود: محسن هاشمی تنها ناجی شهر تهران بود که اعضای شورای شهر تهران از ترس آمدن چمران روی کار، به هاشمی رأی ندادند. قانبیلی گفت: هیچ کس مانند هاشمی نمی‌تواند شهر تهران را اداره کند. هاشمی با سابقه مدیریت شهری و با استفاده از اعتبار خانوادگی می‌توانست شهر تهران را مدیریت کند.,اجتماعی,0,146
