Positive,بارها خریدم واقعا راضیم
Positive,این میشه بلک ویدو اکسپرت اگه اشتباه نکنم.عالیند این بلک ویدو ها.منم تورنومنت ادیشنش رو دارم
Positive,دوستان من 1ماه میشه این گوشی رو خریدم به کسانی که تسمیم به خرید گوشی اندروئیدی دارن توسیه میکنم حتما به این گوشی بیشتر توجه کنند واقعا گوشی خوبی هستو نسبت به سایر برند ها برتر ی داره
Positive,"به نظر من آدم یه گوشی عالی باکیفیت ساخت خوب میخواد واز همه مهم تر برترین گوشی سال 2014 باقیمت مناسب نسبت به بقییه ی گوشی های هم رده,با تفاهم به شما میگم برید LG G3 بگیرید . هرکی موافقه یه+"
Positive,تقریبا یک سالی هست که مودم رو از دیجی کالا گرفتم ، قبل از خرید کردنم هم خیلی نظر کاربرا واسم مهم بود حالا اومدم تجربه یک ساله مو براتون بگم : از زمانی که مودم رو خریدم شاید باور نکنید از هفت روز هفته شش روز 24 ساعت روشنه ، هنوز افت انتن دهی ازش احساس نکردم . فعلا که ازش راضی ام ببینم تا یک سال دیگه هم جواب میده خبری شد خبرتون میکنم
Positive,داستان خیلی جالبی داشت.امیدوارم هر چه زودتر اثر سینمایی اش هم با بازی دنیل رادکلیف ساخته بشه
Positive,دوستانی که میخوان خرید کنن بی شک وتردید خرید کنن . نمیدونم چرا بعضی از مشتری ها ایرادهای بی اساس توی سایت مینویسن ؟ من به شخصه آقا هستم و برای برداشتن موهای روی بینی و روی گونه استفاده میکنم . 3 ماهه دارم استفاده میکنم هیچکدوم از ایرادهای مذکور مشتریان دیگر را ندیدم . خداییش حرف نداره و خیلی سریع و در عرض 3 دقیقه تا 4 دقیقه موهای اضافه صورتتون رو میتونین بزنین . ضمنا دیجی قیمتش از بازار پایینتره .
Positive,من سوخته این باندو به 7100 ترجیح میدم
Positive,حرف نداره عالیی می باشد
Positive,اینجا نوشته ظبط صدا و تصویر!اما من این مدل رو حدود 3 ماهه خریدم و همچین قابلیتی رو ندیدم در این مدل ؟ اصلا دقت کنید روی کنترل هیچ دکمه ای برای ظبط نداره . غیر از این مورد و اینکه رزولیشن فول اچ دی نیست تلویزیون بسیار خوبیه و امکانات خوبی رو داره به خصوص در زمینه تنظیمات تصویر واقعا دست بازه و در عین حال قابلیت پخش یو اس بی هم خیلی خوبه و اکثر فرمتهای صوتی و تصویری و موزیک رو پشتیبانی میکنه.تصویر در تصویرش هم خیلی کاربردیه ! و مهمترین نکته یک تلویزیون فارغ از امکاناتش کیفیت تصویشه که به نظر من کیفیت تصویرش با این قیمت بسیار خوبه و کاملا راضی کننده و البته قدرت و کیفیت صداش همخیلی خوبه ! !
Positive,در جواب دوست خوبم علی عفتی باید بگم که خوب عزیز من گوشی شما معیوب در اومده شما نمیتونید که رو گوشی مارک بزنید من دو ماهه اون رو دارم چرا تا حالا برای من هنگ نکرده دوربینش به نظر من از اکسپریا وی بهتره در مورد سرعت این گوشی رو با هم رده هاش مثل SII Mini مقایسه کردم باور کنید حتی یک صدم ثانیه هم فرق نمیکنه شما این گوشی رو با هم قیمتاش مقایسه کنید نه با SII و Z
Positive,جدید گرفتم تا حالا که مشکلی ندیدم ازش.باتریشم خوبه
Positive,دوستم از دیجیکالا این محصول خریداری کرده با توجه به ابعاد کوچیکش صدای خوبی داره واقعا گوشیتونو بزارین روش بدون هیچی وصل میشه و اسمی که براش انتخاب کردن مناسبشه اگر گوشی یا موزیک پلیرتونو با کابل وصل کنید صدای بهتری داره در کل به نظرم ارزش خرید داره
Positive,خواهشا نظر الکی ندین . . من این گوشی و ب عنوان گوشی دوم گرفتم . . خیلی خوب کار میکنه . . از همه نطر عالیه . . تا حالاشم کم نیاورده . . کاراییش عالیه . . از وقتی گرفتمش تقریبا گوشی اولم و کم از جیبم در میارم . . آسفالت 8 و روش ریختم به هیچ وجهی لگ نمیندازه . . MOST WANTED 2 روش ریختم اونم خوب بالا میاره . . نسبت به قیمتش امکان نداره بهتر از این پیدا کنین . . تو این رنج قیمت اکثر گوشیا از CPU MEDIATEK که چینیه استفاده میکنن . . یا اگرم Qualcomm باشه ذو هسته ای هستن . . ولی این از cpu Qualcomm چهار هسته استفاده میکنه . . ک فوق العادس با قیمتش
Positive,سریعا موجود کنید خیلی دنبال این مارک محافظ تو بازار بودم پیدا نکردم
Positive,اسکوتر بی نظیری هست واقعا کاربردی و جذابه من که تمامی مسیر های کوتاه و خرید رو با این دستگاه میرم هم سرعت خوبی داره هم به راحتی قابل حمل است یادگیریش خییلی راحته و برای همه پیشنهاد میکنم . سرعتی خوبی داره هم ورزشی است هم تفریحی
Positive,سلام دوستان.من این گوشی را بعد از چند ماه تحقیق ومقایسه با برندهای ال جی و سامسونگ خریدم گوشیه فوق العاده خوبیه و باتریش تا 2روز خالی نمیشه . خیلی هم خوش دسته قرارگیری کلید پاور را هم عادت می کنیم.بعد از چند ماه استفاده عیبی ازش ندیدم وبا نوت 4 سامسونگ قابل مقایسه است در کل از خریدم فوق العاده راضیم
Positive,این دوربین بدون شک بهترین انتخاب در بین تمام دوربین ها در این رنج می باشد . امکانات بسیار زیاد . قیمت مناسب . کیفیت ساخت عالی و استانداردهای حرفه ای بالا این دوربین را بسیار ارزشمن ساخته . با مراجعه به سایت Snapsort می توانید دوربین ها را در قسمت compare مقایسه کنید . با مقایسه ی ساده به سرعت متوجه ارزش این دوربین خواهید شد . در مقایسه ی این دوربین با eos60D کانن ، این دوربین بالاتر ایستاده ، در حالی که قیمت eos60D بیشتر از دوبرابر این دوربین بوده . این دوربین در نظرسنجی های سه سال اخیر پای ثابت ده دوربین برتر برای Entry level و یا شروع عکاسی حرفه ای بوده است . اگر در حال آغاز عکاسی حرفه ای هستید مطمئن باشید این انتخاب تا چندین سال شما را بیمه خواهد کرد . با تشکر از دیجی کالا برای قیمت عالیش برای این دوربین
Positive,از نظر مقاومت شیک بودن کیفیت صدا تنوع رنگ عالی
Positive,آقا امین پیرایش سلام من این دوربین رو یک ماهه که از همین سایت دیجی کالای عزیز خریدم . ازش خیلی خیلی راضی هستم . همه چیش همونجوری هست که فکر می کردم باشه . ولی وای فای داخلی نداره . ولی آقا امین اینم بدون که کانن 700 دی نسبت به نیکون دی 7100 بدنش ضعیفتره - باطریش ضعیفتره - لنزش کمی کیفیت پایین تره - سنسورش کمی کوچیکتره - تراکم پیکسلیش پایین تره - کستردگی ذخیره سازی فایل RAW ضعیفتری داره - کستردگی داینامیک رنج ضعیفتری داره - نمایشگر کیفیت پایین تری داره - نقاط فکوس کمتری داره - حساسیت فکوس ضعیفتری داره-یدونه مموری کارت می خوره - نمایشگر تک رنگ بالا رو نداره - تبدیل کراپ 1 . 3 نیکون رو نداره - موتور فکوس داخل بدنه رو هم نداره . خب حالا اگر شما دوست عزیز یا هر شخص عزیز دیگه ای این نکات منفی بالا در دوربین کانن 700 دی واسش مهم نیست . می تونه کانن 700 دی رو بگیره . من نیکون دی 7100 دارم بسیار ازش راضی هستم و دارم براش لنز فول فریم می گیرم تا تبدیل به یه دوربین فوق العاده بشه . در آخر اینم بگم که هر شخصی برای خودش دلیل و منطق و عشق و علاقعه ی شخصی خودش رو داره . شاید اشخاص زیادی از این برتری بدون چون و چرای نیکون دی 7100 نسبت به خیلی از دوربین های کانن مطلع باشن و قبول کنن ولی باز حاضرن که کانن بگیرن اونم 700 دی . خب دیگه صلیقه ی شخصی آدم هاست که باعث خیلی از پیشرفت های تکنولوژی و صنعتی و اخلاقی توی دنیا شده .
Positive,به نظر من این گوشی با توجه به اطلاعاتی که توسط دیجی کالا و سایر سایت ها داده شده عالیه و اگه این گوشی رو روی کاغذ با گلکسی اس 5 یا نوت 3 مقایسه کنیم بازنده است اما گللکسی اس 5 بیشتر قابلیت هاش بدرد نخوره و فقط و فقط برای جلب مشتریه . . اما ال جی به تازگی داره شاهکار میکنه و گوشی قبلیش یعنی جی 2 خیلی عالیه اما من فقط به خاطر عدم پشتیبانی از کارت حافظه جانبی ردش کردم و نوت 3 خریدم . با این حال به نظر میرسه که گوشی جالبی باشه و با توجه به استقبال پرشور در زادگاهش بتونه نظر بیشتر ما رو به خودش جلب کنه اما اگه به دنبال تنوع و راحتی هستین من فعلا نوت 3 رو پیشنهاد میکنم . قصد تبلیغات ندارم اما هر چقدر هم وارد باشین برای اولین استفاده از نوت 3 چن روزی طول میکشه تا بهش مسلط بشین شارژدهیش هم خوبه و قلم استایلوسش هم واقعا کاربردیه . . با این حال داور خودتونین و باید دقت کنین که آیا ارزششو داره هزینه ی گزافی رو بابت اسمارت فونتون متحمل بشین ؟ .
Positive,من از خریدش خیلی راضیم ، واقعا تمیز اصلاح میکنه ،
Positive,من با شگفت انگیر خریدم که اینجوری با امکاناتی که داره دیگه عالی شد
Positive,کلا خیلی خیلی راضی هستم از این عطر تا حالا 7 الی 8 عدد عطر از دیجی خریدم ولی این اولین بار هست که کاملا راضی هستم و واقعا پیشنهاد میدم .
Positive,دوستان با این قیمت با توجه به قیمت رقبا در رده اول قرار میگیرد و شکی در این موضوع نیست یکی از اشکالاتی که مطرح شده و خیلی را نا امید و پشیمان کرده سایه تصویر یا همان ثابت ماندن تصویر بود که نرم افزاری حل خواهد شد و الارقم تصور خیلی ها سخت افزاری نبوده و نرم افزاذی کاملا حل خواهد شد متاسفانه حتی نمایندگی ها تصورشان این بود که این موضوع نرم افزاری غیر قابل حل و مشکلی محسوب نمیشود و همکاری نمیکنند دوستان با نرم افزار blue light filter این اشکال از بین خواهد رفت و نگرانی ندارد
Positive,سلام امروز این محصول به دستم رسید و تقریبا از خریدم راضیم و میتونم بگم نسبت به قیمت کیفیت خوب و قابل قبولی ارائه میکنه ! نقاط ضعف و قوتشو نوشتم فقط میمونه یه نکته : عزیزانی که این هدست رو میگیرن اگر لپ تاپ دارید یا تو گوشی میخواید استفاده کنید یه تبدیل 2 به 1 AUX باید تهیه کنید !
Positive,چند ساعت پیش بهم رسید . . خیلی خوش رنگه
Positive,زیبا و ساده . . به این قیمت می ارزه .
Positive,"سلام به همه , امروز بلاخره یدونه گلد خریدم 1 - بدون یک ذره لگ و باگ بود 2 - مشکل خاموش شدن صفحه اصلا نداشتم ( ایرانسل انداختم ) 3 - سنسور اثر انگشت با دقت بی نظیری کار میکنه , فقط باید به درستی رجیستر بکنین 4 - صفحه فوق العاده 5 - سیستم عامل بشدت روان 6 - بدنه خیلی عالیه و همش حرف الکیه که میگن بده"
Positive,سلام دوستان 2ماهی میشه من این گوشی رو خریدم خیلی باهاش کار کردم هیچ عیب و ایرادی توش پیدا نکردم . همه چیش عالیه کیفیت عکاسیش و صفحه نمایشش واقعا خیره کنندست . کیفیت تصویرش همش یه مقدار از SII پایینتره
Positive,با سلام خدمت شما اقای طراح با نظر شما کاملا موافقم بنده نه تنها سونی مارک 1 بلکه سونی مارک 2 رو هم از GX7 ضعیفتر میدونم . . من در نقدهای CANON G1X II دیدم کارشناس محترم سایت لقب امپراتور رو به این دوربین دادند که به نظر شخص خودم اینگونه نیست . . لا اقل مارک 3 سونی از لحاظ کیفیت عکس برتر به نظر میرسه اگر چه جی وان ایکس دارای سنسوری بزرگتر هست . . البته توی ایران حق انتخاب محدوده و الا در این کلاس فکر میکنم دوربین PANASONIC Lumix lx 100 با امتیاز 85 و گرفتن نشان طلا از سایت dpreview از دو رقیب مطرحی که نام بردیم گوی سبقت را ربوده و در کلاسی کاملا بالاتر قرار گرفته . . ولی متاسفانه فروش محصولات پاناسونیک و سونی در ایران ضعیفه و علاقمندان باید از خارج اونارو تهیه کنن . . در خاتمه باید عرض کنم G7X با توجه به قیمت و کیفیتی که داره در مقابل قیمت بالای رقبا خریدی معقولانه به نظر میرسه . . با تشکر
Positive,سلام . من 2 هفته پیش تو پیشنهاد ویژه از دیجی کالا خریدمش . و 3 بار تا حالا باهاش اصلاح کردم . هم خشک هم تر . . در هر 2 حالت عالی بود . . زیر دوش هم بردم واسه تست که اصلا آب براش اهمیتی نداره و در هر شرایطی کارشو خوب بلده . فقط همون یه بار شارژ زدمش و 3 بار اصلاح کردم و واسه یه بار دیگه هم جا داره . دقیقا سر 1 ساعت شارژش کامل شد . حتما پیشنهاد میکنم بهتون . اونایی که میگن موهای زیر چونه رو خوب نمیزنه حتما فوت و فنشو بلد نیستن . . چون اتفاقا اون قسمت رو بهتر از جاهای دیگه میزنه . فقط باید بلد باشید روششو . . بخرید پشیمون نمیشید . . کاملا اصله و روش هک شده هلند . . فقط شارژرش واسه چینه که اونم طبیعیه . اگه اینجا میشد عکس گذاشت حتما از صورتم عکس میذاشتم تا ببینید شاهکار این دستگاه رو . .
Positive,این ضبط فوق العادس
Positive,یک شاهکار کامل
Positive,دیزاین این گوشی عالیه و تودست بسیار ظریف و زیباست از نظر کیفیت هم خیلی خوبه من یکسال پیش خریدم و هر کی میبینه خیلی خوشش میاد
Positive,من 4تا از این گوشی خریدم و وقعا ازش راضی ام - نمیدونم این دوستانی که یک سری مشکلات رو مطرح میکنند داستانشون چیه . . من بسیار زیاد از گوشیم کار میکشم و اصلا تو این شش هفت ماه که دارمش هنگ نکرده . فارسی رو هم مثل باقلوا پشتیبانی میکنه . اصلن هم داغ نمیکنه . سنگین ترین بازی ها رو هم ریختم روش جواب داده . دوربینش هم خیلی عالیه و سرعتش هم خیلی بالاست . فقط تنها ایرادی که میتونم بهش بگیرم بحث باتری هست که ظرفیتش یک کم پایینه و دیر هم شارژ میشه . اما در کل باید بگم گوشی خیلی خوبیه و نسبت به پولی که میدی کاملا انتظارتو براورده میکنه
Positive,امیدوارم دیجی برای آثار هنری و علاقمندان به هنر و موسیقی خیلی بیشتر از اینها به فکر باشه
Positive,دیجى جون لطفا موجودش کن مشترى زیاد داره این مودم من به شخصه نمیخوام از بازار یخرم شب عیدى خیلى نیاز دارم بهش
Positive,گوشی فوق العاده ایه . . از هر لحاظ از آیفون 5 بهتره . . فکر کنم تنها ایرادش وزنش باشه . . که خیلی هم برای من و امثال من مهم نیست . . وین فون 8 بزودی جایگاه آندروید رو میگیره
Positive,سلام من سه ماهه این لپ تاپ رو دارم و باید بگم با این رنج قیمت بهترین انتخابه . من اوایل با صفحه لمسیش کار نمیکردم ولی بعد از عادت بهش واقعا بدون اون کار برام سخت میشه : ) یه نکته خیلی مهم هم بگم که به نظر خیلی ها باهاش مشکل دارن ! بعد از نصب ویندوز حتما حتما از سی دی درایورها که همراه لپ تاپ هست درایور مربوط به تاچ پد رو نصب کنید . خیلی ها بدون نصب درایور میگن سرعت تاچ پدش پایینه . من بعد از نصب این درایور الان سرعت تاچ پد رو کمتر از نصف میزارم چون خیلی بالا مبره . و البته چندتا درایور تاچ تو سی دی هست که همه رو امتحان کنید یه کدومش جواب میده : )
Positive,به نظرمنکه این گوشی عالیه حرف نداره هرچی بگم بازم کم گفتم .
Positive,"با سلام اونایی که قصد خرید این گوشی رو دارن حتما بخونن این گوشی برای بازی عالیه و توی هیچ بازی ای کم نمیاره من بازی های مدرن کمبات 4و5 ، ریل ریسینگ 3 ، مورتال کمبت x ، اسفالت 8 ، gta sa ، nova 3 , گانگستر وگاس و گانستر ریو وخیلی چیز های دیگه رو روی این گوشی بدون لگ و با آخرین کیفیت اجرا میشن پس خیالتون از بابت بازی راحت باشه میرم سراغ بحث بعدی یعنی باطری من موقعی که این گوشی مثلا شارژش 4 % باشه میزارم پیشم و میخوابم و انتظار دارم تا صبح خاموش بشه ولی صبح که گوشی رو چک میکنم ببینم خاموش شده یا نه میبینم با همون درصد شارژ روشن مونده که واقعا عالیه گزینه بعدی دوربین هستش که فقط یک کلمه میگم عالیه شارژ کاملش هم دو ساعت طول میکشه تا صد در صد بشه چیز دیگه ای که خیلی مهمه طول عمر گوشیه که من به حرات میتونم بگم که واقعا خوب و مقاومه مثلا همین گوشی ای که دست منه دپسال دست بابام بوده بعدش به دست من رسیده که منم یک ساله دارمش خودتون حساب کنید میبینید که واقعا طول عمرش عالیه و هنوزم مثل روز اول سرپاست در مورد غیب شدن مخاطبین هم بگم که با اپدیت گوشی همه مشکلات حل میشه الانم بیلد نامبر گوشی من 310 هستش که واقعا خوبه و توصیه میکنم دوستان اپدیتش کنن"
Positive,من این پرینتر رو از دیجی کالا خریدم و خیلی سریع به دستم رسید . دستشون درد نکنه : ) توی خود جعبه کابل usb و همینطور دو عدد کارتریج ( یکی رنگی یکی مشکی ) بود و نیازی به خرید جداگانه نیست . ( توی سایت های خارجی راجع به این موضوع زیاد سوال شده ) آداپتورشم خیلی بزرگ و دست و پا گیر نیست . نگران نباشید . توی این مدت هم پرینت رنگی باهاش گرفتم هم پرینت سیاه سفید . هردوش عالی بود . با توجه به قیمتش انتظار کیفیت پایین تری رو داشتم ولی عالی بود . پرینتر خیلی خوبی واسه کاربرهای خانگی و پرینت تیراژ پایینه .
Positive,من این توپ رو سه ماه پیش خریدم خیلی عالیه روی اسفالت دوامه خیلی زیادی داره در این رنج قیمت عالیه
Positive,قبلا یک بار نظرم رو نوشتم اما خوب باهاش کار نکرده بودم . باید نظرم رو اصلاح می کردم . بدنه ی مقاوم . صدای بسیار شفاف و قوی به نظرم بدون حلقه گوش رو اذیت نمیکنه البته جسارتا گوش باید تمیز باشه وگرنه از تو گوش میفته .
Positive,همه جوره خوبه یک گوشی کاملا ساده با کمی امکانات دی جی تال - تنها 2 نکته اول اینکه از اونجا که گوشی ثابت هم با برق کار می کنه در زمان قطع برق شماره نمیندازه و اینکه ای کاش صفحه نمایشش آبی بود که البته زیاد مهم نیست . در کل چیز متفاوتی نداره که بشه روش مانور داد ، قابلیت زنگ داخلی که میشه از گوشی اصلی گوشی سیار رو پیج کنی و درون بخشی بدون وصل بودن خط تلفن صحبت کنی برای خانه های بزرگ که گوشی بیسیم یه سر خونه و اون یکی یه جای دیگس خوبه - اما متأسفانه قابلیت پیج از گوشی سیار برای گوشی اصلی وجود نداره . در کل از خریدم راضی هستم .
Positive,من یوگا سری اول و دوم رو داشتم سری اولش سخت افزار ضعیف و باتری قوی داشت یوگا دو برعکس اولی بود این یکی دیگه هم سنگین تر شده هم ضعیف واقعا یه پسرفته و من واقعا با وزن زیادش مشکل داشتم حالا سنگینتر هم شده پس نمیشه برای مطالعه و وبگردی استفاده کرد . ضمن اینکه سخت افزارش هم ضعیفه پس نمیشه برای بازی استفاده کرد کلا فقط برای فیلم دیدن خوبه .
Positive,لطفا دوباره با قیمت خوب موجودش کنید . . تا اومدم بخرم تمام شد ! ! نسبت به قیمتش برای کسی که برند براش مهم نیست عالیه
Positive,من این دستگاه رو خریدم ، البته نه از دیجی کالا خیلی هم راضی هستم ، تک تک قطعه هاش به خوبی کار میکنه و خدا رو شکر مشکلی هم نداشته
Positive,با سلام یکی از بهترین گوشی های حال بازار ایفون 7 پلاس که امسال اپل عرضه کرده این گوشی از پردازنده ی قدرتمند A10با 3 گیگابایت رم استفاده میکنه که واقعا پرسرعته یکی دیگر از کارهایی که اپل روش تمرکز کرده دوربین دوگانه است که به زوم اپتیکال تصویر تا10x مجهز شده یکی از مهمترین ویژگی های ایفون به نسبت قبلش ضد اب بودنشه همچنین ایفون بدنه ی خوش دست و زیبایی داره ولی یکی ازمشکلات بزرگ ان قیمت بسیار بالای اونه اگه دیجی کالا قیمتشو کم کنه خودمنم یکی از خریدارانشم مرسی
Positive,از نظر من خیلی خوشگله و میشه ازش تو سفرهای بین شهری استفاده کرد که به کار من خیلی میاد
Positive,واقعا گوشی زیبا و عالیی هست اما از نظر زیبایی رابط کاربری انتظار منو برطرف نکر واسه همین مجبور شدم P8 lite بخرم از این خریدم واقعا راضی هستم HUAWEI Is the best I LOVE HUAWEI
Positive,سایز لارج لطفا موجود کنید.یکی خریدم خوبه بازم میخوام بخرم .
Positive,دقیق ، زیبا و پرکاربرد . بسیار هم عالی . ممنونم دی جی کالا
Positive,واقعا از دیجی کالا ممنونم بابت این محصول . خیلی راضیم . قیمت بسیار مناسبی داشت مرسی دیجی کالا لطفا بازی های معروف و بیشتری رو موجود کن
Positive,کیفیت فیلمبرداریش فوق العادست.مقاومت و دوربینش هم عالیه.فقط مشکلش تو امکانات پایین سیستم عاملشه
Positive,من 7 ماه پیش 4عدد از این باطری رو گرفتم . از اونها برای دوربین استفاده میکنم . قبلا از باطری شارژی سونی ، فیلیپس و دوراسل استفاده میکردم اما همه ی اونها در عرض مدت کوتاهی خراب شدند و سریع شارژ تمام میکردند ، حتی بعد از گذشت سه جها روز بدون استفاده از اونها ، شارژشان خالی میشد . توی این 7 ماه که از باطری کملیون استفاده کردم ، واقعا ازش راضی هستم و بهترین برای من بوده . به همگی پیشنهاد میکنم که این باطری رو خرید کنند . از دیجی کالا هم بابت بسته بندی مناسب و عرضه کالاهای مرغوب تشکر میکنم .
Positive,گوشی فوق العاده خوبی نسبت به قیمتش خیلی عالیه اگه گوشی تو این رنج قیمت می خواهین بخرین بهترین گوشیه
Positive,c خیلی بهتره
Positive,من همین سه روز پیش بدستم رسید برای مصارف خانگی بی نظیره
Positive,بهترین لپ تاپیه که تو این رنج قیمت دیدم . امکاناتشم عالییه ظاهرشم خیلی شیک و مدرنه تو خریدش شک نکنید . .
Positive,سلام دوستان من این تبلت رو دیروز گرفتم اما نه از دیجی کالا واقعا فوقالعادست بازی های سنگینی مث فیفا پانزده رو مث اب خوردن بالا میاره و با اطمینان کامل قول میدم که تو ای رنج قیمت تبلتی با این مشخصات فنی گیر نمیاد و مطمعانم دوستانی که با ای تبلت مخالفن اصلا این دستگاه رو ندیدن
Positive,ابعادش واقعا عالیه
Positive,من این گوشیو 2 ماهه دارم همچیش عالیه مخصوصا دوربینش اونایی که میخوان بخرن ولی ظک دارن نگران نباشن گوشیه عای هستش سرعتش بالاست و هنگم نمیکنه فوق العادس
Positive,االان دارم یه آهنگ هایده گوش میدم خیلی عالیه
Positive,سلام من 6پلاس 64 گیابایت گلد دارم ودر یک کلام عالیه ولى با توجه به اینکه شهریور آیفون6اس و آیفون6اس پلاس میان صبر کنین تا اونا بیان من میخوام نوت 5 و اس 6 ادج بگیرم و واسه تولدم آیفون 6اس پلاس ولى میدونم کیفیت و قدرتى که 6پلاس داره عالیه لطفا لایک کنید
Positive,این پاور بانک امروز دستم رسید یه چیز عالیه واقعا پیشنهادش میکنم حیف که تموم شد
Positive,توی پیشنهاد ویژه تقریبا نصف خریدم . واقعا ارزش داشت . با دوام و محکم توی ویژه بخرید از خریدتون لذت ببرید وگرنه با این قیمت چیزای بهتر و عمری تری وجود داره
Positive,این فلش حرف نداره واسه من هم یکبار فلش از کار افتاد که با یک سرچ در نت نرم افزار این فلش را از نت پیدا کردم و مشکلش حل شد .
Positive,این گوشی نسبت به قیمتش حرف نداره واقعا عالیه
Positive,سلام ، این همه دوستان نظر دادن تاثیری نداشت منم میگم ios9 . 2 هم رسید هنوز از ios5 درست بر نمی دارید . ممنون
Positive,اگه هدفون ارزون میخوایید بخرید
Positive,گوشی عالی هست.واقعا هیچ نقصی نداره
Positive,سلام بر دوستان گلم من هم چند مدتی این مدل رو خریدم و ازش راضی راضی هستم
Positive,بنظر هدفون توپیه.من بسته بندیش رو باز نکردم.چون میخوام به کسی کادوش بدم.همراهش برام یه گلدون برای کاشت گل شاهپسند هم اومده بود.ابتکار جالبیه.کلا خیلی راضی ام از کارکنان دیجی کالا.سریع به دستم رسوندنش .
Positive,اخر چراغ پیشانیه از این بهتر وجود نداره فکر کنم
Positive,گوشیه خیلی خوبی هست مخصوصا دوربینش و طراحیش . ولی یه چیزی هست که باید همه اون هایی s7 یا edge دارن بدونن که اگر باهاش رفتین توی استخر برای 20 دقیقه امکان داره که تا کامل اب های که توی درز های گوشی هست خشک نشه شارژ نکنه یا حتی نشه از هندزفری استفاده کرد . در کل گوشیه خیلی خوبی هست .
Positive,سلام دوستان من بعد از مطالعه و بررسی زیاد روی این مدل حدود سه ماه پیش از انگلستان این مدل خریدم و واقعا ازش راضی هستم ، از نظر کیفیت فوقالعاده تصویر ، صدا ، عمر باطری و مخصوصا سبک بودن بی نظیره . مطمئن باشید اگه 5 دقیقه باهاش کار کنین متوجه تفاوتش میشین و بسختی میتونین گزینه ای جایگزینش پیدا کنید . ویندوز 7 هم روش نصب کردم و بدون هیچ مشکلی با نرم افزارهای ویندوز هم دارم کار میکنم ، البته پک iking که خیلی از نرم افزارهای مک بصورت کرک شده توش هست هم از نمایشگاه کتاب خریدم و واقعا هیچ کمبودی توی مک و ویندوز ندارم . برای مشکل هارد هم مثل من میتونین یک هارد اکسترنال 2 ترابایتی بگیرین و مشکل حافظه را با مبلغ کمی حل کنین . مشکل داغ کردن هم اصلا نداره . البته فقط یک موضوع هست که اگه توی سیستم مک بخواین فایل word یا powerpoint فارسی درست کنید و بنویسین متاسفانه پشتیبانی نمیکنه ، اما اگر ازقبل فایل داشته باشید و بخواین بخونین مشکلی برای فونتش توی مک پیش نمیاد ، علاوه بر این خیلی راحت از طریق ویندوزی که روش نصب میکنین هم میتونین فایل وردتون درست کنید . در کل بهیچوجه تو خریدش شک نکنین واقعا ارزش داره
Positive,من این کنسول رو یک سال هست از دیجی خریدم باید بگم کنسول از هر نظر عالی کار میکنه و ریجین هم فقط تفکیک منطقه هست نه کیفیت ساخت یا هر چیز دیگه اینارو فروشنده ها الکی میگن تا گرونتر بفروشن تمام بازی های ریجن 1 و 2 هم بهش می خوره فقط قیمت بازی ها گرونه مثلا بازی درست و حسابیش دیگه از 120 هزار دست دوم شروع میشه تا 260 هزار بازی های غیر فیزیکی ک میدین بیرون واستون تو هارد میریزن بیشترشون با اولین وصل شدن به اینترنت قفل میشن مگه اینکه از جای معتبری بخری بازی ها بسیار روان و با بالاترین حد گرافیکی اجرا میشن فقط به نظر من دسته ایکس باکس وان خیلی بهتره ارگونومی تره تو دست میشسنه وبعد از مدتی احساس خستگی نمیکنی
Positive,اینا حرف ندارن.هم خوب گرم میکنن و هم کیفیتشون خوبه.ولی واسه اتاقی خوبه که درش زیاد باز و بسته نشه.واسه استفاده تو کانکس که همه جاش عایقه عالیه .
Positive,سلام دوستان ! این گوشی فوق العادس من تازه خریدمش یعنی هر چی که بخوای داره با قیمت مناسب من که شدیدا راضیم . بازی HD خیلی روان اجرا میکنه !
Positive,من امروز به دستم رسیده خیلی خوبه شک نکنین در خریدش
Positive,دو ماهه دارم استفاده میکنم . از نظر کیفیت ساخت و کییت سیم همراهش عالیه . راضیم ازش
Positive,عالیه واقعا خیلی خوبع
Positive,عالی و ارزان خیلی سرگرم کنندست و خیلی ارزونه
Positive,به نظر من نسبت به هندزفریای ارزون قیمت این جز بهتریناس خیلی هندزفری و هدست های زیادی داشتم ولی واقعا این با این قیمت واقعا غافلگیرم کرد خلاصه من که خیلی راضی ام
Positive,با توجه به قیمت ، کیبورد خوبیه . کلیدهای نرم و بی صدا . به نظر من ایراد این کیبورد در نداشتن چراغ نامبرلاک است . موس نرمی هم داره . در مجموع راضیم .
Positive,سلام.من این محصولو دیشب سفارش دادم . جدا از کیفیت محصول که واقعا ارزش خرید را دارد من تشکر میکنم از مسیولین دیجی کالا که خیلی سریع این محصولو تحویل دادن.من برای اولین خریدم از این سایت واقعا لذت بردم از مراحل خرید تا تحویل بسته.واقعا رو حساب کتاب بود کار دیجی کالا . درباره این محصول واقعا ارزش خرید داره جوریه که به مسواک زدن عادت میکنید . 180درجه با مسواک زدن معمولی فرق میکنه .
Positive,اونایی که میگن سونی بدردنمیخوره خیلی اشتباه بزرگی میکنند.این ایسوس ولنوو بدرد مفت نمیخوره.فقط کیفیت سونی جواب همه ی انتقاد ها شو میده.تمام
Positive,تو هفته اولی که ازش استفاده میکردم یکی از همکارام گفت چقد پوستت خوب شده . آخرای همون هفته اینو از دوستمم شنیدم بهش گفتم از این محصول استفاده میکنم شبش زنگ زد اسمشو بپرسه و یکی واسه خودش بخره
Positive,من این پرینتر رو 10روزی میشه خریدم به نظرم خیلی خوبه یه ایرادی که داره میگن کارتریجاش بعد از مدتی میسوزه و تانکر هم نمیخوره ولی به نظرم به این قیمت عالیه چون با این پول حتی نمیشه یه اسکنر گرفت من از کیفیتش راضیم تا حالا هم حدود 100صفحه پرینت گرفتم کیفیتش افت نکرده
Positive,سلام.روی EF7 نصب کردم،شمع های قبلی بوش بودن.این شمع خوبه ولی تو دور موتور های بالای 3500 موتور خیلی صداش بیشتر شده!ولی من اینو برای شتاب گرفتم که عملکردش واقعا خوبه و ماشین خیلی سریعتر شتاب میگیره.البته اینم بگم تودور موتور زیر3500 صدای موتور کمتر شده .
Positive,من از بیرون گرون تر گرفتم ولی وقتی اینجا سفارش دادم دیدم همونه باهمون کیفیت و برچسپ شبنم داشت ی جورایی سرم کلاه رفت واقعا کیفیت خوبی داره و رنگش ثابت موندگاره نمیریزه واقعا ارزش خرید داره
Positive,من خریدم خیلیی راضی هم عالیه میفیتش ! !
Positive,من اینو خریدم پیشنهاد میکنم بخرین خیلی خوبه
Positive,من برای خواهرم خریدم ، کمتر از 24ساعت به دستم رسید . و باید بگم به نسبت قیمتش هم خیلی زیباست هم خیلی کار آمد . باتریشم عالیه سریع شارژ میشه و عمرش عالیه . اینکه می گن قاب در صفحه نمایش پهنه ، لطفا به این هم دقت کنید که باید در دست بگیرید و بدون لمس اضافه استفاده کنید .
Positive,سلام دوستان میخوام تجربه چندماهم را براتون بگم ال جی ال 40 مزایای زیادی داره که براتون شرح میدم الان 1 - سیستم عامل به روز 2 - قابلیت knoc code که خیلی به درد بخوره چون گوشی قبلیم کلید پاورش خراب شد برام بسیار کاربردی هستش 3 - دوسیم کارت همزمان فعال که من انواع سیم کارتها را روش امتحان کردم جواب داده حتی سیم کارت کورک عراقی 4 - عملکرد مناسب وای فای 5 - بدون برنامه های چت و بازیهای سنگین که البته داشتن منوط به استفاده مکررش هست باطریش یه روز و نیم بهم جواب میده 6 - جنس بدنه خوب که باعث میشه اثرانگشت روش باقی نمونه 7 - صفحه نمایش و دوربینش بد ک نیست 8 - گارانتی دو ساله و در اخر 9 - بهترین از لحاظ قیمت دراین رنج چون با سونی E1 و Galaxy Star مقایسه کردم این گوشی عالیه شک نکنید ممنون دیجی کالا
Positive,کیفیت چاپ ، چه روی کاغذ و چه روی cd و dvd فوق العاده اس . فقط ای کاش دیجی کالا کارتریج این مدل رو هم موجود داشت . سرعت چاپش هم خوبه . طراحی ظاهری پرینتر هم مشکل و زیباست .
Positive,تو شگفت انگیز خریدم،رنگ بژ خیلی زیباست،کیفیت صداش خیلی خوبه،ویبرش موقع زنگ خوردن عالیه،راحتت تو گوش میشینه و حالت اهنربایی داره ، همه چیزش خوبه،حتما بخرید البته به نظرم تو شگفت انگیز میارزه
Positive,سلام من دو تا از شگفت انگیز خریدم خیلیم راضیم بازم میخوام بخرم لطفا شگفت انگیزش کنین
Positive,این کامپیوتر عالیه ! فقط یکم قیمتش تنده
Positive,ازین ساب یه جفت دارم واقعا میترکونه ولوم ک میدم دزدگیر همه ماشینا درمیاد . صدا هم سنگین و بیس عمیقی داره .
Positive,با سلام نسبت به پولی که میدید واقعا ارزش خرید داره اگه همین گوشی رو یه برند معروف مثل سونی میزد بالا بود به نظر من این از HTC E8 هم بهتره
Positive,کاش دیجی کالا یکم حد وسط رو در مورد این کیسها میگرفت یه مدل کیسش مثل این فوق العاده قوی و گرونه یکی دیگه هم خیلی ضعیفه
Positive,یک هفته اس گوشی رو گرفتم خیلی خوبه تا الان که ازش راضی ام واقعا اون چیزی که تو کالبد هست رو تو گوشی میبینید
Positive,خیلی پیش میاد زورمون به چرخوندن بعضی پیچهای متوسط ( m8 ) یا قطور تر نمیشه این نوع آچار پیچ گوشتی واقعا کارسازه چون با هر ضربه چکش روی این آچار می تونیم میلیمتری پیچ رو باز کنیم یا حتی سفت تر کنیم . البته بنظر من این آچار برای پیچ های ریز تر کارایی نداره احتمالا پیچ رو ببره .
Positive,من این لپ تاپ یک هفته ای میشه که گرفتم باید بگم این لپ تاپ در رنج قیمیتیه خودش بی نظیره . پدازنده i7 داره با رم 8 که هیچ لپ تاپ دیگه ای با این قیمت همچین سخت افزاری نداره و بازی ها براش هلو بپر تو گلوست ! ولی من دوتا بدی ازش دیدم : اول اینکه کیبوردش ظریفه مخصوصا سمت چپ کیبرد که با فشار دادن دو میلیمتر پایین میره دومی هم صفحه نمایششه که زاویه دید محدودی داره بقیه چیزاش عالیه . . اگه برای بازی و کارای سنگین می خواینش شک نکنین در ضمن رنگ سفیدش هم خیلی خوشگله
Positive,این گوشی عالیه . توی بنچمارک ها بالاتر از note 3 و sony z1 قرار گرفته . . به جرات می توان گفت پرچمدار حال حاضر آندروید این گوشیه
Positive,دفترچه تلفن نداشت داخلش نمیدونم حالا چرا . . ولی از لحاظ طراحی و امکانات خوبه کیفیت خوبی داره
Positive,وای من عاشق اینا شدم ای کاش برای Galaxy Grand Dous I9082 هم داشتین فوق العادست
Positive,این گوشی اسفالت 8 بدون نقس اجرا می کنه
Positive,حالا هی بگین نوکیا بده ! این گوشی شاه کاره ! ! عالیه ! جنس بدنه ای عالی . . دوربین فوق العاده و هم چنین سیستم عامل روان و سبک ویندوزفون !
Positive,من از این اسپیکر برای خودم خریدم و چون واقعا راضی بودم برای اطرافیانم هم هدیه گرفتم . اندازه خوبی داره که همه جا میشه استفاده کرد . کیفیت صداش واقعا خوبه . بلوتوث و یو اس بی رو هم ساپورت میکنه و با کابل هم به گوشی وصل میشه . رادیو هم داره . عالیه
Positive,اگر قیمت هارد براتون زیاد مهم نیست ، پیشنهاد میکنم بخرینش ، چون نسبت به پولی که میدین ، جنس خیلی خوبیه .
Positive,به نظر من که گوشی ای با این مشخصات و قیمت واقعا که عالیه
Positive,خیلی کیف خوبیه من الان تقریبا 1 سال میشه که خریدمش نسبت به قیمتش عالیه مقاومت خیلی بالایی هم داره با ضربه گیر های عالی ازش خیلی راضیم
Positive,من 2 ماهه که خریدم و هیچ گلایه ای از این محصول ندارم و پیشنهاد میکنم رنگ مشکی نخرید چون آرم شرکت اپل که سیبه پیدا نیس و اصلا کسی نمیدونه که اپله
Positive,حتما بخرید . این محصول جنس و طراحی فوق العاده داره . واقعا راضی ام
Positive,دوستان گرافیکش رو مد نظر داشته باشید رتبه بنچ مارک m920 233 هستش اما r5 سیصدو هفده هستش . . این خیلی مهمه من اول میخاستم به خاطر هارد یک ترا 5080 p بگیرم اما به خاطر گرافش اینو ترجیح میدمم . . دم دیجی گرم با قیمت مناسبش .
Positive,این تبلت نسبت به کارایی و قیمت خیلی خیلی عالی است
Positive,با سلام به نظرم گوشی خیلی با کیفیت . . خوش دست و زیبایی هست حالا درسته نمای جلو گوشی شبیه Note 7 هستش
Positive,امکاناتش نسبت به قیمتش عالیه . منم شاید خریدمش چون خیلی وقته که دنبال یه لپ تاپ شیک و قوی مثل 4540s هستم
Positive,کیفیت صدای عالی . ولوم بالا کیفیت صدا اصلا پایین نماید . این بلند گو رو یک هفته هستش که خریدم . تو خریدش شک نکنید .
Positive,تنها نقطه ضعف تو ذوق زنش حافظه کمشه . کیفیت صفحه نمایش هم با رزولوشن HD 720p و صفحه 4 . 3 اینچی تراکم پیکسلی فوق العاده بالای 342ppi را شامل میشه . یعنی از ویندوزفون نوکیا یعنی لومیا 920 هم که تراکم پیکسلی 332ppi داشت بهتره . موندم چرا بعضی دوستان از کیفیت صفحه نمایش انتقاد میکنن . پردازنده گرافیکیش هم مثل CPUش قدرتمند و جدیده . بعدشم همه میدونن که htc تو دوربین و صدا کم نمی ذاره یکی از نمونه هاش هم همین گوشی که بهترین دوربین جلو رو در بین گوشیها داره که با کیفیت Full HD فیلمبرداری میکنه ، در مورد صدا هم که اسم Beats Audio همه چیز رو میگه . محدود بودن برنامه های ویندوزفون هم به مرور زمان حل میشه . .
Positive,از همه نظر عالیه یادتون باشه هر قدر که پول بدین آش میخورین
Positive,سلام من این تلویزیون تازه خریدم کیفیتش خوبه ولی یک مشکل باحاش دارم هارد های منو نمی خونه فقط یکی از فلش هامو خوند این ربطی به فرمت هارد فلش داره ؟ لطفا کسی میدونه راهنمایی کنه ممنون
Positive,سلام من همین امروز این گوشی رو خریدم گوشی خیلی خوبیه توصیه میکنم از دستش ندید .
Positive,من تو میشنهاد ویژه خریدم واقعا عالیه امکاناته یک گوشیه یک میلیونی رو داره طراحی و سرعتشم عالیه حتما پیشنهاد میکنم من قبلا هم از محصولات ایسوز داشتم فوق العادس
Positive,کنسولهای مایکروسافت حرف ندارن گیم پد xone تکه خوش دست ترین دسته دنیا .
Positive,سلام من 4 ماه هست خریدم عالییه عالی الان میخوام یکی دیگه بخرم واسه دوستم شک نکنین عالیه
Positive,واقعا عالیه !
Positive,گوشی خوب و خوش دستیه و نسبت به قیمتش عالی.تنها مشکلش اینه که بعد از یه مدت کار کردن سرعت گوشی به شدت میاد پایین ولی در کل راضیم .
Positive,وسیله خوبیه فقط لبه هاش در برخورد با موانع کنده میشه
Positive,دوستان شک نکنید بخرید خیلی عالیه نگرانه باتری نباشید خیلی هم خوبه تویه سایت ها زدن تو سره گوشی به خدا با آپدیت باتریش تا 6 ساعت برای کار کردن در وایبر و چت و بازی جواب میده اگرم با گوشی زیاد کار نمیکنید یک روز کامل گوشیتون باتری رو داره این گوشی نسبت به قیمتش عالیه نگرانه دوربین نباشید از 8 مگا پیکسل بهتر کار میکنه و رضایت بخشه بخر شک نکن
Positive,سلام دوستان من این گوشی را خریدم اگر دنبال یک گوشی شیک و تک می گردید بهترین گزینه است و اگر هریک از شرکتهای مطرح مانند سونی و سامسونگ این گوشی را طراحی میکردند مطمئن باشید کمتر از دو میلیون تومان قیمتش نبود کیفیت نمایشگر و زاویه دید بسیارعالی سرعت عملکرد خوب و قابل قبول باطریشم با استفاده عادی تا دو روز جواب می دهد عکسهای دوربین روشن و شفاف است جنس بدنه از کیفیت خوبی برخوردار می باشد لوازم جانبی هم در بازار موجوده آندرویید 4 . 4 هم برایش خواهد آمد نشانگر ال ای دی برای باطری و تماس از دست رفته و اس ام اس دارد آنتن دهی و کیفیت مکالمه بسیار خوب
Positive,خیلی عالیه مطمین باشید از خریدش پشیمون نمیشید فقط یه مشکل داره اونم اینه که وقتی ولومش رو ببرین بالا صدا میاد بیرون
Positive,گوشی خیلی خوبیه ولی نسبت به الجی جی5 تفاوت خاصی نکرده ، فقط دوربین جلو واید میگیره و مانیتور دوم و التبه مانورهایی که روی ضبط صدا داده تراکم پیکسلی صفحه نمایش وی20 هم کمتر از الجی جی 5 هست ولی خب صفحه نمایشش هم بزرگتر هست ولی خب بازم الجی بهترینه و از لحاظ قیمت همیشه به صرفه ترین گوشیه
Positive,"تولد یک اعجوبه . دیجی گل کاشتی . یه جفت از اینا رو 1 اهم ببندی , تمومه پیچ و مهره های ماشینت در میاد ."
Positive,سلام دوستان.من این تبلتو دیروز گرفتم.تمام امکاناتش با توجه به قیمتی که داره بینظیره.مخصوصا سی پی یو intel چار هسته ای با turbo boost . مشکل باتری هم بعد اپدیت به اخرین ورژن بهتر شده نسبت به دیروز که ورژن162 رو داشت . تنها ضعف این تبلت از نظر من اینه که برنامه های سیستمی رو بدون روت کردن نمیشه غیر فعال کرد . در ضمن اقای سعید سلیمانی اون نرم افزار task manager که معرفی کردید در واقع با عمل ignoreکردن به برنامه دستور میدید که با اون اپ یا سرویس مورد نظر کاری نداشته باشه و این به معنی غیر فعال کردنش نیست.همونطور که گفتم غیر فعال کردن گوگل پلی ( که خودش به تنهایی شامل 28 تا سرویس هستش ) و سایر اپ های سیستمی بدون روت ممکن نیست . خلاصه این که تو این قیمت این تبلتو به همه پیشنهاد میکنم .
Positive,با سلام خدمت دوستان عزیز و پرسنل محترم دیجی کالا تقریبا دو هفته ای میشه که این محصول رو خریدم ، فردای روز خریدم دیجی ارزونترش کرد که یکم خورد تو ذوقم ولی چون دستگاه خوبی بود از کنار این موضوع رد شدم . ( البته کاری هم نمیتونستم بکنم ) اما دستگاه یه پاور بانک خوب هست که تقریبا موقع شارژ ظرفیت 500 بهتون میده ، توی حالت فقط 4G به اون صورت که بعضی از دوستان گفتن گرمایی نداره ، اگه که ثابت 4G باشه که اصلا گرم نمیشه . آنتن دهیش خیلی خوبه و با 4G رایتل نزدیک به 4 مگ سرعت دانلود گرفتم ، از روزی که خریدم جز چند ساعت روزانه موقع خواب اصلا خاموش نکردم و اصلا مشکل نداشته . نرم افزارش انگلیسی هست ولی صفحه browserش کاملا چینی هست و باید با translate ترجمه کنی تا باهاش بتونی کار کنی ، به ssid و wps و همه چی دسترسی داره چه نرم افزار و چه صفحه اش ، مدیریت اس ام اس هم داره نرم افزارش . همون جوری که یکی از دوستان گفته 5 تا 6 ساعته با کابل خودش شارژ میشه ، برد wifiش هم بد نیست تا 7 - 8 متر سیگنال دارین ، با کابلش هم به صورت lan به کامپیوتر وصل میشه ، تقریبا تا 48 ساعت بهتون شارژ باطری میده و کار میکنه . خلاصه که دستگاه خوبیه و از خریدم پشیمون نیستم مرسی که وقت گذاشتین و خوندین . امیدوارم مفید بوده باشه از دیجی کالا هم ممنونم یا حق
Positive,برای تست یک ظرف یک لیتری برایم فرستاده شد که بسیار عالی و با کیفیت بود و پس از استفاده ، لباسها ضمن نرمی و معطر شدن ، خیلی راحتتر از قبل اتو شدند . امیدوارم کیفیت خود را به همین صورت حفظ کند .
Positive,سلام واقعا دوربین جالبیه من اونو از کانادا تو اولین سری ارائه اش به بازار خریدم راضی ام جالب شیک و عجیب
Positive,در جواب همه دوستان : 1 - اگر هارد رو با فرمت NTFS فرمت کنین مشکل اینکه حجم بالای 4 گیگ رو منتقل کنین حل میشه 2 - سرعتش با usb2 25 هستش و با usb3 85 هست . 3 - من چندین هارد رو داغون کردم . . ولی خوشبختانه تا الان نشده این خراب بشه زیر دستم ! آب ریختم و ضربه هم زدم ! ! 4 - کابلش اصلا لق نیست و اگر لق هم بشه بخاطر استفاده ناصحیح هستش که با یه کابل دیگه که میتونین بخرین مشکلون حل میشه ! 5 - روی صفحات اریب سر نمیخوره و جنس پلاستیکش عالیه 6 - روی هر سیستم عاملی و با هر شرایطی کار میکنه اگر که برق کافی بهش برسه ! بنده بعنوان کسی که سابقه خراب کردن چندین هارد از چندین کمپانی مختلف رو دارم . . به شما اینو توصیه میکنم ! حالا خودتون صلاح خودونو بسنجین : )
Positive,با سلام خدمت دوستان من این وسیله رو دارم و البته از دی جی نخریدم در یک کلام واسه کارای معمولی تو شب خوبه زوم هم داره که با کشیدن سر چراغ قوه به جلو نور به حالت مربعی زوم میشه که برد خوبی داره من نسبت به قیمتی که خریدم واقعا راضیم و همیشه تو ماشینمه آره تعجب نکنین واقعا همینقدر خریدم و اصلی هم هست با بسته بندی عالی و 3 تاباطری کلام آخر واسه کارای معمولی و نیمه حرفه ای عالیه
Positive,سلام.من میخوام این فلش رو بخرم.میخوام بدونم گارانتیش چجوری ؟ . تو همه ی استان ها معتبر هست یا نه؟این گارانتی داده پرداز رایانه متین که برا طلایی هس مثل نقره ایش همون گارانتی سیلیکون پاوره یا نه؟لطفا جواب بدید
Positive,چند ماهه که یکی خریدم خیلی استفاده کردن هیچ مشکلیم نداشته نسبت به قیمتش واقعا خوبه
Positive,خوش دسته و کیفیت ساختش هم خوبه ، ویبراتور نداره ولی تو مشخصاتش نوشته بود داره در کل خرید خوبی بود من قبلا دسته های ارزون داشتم که زود دکمه هاش خراب می شد و پلاستیک جهتش می شکست اما این فعلا که دووم آورده
Positive,گوشیه خوبیه من ازش 4ماهه دارم استفاده میکنم واقعا خوبه باتری خوب نگه میداره خوشدسته وتازه اندروید هفتش هم اومده تا الآن دو بار براش اپدیت اومده فقط یکمRAMکمه در کل گوشیه فوق العاده زیبا و از هر نظر عالیه
Positive,از همه نظر عاالیه و راضی کننده ( y )
Positive,از هر نظری عالی هست چیزی برای گفتن ندارم فقط میتونم بگم عالیه
Positive,خیلی خوشکله و نسبت به قیمتش عالیه
Positive,سلام.من این تلویزیون رو 2سال پیش خریدم.خداروشکر آخ هم نگفته و خیلی عالی کار میکنه.بعضی وقتا بدون اینکه نگاه کنیم از صبح تا شب روشنه و تا حالا نشده که داغ کنه.صفحه خیلی خوبش که واقعا به قیمتش می ارزید و رابط کاربیش که خیلی راحت میتونیم تنظیمش کنیم.درگاه یو اس بی خیلی خوبه فقط تنها عیبش اینه که بعضی از فیلم ها رو لود نمیکنه.فرستنده دیجیتالشم عالیه و تمام کانال ها تلویزیون دیجیتال رو میگیره و از خوبی هاش اینه که موقعی که کانال جدید میاد یا فرکانسش عوض میشه به صورت اتوماتیک خودش تنظیم میکنه.خلاصه اگه یه خانم خونه دار هستی یا برای مادرت یا پدر بازنشستت که میخوان فیلم های عادی ببینن خوبه.از نظر من که خیلی به درد میخوره .
Positive,حال کردم تفریح وسفر بارقمی ناجیز
Positive,با تشکر از دیجی کالا . . من این کالا را در شگفت انگیز گرفتم . . واقعا پر قدرت خوش دست سبک و از باطری مناسبی برخوردار هست بطوری که بعد از چند روز شارژ کامل و حداقل چند بار کار کردن حتی یک چراغ باطری کم نکرد من این کالا را با سر پیچ گوشتی بوش خریدم . . جالب اینکه جعبه پیچ گوشتی بوش انگار برای همین جعبه درست شده بود و به راحتی در جعبه دریل شارژی جا شد . .
Positive,من دارم ازین مدل استفاده میکنم واقعا نسبت به مودم های دیگه خیلی سره.هم از نر قیمت هم از نظر کارایی
Positive,سریال بسیار عالی و بازی آقای جوان بسیار قوی و دارای بازیگرانی بینظیر
Positive,من یه چهار باطری دارم حرف نداره
Positive,با سلام خدمت دوستان خرید این شارژر رو برای شارژ پاور بانک توصیه میکنم . البته من برای اسپیکر همراهمم ازش استفاده میکنم دوستان توجه داشته باشید که این وسیله برای پاور بانگهای 5 ولت 2 / 1آمپر بسیار مناسبه . ممنون از دیجیکالا عزیزم .
Positive,"بهترین گوشی که من به عمرم دیدم به نظر همه ی رقیباش پشت سر می ذاره,از همه مهم تر دارای گواهی IP57 است ."
Positive,سلام منم مثل چند تا از دوستای دیگه اخرهای سال 91 این دوربین رو گرفتم ، البته بعد از کلی تحقیق تو وب . به نظر من خیلی بیشتر از قیمتش ارزش داره . از لحاظ فیلم برداری فوق العاده ست کیفت عکساشم خیلی خوبه من با چند تا دوربین مدل بالای نیکون و خود سونی مقایسش کردم تفاوت زیادی نداشت . من که خیلی ازش راضی ام اگه خواستید خرید کنید ، توصیه میکنم پول اضافی ندید و همین مدل رو بگیرید ارادتمند دوستان
Positive,واقعا گوشی زیبا و بدون نقصیه،من و دوستم هر دو این گوشی رو خریدیم ! !
Positive,بوی خوبی داره و اصولا همه خوششون میاد و از جهات مختلف نسبت به قیمتش حتما راضیتون میکنه .
Positive,کارت خوبیه سرعتش م خوبه نصبشم فوق العاده آسونه ( فقط چنتا کلیک ) قیمتشم عالیه
Positive,من این محصول را تقریبا یکساله که دارم ، بنده خیلی راضیم . واقعا ازش استفاده میکنم .
Positive,حدود دو ساله دارمش . . آخ نگفته . هر بلایی که فکر کنین سرش آوردم . دوام بالایی داره و طراحی آرگونومیکش فوق العادس . کلیک راست باشیب و پایینتر از کلیک چپه و جای شست داره . دکمه های بک و فوروارد بیش از اندازه میتونن کمک کنن . اما با همین قیمت میشه یه موس بیسیم خفن خرید . .
Positive,راضیم.هزینه کردم ولی راضیم . کیفیت صدا و مدت زمان نگه داشتن شارژش عالیه
Positive,دیروز به دستم رسید سریع ازش استفاده کردم فکر نمیکردم اینقدر راحت اصلاح کنه تو خریدش شک نکنید
Positive,عالیه.فقط دوباره بیارید لطفا
Positive,بعد از تجربه بدی که از خرید دو سه تا چای ساز داشتم ، این مدل رو انتخاب کردم . به نظرم خودش خیلی خوشگلتر از عکسشه . خیلی هم سبکه و وزن مناسب دست رو موقع بلند کردن کتری ، اذیت نمیکنه . توی این محدوده قیمت ، خیلی خوبه
Positive,با عرض سلام خدمت همه با اینکه توو اطلاعات این هدفون نوشته مخصوص موسیقی نیست ، ولی من فقط چهار دقیقه آهنگ به دلم موند از حمید عسگری رو گوش کردم باهاش ، واقعا آدمو به یه دنیای دیگه میبره ! انگار نت موسیقی رو توو گوش تو ساختن ! ! اصن یه وضعیه ممنونم : ) )
Positive,سلام منکه note4 دارم مشخصاتشم خیلی باnote5فرقی نمیکنه فقط اینکه دوسیم شده خیلی بهتره
Positive,من تقریبا سه ماه دارم باباند 693 . 11اینفینیتی ساب 1260 اینفینیتی با آمپ 8400 کنوود دریک کلام بدون هیچ نقص کیفیت در حد لالیگا
Positive,من این عطر رو هدیه گرفتم ، بوی فوق العاده عالی و ماندگاری بالا،هر بار این عطر و زدم امکان نداشته جایی که رفتم راجع به مشخصاتش کسی نپرسه . . راضی ام زیاد
Positive,سلام این باندو با پخش پایونیر بستم عالیه بیس پرقدرتی هم داره
Positive,خیلی خوبه من تازه خریدم عالیه
Positive,من الان سفارش دادم اما توجه نکردم که ویبره نداره ! ! الان که نظر دوستان رو خوندم فهمیدم : ( گوشی سادس نباید هنگ کنه ولی چیزی که باعث شد من این گوشی رو بخرم شباهت بسیارش به مدل نوکیا 1280بود که این گوشی دوربین صفحه ی رنگی و قابلیت پشتیبانی رم داره درکل نسبت به قیمتش و مقایسه با مدل های ساده ی نوکیا خیلی بهتره
Positive,من ماشینم سورن هست و تو کانال کولر نصب کردم و گوشی رو هم به صورت افقی میزارم و مشکلی هم نیست.کوچیک و جمع و جوره . زیبا و عالی
Positive,من یک هفته ست رنگ آبیشو از بیرون تهیه کردم . کیفیت صداش عالیه و خریدشو به بقیه دوستان پیشنهاد میکنم
Positive,گوشی خیلی خوبیه من چند ساله که ازش استفاده میکنم و واقعا ازش راضی هستم . با این که بچه کوچیک دارم و اون همش به این ور و اون ور پرتش میکنه اما تا حالا نه خراب شده و نه کیفیت صداش کم شده . روی هم رفته گوشی خوب و کاری هستش .
Positive,سلام.این گوشی رو بدون گارانتی گرفتم سه روز پیش و اما خود گوشی . . اول از نظر ظاهری گوشیه خاص و اسپرتی هست رنگ ابیش و کاملا مناسب جوناس از نظرم از نظر سایز هم یه مقدار بزرگه ولی خوشدسته گوشیه خیلی خوب و رونی هست . . من دوستم ایفون سیکس داشت و کسی هم ک ایفون داسته باشه هر گوشیی ب نظرش رون نمیاد دوربیناشم خوبن ولی میتونستن بهتر باشن . . عقبش خوب هس ولی نه در قیاس با ایفون ولی جلوش خیلی خوبه ولی در حد سیزده نیست سخت افزار گوشی هم قویه و برنامه هارو بدون لگ اجرا میکنه تاچش عاللییهه فقط یه چیزی ک منو ناراحت کرده اینه که بیش از دو تا انگشتو نمیشناسه و من فکر میکنم نرم افزاریه دوستانی ک واردن اگر بگن این قضیه چجوری درست میشه صفحه نمایششم خعلی خوبه و واقعا نورش خیلی زیاد و کیفیتش عالیه راستش من بین این گوشی و ام عیتو جی تری مونده بودم و درنهایت اینو خریدم چون نسبت به ام عیت خاص تر و جدید تره و سخت افزارش با اون یکیه و نور صفشم بیشتره و در مقایسه با جی تری باتری بیشتر نگه میداره و لگ نمیزنه و نور صفشم بیشتره . . امیدوارم کمک کرده باشم
Positive,من چهار روزه که از دیجی سی40 و خریدم.بدون اقراق ساز خوبیه حتی از ساز قبلیم که دو تومن پولشو داده بودم بهتره.اصل اصل خیالتون راحت.فقط اینو بگم اگه سی40 بگیرین بهتره تا این
Positive,من این اسپیکر رو تو شگفتنگیز گرفتم خیلی اسپیکر با کیفیتی هستش صدای خیلی تمیزی داره نسبت به قیمتش تو پیشنهاد شگفت انگیز خیلی می ارزه .
Positive,بوی خوبی داره اولش تنده بعد خوب میشه . یکمی هم رسمیه
Positive,1 . اولا واژه Calender که روی جلد این سالنامه و سالنامه های مشابه این تولیدی نوشته شده است ، اشتباه است . واژه درست Calendar است . ( e دوم در واژه روی جلد باید به a تبدیل شود ) 2 . سالنامه بیش از حد ساده است و جز چند صفحه اطلاعات آخر سالنامه در داخل صفحات اطلاعات تکمیلی ( جز مناسبت ها ) وجود ندارد . 3 . من این سالنامه را با پیشنهاد ویژه خریدم و راضی هستم ولی به نظرم قیمت معمولی آن برای سالنامه ای به این سادگی بالاست .
Positive,با تخفیف مناسب خریدم و در سفر استفاده کردم . همه چیز عالی بود .
Positive,عالیه . سرعتش خیلی خوب . خانم افروزیان این تبلت حتی برای کسانی که قبلا تبلت داشته اند نیز جالب و مناسبه . طراحی ، کیفیت ساخت،کاربری عمومی مناسبی داره و به نظر من نور صفحه هم خیلی خوب .
Positive,با سلام دیروز به دستم رسید تا حالا که عالی بوده امیدوارم از این به بعدم همین جور باشه
Positive,خیلی خوبه اپل شاهکاری ازخودش نشون داده امسال
Positive,عالیه چون هیلو هم روش میدن ولى دیگه دیر دیدمش الان دیگه دورش داره تموم میشه ولى در کل هر ایکس باکسى عالیه از نظر من
Positive,خیلی عالیه من تازه خریدم
Positive,سلام.من این کفش را حدود 6ماه پیش خریدم خیلی عالیه ولی یک عیب بزرگ داره و اون هم کف پاشنه ی آن نازکه و زمانی که خریدم فوق العاده کمرم اذیت شد و تا زمانی که یک زیر پاشنه ایی طبی ژله ایی خریدم و الان از آن راضیم . سبک و خوش پا است .
Positive,واقعا فکر میکنی یک جنس خیلی خوب دست گرفتی عالیه عالی
Positive,من تقریبا یک ماهه این گوشی رو دارم.به نظر من اگر کسی به اینترنت مناسب دسترسی داشته باشه میتونه از این گوشی نهایت استفاده رو بکنه . در کل ویندوز فون یه سری محدودیت داره اما در اون حد نیست که احساس محدودیت کنی.به نظر من اگر انصاف رو رعایت کنیم این گوشی در رده قیمتی خودش بهترینه . تنها چیزی که اذیت میکنه تراکم پیکسلی پایین اونه .
Positive,سلام به دوستان عزیز . سال 92 یکی گرفتم . طراحیش خوبه . دوام شارژ باطریش عالیه . اصلاح خوب انجام میده . فقط اوایل موقع اطلاح کردن باقسمت زیرگردن مشکل داشتم و زیر گردنم جوش میزد . اما به توصیه یکی از دوستام اطلاح رو از قسمت زیر گردن شروع کردم خیلی بهتر شد . فکر کنم بخاطر اینه قبل از گرم شدن دستگاه موهای زیر گردن رو بهتر میزنه . و دیگه بعدش جوش نزد . درکل به نسبت پولی که هزینه میکنید ارزش بالایی داره .
Positive,واقعا عالیه بنظر من نسخه اندروید گوشی را اپدیت نکنید چون به مرور مشکلاتی توی گوشیتون پیش میاد و از بعضی بازی ها یا برنامه ها در حین کار خارج میشه میشه علاوه بر این حافظه ی داخلی گوشیتون پر میشه
Positive,همین الان بدسم رسید واقعا عالیه خیلی خوش دست و خوشگله شک نکنید سفارش بدید
Positive,لپتاپ خوبیه نسبت به قیمتش . . یعنی شما تو این رنج قیمتی چنین کانفیگیرو خیلی کم میبینین.و اگر چنین کانفیگی هم باشه این کیفیت ساخت رو نداره اینو بهتون قول میدم با اولین لمس میفهمین که کلمه بلک ادیشن که نوشته بیخودی نیست . . جنس پلاستیک استفاده شده واقعا با کیفیته.در مورد سخت افزار نیاز نمیبینم توضیحی بدم چون میتونین از سایت نوت بوت چک بنچ مارک گرافیک و سی پی یو رو ببینین . . کار منو تو سینما 4دی راه میندازه سی پی یو 4 هسته ای 8 تریده هست تو رندر کم نمیاره تنها مشکلاتش یکی دما هست که تو فول لود بعضی جاها روی بدنه اذیت میکنه.دومی باتری هست که خوب انتظاریم نداشتم.سومیش مشکل pwm این مانیتور هست که اگر روشنایی رو زیاد پایین بیارین و چشماتون مثل مال من حساس باشه سریع درد میگیره . . البته برای خیلیا این اتفاق نمی افته در کل از خریدم راضیم .
Positive,به علت مگنتی که داره گوشی محکم میچسبه و رو دست انداز نمیوفته.بسیار کارآمد.ارزش خرید داره .
Positive,من سه شنبه هفته پیش این گوشی خیلی شیک و خوشدست رو از دیجی دریافت کردم . از ابتدا مشکل که نه یه ویژگی خاص مختص ویندوز داشت که متاسفانه تعمیرات موبایل هم نتونستن کاری کنن . براتون میگم که اگه شما هم برخوردین فکر نکنین گوشیتون مشکل داره گوشی من از حالت استندبای خارج نمیشد . و مدام روشن بود . همین باعث میشد گوشی بیشتر از 5 ساعت شارژ باتری رو نگه نداره و سیم2 گهگاهی قطع میشد و سرعت نت حتا ضعیف بود . فقط کافیه گوشی رو برگردونین به تنظیمات کارخونه . الان دیگه باتری و انتن دهیش عالی شده فقط از دوستانی که این گوشی رو دارن یه سوال دارم : چطور میشه از حافظه گوشی اطلاعاتو رو رم بریزم ؟ یا اصلا تنظیمش کنم هر داده ای که وارد گوشی میشه بره رو رم مموری ؟ با تشکر از خدمات دیجی کالا
Positive,من این گوشی رو یکسال داشتم.یادش بخیر گوشیه خوبی بود.اگر میخواید زیاد هزینه نکنید براتون پیشنهاد میکنم.من که راضی بودم
Neutral,سلام من این tv رو خریدم . با توجه به این که یک Blu-Ray player هدیه داره . دیگه نیازی به خرید اون نیست ولی اسپیکر سینما خانگی نداره . پیشنهاد شما واسه اسپیکر خوب بدون پلیر چیه ؟
Neutral,دوست عزیز جناب اقای زمانی این دوربین در کلاس خودش یکی از بهترین هاست کافیه یه سری به سایت معتبر dpreview بزنین و امتیاز 85 این دوربین و جایزه طلایی اونو ببینین . . جای بسی تامل داره که شما این دوربین رو با جی وان ایکس مقایسه میکنین ! ! لطفا اطلاعات خود را افزایش دهید . . جی وان ایکس در برابر این دوربین حرفی برای گفتن نداره . . گر چه ما داریم در مقایسه با یکدوربین کامپکت و دی اس ال ار حرف میزنیم که نمیتونه مقایسه درستی باشه ! یاحق
Neutral,من اینو گرفتم دیروز 13 به در گوشیم به پشت افتاد رو ذغال نیمه خاموش هیچی نشد گوشی ، فقط کاور یه کم سیاه شد
Neutral,ظرفیت اسمیشه 10 . 00 هست در واقع 5 . 00 - 6 . 00 عملا ! توی پیشنهاد ویژه می ارزه که خریداری شه در غیر اینصورت گزینه های بهتری هم هست .
Neutral,سلام دوستان اگه با بی کیفیت بودن اسپیکر و گنگ بودن صدای هندزفری مشکل دارید،ب قسمت صدا و اعلان در تنظیمات برید و آخرین گزینه یعنی Arkamys رو خاموش کنید . این گزینه صدای اسپیکر و هندزفری رو زیاد میکنه اما بی کیفتشون میکنه،این گزینه ک خاموش باشه حجم صدا کمتر میشه اما کیفیت صدا میره بالاتر البته این گزینه ب صورت اتوماتیک بعد از هر بار بی صدا کردن یا ریست کردن روشن میشه و باید خاموشش کنید . و اگر با بی رنگ بودن و کنتراست کم صفحه نمایش روبرو هستید ب قسمت صفحه نمایش در قسمت تنظیمات برید،اولین گزینه رو انتخاب کنید بالا سمت راست روی سه تا خط بزنید حالت صفحه رو روی واضح بزارید و کنتراست پویارو هم فعال کنید . امیدوارم ب دردتون خورده باشه خدانگهدار
Neutral,من یک سال است این گوشی را دارم . یه مدت که کلش بازی میکردم شارژ میخورد اما الان csr2 . را روی گوشی بازی میکنم به حد یه htcشارژ میخوره . اگه برای تایپ خود کلمات توسط گوشی مشکل دارید نرم افزار go keyboard . را نصب . کردم مشکل . حل شد . تا الان من که گوشیم . هنگ نکرده . حتی 10 بار بدون گارد زمین خورده فقط خش ورداشته . اما هنگ نه . در کل عالییه
Neutral,امروز صبح برام پیام اومد که موجود شده . الان میخواستم بخرم ناموجود شده توی چند ساعت ! خب لطفا یکم تعداد بیشتری بیارید که اینقدر زود تموم نشه
Neutral,سلام . لطفا لوازم جانبی این محصول از قبیل کاور های مختلف و محافظ صفحه و شارژر و داک و تبدیل میکرو usb به شارژر مغناطیسی را هم موجود کنید
Neutral,لطفا 32 وای فایش رو هم بیارید
Neutral,رنگ طلایی این گوشی کی به فروشگاه اضافه میکنید ؟
Neutral,این محصول با مشخصات پایه ( رم 8GB ) و هارد ( 1TB ) و بدون SSD وارد می شود و در بخش تولید شرکت ماتریس تنها افزایش رم و هارد انجام می شود .
Neutral,نور صفحه نمایش چرا ضعیفه؟قابل تنظیم هست یا نه ؟ از کجا ؟
Neutral,میخواستم بپرسم ین گوشی منوی فارسی داره یا نه ؟ یعنی روی خودش هست یا باید برنامه ای ریخته بشه ؟
Neutral,این اسپیکر رو واسه یکی از بهترین دوستام خریدم که امیدوارم ازش خوشش بیاد ; )
Neutral,لطفا هر چه زودتر موجود کنیدوپیشنهادویژه واقعا میخام بخرم.تابستونه این لازمه.و پیشنهاد ویژه بزارین مثل چند ماه قبل .
Neutral,به دوستانی که گله از وزن بالای این لپ تاپ دارند ، باید بگم این دستگاه برای کاربرانی خاصی در نظر گرفته شده که نیاز به جابجایی زیاد ندارند.اما در مقابل نمایشگر بزرگ و باکیفیت برای آ نها مهمتر است مانند گرافیست ها.به هر حال 3 کیلوگرم وزن برای لپتاپی 16 . 4 اینچ کاملا معمولی است .
Neutral,با سلام بعد از اینکه دیجی این مسواکارو موجود نکرد مجبور شدم از بیرون بگیرم که البته به توصیه یکی از اشنایان که تو کار لوازم ارایشی بهداشتیه از اونور اوردن برام(میگفت تو ایران اصل نیستن که البته درست و غلطش رو نمیدونم ) درکمال تعجب این مدل هیچ چراغ و نشانگری در مورد باطری نداره!درصورتی که مدلای ساده تر داره و همچنین یه سری داشت و جعبه هم پلمپ نبود چنتا سوال از شرکت تهران بوران ؛ 1 _ اگه مسواک رو پایه باشه ولی پایه تو برق نباشه باز هم مشکلی داره ؟ 2 _ باطری این مدل قابلیت تعویض توسط شرکت رو داره؟مثلا اگه بعدازچندسال خراب شد ؟
Neutral,سلام دیجی جونم خواهشا موجودش کن و شگفت انگیز لطفا خیلی وقته منتظرم خیلی این عطر و میپسندم واقعا بوی عالی داره
Neutral,سلام من اینو خریدم ولی با گوشیم که اچ تی سی وان ایکسه اصلا کانکت نمیشه چیکار کنم ؟
Neutral,به نظر همه چیش از sx50 بالاتره ( به جز زوم ) پس چرا قیمتش اینقدر پایینه ؟ !
Neutral,در جواب دوستمون آقای مسعود صالحی خویگانی . . باید بگم که برین به سایت imei سریال imei گوشی رو با زدن کد #06#* * بگیرین
Neutral,آقا عملکردر اسپیکراش چطوره؟خروجی 3 . 5 که عالی جز بهتریناس
Neutral,من یه دونه از دیجیکالا درخواست دادم که دوستام گفتن حتما کنارش یه آمپلی بندازم . ضبط فابریک 206 به نظرتون بهترین کار چی میتونه باشه ؟
Neutral,سلام لطفا زودتر موجودش کنید میخوام بخرمش
Neutral,از این جنس قطار چهار مدل در سایت موجوده آیا میشه ریل اونها رو با هم ترکیب کرد ؟ من میخوام یه میز پر از ریل قطار مثل نمونه های بزرگ درست کنم
Neutral,خانم شیما مازنی خیر دستگاه قابلیت شارژ ندارد
Neutral,لطفا بازم موجوش کنید با تشکر
Neutral,دیجی جون لطفا موجودش کن تورو خدا
Neutral,سلام می خواستم بپرسم واسه این تبلت که سیم کارت نمی خوره امکانش هست مثلا مودم دانگل رایتل رو با کابل OTG بهش وصل کرد و از اینترنت 3g استفاده کرد ؟ اگه کامل توضیح بدید ممنون میشم .
Neutral,موس خوبی در کار روی سطوح مختلف هست اما از لحاظ کیفی چنگی به دل نمی زنه ، اسکرول اون کیفیت خوبی نداره و مخصوصا تو بالا رفتن صفحات حس بدی به آدم منتقل می کنه ، نشان گر موس هم بعضی موقعا بازی در میاره و پرش پیدا می کنه . در کل با قیمتی که داره اصلا به صرفه نیست . . من نمی دونم این همه پول فقط به خاطر برند ؟
Neutral,دوستانی که خریدن.آیا قابلیت حمل به صورت دوشی داره ؟
Neutral,سلام خدمت همه ی دوستان< یه سوال داشتم از دوستانی که از دیجی آیفون گرفتن ، می خواستم بدونم شما که از دیجی آیفون گرفتید سفارش کجا بود ؟ ال ال ای بود ؟
Neutral,اگر درون مخزن ابش اب جوشیده که سرد شده باشد بریزید عمر واشر ان طولانی تر میشود
Neutral,سلام . لطفا بگید که میکروفونه خوبی داره ؟ من یه هدست با میکروفون خوب در همین قیمت میخام . .
Neutral,دیجی جان لطفا پیشنهاد ویژه قرار بده
Neutral,من حدودا 7 سال پیش این ادکلن رو هدیه گرفتم و اونوقع رو بورس بود و خیلی خوب ولی شاید الان 3 ساله که 3تا ازین رو از جاهای مختلف خریدم دیگه اون نبود و 2 ااشو بخشیدم به دیگران . اصلا خوب نیست .
Neutral,سلام دوستان توی سایت اقلام همراه گوشی زده باتری و . . ! ! درصورتی که این گوشی باتریش غیر قابل تعویضه و روی خود گوشی هست . میخواستم بدونم دیجی کالا همراه خود گوشی هندزفری هم میده یا نه؟این خیلی برام مهمه خواهشا اگه اطلاع دارید باسخ بدید . ممنون
Neutral,لوازم جانبی لطفا
Neutral,در جواب هادی وجدانی گل شما فیش hdmi رو میزنی به تی وی و فیش rca قرمز و سفید رو میزنی به اسپیکر و زرد هم که هیچی بعد از داخل تنظیمات ps3 باید خروجی صدا رو بزاری روی rca
Neutral,سلام و خسته نباشید میگم به تمام اساتید محترم دیجی کالا . لطفا شماره ریجن ( Region ) این دستگاه رو مشخص کنید . طبق تحقیقی که بنده داشتم و مطالبی که فهمیدم ریجن 1 مربوط به آمریکا و ریجن 2 مربوط به اروپا میشه . ریجن 3 هم متوجه نشدم مربوط به چی و کدوم کشور میشه . در کل ریجن دستگاه هیچ تاثیری در سخت افزار و نرم افزار نداشته و تمامیه ریجن ها مثل هم بوده . تنها مزیت و کار ریجن در استفاده از Store یا فروشگاه دستگاه شما و خرید گیفت کارت یا اکانت آمازون و . . است که با توجه به موقعیت مکانی ایران ریجن 1 برای ایرانیا مناسب تره . ولی متاسفانه با سرعت اینترنتی که ایران داره به سختی میشه از این مزیت هم بهره برد و بهترین استفاده از این کنسول آفلاین بازی کردنه . در نهایت شماره ریجن ها هیچ تفاوت خاصی بجز Store(فروشگاه ) با یکدیگر ندارن . گول فروشنده های سودجو رو هم نخورین . که احتمال اینکه دستگاه کارکرده و دسته دوم رو به عنوان کنسول نو و صفر بهتون بفروشن خیلی زیاده . ( تجربه شخصی داشتم در این موضوع ) پس بهترین انتخاب و خرید شما از این کنسول بدونه شک دیجی کالا است . امیدوارم مطالبی که درج کردم به کارتون بیاد . . موفق و سرافراز باشید
Neutral,اگر سرعت خالی شدن باتری شما به طور قابل توجهی سریعتر شده باشه ( یعنی مثلا قبلا 5 ساعت تخلیه اش طول میکشیده و الان شده 1 ساعت ) ، سریعا به گارانتی مراجعه کنید . . دوستانی که مشکل مشابه دارن باید بهشون بگم که ظاهرا شارژ حتی پس از کامل شدن شارژ باتری ادامه میابد و باعث خراب شدن باتری میشود . و خراب شدن باتری باد شدنش را نتیجه میدهد و وقتی باتری باد میکند چون در پشتی تبلت باز نمیشود به ال سی دی فشار آورده و حتی باعث آسیب دیدن نمایشگر میشود . پیشنهاد میکنم به محض 100 % شدن باتری شارژر را از برق بکشید .
Neutral,سلام آقای محمود جامی الاحمدی . . سیستم عامل این دستگاه اندروید4 . 2 هستش که از طرف شرکت آلکاتل اپدیتی منتشر نشده که ورژن سیستم عامل رو ارتقا بده.مشکلی نیست
Neutral,آقای منفرد ، شما تجربه کار با هر دو هارد رو داشتید ؟ میتونید برتریای این هارد رو نسبت به Silicon Power Armor A80 ( یا برعکسش ! ) بگید ؟
Neutral,دوست عزیز حق با شماست منم میدونم اعداد مربوط به گرافیک به چه ترتیبی هستن و عدد بالاتر ملاک کارایی بهتر نیست البته عدد اول . . ولی گرافیک سیستم msi دو نوع هست گفتم هم 820 داره و هم 720 و اطمینان دارم که هر دو 128 بیت هستن . میتونین ریویو سیستم رو تو خود سایتش ببینید . به هیچ وجه هم منکر کارایی و عملکرد سیستم لنوو نمیشم خصوصا سری تینک پد .
Neutral,"سلام.من یکماهه این گوشی رو خریدم.البته از بیرون.چند تا نکته : 1 - دفترچه تلفن این گوشی کمی دلتون رو میزنه.مخصوصا اینکه اگه بخواید شماره ای رو برای کسی بفرستید شماره رو بهم میریزه.نام ها رو هم قاطی میکنه.مثلا در ' رضا حسین پور ' عبارت ' پور ' رو فامیل میشناسه نه ' حسین پور ' 2 - صفحه نمایشش جالبه.در حالت خاموش چند ردیف نقاط شفاف داره که در کار مشکلی ایجاد نمیکنه.ولی با دیگر گوشی های هواوی فرق داره.صفحه با کیفیتی داره.من خیلی راضیم 3 - سرعت بالا اومدنش اونقدرها که میگن بالا نیست ولی مشکلی هم نداره 4 - بازی های hdرو من نتونستم اجرا کنم 5 - باطریش برای یک روز عادی کافیه.بازی , اینترنت و تماس و اس ام اس.ولی دو روزه پر مشغله رو تحمل نمیکنه . 6 - از آنتن دهیش در خارج شهر زیاد راضی نیستم ولی داخل شهر مشکلی نداره 7 - دکمه عقب گرد گوشی بنظرم ضعیفه و پاسخ دهیش کنده . 8 - هدفونش ضعیفه . توصیه میکنم اگر دوستان دو سیمکارت براشون چندان مهم نیست یک گوشی با رم بالاتر انتخاب کنند ."
Neutral,لطفا رنگ مشکی و خاکستری تیره آن را موجود کنید .
Neutral,لطفا شگفت انگیز ش کنید .
Neutral,"با این قیمت های نجومی و کیفیت های فوق العاده پایینی که دوربین های IP دارن به صرف نیست یه گوشی اندوریدی بگیریم وصلش کنیم به شارژ و به راحتی با کیفیت FullHD یک IP-Camera داشته باشیم ؟ ! مخصوصا الان که گوشی های اندرویدی خیلی ارزونی میشه گیر اورد من موندم این قیمت وحشتناک دقیقا برای چیه ؟ یک مjavascript : _ _ doPostBack ( ' ctl08$btnAddComment ' , ' ' ) ودم وایرلس 80 تومن بیشتر نیست ، یک دوربین دو مگاپیکسلی مگه چی داره که قیمتش اینقد بالاست ؟"
Neutral,چه خوشدله . . ! ! D :
Neutral,چه حیف شد . میخواستم تا هفته دیگه بخرمش . انگاری قسمت نبود . چقدر دلگیر شدم . الان معلوم نیست موجود میشه یا نه من با گارانتی سازگار میخواستم.امیدوارم در موجودی جدید درایوراش برای ویندوز هشتو یک هم موجود باشه .
Neutral,سلام.من این باطریو تازه خریدم از دیجی کالا البته بعداز خوندن نظرات دوستان عزیز که تقریبا همه اعلام رضایت کرده بودن.بعداز شارژ و استفاده واقعا از کیفیت شارژ دهیش شگفت زده شدم عینه باطریش فابریک خود گوشی . از بسته بندیشم معلوم بود که جنسش عالیه.ممنونم از دوستان که با نظراتشون باعث شدن من یه انتخاب درستی داشته باشم و از دیجی کالا هم از بابته جنسای اصلی که عرضه میکنه کمال تشکرو دارم.دیجی کالا همین روندو ادامه بدی میتونی واقعا موفق باشی منظورم ارائه بهترین هاس.امیدوارم مثله خیلی از فروشگاهها بعداز مطرح شدن و افزایش مشتری سراغه جنسای افتضاح با سود بیشتر نری . مشتری مداری رمز موفقیتت هستش دیجی کالا همین روندو ادامه بده .
Neutral,من این افتاب گیررا برای سمند سفارش دادم ولی مدل ارسالی برای من مدل ال 90بود با توجه به قیمت محصول با دیجی کالا تماسی نگرفتم امید وارم در هنگام ارسال دقت بیشتری صورت گیرد
Neutral,باسلام خواستم بدونم باید چه امپر و پخشی داشته باشم که این ساب با دوتا 718 بتونه موج بزنه ؟ لطفا کمکم کنید
Neutral,برای دوربین های کامپکت هم قابل استفاده هستن ؟
Neutral,دوست عزیز متلب که اصلا برنامه ی سنگینی نیست من الان رو همین سیستم نصبش کردم اصلا مشکلی ندارم
Neutral,اغلب نظرات دوستان رو خوندم . . لطفا به این موضوع توجه کنین که این مدل نورلکو هست و به نسبت کیفیت و کارایی پایین تر از فیلیپس هست به طوری که نورلکو اصلا گارانتی نیست . . مدل 6140 یا 6141 فیلیپس کیفیت به مراتب بهتری دارن . .
Neutral,من الان این گوشیو سفارش دادم.دیجی کالا واقعا ممنون که با قیمت مناسب تو سایت گذاشتین.قیمتتون با بازار خیلی متفاوته.پاینده باشید
Neutral,لطفا موجود کنید این کالا رو
Neutral,ای بابا ما منتظر این بودیم شگفت انگیز بشه بدتر خاکستریشم تموم شد . . من این هفته حتما باید بخرم لطفا خاکستریش رو موجود کنید
Neutral,سلام ممنون از این که دوباره آوردین این دوربین رو . ولی چرا انقدر تعداد رنگ قرمزش کم بود ؟ ! : ( ، یه روزه تموم شد تقریبا ! ! لطفا دوباره رنگ قرمزش رو بیارید ، من منتظرم که بخرمش ، اگه خیلیی طول بکشه مجبور میشم از بازار بگیرم : ( بازم ممنون
Neutral,اون دوستانی که فکر میکنن یکی از اسپیکرای گوشیشون کار نمیکنه یا ضعیفه،یه ذره ببشتر فکر کنن لطفا . این گوشی دوتا اسپیکر نداره،یکیش میکروفونه یکیش اسپیکر . یه نگاه به صفحه 51 دفترچه راهنمای گوشیتون بندازین .
Neutral,عکس ها رو در زمینه ی رنگ خود وسایل نگیرید.دیده نمیشوند.ممنون
Neutral,دوستانی که از دیجی کالا خریداری کردند اگر پارت نامبرشان LL/A است مثبت بزنند
Neutral,باتریش قلمی قابل شارشدن و تعویضه و خودش شارژ میکنه
Neutral,اونی که پول داشته باشه اینو بخره دیگه احتیاجی به 23 میلیون واسه جهیزیه نداره که !
Neutral,TV Out ?
Neutral,سلام یه دارنده لطفا صادق به من بگه که این لپ تاپ برای کارای روزانه خوبه ؟ معیار من اینه که بازی های سنگین روش بریزم تا6ماه اینده و این 6ماه رو هم باهاش کارای معمولی میکنم مثل ادوب ریدر و فتوشاپ.ایا این لپ تاپ استحکام داره و نیاز های من رو براورده میکنه ؟
Neutral,سلام خدمت کارکنان زحمت کش دیجی کالا . . لطفا رنگ مسی و مشکی این محصول رو موجود کنید،رنگ سفید برای اقایون مناسب نیست
Neutral,خواهشا رنگ سفیدش رو موجود کنید .
Neutral,سلام لطفا رنگ مشکیشو موجود کنید ممنون میخوام بخرمش
Neutral,ممنون میشم این محصول رو تو عید حداقل با پیشنهاد شگفت انگیز قرار دهید
Neutral,تو پیشنهاد ویژه گرفتم ، عالی
Neutral,دوست عزیز میشه بگی این 10 درصد امکانات نوت 3 چیه که همه بدونن؟بی دلیل چرا اینارو میگین خدایی سنسور لیزریش واسه عکاسی کل نوت 3 رو می ارزه من 1 ماه 32 گیگشو دارم . هیچ عیبی نداره با گوشی های دوستام کار کردم هم با ام 8 هم اس 5 هم نوت 3 هم آیفون هیچ کدوم این نمیشه .
Neutral,سلام این ساعت رو بلخره قراره بیارید یا نه ؟ ممنون میشم جواب بدید !
Neutral,امروز از دیجیکالا به دستم رسید به محضی استفاده کنم نقد میکنم دوستان امیدوارم که خوب باشه
Neutral,کاش با آوردن گوشی اس4 این قاب رو هم موجود کنید
Neutral,در ایفای امسالم سونی همانند رقبا پرچمدار جدید خودشو معرفی کرد که در کورس رقابت از رقبا عقب نیوفتد امید واریم یک نقد و بررسی عادلانه از دیجی کالا داشته باشیم و همانند گذشته شاهد بررسی یک طرفه و جانبدارانه نباشیم
Neutral,چند ساعت شارژ میشود و چند ساعت کار میکنه
Neutral,خواهش میکنم رنگ مشکیش رو هم بیارید
Neutral,من میخوام بخرمش ولی ناموجوده . لطفا موجود کنید . باتشکر
Neutral,f370 چقدر از این بهتره که اینقدر گرون تره ، ، به حرحال میگیرمش . .
Neutral,موجودش کن دیجی ، من 10 تا میخوام
Neutral,ایا با ریست به تنظیمات کار خانه انروید تبلت از 5 به 4 . 2 باز میگردد یا همان انروید 5 میماند لطفا جواب دهید
Neutral,دیجی کالا لطفا شگفت انگیزش کن .
Neutral,سلام لطفا دوستانی که از این محصول استفاده کردن نظرشونو بگن میخوام بخرم .
Neutral,دیجی جان میشه دوباره پیشنهاد ویژه اش کنید ؟ من دوتا میخوام بخرم و هدیه تولد بدم . یکی هم دوستم میخواد بخره . . ممنون میشم .
Neutral,لطفا موجودش کنید تو سبد خریدم بود همین ک خواستم بگیرم دیدم ناموجود شد
Neutral,لطفا اطلاعات بیشتری از کتاب مثل ' زمان کتاب ' را نیز بنویسید ممنون
Neutral,دیجی کالا عزیز بذار پیشنهاد شگفت انگیز میخوایم بخریم ممنون
Neutral,لطفا این مجموعه رو به عنوان پیشنهاد شگفت انگیز قرار بدین من دو سری ازش می خوام .
Neutral,از سطح داخلی و زیپ کیف هم عکس بزارین . سپاس
Neutral,با سلام خدمت دوستان عزیز چرا ماها هنوز فرهنگ استفاده از یک تاپیک رو نداریم ؟ بابا اینجا هر کی با این گوشی کار کرده یا کسی که سوالی داره باید مطرح کنه اومده داره برند چمیدونم مثلا تاژ رو توضیح میده که اقا عالیه خب عزیز من برو همونجا ذهن فغالت رو بگو تا همه استفاده کنن کسی هم مجبورتون نکرده بیاید وین فون بخرید خب سختتونه نخرید ( جناب اقای محمد رضا نعمت پور کلمه ی داغ میکنه صحیح میباشد نه ( میکونه ) ) اولین بار هم هست دارم نظر میدم اما تمام این نظرات رو تو این چند ماه اخیر خوندم خواهشا از گذاشتن نظرات بی استفاده خودداری کنید به نظرم دیجی باید مدیریت کنه این نظرات رو و جزو قوانین بذاره که هر چرت و پرتی ثبت نشه شرمنده طولانی شد نظرم اما دوستانی که شخصیت و کلاس کاریش رو دارن فکر کنم خودشون بتونن تفکیک کنن که کدوم نظرات از طرف کسایی هست که حتی ندیدن این گوشی رو و کدوماش مفید و از طرف کسایی هست که کار کردن با این گوشی حرف خاضی ندارم و من الله توفیق یا علی
Neutral,با سلام ببخشید من دیروز که این محصول تخفیف داشت قصد خرید داشتم و تا مرحله واریز مبلغ پیش رفتم ولی موفق به واریز نشدم امروز که اومدم ثبت نهایی کنم از سبد خریدم بیرون رفته بود . خواهشمندم دوباره تخفیف را اعمال فرمایید تا بتونم خریدم رو سریعتر انجام بدم
Neutral,سلام دیجی تورو خدا بازم بیار این مدل رو حالم گرفته شد . شانسو میبینی
Neutral,سلام به دیجیکالا.هر روز 2 بار سر میزنم تا شاید این گوشی پیشنهاد ویژه بشه.دیجیکالا اگه این گوشیو تخفیف ویژه بزنی همون لحظه میخرمش
Neutral,دوست عزیز آقای روح الله شریفی ، این گوشی یک صفحه نمایش دارد . به تصویر محصول مراجعه نمائید متوجه خواهی شد .
Neutral,باسلام عزیزانی که استفاده کردن لطفا بگن که بازی های HD رو ساپورت میکنه یانه؟بعد آیا میشه با تکون دادان تبلت بازی های مث ماشین رو کنترل کرد یا نه ؟ ممنون
Neutral,سلام چرا یک ترای این هارد دیگه موجود نیست ؟ خواش میکنم موجودش کنید من یکی دیگه میخاام
Neutral,اگه میشه بذارینش تو پیشنهاد شگفت انگیز میخوام بخرمش .
Neutral,دیجی کالا تورو خدا نقد نوت 4 هم بزار ایفون 6 گذاشتی سونی زد 3 هم گذاشتی فقط نوت 4 رو نذاشتی موافقا لایک کنن لطفا مال نوت 4 بزارین
Neutral,اکسپریا L بهتره یا گلکسی اس 2
Neutral,دیجی کالا لطفا M100 رو هم موجود کنیید . . اون رنگش قشنگ تره ! !
Neutral,چقدر شبیه لومیا 620 نوکیاست ! من خودم 620 دارم یه آن فکر کردم همونه . حتی رنگ های رسمیشم همون رنگهای رسمی سری لومیاست !
Neutral,سلام سرعت کپیش از 16 مگ بیشتر نمیشه . یه Ultra Flair USB3 . 0 داشتم . سرعتش در بدترین حالت 80 مگ بود
Neutral,سلام لطفا موجود کنید ! ! مرسی . .
Neutral,لطفا موجود و پیشنهاد شگفت انگیزش کنید
Neutral,لطفا موجود کنید . باتوجه به اینکه ظرفهای چینی زرین فوق العاده زیبا و باکیفیت هستند قصد دارم چند دست تهیه کنم
Neutral,usb3 بیارین جنس جدید بیارین
Neutral,سلام من از این مدل محافظ میخوام در صورتی که امکان داره بهم خبرش رو بدید ساکن کرج هستم
Neutral,سلام خدکت همه اساتید با توجه به امکانات و قیمت عالیه فقط 4 تا عیب داره . 1 - نداشتن GPS 2 - نداشتن NFC 3 - نداشتن DLNA 4 - نداشتن قابلیت نصب سیم کارت وگرنه از همه لحاظ عالیه
Neutral,من 6 ماه پیش این را خریدم میشه گفت مادربورد بسیار خوبی است و چندین سال برای شما کار خواهد کرد .
Neutral,دوستانی که از این مدل استفاده میکنن ، در صورت امکان راهنمایی بکنن که در موقع تایپ مشکل standby شدن به وجود نمیاد ؟ ؟ بعضی مدل ها دوستان standby سریع رو مشکل اعلام کرده بودن . . به هر حال کیبورد کارش تایپ کردن ه و هر لحظه باید آماده به کار باشه . .
Neutral,سلام اگه میشه یکبار دیگه یزارید تو پیشنهاد ویژه تا کسایی مثل من که نمیتونن زیاد هزینه کنن بتونن بخرن ممنون
Neutral,سلام دوستان برنامه antutu به خوبی نمیتونه از پردازنده intel atom z3745 و z3530 و چند تای دیگه بهره ببره و امیتاز کامل رو بده چون پردازنده intel atom معمولا روی تبلت های ویندوزی هستش مخصوصا پردازنده گرافیکی intel hd که از powervr 6 کمی ضعیف تر هست ولی تو antutu امتیاز کلی رو بهش نمیده به دلیل ناسازگاری چون تنها چند تبلت اندرویدی هستند که intel hd رو دارن و antutu نمیتونه از اونها به طور کامل پشتیابانی کنه و همینطور بازی ها که بیشترشون نمیتونند بهره کامل رو از این پردازنده ببرند نه به خاطر 64 بیتی بودن به خاطر ناسازگاری هست و بعضی برنامه ها کلا باز نمیشند البته نگران نباشید چون با اپدیت های ایسوس بهتر میشه اما antutu رو نمیشه کاریش کرد .
Neutral,با سلام دوستان عزیزی که این تبلتو دارن یه سوال داشتم.این تبلت گوگل پلی و گوگل پلاس رو داره و ساپورت میکنه ؟ آخه واسه بازی clash of clans میگم.اگه نشه باید از اول بازی کنم که با این شرایط قید این تب رو میزنم . بعضی ها گفتن که به اندروید 40402 اینترنشنال نسخه خاور میانه اپ کردن آیا بعد از آپدیت میشه از گوگل پلی و گوگل پلاس استفاده کرد ؟ خواهشا یه با معرفت جواب بده چون میخام زودتر بخرم
Neutral,سلام دوستان بالاخره من تونستم قاب ژله ای و محافظ صفحه نمایش viva LTE رو تهیه کنم البته فقط مدل بیرنگ موجود است برای خرید باید به حاشیه سمت چپ درب ورودی پاساژ علاالدین مراجعه کنید ، در اونجا قاب ژله ای بیرنگ 25 هزار تومان و محافظ صفحه 35 هزار تومان می باشد .
Neutral,سلام به دوستان عزیز اول یه تشکر ویژه دارم از دیجی کالای عزیز که سفارش رو مثل همیشه سریع به دستم رسوندن این گوشی رو حدود 3 ماهی میشه برای خانواده خریداری کردم که قیمت دیجی کالا نسبت به قیمت فروشگاه های شهر ما مناسب تر بود در خرید این گوشی یه نکته برام خیلی مهم بود و اون نکته مهم تداخل نداشتن فرکانس گوشی با مودم اینترنت بود ، از اونجایی که فرکانس اکثر مودم ها 2 . 4 هستن پس باید فرکانس تلفن یه عدد دیگه باشه که خوشبحتانه این نلفن از فرکانس ' دکت ' ینی 1 . 9 پشتیبانی میکنه ، به همین خاطر دیگه شاهد نویز در تلفن نخواهیم بود بخش مشخصات فنی اشتباهی گفته نور پس زمینه صفحه کلید نداره ، اما بعد از تست متوجه شدم داره ، البته از روی تصاویر هم میشه فهمید ! به طور کلی تلفن جمع و جور و زیبایی هست و اینکه در حالت قطع برق هم میشه از تلفن استفاده کنیم خیلی خوبه قابل توجه دوستانی که گفته بودن بدون برق کار نمیکنه ؛ من تست کردم زمانی که برق قطع میشه شما باید حدود 1 دقیقه تلفن رو روی پایه قرار بدید تا پایه شارژ بشه و بعد ارتباط بین فرستنده و گوشی برقرار میشه و میتونید بدون برق هم تماس بگیرید و صحبت کنید * راستی دوستان فقط من نتونستم از قابلیت پیدا کردن اشیاء گم شده استفاده کنم ! اگر کسی یاد داره لطفا راهنمایی کنه . . ؟ ممنون از همه عزیزان
Neutral,سلام.آقای علی هاشم خانی میشه دقیق بگید شما ازکدوم مدل نوت4 گرفتید که 4G هم داره ؟ ؟ ! ! ممنون
Neutral,این شارژ ایپد هم میتونه شارژ کنه ؟
Neutral,من میخوام این گوشی رو از اینجا سفارش بدم . ایا 2سیمش رو میدن ؟ یکسیمش رو بازار داره ولی من گوشی 2سیم میخوام . چون سیم همراه اول دارم و اینترنتش جالب نیست . . با همراه اول انتن دهیش خوبه ؟ ؟ / مشکلی نداره ؟ ؟ دوستان دیجی لطفا جواب بدن دوسیم داره ؟
Neutral,طراحی زیبا ممنون دیجی کالا
Neutral,سلام لطفا این مجله دوست داشتنی رو زودتر بیارید ممنون
Neutral,سلام من میخوام این گوشی رو بخرم ولی راستش تو نظرات خوندم که صدای اسپیکرش ضعیفه و خوب نیست دوستانی که این گوش رو دارن اگر واقعا چنین عیبی تو این گوشی هست سریعتر بگید تا من از تصمیم خریدم منصرف شم باتشکر سحر
Neutral,به نظر منz510 - d بهتره .
Neutral,گرافیک های nvidia که در لب تاب ها استفاده میشه خیلی ضعیف تر از نسخه pc است و اخر همشون m داره.اگه بنچمارک نسخه pc و لب تابو مقایسه کنید چندیدن برابر از لب تاپ بیشتره
Neutral,اما دوستای گلم تو نظرات مشاهده کردم یادتون باشه رم لپتاپتون بالای 3 گیگ هست حتما ویندوز 64 بیتی نصب کنید ویندوز 32 بیتی فوق تا 3 گیگی رو ساپورت میکنه رمتون چهار گیگ باشه 3 و خورده ای نشون میده که ازین مقدار حتی 2 گیگشو هم استفاده نمیکنه ! ! سعی کنین اگه بلد نیستین با ویندوز 8 کار کنین اونو نصب کنین ولی ویندوز 7 همین الانشم میشه گفت حتی از 8 هم کاربردی تر هست.در صورت نصب ویندوز 8 حتما سرعت اینترنتشو تنظیم کنید . موفق باشید
Neutral,لطفا نقره ای این کابا رو شگفت انگیز کنید.ممنون
Neutral,سورمه شم موجود کنید فقط مثل خاکستری M8 قیمتش رو بالا نبرید لطفا
Neutral,باطری2500 میلی امپر برای این گوشی عرضه شده اما در ایران موجود نمیباشد .
Neutral,لطفا سایز 39 رو بزارید.میخوام واسه ورزش قیمتش خیلی خوب شده
Neutral,لطفا موجود کنید بی صبرانه منتظرم
Neutral,سلام دوستان.الانکه دارم تایپ میکنم دقیقا یک روز و نصفیه ک خریدمش.با گارانتی یاس و رنگdark gray . اقاع!خعلی خوشگله.نازکه اصلا متوجه نمیشی تو جیبته بااینکه صفحش بزرگه.اندروید 4 . 4 . 2 و سنس 6 هم روشه.البته یه آپدیت 124 مگابایتی هم داشت ک انجامش دادم.نور صفحشو خیلی کم کنید چون تو محیط بیرون هم قابلیت خوانایی داره بازم!بعد از شارژ اولیه الان13 ساعته ک هم نرم افزاراشو آپ کردم هم با وایرلس وصلم هم اهنگ گوش دادم شارژش شده47 . پاور سیو مد هم فعال کردم . . البته اگر اشتباه نکنم مثل ام8 بازم یه ذخیره انرژی جداگانه هم داره.کیفیت صداش هم توپه.تا حالا که کندی ندیدم حتی وقتی چنتا نرم افزار باهم باز کردم و بردمشون پس زمینه.zoeهم داره ک وقتی میرم توش میگهcoming soon!blink feedهم آپدیت کردم ازplay store.صفحش هم خیلی شفافه ک من بشخصه ترجیح میدم بر صفحاتsuper amoled!دیگه . . من توصیه میکنم همینdark grayرو بخرید حتما هم با گارانتی یا یاس یا آرین.چون من اس4 داشتم بگم ک کیفیت دوتا دوربینا یکسانه منتها امکانات اس4 خیلی بیشتره.بازم چیزای جدید پیداکردم بازم میگم خدمت دوستان.عزت زیاد : )
Neutral,یه سوال پشتش دوربین نداره ؟
Neutral,سلام به همه یه مشکل که داره اینه اگه به دقت به صفحه نمایش تبلت نگاه کنی صحفه نمایش یکسری امواج به صورت موازی از پایین صفحه نمایش تا بالای صفحه نمایش وجود داره اگه مال شما هم اینطوریه مثبت بدید و گرنه ببرمش گارانتی.اگه یه نفر لطف کنه جواب بده که بهتر
Neutral,ببخشید رم 3دستگاه رو یادم رفته بود
Neutral,به نظرم قیمتش خوبه اما شما میتونید با صرف هزینه ای بیشتر یک دوربین خوب از برند های معتبر مثه کانن و نیکون بخرید .
Neutral,جناب رستمی . در اطلاعات داره میگه : ATX با ابعاد 9 . 6 × 12 اینچ در صورتی که شما برای E-ATX به ابعاد 13 × 12 اینچ نیاز دارید ولی نا امید نشید چون ابعادی که داره براتون جا میزاره که خودتون دریل کنید و سوراخ ایجاد کنید البته بین 9 . 6 تا 13 خیلی راه هست ولی به احتمال خیلی خیلی قوی مشکلی نخواهید داشت ( من با یک کیس که شکل حلب روغن سیاه بود چیزی درست کردم شکل سری x3 اونهم به شکل افقی ، دیگه این کیس که راحت تر هست برای تغییرات )
Neutral,البته این مورد به تنظیمات خودتون بستگی داره . چرا که که ماهیت کلی این تغییر به این صورت است : در نوار ابزار بالای صفحه : فقط آیکن برنامه های دارای نوتفیکیشن مثل اس ام اس و ایمیل و تلگرام و . . در میان صفحه : نمایش تمامی پیغام ها و نوتفیکیشن ها با قابلیت جابجایی پایین صفحه : خلاصه ای از متن نوتفیکیشن ها با قابلیت خروج و حذف . خیلی بهینه و قابل دسترسی تر شده نسبت به بالای صفحه . حتما این قابلیت ها رو تجربه کنید . ! !
Neutral,سلام . لطفا این مدل رو شگف انگیزش کنید . بعضی کالاها رو چند بار به دفعات و با فاصله ی چند روز پشت سر هم شگفت انگیز میزنید . ولی این مدل تا حالا شگفت انگیز نشده . لطفا . ممنون .
Neutral,با اینکه موتور DC هست اما قدرت خوبی داره برای آرایشگاه ها . موها رو براق میکنه و موها رو شکننده نمی کنه . . لطفا پیشنهاد ویژه بذارین براش
Neutral,بیار دیگه می خوام بخرم
Neutral,در شگفت انگیز بیشتر ارزش دارد تا با قیمت عادی
Neutral,من این دستگاه رو ندارم.ولی برای اون دوستانی که مشکل فرمت رو روی این دستگاه یا هر وسیله دیگری رو دارن راحلش بلدم که بدون دست زدن اطلاعات فرمت رو خیلی سریع و راحت عوض کنید : از منوی Start وارد Run شده و عبارت cmd را وارد نمایید ، سپس Enter را بزنید تا وارد Command Prompt ویندوز شوید . حال به عنوان مثال برای تبدیل سیستم فایل FAT32 به NTFS پارتیشن C { شما می تونین نام فلش یا درایو خودتون رو وارد کنید } ، دستور زیر را وارد نمایید : CONVE C : / FS:NTFS سپس با فشردن Y ، عملیات را تأیید کنید و منتظر بمانید تا فایل سیستمی شما ( ترفندستان ) از FAT32 به NTFS تغییر کنید . { اگر سیستم نام لیبل رو خواست نام لیبل از my computer یا properties وارد کنید } همان طور که واضح بود ، در صورت که قصد دارید پارتیشن دیگری را تبدیل کنید ، نام آن را به جای C وارد نمایید . همچنین برای تبدیل NTFS به FAT32 ( عکس عمل فوق ) ، از دستور زیر استفاده کنید : CONVE C : / NTFS:FS
Neutral,سلام بر همه عزیزان.ما این تلوزیون را داریم و پایه اش شیشه ای هست . درضمن یک سوال خیلی مهم : من وقتی بلوتوث گوشی ام را روشن می کنم تلوزیون را شناسایی می کنه . کسی خبر نداره این بلوتوث تلوزیون چه گونه کار میند ؟ در دفترچه و مشخصات ازبلوتوث حرفی نزده .
Neutral,والا ما نمیدونیم دیگه چقدر به دیجی جان بگیم این مودمو موجود کن . دیجی ، مشتری هات به هیچ جایی جز خودت اعتماد ندارن . لطفا به نظراتشون احترام بذار ، تقاضا برای موجود کردن این مودم زیاده
Neutral,فک کنم این مدل هم اسپیکر هاش زیر لپ تاپ باشه که این کار رو مشکل میکنه و وقتی لپ تاپ روی زمین باشه صداش در نمیاد
Neutral,آن چشمها که آخر بدمستی من است/آن چشمها که هی همه ی هستی من است
Neutral,سلام دوستان من امروز اینو سفارش دادم . اما چون نمونه های تقلبی این محصول و بازار زیاده یک کم نگرانم ولی به دیجی اعتماد دارم . کسانی که میدونم
Neutral,سلام روی گوشی glx spider1 جواب میده میخوام سفارش بدم ممنون میشم راهنمایی کنید
Neutral,این محصول رو نمیارید دوباره ؟
Neutral,واقعا که دیروز انتخاب کردم امروز اومدم بگیرم دیدم ناموجود شده.موجود کنید میخوام بگیرم
Neutral,توی این چند روز که انداختم چیزی که برام جالب بود اینه که کثیفی و جای انگشت خیلی کم روش میمونه نسبت به گلس های جی سی پال ، اوزاکی ، جی-کیس و . . که قبلا داشتم . فقط امیدوارم زود نشکنه
Neutral,من خریداری کردم . . هر وقت دستم رسید نظرم رو میزارم : ) )
Neutral,دوستان نسخه چین با تایوان هیچ فرقی نداره و اکثر نسخه چین دو سیم بعضی نسخه های برای منطقه چین سنس 5 . 5 کارخانه ای روش هست طبیعی و به زودی به 6 اپدیت میشه با ruu باز اگر خواستید راحت میتونید با بکاب رسمی به سنس 6 برید و اپدید هم بگیرید راحت و هیچ گونه دردسرس . . تفاوتی در این دو نسخه نیست و هر دو راحت اپدیت میشن . این گوشی otg رو ساپورت میکنه و یه مورد دیگه اینه که با سرعت 60 فریم ضبط میکنه
Neutral,در جواب آقای کاظمی باید بگم که من خودم میرداماد مغازه دارم و هرنوع گوشی که بگی فروختم . . اما همه مشتریام به خصوص دوستانم همه تجربه استفاده از هر دونوع گوشی رو دارن شما که دو روز این گوشی رو گرفتی دستت فورا نظر نده ! ! لطفا دوم اینکه من در ماه حدود 10 تا iphone سفارش میگیرم اما گوشی های سامسونگ تقاضای بسیار زیادی دارند . . دلیل را از دوستانم و مشتریانم میپرسم همه سختی کار با آن را میگویند و من برعکس شما الکی نظر نمیدم و قصد راهنمایی مردم رو دارم ! ! اگر شما بیشتر میخواهید بفهمید یه سر به مغازه من بزنید تا با دلیل به شما نشان دهم . . از همه کسانی که نظر میگذارند خواهش دارم که مثل این دوست عزیز بدون اطلاع و تجربه نظر ندهند ! ! لطفا
Neutral,دوستان این گوشی پردازنده 32 بیتی داره ، برخلاف گوشی های جدید 2015 که اکثرا 64 بیتی هستند به نظرتون این یه نقطه ضعف نیست و برای اندروید جدیدی که احتمالا براش بیاد مشکل ایجاد نمیکنه ؟
Neutral,باسلام حدود شش ماه هست که پرینتر l355 اپسون خریدم چون کارم با عکس وچاپ میباشد و آمار دقیق مصرفی خودم رادارم.مقدار چاپی که این پرینتر با سه رنگ اصلی و دو مشکی به من داده حدود 600 برگ A4 میباشد.پس برای من با صرفه نیست . آیا شما دوستان آمار دقیق از مقدار چاپ این دستگاه را رارید
Neutral,در ادامه ی کامنت قبلی بگم ، اگه اسم این ماشین حساب رو توی گوگل سرچ کنید و عکس هاشو ببینید میبیند انگار 2 مدل رنگ داره . یکی همینی که اینجا عکسشو زدن یکی انگار یه کم تیره تره و به سیاه میزنه . من یه چند تا صفحه که باز کردم به این نتیجه رسیدم که این رنگی هاش مال خاور میانه و یا اینترنشنال هست و مشکی هاش مال اروپاست که قیمتش خیلی بالاتره . احتمال میدم این مدل هاش هم کاسیو میزنه اما با قیمت ارزون تر و برای خیلی کشور های دیگه . در واقع میشه گفت تقلبی نیست اما کیفیتش یه سرو گردن پایین تر از اوروپاست و یا همون ماشین حساب که گفتم 30 ساله دارم . اما بازم تاکیید کنم این ها چند سالی راحت کار میکنن و همین اینترنشنال ها پر فروش ترین ماشین حساب هان توی بازار ایران . حرف قبلیم هم اصلاح میکنم که گفتم من این محصول رو پیشنهاد نمیکنم . در واقع جنس بدی نیست و اگه نمیخاید خیلی به خرج بیوفتید همین خوبه . به قول یارو ' اتم که نمیخایم هوا کنیم ' . اما کاش دیجیکالا خود مدل اروپایی ش هم بیاره چون کلا اونا خیلی کم یابن . باز حداقل دیجیکالا بهتر هست توی گیر آوردن جنسهایی که راحت گیر نمیاد .
Neutral,سلام . لطفا بگید کدوم مدلش 4g ساپورت میکنه ؟
Neutral,دیجی جون لطفا رنگ مشکیش و کیف چرمیش رو هم بذار تا بخرم ممنون می شم
Neutral,این مدل منو یاده خدابیامرز SAMSUNG N620 انداخت . آخ یادش بخیر منشی تلفنی هم داشت . اون موقع ها میگفتن سامسونگ آنتن دهیش ضعیفه . فقط NOKIA بخرید .
Neutral,دی جی کالا میشه دوباره فروش فوق العاده
Neutral,سلام همگی دوستان این گوشی خیلی قیمتش داره میاد پایین قشنگ هفته ای بیست تومن میاد پایین حالا دیشب بم گفتن بگیرم یا نه دست نگه دارم نمیدونم ضمنا باید چه بیلدی بگیرم نمیدونم کدوم بیلد مهمتره ضمنا موقع چک کردن گوشی چه چیزاییشو چک کنم که مطمین بشم اوکی هست لطفا پاسخ بدین دوستان
Neutral,تا وقتی که لجند هنوز معرفی نشده بود عالی بود ولی حالا با توجه به اختلاف قیمتشون به جز لجند به چیز دیگه ای فکر نکنید !
Neutral,دیجی موجودش کن لنگ اینم الان .
Neutral,سلام دوستان من این محصول رو سه روز پیش از دیجی کالا خریدم.با تی پاکس دو روزه به دستم رسید . به محض باز کردن باکس و کنترل ظاهری مک سریال روی باکس رو با سریال توی سیستم مطابقت دادم که درست بود . اما متاسفانه نتونستم مک رو توی سایت اپل رجیستر کنم چون برای این کار به purchase date یا همون تاریخ خرید از اپل استور نیاز هست که مشخص نیست چه تاریخی بوده . ولی مشخص کرد که دیوایس تولیدش اواسط 2014 بوده . اینکار رو توی سایت های معتبر دیگه هم میشه انجام داد . بعد رفتم سراغ باطری و دیدم که دفعات شارژش 3 مرتبه بوده که خب به نظر من با توجه به کنترهای نهایی که شرکت اپل میکنه این عدد طبیعی هست . وضعیت باطری هم نرمال زده بود که نشونۀ سالم بودن باطری هست . در ضمن باطری 45 درصد شارژ داشت که من با وای فای بی وقفه و بدون استفاده از اداپتور 5 ساعت کامل ازش استفاده کردم . در مورد کیفیت هم که خوب به قول فامیل دور ' من دیگه حرفی ندارم ! ' چون بالاخره هم گفتنی ها گفته شده و هم اینکه هر شخصی تعریفش از کیفیت متفاوت هست . باید استفاده کنید ، مقایسه کنید و بعد برای خودتون قضاوت کنید . اینها رو صرفا جهت اطلاع دوستان نوشتم و اگر با موزد خاصی برخورد کردم بهتون اطلاع میدم . با تشکر
Neutral,برای نصب این کاور ایا باید قاب پشت را تعویض کرد ؟
Neutral,سلام لطفا دوباره این محصول رو موجود کنید .
Neutral,پس از 15 ساعت هنوز داره شارژ میکنه . باتری ها هم نو است !
Neutral,با توجه به کامنت های دوستان به نظر میاد باتری این گوشی لا توجه به محل ساخت کیفیتش خیلی متفاوت میشه باید بگم از مت که cellهاش ساخت مالزی هست ، واقعا فاجعه هست و اصلا به 63 ساعتی که در gsmarena زده بود نزدیک نیست ، حتی حس میکنم HTC one قبلیم که همه از باتریش انتقاد میکردن جلوی این سروری میکرد
Neutral,اکبر جان ، برای عکاسی نجومی لنز مهم هست و نه دوربین ! لنز واید با آپرچر بسیار باز ( 2 . 8 به پایین ) نیاز هستش که معمولا خیلی خیلی گرون هستند . مثلا لنز توکینا 11 - 16 با قیمتی بالای 2م . در ضمن لنز 18 - 55 و 18 - 140 چون هر دو در وایدترین حالت 18 هستند ، برای منظره فرقی با هم ندارند ، تفاوت کیفی جزئی با هم دارند که قابل چشم پوشیست . . و در تله که 140 تله تر هستش و بیشتر برای عکاسی پرتریت مناسب هستش . ولی برای منظره هیچ فرقی باهم ندارند .
Neutral,دیجیکالا لطفا نقد متنی این لپ تاپ رو زود بزار من کارنامم رو گرفتم.بین این لپ تاپ و N550jKموندم.دوستان هم اگه تجربه ای دارن ممنون میشم بگن
Neutral,سلام تازه به دستم رسید کمتر چند دقیقه وصل شد و الان هم با این مودم وصلم ب اینترنت راهنمای تنظیم 1 . ابتدا برای استفاده مناسب از دستگاه آنرا با آداپتور خودش کاملا شارژ کنید . در صورتیکه پین کد سیم کارت شما فعال است آنرا ابتدا روی یک گوشی غیر فعال کنید و سپس روی دستگاه نصب نمایید . 2 . دستگاه را روشن و با استفاده از کامپیوتر یا هر دستگاه هوشمند دیگری که کارت شبکه وایرلس داشته باشد شبکه های وایرلس را جستجو دنبال اسم پیشفرض وایرلس که در مرحله قبلی از پشت درب دستگاه یادداشت کرده بودید بگردید . پس از یافتن آن نام به آن کانکت شده و رمز پیشفرض آنرا که باز هم قبلا یادداشت کرده اید وارد کنید تا به روتر کانکت شوید . 3 . تنظیم این مودم توسط یک مرورگر وب انجام میشود و در هر سیستم عاملی امکانپذیر است . آدرس IP پیش فرض این مودم 192 . 168 . 0 . 1 است ، آنرا را در یک برنامه مرورگر وب مانند Internet Explorer یا Firefox یا Chrome وارد کنید و دکمه اینتر را فشار دهید . 4 . بعد از چند لحظه پنجره جدیدی باز شده که از شما Username و Password مودم را درخواست می نماید این مقادیر بصورت پیش فرض admin و admin ( بصورت حروف کوچک ) است . آنها وارد کرده و روی دکمه OK کلیک کنید . اگر صفحه ورود به تنظیمات مودم نمایش داده نمیشود به لینک چرا نمی توانم وارد صفحه تنظیمات مودم یا روتر وایرلس شوم ؟ مراجعه کنید . 5 . یک ویزارد برای کمک به تنظیم روتر نمایش داده میشود . روی Next کلیک کنید : 6 . در این صفحه شما باید بنا به نوع سیم کارت خود تنظیمات مخصوص اتصال را انجام دهید . روی Create کلیک کرده تا امکان ایجاد یک پروفایل جدید فراهم شود : 7 . اکنون در قسمت Profile Name یک نام دلخواه وارد کنید . در قسمت APN نیز اگر سیم کارت همراه اول دارید mcinet ، اگر ایرانسل دارید mtnirancell و اگر از رایتل استفاده میکنید RighTel را دقیقا وارد کنید ( به کوچک و بزرگ بودن این حروف توجه کنید ) ، باقی موارد را تغییر ندهید . سپس روی گزینه Save کلیک کنید . تا به پنجره قبلی برگشته و بتوانید پروفایل ایجاد شده جدید را انتخاب کنید : 8 . اکنون از لیست پروفایل ها ، پروفایلی را که در مرحله قبل ایجاد نمودید انتخاب و روی Next کلیک کنید : 9 . در این مرحله تنظیمات وایرلس را انجام خواهیم داد . یک نام برای وایرلس روتر در قسمت SSID وارد کرده و در قسمت Wireless Password یک رمز برای روتر انتخاب کنید و سپس روی Next کلیک کنید : 10 . خلاصه ای از تنظیمات نمایش داده میشود . روی گزینه Finish کلیک کنید : 11 . تنظیمات شما ذخیره شده و دستگاه Restart میشود . بعد از حدود 2 دقیقه مجددا با نام جدید وایرلس و رمز جدیدی که انتخاب کرده بودید به دستگاه متصل شوید : 12 . اکنون اگر دوباره به صفحه تنظیمات مودم در آدرس 192 . 168 . 0 . 1 برگردید و تنظیمات را بدرستی انجام داده باشید در قسمت Status خواهید دید که دستگاه به اینترنت متصل شده است . همچنین در این صفحه می توان مقدار نشان داده شده برای کل داده های ارسالی و دریافتی روتر را مجددا به مقدار دلخواه خود تنظیم کرد . این کار با دکمه Data Correction انجام میشود و برای مواقعی مناسب است که میخواهید بدانید چقدر داده مصرف کرده اید مانند اوقاتی که از طرح های زمانی اپراتور های موبایل برای اینترنت استفاده می کنید . 13 . برای ارسال یا دریافت پیامک می توانید به قسمت SMS مراجعه کنید : 14 . در قسمت Advanced می توانید از خصوصیات پیشرقته دستگاه مانند تغییر آدرس IP دستگاه ، تنظیمات DHCP ، مدیریت پروفایل ها ، تظیمات PIN سیم کارت ( فعال و غیر فعال کردن آن ) ، تغییر تنظیمات وایرلس و رمز آن و . . استفاده نمایید . موفق باشید و در خرید این محصول شک نکنید 4 جی فعلا خیلی زود که بصورت واقعی در کشورمون راه اندازی بشه !
Neutral,دوستان اگه honor ساخت شرکت huawei هستش چرا پس توی سایت خود هواوی این مدلا وجود نداره ؟ ولی همه ی مدلهای دیگه مثل سریY ، P یا Ascend ها هستن ؟ لطفا اگه کسی میدونه راهنمایی کنه .
Neutral,سلام ما که دوتا گوشیشو خریدیم خواهشا سریعتر کیف هاشو موجود کنید : ) با تشکر از خدمات خوبتون پاینده باشید
Neutral,میشه کاغذهای رنگیش هم بیارین ؟ حاشیه های رنگی
Neutral,سلام عزیزانی که میگن ios8روش خوب کارنمیکه واقعا اینطور ؟ اخه تو بنچمارک ها ios8خیلی بهتر از نسخه قبلی عمل کرد.لطفا راهنمایی کنین.ممنون
Neutral,جالبه همراه بانک سپه روش نصب شد ، حیف که بلک لیست نداره،دوستان اگه برنامه جاوا مخصوص بلک لیست واسه این گوشی میشناسید معرفی کنید
Neutral,دوستانی که میگن این تبلت هنگ میکنه و سی پی یوش مشکل داره و لمسش ناقصه و . . چرا این مشکل برای بقیه پیش نمیاد ؟
Neutral,نیما بهمن نیا من هم 5 و هم 6 رو 16 گرفتم آپدیت آیفون با اندروید فرق میکنه خافظه در دست کاربرش 12 . 5 گیگ هستش من با 240 تا آهنگ ریختم 186 تا کلیپ نزدیک 1020 تا هم عکس آسفالت 8 رو نصب کردم با Zompie Planet و 5 6 تا بازی دیگه 4 . 5 گیگ دیگه حافظه دارم به نظره من که 16 کافیه این یه چیزی که بسته به کاربر داره باز خودت قیاس کن
Neutral,سلام الان تو این رنج قیمت به آدم چی میدند ؟ به نظر من در حد استفاده های روزمره و گشت و گذار توی اینترنت و . . خوبه من قبلا یک گوشی دیگه از این برند را امتحان کرده بودم که سرعت اتصال به شبکه وایرلس یا بلوتوثش ضعیف بود ولی این مدل را امتحان کردم خیلی خوب بود . راستی توی مدلش رفتم نوشته بود اسپایدر وان اس
Neutral,سلام منم این باتری رو میخوام
Neutral,سلام لطفا رنگ مشکی یا طوسی موجود کنید
Neutral,سلام خشته نباشید . . برای خرید میخواهم از پست اکسپرس استفاده کنم د چون میخوام به صورت نقدی پرداخت کنم اما چنین گزینه ای برام نمیا . . درصورتی که جزو شهر های زیر پوشش این پست هستم . .
Neutral,اندروید 5 همین الانم برا نوت 3 اومده دو سه هفته ای هست.هر دوشون در یه رده ان شما ببین کدوم خوشگل تره بخر مخصوصا مشکی گلد نوت 3 رو ببین
Neutral,ضمنا رو sonyericsson w8 هم جواب میده
Neutral,دوستان کسی از گارانتیش تا حالا استفاده کرده ؟ گارانتیش معتبره ؟
Neutral,"در جواب دوستمون باید بگم مدل شارژر گوشی من اینه ( البته من از دیجی کالا گوشیمو خریدم ) Model:Ac - 60E Output : Dc 5v , 1 . 5 A Input : Ac 100 - 240V , 50 - 60Hz , 0 . 30 A"
Neutral,تو خونمون دو تا تبلت و 4 تا اسمارت فون هست.من به این محصول نیاز دارم و متاسفانه نتونستم دیروز بخرم لطفا دوباره تو پیشنهاد ویژه بذاریدش مطمنم افرادی مثل من هستن تا دوباره اینو بخرن.ممنون
Neutral,راهنمایی اشتباه دادن به سایرین ، ممکن است اونها رو به اشتباه انداخته و موجب ضرر و زیانشان بشود ! اول این که این دوربین از سری BA8 و ساخت شرکت United Optics کشور چین است و برخلاف فرمایش آقای مسعود خدایی ، ساخت آمریکا نیست ! متاسفانه این شرکت چینی براساس درخواست سفارش دهنده ، دوربین ها را با کیفیت اپتیک و کوتینگ ( پوشش اندود قطعات اپتیکی ) متفاوت و با هزینه مختلف مونتاژ می کند و لوگوی سفارش دهنده را نیز روی دوربین چاپ می کند . یعنی اینکه همین مدل دوربین ، ممکن است در سری مونتاژهای مختلف و برای سفارش دهنده های مختلف ، کیفیت متفاوتی داشته باشد . بسیاری از محصولات Celestron ، William Optics ، Delta Optics و Night Sky در واقع تولید همین شرکت چینی است و در بسیاری موارد با توجه به قیمت مناسب ، نسبت به سایر دوربین های هم قیمت ، کیفیت خوب و قابل قبولی نیز دارد . من این دوربین را از نزدیک دیده ام . روی آن لوگو و برند NightSky چاپ شده بود ( لوگوی موسسه آسمان شب ) و دست کم لنز چشمی آن فاقد کوتینگ و با کیفیت پایین بود . در حالی که در یک دوربین دیگر از همین سری ، لنز چشمی آن به وضوح دارای کوتینگ سبز بود و کیفیت خوبی داشت . در مورد منشور و سایر قطعات نیز ممکن است چنین چیزی وجود داشته باشد .
Neutral,واقعا از دیجی کالا انتظار میره گوشی های تولید داخل مثل دیمو رو نقد کنه
Neutral,خدمت دوست عزیزم در مورد اجرای برنامه باید بگم که من همین الان برنامه هایی مثل وایبر،لاین رو دارم و هیچ مشکلی ندارم . البته برنامه لاین مشکل داشت و با آپدیتی که بلک بری با حجم 1 . 2GB در دسترس قرار داد این مشکل هم برطرف شد و در ادامه باید بگم که با 95 % برنامه های آندروید تا ورژن 4 . 3 سازگار است . خدمت بنیامین عزیز هم باید بگم که از ورژن 10 . 2 . 1 بلک بری ساپورت برنامه های آندروید آغاز شد .
Neutral,با سلام این دوربین را برای استفاده در بخش اداری مدرسه خریداری کردم چون از ارگونومی مناسبتری نسبت به دوربین های کمپکت ( و البته هم قیمت ) برخوردار هست و امکان آسیب دیدگی را کم می کند . زوم بالایی هم دارد که در فیلمبرداری و عکاسی از مراسمهای شلوغ به کار می آید . کیفیت فیلمبرداری کمتر از حد انتظار من بود در حین فیلمبرداری امکان زوم هست ولی یه مقدار جزئی صدای لنز نیز به همراه صدای محیط ضبط می شود که در حد قابل قبولی بود ، که البته در تنظیمات دورین امکان قطع ضبط صدا در حین زوم هست که چون صدای محیط هم صبط نخواهد شد استفاده از این امکان فقط در شرایطی که صدایی نخواهید ضبط شود به کار خواهد آمد روی لنز دکمه ای هست که با نگه داشتن آن سرعت زوم کاهش پیدا می کند . کیفی که دنبال دوربین به عنوان هدیه ارائه می شود مخصوص این دوربین نیست پس بهتر است همزمان کیف مناسب را هم خریداری کنید . در حین شارژ نیز امکان استفاده از دوربین هست ( شارژر به خود دروبین متصل می شود )
Neutral,توی بازار این موس پد گرون تره هرچی میگیربن جای استراحت مچ داشته باشه
Neutral,در حالت شگفت انگیز امروز ، اینکه ناموجود شد ، در حالیکه در سبدم بود مگه چند تا گذاشته بودید لطفا دوباره شگفت انگیزش کنید
Neutral,مرسی از دیجی کالا بخاطر فراگیر کردن و توضیح مناسب این کنسول در سراسر کشور ولی یه سوال دارم احتمالا سوال خیلی هاست وقتی قراره بازی های خارجی تماما تحریم بشن و نمیتونیم با یه کنسول نسل هشتمی بازی دلخواهمون انجام بدیم باز هم باید این کنسول و بخریم ؟ ؟ شاید خیلی ها الان از این موضوع خبر نداشته باشن ولی قراره این اتفاق بیوفته خودمون خودمون تحریم میکنیم ! ! مدیر سایت خواهشن چاپ کن بخدا حرف دروغ نزدم شایعه هم نکردم این قضیه داره اتفاق میوفته خواهش میکنم چاپ کن مردم نظر بدن
Neutral,بازم سلام دوستان توجه کنند که این دوربین زوم دستی داره ولی در بین مشخصات دوربین توسط سایت از قلم افتاده این یک امتیاز بزرگ محسوب میشه مخصوصا اگه اهل عکاسی از سوژه های خیلی کوچیک باشین کافیه دوربین رو روی حالت M بزارین تا در کنار سایر تنظیمات دستی از زوم دستی نیز بهره مند بشین جا داره از دی جی کالا بابت بسته بندی شکیل و ارسال سریع دوربین تشکر کنم ( دوربین دو روزه به دستم رسید )
Neutral,لطفا خاکستری یا زیتونی بیارید ، میخوام بخرم مرسی
Neutral,از دیجی چند تا خریدم بدک نبود . راضی کننده هس ! !
Neutral,یادش بخیر زمانی با این قیمت ست کامل xtr با دوشاخ fox و تنه کربن flx میدادن.خوب دوره ای بود آقا . این کانفیگ تقریبأ یه شوخی محسوب میشد.اما به هر حال نسبت به رقبا مثل توو این کانفیگ مریدا قیمتاش معقول ترو حرفه ای تر عمل میکنه.مگه اینکه کسی بخوادحرفه ای کار کنه که دیگه نیاز به توضیح من نداره
Negative,بعد از یه مدت زنگ میزنه و حداکثر در حد قیمت شگفت انگیز ارزش خرید داره
Negative,نمیذاشتید بهتر بود که فورا تموم شد ؟ ؟
Negative,سلام من خیلی دنبال این نشریه هستم متاسفانه گیر نمیاد لطفا موجود کنین .
Negative,1 - کشوییه ، اگه مثل درب موتور اتومبیل از بالا باز میشد بهتر بودژ 2 - اگه دیسک رو درست داخلش فیکس نکنید موقع چرخش میلرزه و صدا میده
Negative,به جای این ؛ Huawei p6 یا LG Magnaرو بخرید خیلی بهتره.مشکل زیاد داره.پولتون رو دور نریزید .
Negative,خوشگل ولی فکر کنم به این قیمت یه کم گرونه صدای موتورشم یه کم زیاد
Negative,اولش همه چیز عالیه . . اما بعد از چند هفته تو ذوقتون میخوره . . باطری ضعیف . . خرابی پیچیدن . . و . . کلا جالب نیست حتی تو شگفت انگیز
Negative,بی صبرانه منتظر خریدش هستم . اونایی هم که سازمخالف میزنن منتظرباشن تااین گوشی روتودستشون بگیرن بعدنظربدن . مااپلی ها باآیفون حال میکنیم شماهاهم با نوت4 . موافقا لایک . .
Negative,من داشتم باطری بسیار ضعیف خیلی داغ میشه دوربین ضعیف فقط سایز . حجم عکسش بزرگه لوازم جانبی نداره
Negative,کیفیت دوخت اصلا خوب نیست وبعد از یکی دوبار پوشیدن درزها باز میشه وسوراخ سوراخ میشه ، بخصوص رکابی وشلوار
Negative,گوشی بدیه همش هنگه مهمتر از همه باطریشه که هر دو ساعت باید یه بار شارژش کنی و این عیب بسیار بزرگیه نتیجه کلی : اصلا ارزش خریدن نداره
Negative,باتوجه به مشخصات کالا که دیجی کالا نوشته وامکانات خاصی هم که نداره،بصرف اینکه برندمعروفیه قیمت بالایی داره واصلا مقرون بصرفه نیست . .
Negative,آقای مخل باف منم گوشیم مشکل وای فای داره ، ولی هر چی میگردم چیزی برای درست کردنش پیدا نمی کنم،گوشی من هر دقیقه بیشتر از سی بار وای فایش خاموش روشن میشه،فلش هم کردم درست نشد،نمایندگی هم میگه باید تا آپدیت بیاد صبر کنی،دارم دیوانه میشم،یکی راهنمایی کنه
Negative,اصلا فکر نمیکردم سیلندرش پلاستیکی باشه ، اینجور اجناسو بهتره قبل خرید از نزدیک دیده بشه ، بهر حال انتظارم بیشتر بود ، خواهش میکنم از دیجی دیگه اینجور اجناس بی کیفیتو نفروشه ممکنه سلب اعتماد بشه از این فروشگاه .
Negative,دفعه اول که سفارش دادم پس از چند ثانیه دستگاه کارایی خود را از دست داد خوشبختانه با سرویس بسیار خوب دیجی کالا برگشت داده شد و مجددا یکی دیگه برام فرستادن . . متاسفانه این دستگاه کارایی مناسبی نداره قدرت مناسب رو نداره و درجه فشار باد غیر مطمن که دقیق نیست
Negative,زیاد خوب نیست فقط برای اون وقتی خوب بود که وارد بازار شد
Negative,اگه فست شارژرداشت خوب بود
Negative,من عاشق این محصول شدم ولی متاسفانه چند روز پس از تصمیم گیری در خریدش متوجه شدم که کالای مورد نظرم دیگه موجود نیست و خیلی متاسف شدم و بی صبرانه منتظر سری بعدیش میمونم
Negative,اصلا راضی نیستم ازش علاوه بر اینکه زود شارژ می کنه صفحه لمسی اش اصلا خوب نیست . . مناسب نیست . وقتی میزنی به شارژ خیلی زود شارژ می کنه ولی در صورتی که اصلا شارژش خوب انجام نمیشه و بعد از کارکردن زود شارژش تموم میشه . سرعتش اصلا خوب نیست . . هنگ میکنه
Negative,خیلی گرونه واقعا نمی ارزه
Negative,خدایی قبلا گرفتم خیلی بهتر بود . الان خیلی بد شده
Negative,دوست عزیز دیجی کالا من همین امروز این تبلت رو سفارش دادم و هنوز هم بدستم نرسیده و دقیقا 2 ساعت بعد از سفارش من شما تخفیف براش قرار دادید ! ! این خیلی بی انصافیه،آدم کلی تاثیر منفی به روحیش وارد میشه ! ! هنوز حتی کالا تحویل هم نشده خب شامل تخفیف کنید دیگه !
Negative,به نظرم گرونه نسبت به تبلت های دیگه
Negative,بی کیفیت به طوری که بعد از سفت کردن مهره هرز شد و همون روز اول خراب شد
Negative,تو این رنج قیمت گوشی سامسونگ نخرید ! ! پشیمون میشید ! ! فقط ضرره . . هواوی بخرید ! !
Negative,در برابر ضربه های نه چندان سخت مقاوم بوده و از قابلیت جلوگیری از خط وخش برخوردار است وضوح و شفافیت بالایی دارد عدم مقاومت در مقابل اثر انگشت و چربی دست
Negative,بدرد نمی خوره.تا گرفتیم هنوز یه ماه نشده بود جای سیم کارتش خراب شد . 5 هفته رفت گارانتی تا درست بشه .
Negative,کیفیتش خیلی پایینه ! اصلا ارزش خرید نداره ! اصلا !
Negative,به نظر من دو مشکل اساسی داره 1 . صفحه نمایش بسیار ضعیف 2 . نداشتن دوربین دوم
Negative,نمی صرفه دیگه خرید خیلی رفت قیمتش بالا .
Negative,اگه بازش نکرده بودم حتما پس میدادم ، دید شارژ میکنه و فقط سه بار قادر به شارژ کردنه بخاطر اختلاف قیمتش ارزش نداره اینقدر مدل ضعیفی گرفته بشه
Negative,من سمپل این محصول رو از دیجی دریافت کرده بودم . . با یک بار استفاده بعد شستن حس خیلی خوبی داشتم و تصمیم گرفتم حتی خود این محصول رو بخرم اما فردا صب که بیدار شدم صورتم تاول قرمز زد که البته الان کاملا خوب شده . . خدا رو شکر که سفارش ندادم و برام درس عبرت شد که تو لوازم بهداشتی سراغ هرچیزی نرم . .
Negative,کتاب رو دارم سطح پایینی داره جالب نیست
Negative,نداشتن AF Assist Lampعملا عکاسی در نور کم و شب رو غیر ممکن میکنه . .
Negative,سلام خدمت دوست گل.اصلا پیشنهاد نمیکنم.اگر یک تبلت خوب میخواید اصلا پیشنهاد نمیکنم . یکم دیگه بزارید رو پولتون یک لنوو بخرین .
Negative,من این محصول رو خریدم . قبل از اون یک کفپوش یک تکه برای صندوق عقب خریده بودم . کف پوش صندوق خیلی خوب بود اما وقتی بسته بندی رو باز کردم حالم گرفته شد . کیفیت موادش اصلا قابل مقایسه نبود . اگر یک کف پوش بی ریخت معمولی می گرفتم بهتر بود . ساختش هم بسیار بد و بدون مطالعه است . اگر به عکس دقت کنید می فهمید انگار لوگو سوزوکی رو از دو طرف کشیده اند(موقع خرید فکر کردم شاید بد عکس گرفتند ) . این رو هم بگم چون بابام با قیمت بیشتر ، یک کفپوش سه بعدی خارجی گرفت که کیفیتش خیلی خوبه من مشتاق شدم برای ماشینم بگیرم . همه اینها به کنار وقتی اومدم توی ماشین نصبش کنم دیدم قالبگیریش ایراد داره . اگر دقت کنید این کفپوش سه بعدی ها لبه هایی داره که اگر آب و مایعات ریخت کف ماشین به موکت نفوذ نکنه . بنابراین قالب گیری باید درست و دقیق و بر مبنای شکل کف ماشین باشه.اما توی این کف پوش که مثلا برای سوزوکی ساخته شده ، وقتی صندلی های جلو رو عقب می کشید ، ریل صندلی به لبه کفپوشگیر می کنه و کفپوش رو به عقب هل می ده ! ! این دیگه نوبره . احتمالا صندلی ها رو درآوردند و اسکن کف ماشین رو گرفتند اما فکر نکردند بعدش که صندلی نصب می شه این مشکل بوجود میاد . کارتنش رو هم که بیرون انداخته بودم پس نمی تونستم پس بدم ! یا باید لبه رو به زور خم کنم یا با تیغ ببرمش که زیر ریل صندلی جلو بره که در هر دو صورت کفپوش دیگه مایعات رو نگه نمی داره و از همونجا آب دقیقا به زیر ریل صندلی می ره و موکت رو خیس می کنه . بنابراین با کفپوش های معمولی و ارزون فرقی نداره .
Negative,من اینو خریدم . یکی دو ماه اول خیلی خوب بود . حتی از همرده هاش تو سامسونگ و سونی سر تر بود . بعد یکی دو ماه تاچش قاطی می کرد در حدی که بیخیالش شدم انداختمش تو کمد
Negative,از خریدش واقعا پشیمونم
Negative,با سلام واحترام عیب بزرگ پایه فیکس نشدن آن می باشد . وقتی گوشی روی آن سوار می گردد امکان چرخش زیاد است .
Negative,این کیف رو به عنوان کیف G3 می فروشند و جالبه برای G3 بزرگه من این کیف را برای زاپاس برای کیف اصلی گوشیم خریدم و موقعی که اومدم استفاده کنم دیدم که بزرگتر از گوشیه و چون بیشتر از هفت روز گذشته بود اون رو پس نمی گیرند . نمیدونم اسم این کار دیجی کالا رو چی باید گذاشت ؟
Negative,شما با چند بار باز و بستن سویچ ماشین یا همون خاموش و روشن کردن به این مشکل بر خورده اید 1 . ممکنه که سیم کشی خودرو مشکل داره 2 . سیمکشی که به ظبط وصل میشه هم چک کنید 3 . شاید مشکل از سویچ ماشین هم باشه اگه سیم کشی یا سیم های که به پشت ضبط مصل میشه مشکل داشته باشه به این مشکل برمیخورید چون بعضی بخش کننده ها حتی در حالت خاموش هم مقدار بسیار کمی به برق نیاز دارند . . حتی بعضی وقت ها تنظیمات بخش هم خراب میشه و به سبک کارخانه بر میگرده با تشکر از دیجی کالا ی خوب
Negative,سلام من این گوشی داشتم ولی اشکمو در اورد گوشی خیلی خیلی هنگی پیر شدم پای این گوشی بهتون پیشنهاد میدم اصلا طرف چنین گوشی نردید موفق باشید
Negative,شارژش خیلی زود تموم میشه حتی موقع خاموش بون
Negative,به نظر من که نمی ارزه تو این رنج میشه تبلت های خیلی بهتری خرید
Negative,خیلی ضخیمه و مناسب برای دندان من نبود
Negative,متاسفانه این چسب قدرت چسبندگی ندارد
Negative,من لب تاپ رو تازه خریدم ولی کارت گرافیکش کامل وصل نمیشه . مشکل داره . در واقع قسمت Aero آن کار نمی کنه و مشکل داره . لطفا یکی کمک کنه
Negative,برادر محسن رخشان من برا شرکت برای بک آپ گیری از حساب ها وکاربری ها و . . از 6 تا هارد اکسترنال استفاده میکردم که سه تاش همین هارد بود یدونه سونی دوتا هم وسترن دیجیتال که در عرض بین 8 تا یک سال این سه تا هارد خراب شدن یدونشو گارانتی تعویض کرد دوتای دیگه هم نمیدونم به چه دلیلی شامل گارانی نشد و کلا سه ترا اطلاعات از هر قسمت که مربوط به اون هارد بود ازبین رفت . اون دوتای که گارانتی قبول نکرد برای ریکاوری باز شدن که از آشغال ترین هارد لپ تاپ یعنی سامسونگ داخلش استفاده شده بود شما هم اگه سه سال داری وخراب نشده شاید سالی یه بار به سیستم وصل شده نه مثل من هر روز من الان دوتا وسترن دیجیتال مای پاسپورت دارم با این خیلی قبل تر از ای دیتا گرفتم ولی هنوز مثل روز اول داره کار میده من هارد های ای دیتا را به خاطر ضد ضربه و آب گرفتم که بزرگ ترین اشتباه بود واین هارد هارد بسیار بیخودیه !
Negative,به کامپیوتر وصلش کردم اطلاعاتو نخوند و سوخت
Negative,حیف نیست گوشی به این خوبی فقط یه نوع 16 گیگ داره کاش 32 گیگش رو هم ارائه میدادن
Negative,بر خلاف این دوستمون که میگه اتم خوب نیس اتم خوبه فقط اندروید 4 . 4 سنگین من زمانی که به 4 . 4 اپدیت کردم با بازیا مشکل داره . .
Negative,من که اصلا از بوش خوشم نیومد مجبورم به یکی کادو بدم . بوش خیلی تنده !
Negative,اگه دارید برای یک فرد سن بالا میخرید که گوشش هم ضعیفه ، اصلا نخرید اگه تو یه اتاق دیگه باشید خود شما هم صدای زنگشو نمیشنوید چه برسه پدرمادراتون که سنشونم بالا باشه ضمنا تقریبا 40 تا زنگ مختلف داره که یکی از یکی زشت تره
Negative,نسبت به قیمت نمی ارزه . . اصلا ازش راضی نیستم.پشبمونم
Negative,سلام دیجی جون لطفا رنگ مشکی رو موجود کنید.لطف کردین اس دادین نوت رو موجود کردین خوشحال شدیم شدید اما اومدیم دیدیم صورتیه،حالمون گرفت .
Negative,با سلام این ورژن کتاب خیلی بد ترجمه شده . به نظرم نسخ مترجمان دیگه رو بخرید
Negative,سامسونگ تنها عیبش اینه که زود قدیمی میشه
Negative,دوربین ضعیف نسبت به قیمت
Negative,2 روز گذشته هنوز به دستم نرسیده هفته پیش را خواهرم سفارش زدم یه روزه رسید ولی شانس من هنوز نرسیده فردا و پس فردام که تعطیله اینجور بود نوع سفارش رو عادی میزدم
Negative,من اگه کارد بخوره به گلوم نمیخرم چیه هی میگین هواوی هواوی این گوشیو دوستم خرید یک بار از دستش افتاد صفحه نمایشش شیکسد و الان خیلی پشیمونه این گوشی اصلا منو نداره و تمام چیز های نصب شدتون روی تصویر زمینه هست برین به اکسپریا e1 سر بزنید . . موافقان لایک کنید
Negative,چرا هیچکس از دارا بودن یا نداشتن قابلیت OTG در این تبلت صحبت نمی کنه . بارها خواستم از دیجی کالا تبلت بگیرم ولی بخاطر مشخص نبودن داشتن یانداشتن قابلیت OTG منصرف شدم
Negative,ارزش خرید نداره
Negative,سلام ، من چند روزی میشه که از دیجی کالا خریدمش ، از همه نظر خوبه فقط یه مشکل دارم که وقتی آپدیتش کردم هی ریست میشه . تو این قیمت زیادیم هست بنظر من ، ایراد الکی نگیرین ! !
Negative,سلام . لطفا قیمت پایین بیارید تا بتونیم بخریم(خیلی جا ها خیلی پایین تر میدن ) . لوازم جانبی این دستگاه هم خیلی گرونه و حداقل پنجاه هزار تومن گران تر هست . و ازتون میخوام بازی ها ی این دستگاه رو با قیمت خوب وارد سایتتون کنید . با تشکر
Negative,عطر بدی نیست فقط خیلی باید بزنی تا بوش بیاد . ماندگاری نداره
Negative,هنوز نمیدونم چرا باید کسی این مدل رو بخره . . نسبت به قیمتش ، به هیچ وجه توجیهی نداره .
Negative,سلام به دوستی که گفته رنگ گوشیش پشتش کمی کدر شده . . برای منم اینطوری شده من رنگ صورتی شو دارم بعد از این قاب های تزیینی گرفتم وقتی بعد یک ماه برشداشتم ازش دیدم پایینش مشکلی شده با الکل و مسواک یکم تمیزش کردم کمرنگ تر شده ولی کامل نرفته . بهترین راه همینه که قاب ارجینال خودشو بزاری تا کثیف نشه
Negative,قبلا رنگ بنفشش رو برای مادرم گرفته بودم ، که خیلی راضی بود . . ولی این یکی بوی شبیه لیمو میده که اصلا جالب نبود .
Negative,اقا بخدا پولتونو و بدین به موسسه خیریه بهتره تا این و بخرین
Negative,باعرض سلام وخسته نباشی گوشیم بیخود و بی جهت هنگ کرده یه پیغام انگلیسی میاد اجاذه هیچ کارییم بهم نمیده میشه کمکم کنید مرسی
Negative,از امکانات گوشیها ی هوشمندفکر میکنم باید قابلیت اتصال به وسایل هوشمند دیگر همانند تلویزیون باشد که متاسفانه در اینمورد توجه چندانی نشده ومن نتوانستم به تلویزیون سونی اسمارت متصل شوم واز خرید آن پشیمانم واین در حالی است که سایر برندها براحتی وصل میشن
Negative,اصلا نمی ارزه . مگر برای افرادی که نیاز های خاصی دارند . قیمت این لپ تاپ به خاطر SSD 1TB این قدر زیاد شده که تقریبا می شه گفت هیچ کس به این مقدار SSD نیاز نداره . برای بازی هم خوب نیست چون حتی اگر ویندوز هم نصب کنید خیلی مشکل گرم شدن خواهید داشت و کلا مک بوک برای بازی ساخته نشده .
Negative,اگه میخوایید پولتونو دور بریزید اینو بگیرید .
Negative,خوب نیست نخرید هر دفعه برید روش یه چیز متفاوت نشون میده
Negative,امروز به دستم رسید.از کیفیتش راضی نیستم.چیز خوبی نیست.خیلی ظریفه.به نظر من یکم پول اضافه تر بدین ، پارس خزر بخرید .
Negative,متاسفانه هر دوتا به درد نخوره
Negative,با سلام.من به یک مشکل اساسی در این تبلت برخورد کردم و اونم اینه که بعد از ریستارت کردن سیستم عاملش دیگه بالا نیامد و تنها راهش هم نصب یه رام جدید روی اونه.الان حدود 2 هفته هستش که پیگیرش هستم ولی هیچ رامی نتونستم براش پیدا کنم.انگار ایسوس پشتیبانی کاملی از این تبلت نکرده .
Negative,کیفیت بدنه از بالا و پایین پلاستیکی و زود خش برمیداره ، جای شارژش زودخراب میشه ،
Negative,گارانتیش فقط 6 ماهست و مشکل شدید باطری و ورم کردن بعد چند مدت و گارانتیشم بد اذیت میکنه 3 ماه طول میکشه یه باطریرو عئوض کنن بدن فقط برای هدیه تولد به بچهن ها میشه گرفت ای لایف از این بهتره و البته جی ال ایکس و دیمو
Negative,نسبت به امکاناتش قیمتش بالاست ! می تونست بهتر باشه . درسته که بدنه ی فلزی داره و خوش دسته اما با همه این ها باتریش ضعیفه هر روز باید شارژ کنی . که واقعا عذاب آوره . .
Negative,برای استفاده ای که گفتی ضعیفه تنها میتونه 1800 رو درایو کنه و چیزی برای ساب نمیمونه
Negative,کاش می نوشتین که اصل نیست نوع اصلی ماندگاری بالا و رایحه بهتری داره متاسفانه دیجی کالا در خصوص ادکلن ضعیف عمل کرده دو تا ادکلن از دیجی خریدم و کاملا پشیمانم . حیف
Negative,من این فلش را برای ایکس باکس خریدم،بعد از یک ماه که دایم به ایکس باکس وصل بود ، سوخت.متاسفانه جعبه آنرا نگه نداشته بودم لذا گارانتی هم شاملش نشد.اگر خریدید حتما جعبه آنرا بایگانی کنید .
Negative,من مشتری کتابهای صوتی هستم ، اما این کتاب صوتی رو که گوش دادم همش تاسف خوردم که چرا خریدمش داستانهایی یخ و بی سر و ته ، طنز مسخره اصلا پیشنهاد نمیدم
Negative,من این محصول رو چند وقته استفاده میکنم متاسفانه دستگیره برسش شروع کرده به زنگ زدن و برخلاف ادعای مطرح شده حداقل تا اینجا مشخص شده که جنس دسته استنلس استیل که به صورت عام به استیل معروفه نیست .
Negative,واقا اگه میخواین برای نوشتن بخرید بدرد نمیخوره
Negative,سلام دوستان اولش عالی بود ولی حالا که جوهرش تموم شده دادم شارژ کنه که بهم گفتن شارژ میکنیم ولی کارتریج اینا یه بار مصرفه کارتریج نو شم داریم حدود120هزار تومن با خنده بهش گفتم همین انقدر کلشو خریدم گفت همینه به یه مشت پرینتر اشاره کرد گفت اینا رو صاحباش بخاطر گرونی کارتریجاش انداختند دور . اصلا نخرید
Negative,دیروز به دستم رسید.اصلا مو رو نمیکنه فقط بعنوان موزر ازش استفاده میکنم واقعا پشیمون شدم از خریدش لطفا رسیدگی کنید
Negative,از روزی که این دستگاه رو از دیجی کالا خریدم دنبال سوزنشم و متاسفانه بعد از چندین ماه هنوز این سوزن موجود نشده دیجی کالا عزیز این دستگاه بدون سوزنش قابل استفاده نیست
Negative,من این دستگاه رو در اصل برای مود ریپیر(wifi extender ) خریدم که مکرر باید ریستش میکردی . . لاست پکت خیلی داشت . . دستگاه ها بهش متصل نمیشدن یا هنگ میکرد.مود ap bridge هم به اکسس پونت مبدا وصل نمیشد.یکبار هم گارانتی کامل عوضش کرد که دومی هم مثل اولی بود.البته ورژن سخت افزاری دستگاه من 2 بود . . بقیه ورژن ها رو نمیدونم .
Negative,من 8 ماه ویندوز فون داشتم . اگه بخوام منصفانه نقد کنم باید بگم واقعا ارزش خرید نداره . 1 - سیستم عامل بسیار کند است . 2 - بسیاری از نرم افزارهایی که بر روی سایر سیستم عامل ها کامل هستند بر روی این سیستم عامل ناقص هستند مثل وایبر که امکان ارسال فیلم ندارد . 3 - حتی نمیتوانید به راحتی رینگتون مورد علاقه تان را بر روی گوشی قرار دهید و باید گوشی حتما به کامپیوتر وصل شود و یا یک نرم افزار فایل منیجر غیر رایگان روی آن نصب کنید . 4 - بزرگترین مشکل آن این است که بین سیگنال edge و 3g هرکدام که قویتر باشد را انتخاب میکند و 90 درصد مواقع edge را انتخاب میکند . 5 - ساعت و تاریخ آن با خارج کردن باتری به هم میریزد و تنظیم خودکار زمان ندارد . 6 - حداقل یک دقیقه طول میکشد تا بتوانید نرم افزار music را اجرا کنید . 7 - نرم افزار مرورگر اینترنت آن بسیار مشکل دار است به خصوص در مرور سایت های ایرانی .
Negative,به نظرم با این امکانات به صرفه نیست
Negative,پرز میده در حد لالیگا خودتو باهاش خشک کنی باید دوباره برگردی زیر دوش بدترین خریدی که تا حالا از دیجی کردم همین حوله بوده
Negative,سلام بر دوستان ، من این تبلت رو از دیجی کالا برای پسرم تهیه کردم ، در نگاه اول صفحه نمایش اون خیلی نا امید کننده است ولی عادت می کنید ، شارژ اون زود تمام میشه و نمایش درصد باتری اصلا قابل اعتماد نیست ، بعد از یک ماه نرم افزار اون هنگ می کرد و مجبور شدم بفرستمش گارانتی ، شرکت آواژنگ خوب سرویس می ده ولی می گفت یه بار دیگه اومده گارانتی یعنی قبل از خرید من ! که این از سایت محبوبم یعنی دیجی کالا بعید بود . از اینکه جنس به این بدی برای پسرم خریده بودم پشیمون شدم و درنهایت با 40 درصد ضرر فروختمش و یک دستگاه ایسوس خریدم و الان راضیم چون نیاز های خودم رو هم برطرف میکنه .
Negative,برای کسانی که پا پهنی دارند پیشنهاد نمیکنم
Negative,سلام این گوشی رو من حدود سه ماهه دارم آشغالترین گوشی هست که در طول عمرم دیدم هنوز هیچی نشده تاچش خراب شده بدون این که حتی یک بار هم از دستم بیفته و حالا قیمت تاچش به حدی بالاست که از خیرش گذشتم و میخوام بندازمش تو سطل / اشغال چون دیگه حتی نمیخرنش
Negative,خیلی بزرگه - برای استفاده طولانی مدت اصلا مناسب نست .
Negative,به جای این سونی z یا z1 میخریدم خب
Negative,با سلام خدمت دوستان . . چند لحظه پیش این هنزفری به دستم رسید اصلا اون چیزی که تصور داشتم نبود واقعا بی کیفیت سیم خیلی نازک که براحتی پاره میشه جنسش در حد افتضاح هست ولی کیفیتش صداش بد نیست با این قیمت میشه 100 تا هنزفری با کیفیت تر از این خرید
Negative,بعد قطع برق خود بخود روشن میشه
Negative,واقعا از نظر من بی کیفیت بود ، من گول اسم هیدرودرم رو خوردم . اما در واقع استفاده کردن این محصول ، با استفاده نکردنش هیچ فرقی نداره
Negative,من توپیشنهادشگفت انکیز 8تاخریدم ، ولی سرعت شارژش خیلی پائینه،به هیچوجه پیشنهادنمیکنمش . گوشیهای مورداستفادهءخودم : سامسونگ s7 edge+سامسونگ نوت2+تبلت ایسوس زنپد8
Negative,نمیدونم چه که دیجی محکم موجودش نمی کنه واقعا ازش بعیده با ترو خدا یکم به این برند بها بدید
Negative,اصلا موندگاریش خوب نیست نسبت به هم قیمت های خودش . من که دو سال پیش خریدم و پشیمون شدم . بولگاری pour homme soir خیلی از این سرتره .
Negative,دو آمپر نیست و کلا ظاهرش بد نیست ولی اصلا کیفیت نداره
Negative,با سلام من از دیجی نخریدم و پشیمونم چون یکم گرون خریدم
Negative,یکی نیاریدا من میخوام اینو الانم پول ندارم . .
Negative,اولین تفاوتش اینه که نمی تونه فیلمبرداری اچ دی انجام بده بخاطر گرافیک پایین تر
Negative,ظاهر کوچکی داره اما اصلا کاربردی نیست ! پیشنهاد خرید نمیدم
Negative,من این گوشی رو 1روز نیست خریدم که 2 تا کابل یو اس بی سوزونده و شارژ شرکتی که تموم شد امروز اومدم بزنم به شارژ که شارژ نمیشه یعنی سوکتش خرابه قضاوت با خودتون گوشیم یه روز نشده که خریدمش رفته گارانتی . .
Negative,نسبت به قیمت نمیارزه با این بودجه میشه به گزینه های بهتری فکر کرد . .
Negative,من چندروز پیش اینو خریدم و اصلا ازش خوشم نیومد و به درد نخوره و سایزشم خیلی بزرگ
Negative,نسبت به عکسی که میبینیم کوچکتر ولی بدردبخوره
Negative,با سلام ببینید اگه ب عکاسی علاقه دارید و با مطالعه و دقت عکس میگیرید این بهترین انتخابه درسته سونی ار ایکس صد بهتره اما قیمتارو نگاه کنید نمی ارزه پیشنهاد منg15
Negative,راستش من خیلی خوشم نیومد . فکر میکنم با این پول میتونستم ماگ زیباتری هم پیدا کنم .
Negative,سلام من دو روزه این دستگاه را خریدم وقتی گوشی را به پورت usb وصل میکنم صفحه ی samsung gear vr نمیاد با فیلتر شکن هم امتحان کردم ولی باز هم نشد گوشیم هم galaxy s6 edge pluse هست لطفا راهنمایی کنید
Negative,شارژ دهی در حد 5 دقیقه
Negative,تغییری ایجاد نمیکنه با خمیردندان معمولی فرقی نداره منکه چیز احساس نکردم
Negative,تمامی دستگاه های که cpu intel atom دارند ارزش خرید ندارند مدام هنگ میکنند و دور ریختن پول میباشد من اچ پی مینی با همین مشخصات دارم هیچ ارزشی ندارد اسباب بازی هم نیس نمیدونم اینا را واسه چی تولید میکنند هیچ برنامه ای رو این ها اجرا نمیشه حتی واسه مرور گری نیز جواب نمیده دیجی کالا تو ام اینا را معرفی نکن به اعتبار خودت لطمه میزن
Negative,اقایی که اینقدر میخواهید پول اینو بدین اول یه سر به مارک انکر بزنید بسیار بسیار بهتره
Negative,این که افتضاحه برین اکسپریا بگیرین خب چه کاریه 100 % هم از این بهتره
Negative,خیلی بده شفاف نیسته اصلا ارزش خرید نداره
Negative,ماشینه خوبیه نسبت ب قیمتش،فقط زمان نگهداری شارژش کمه کمتراز20دیقه صدا موتورش کم میشه قدرتشوازدست میده
Negative,من خریدم اصلا اینجوری که نوشته نیست
Negative,خواهشا اصلا این کالا را خریداری نکنید . واقعا بی کیفیت است
Negative,با تشکر از ناظرمحترم جهت تایید این نظر به واسطه اطلاع رسانی به سایر مشتریان همونجوری که توی عنوان گفتم بازه حساسیت سنسور ها بسیار کم است و دقت قابل قبولی هم ندارد در هنگام بارندگی سنسور ها اصلا درست عمل نمیکنند ضعیف بودن کلید قطع و وصل صدا و احتمل شکستن آن و در نهایت اعداد روی نمایشگر به صورت معکوس و قرینه نشان داده میشوند یعنی اگر بخواهین اعداد روی نمایشگر رو بخونین باید نمایشگر رو به صورت واژگون جلوی آینه نگه دارین و از داخل آینه بهش نگاه کنین
Negative,هیچ تاثیری نداره واقعا . .
Negative,متاسفانه من از دیجیکالا خریدم و بعد یک ماه دور دربش زنگ زد خیلی پشیمونم البته من سایز بزرگ ترش رو خریدم
Negative,هیچ تاثیری نداشت برای من بعده دو ماه استفاده
Negative,با سلام من یک ماهی میشه که این کمپرسور رو خریدم ، جریان مصرفی موقع کار بشدت بالاست 23 آمپر اگه میخواهین این کمپرسور رو با منبع تغذیه ای بجز باطری ماشین روشن کنید ، قبلش کمی فکر کنید تا مشکل من رو پیدا نکنید
Negative,من این فلاسک و از دیجی خریدم اب جوش ریختم و بعد از2 ساعت اب ولرم شده بود . خیلی بده کیفیتش
Negative,تمامی نقاط ضعف و قوت بطور خلاصه گفته شده . در کل اصلا پیشنهاد نمیکنم برای خرید
Negative,سیم خیلی ضعیف که باعث قطع و وصل شدن دسته میشه
Negative,سلام . من یک هفته هست که این تبلت رو خریدم . ازش بخاطر باطریه ضعیفش راضی نیستم .
Negative,همش یه رنگه،بدترینشم اینه که انقدر جنس خودکارش بده که اصلا جوهرش نمیاد رو کاغذ،به عبارت بهتر،باید زور بالا سرش باشه تا اسمتو بنویسه،اونم با رنگ پریده،اصلا روون نیست .
Negative,اصلا خوب نیست،توصیه نمیشه
Negative,واقعا ظعیفه چه از لحاظ بدنه چه قطعات استفاده شد
Negative,فکر کردم من بلد نبودم باهاش کار کنم که شکسته . الان میبینم هر کس خریده شکسته
Negative,کلا بی کیفیته . اصلا راحت نیست.همش فک میکنی الان سیمش پاره میشه .
Negative,نخرین بهتره یکم دیگه پول بزارین یه گوشی بهتر بخرید
Negative,باطریش . تعریفی نداره . . من یکساله خریدمش . . باطریش تا ظهر میشه 50 درصد . . اگه میخواین بخریدش حتما به فکره یه پاور بانک باشید
Negative,چند روز پیش تحویل گرفتم خیلی جالب نیست از ته نمیزنه . این از اون کالاهایی که بایداز نزدیک ببینیش
Negative,اقا این خیلی داغونه من خریدم اما اصلا ازش راضی نیستم ولی فکر کنم واسه گیمر ها خوب باشه من خودم خریدم راضی نبودم دادم به رفیقم که گیمره الان باید یکی دیگه بگیرم یکی نیست از فرا سو بپرسه اخه این چرا انقد گنده عه این ماوسه این چه طراحی ایه اخه اصلا نگاه میکنی قیافه ماوس کجه توی تصویر دیجی کالا نگاه کردم فکر کردم سایزش خوبه اما وقتی اومد اصا شکه شدم که چرا انقد بزرگه دیجی کالا لطفا در کنار عکس هایی که میزاری یه چیز های دیگه ای هم بزار که حداقل بدونیم اندازه چیز هایی که میخریم چقدری عه
Negative,سلام دوستان ، پولتونو دور نریزید کیفیت ساخت کاملا معمولی ، جنس برد هم الیاف نیست و کاغذ فشرده است ، با این قیمت اصلا ارزش نداره
Negative,با سلام ، . من از مشتری های پر و پا قرص دیجی هستم،ولی در مورد این محصول واقعا انتظار نداشتم،البته نه اینکه کیفیت نداشته باشه،این محصول بسیار کوچیکه ، . اصلا فکر اینکه یه بزرگسال روش بشینه رو نداشته باشید ، . . با تشکر
Negative,این عطرو پارسال خریدم بوش خوبه ولی پخش بوش خیلی کمه
Negative,سلام چرارویSONY Lکار نمیکنه
Negative,متاسفانه اصلا پخش بو نداره پشیمانم از خریدم
Negative,635 گرم چخبره خیلی خیلی سنگینه هرهدفونی تو این رنج قیمتو پیشنهاد میکنم
Negative,من چند ماهه دارم از این لپ تاپ استفاده میکنم . تنها مشکلی که داشتم باهاش(که البته دخترم باعثش بود ! ) این بود که در اثر یه اتفاق لپ تاپم از طرف سوکت شارژر با فیش شارژر زمین خورد و هر دو مشکلدار شدن(هم DC جک و هم سوکت شارژر ) کلا هیچ جا نه تهران نه جاهای دیگه ایران هیچ کدوم رو نداشتن و با سختی و هزینه زیاد پیداشون کردم . همهجا هم میگفتن چون دستگاه جدیده قطعاتش نیومده هنوز ! !
Negative,راضی نیستم اصلا
Negative,سلام دوستان من امروز این گیتارو خریدم اما پشت دستش بر خلاف بدنه ماته ! جدیدا همه اینجورین یا این اصل نیست؟یکم حساس شدم رو این قضیه لطفا کمکم کنید
Negative,من نمیدونستم این برند ایرانه بسته بندی قابل قبولی داره ولی کیفیت نداره خرید این محصول را پیشنهاد نمیکنم
Negative,من چند وقته دارمش اما خیلی بزرگ و جا گیره اصلا کارآمد نیست از خریدم راضی نیستم
Negative,واقعا از خریدم پشیمونم اصلا اون چیزی که فکر میکردم نیست تجربه بدی بود فقط همون اول که از بسته دراوردم استفاده کردم گذاشتم تو جعبه و دیگه استفاده نکردم - اون دوربین های پلاستیکی ده 60 رو یادتونه که مامان باباها از مکه میاوردن که خونه خدارو نشون میداد یک چیزی تو همون مایه های
Negative,وزن این ساعت خیلی سنگینه ! ! واقعا توی دست آزاردهنده میشه . رنگش هم دقیقا همین رنگی هست که تو عکسه ، توی توضیحات نوشته بنفش ولی بنفش نیست قرمزه .
Negative,بوش خاصه ولی ماندگاری و پخش بو ضعیفه
Negative,گوشی خوبی نیست اگه هم چین قیمت بخواهید گوشی بخریدنوت اج بخرید
Negative,دوسنان سلام.من چند وقت پیش یه بسته از این مداد از همین سایت خریدم.جنس خوبی نداره و در بعضی از قسمتهای مداد هنگام تراشیدن ، نوک مداد خورد میشه .
Negative,خیلی نازک و سبکه ، مهمون رو پتو بخوابه بهتر از این تشکه از نظر من .
Negative,من برا یه مرکز کال سنتر 20 تا از اینا خریدم که متاسفانه بعد از 3 ماه همگی از محل تغییر اندازه شکستن و با چسب سفتش کردیم تو این حالتم گارانتیش حذف شده ولی قبل این چند مدل دیگرو امتحان کردم هیچکدوم جواب نداد
Negative,یکم از دسته بیرون تره گشاده . دکمه dualshock ها مبخورن بهش واسه همین باید محکم فشار بدینش . ارزش نداره . نخرین
Negative,متاسفانه برای شدت جریان 2 . 1A اصلا مناسب نیست .
Negative,متاسفانه خیلی الکی ازش تو نظرات تعریف شده.ظاهرش اصلا خوب نیست و بعد از 2روز پر خش شد.لطفا نظر الکی نذارین که باعث بشه مردم گمراه بشن و بخرن
Negative,من نزدیک به یک ساله که این گوشی رو دارم و واقعا ازش ناراضی ام : اولا در برخی مواقع از دسترس خارج می شه در حالی که آنتن رو فول نشون می ده . گاهی در موقعی که در حال تماس هستم و یا تماس ورودی دارم صفحه کاملا سیاه می شه و تا زمانی که طرف مقابل قطع نکنه و یا خود به خود قطع نشه هیچ کاری از دستم ساخته نیست . گاهی خودبخود ریست می شه . گاهی در نقاطی که آنتن هست ، آنتن رو صفر نشون می ده و باید ریست شه تا دوباره آنتن رو ببینه . من از روزی که موبایل دستم گرفتم ، مارک نوکیا داشتم . اما این یکی آخریشه و دیگه نوکیا نمی خرم .
Negative,اصلا گوشی خوبی نیست
Negative,دوستان به هیچ وجه توصیه خرید نمیکنم اگر خریدید یک پول از جیبتون رفته جیب چینی ها و شرکتهای سودجوی داخلی
Negative,در واقعیت به این شفافیتی که تو عکسش نشون داده نیست . کارتنش هم کاملا سفیده .
Negative,با سلام دوستای گلم من یک سال این دستگاه رو دارم و اصلا ازش راضی نیستم ذستگاه های تک تنتنه از این قوی ترن . امکانات خوبی داره وای فوق العاده انتن دهی ضعیف
Negative,روی جافندکی پراید هاچبک به هیچ وجه چفت نشد و به خاطر قطع و وصل شدن اصلا قابل استفاده نیست
Negative,من چند روزه خریدمش . یکم تو ذوقم خورد . یه کم سنگینه و وقتی دارم ازبرنامه هایی مثل وایبر استفاده می کنم مدام Disconnect میشه قبلا سامسونگ داشتم اینطوری نبود
Negative,این گوشی تنها ایرادش صفحه نمایشش هست.بعضی از بازی های hd رو نمیتونه ساپورت کنه که اگه خیلی عاشق بازی نباشید مشکلی نیست.باطریش هم یکم زود خالی میشه ولی از طرفی 15 دقیقه ای 75 % پر میشه . . باید خیلی مواظب درپوش usb باشید چون اگه خارش کنده بشه گوشی از ضد آب بودن خارج میشه(من ضد آب بودن رو با فیلم گرفتن از ماهی هام تو آکواریوم تست کرد عالیه )
Negative,من از اینجا خریدم ، مرسی از دیجی کالا ولی نخ این دستبند خیلی بی کیفیت بود ، بعد 5 - 6 بار استفاده پاره شد و همه سنگها پخش زمین شد .
Negative,این حروفش با دکمه هاش نمیخوره و نمیشه باش اس داد خیلی سخته اینجوری یکی عقبه حروفای روی دکمه هاش
Negative,اقا من 5sداشتم و با همه چیه اپل اشنام این گوشی 3 . 5ساعت طول میکشه تا شارژ شه و فستینگ شارژ نداره.بزرگ ترین ضعفش همینه دوم اینکه نمیشه بهش فلش زد و فایلا و عکس و فیلم داخلش ریخت و حتما باید فلش های مخصوص خود اپل باشه تا بشه باهاش اینکار و کرد شارژ وایرلس نداره صفحه نمایش ضعیفتر از گوشیای سوپر امولد سامسونگ . و امیدوارم طبق شایعات سال بعد صفحه نمایششو اولد بزنه . نسخه 32 گیگش یه ریسک بزرگ برای خریده چرا که کارت حافظه نمیخوره و باید 128 گیگشو بخری که خیلی گرونه عدم پشتیبانی از بلوتوث با سایر دستگاه های اندرویدی عدم داشتن نمایندگی تو ایران و به دنبال ان نداشتن گارانتی قابل اطمینان این گوشی ظاهرش هیچ فرقی با6sنداره و همین طور هیچ فرقی با ایفون6نداره ببینید دوستان این گوشی عالیه اما اگر تناسب بلد باشید گوشی ها باید قیمت کم ولی امکانات بالاتر داشته باشند بازده این گوشی نسبت به s7 edgeکه قیمتش نصف این گوشیه،واقعا پایینه همه ی ایراد هایی که گرفتم عکسش میشه s7 edge . مثلا الان بازی قارچ خور رو اپ استور گزاشته به قیمت 10دلار که به پول ما میشه 50تومن.واقعا نا مردیه.در حالی که تو اندروید که در روز های اینده واسش عرضه میشه،میتونید رایگان دریافتش کنید.من 5sداشتم و تجربیاتم رو با الان کهs7 edge دارم میگم.جفتشون عالین و به سلیقه فرد بستگی داره.مثلا یه نقص که تو s7 edgeمیبینم پشتیبانیش ضعیفه.همه گوشیا ضعف دارن ولی ایفون خیلی ضعف داره.سیاست های اپل و در بعضی موارد نمیتونم درک کنم . خوش باشید . دیجی چاپ کن .
Negative,سلام ، باطریش بسیار ضعیف بود و بعد از 3 بار عکس گرفتن باطریش تموم شد .
Negative,کیفیت پایین کمی اضافه بدین از گوشیهای ساده سامسونگ بگیرین خیلی بهتره
Negative,وقتی از نزدیک دیدم حسابی تو ذوقم خورد فقط کناره هارد ازسیلیکونه و رو و زیرش از پلاستیک خشک و بسیار بسیار ظریف که با توجه به وزن هارد قطعا به راحتی میشکنه در ضمن یه نگاه به درپوش یو اس بی بندازید که کاملا اطرافش بازه میفهمید که ضد آب بودنیم در کار نیست همین درپوشم اگه کمی فشار بهش بیاد کنده میشه واقعا نمیدونم چرا تو مشخصاتش زده ضد آب و ضد ضربه من که پشیمونم
Negative,بعد چند بار استفاده فست شارژ دیگه فعال نشد طولش هم کوتاه هست بدرد موبایل نمیخوره
Negative,کیفیت پایین قیمت خیلی بالا
Negative,با سلام . 25 بهمن به دستم رسید ولی پایه ای که به پشت صندلی وصل میشه و در مشخصات فنی ادعا شده بود در بسته بندی وجود نداره و من یه تبلت 7اینچی دارم که به صورت افقی در استند جا نمیگیره واستند براش بزرگه ولی به صورت عمودی جا میگیره و این برای نمایش فیلم خوب نیست وبرای تبلت های ده اینچی ضعیف به نظر میاد
Negative,کلا دوربین خوبی نیست . لرزشگیر نداره و اکثر عکس ها تار میفته مگاپیکسل بالا باعث میشه خیلی تصاویر پر از نویز بشه . یعنی در کل نه کیفیت دارید و نه شفافیت در شب که دیگه هیچ انتظاری ازش نداشته باشید
Negative,به نظر من این محصول زیاد جالب نیست
Negative,خیلی گوشی خوبیه اما من و خیلی ها مثل من نمی تونن این گوشی رو بخرن چون همزمان سیمکارت دوم و مموری نمی خوره و این برای ما یک ضعف شدید حساب می شه متاسفانه .
Negative,قطعات جانبی ضعیفه گیره های پشت گوشی هر دو کمتر از دو روز شکستن و الان در واقع بلا استفاده شده
Negative,خرید این محصول به صرفه نیست اما کسانیکه این محصول رو خریداری می کنند باید به اینترنت باحجم زیاد و اینترنت نسبتا پرسرعت دسترسی داشته باشند .
Negative,آقای رضایی من با باطری میتونم بازی کنم منتها تا 50 درصد بعدش بازی لگ میزنه ولی مشکل اینکه حتما شارژر رو باید وصل کنم رو ندارم
Negative,به نظر من انتخابای بهتری هم هستن
Negative,من که یک بار هم رغبت نکردم ازش استفاده کنم و مستقیم دور انداختمش . دماغی های ارزون فنری خیلی از این بهتر هستن
Negative,سلام این مدل اگر سیم کارت می خورد و قابلیت مکالمه داشت عالی بود.کیفیت صفحه نمایش خوبی داره ولی متاسفانه سیم کارت نمیخوره .
Negative,جنس کدری دارد و خوش برش نیست جدا ازین ها ترک روش داشت و من بعد از هفت روز دیدم که فایده ای نداشت
Negative,هیچگونه اثری نداره مثل اینه که یک مقدار آب معطر به داشبورد بمالید . در مقابل قیمتش ارزش خرید نداره .
Negative,در ادامه نظرم این گوشی 4 . 5gرو ساپورت نمیکنه ک ضعف بزرگیه قدرت وای فای خیلی ضعیفی داره به خاطر اینکه اپل این خصوصیت حذف کرده و به 6 اس داده نداشتن حافظه جانبی نداشتن شارژ سریع نداشتن فایل منیجر اصلا با این قیمت نمیصرفه
Negative,کیفیتش از اونی که فکر میکردم پایین تره،آلکاتل هم از نظر قیمت هم کیفیت به مراتب بهتره،صداش خیلی ضعیفه،کلا از خریدم پشیمونم،فیسشم به قشنگیه عکسش نیست
Negative,سلام . من این تبلت رو یکسال هست که دارمش و کاملا ازش راضی ام فقط چند تا نکته کوچیک رو در داشتن این تبلت باید بدونید . یکی اینکه این تبلت بازی ها رو به خوبی اجرا میکنه ولی نباید توقع داشته باشین بازی های سنگین رو اجرا کنه . دومی اینکه حتما محافظ و گلس روش بندازین . سومی اینکه بهترین رم برای این دستگاه 16 گیگی هست . چهارمی اینکه اگر خواستین روت کنید فقط فقط با kongroot روت میشه وای گارانتی میپره . تنها ایراد بزرگ این دستگاه دوربینشه که بی کیفیته اونم خیللی .
Negative,اونایی که مثل من اشتباه کردن و خریدن Bass 0 Treb - 2 Loud on با این تنظیمات یه کم بهتر شد
Negative,سلام . 6 ماه است من این گوشی را از دیجی کالا خریدم . اصلا آنتن دهی خوبی نداره و صدای مکالمه ضعیفه . نخرید که پشیمون میشیند .
Negative,جنس سری پایین تر از چیزی بود که انتظار داشتم و به نسبت پیچ گوشتی های ارزونتر زودتر خوردگی به وجود اومد
Negative,متاسفانه گول نظرات شما دوستان عزیزو خوردم خریدمش از کیفیت صداش اصلا راضی نیستم خش خش میکنه
Negative,با سلام دوستان اصلا به شما پیشنهاد خرید این محصول رو نمیکنم صدای بسیار ضعیف و بی کیفیتی داره در ضمن توی گوش هم خوب قرار نمیگیره
