به گزارش خبرنگار سیاست خارجی باشگاه خبرنگاران رضا کلهر کارشناس سیاست خارجی در رابطه با راهپیمایی تاریخی ۲۲ بهمن ماه و پیام حضور گسترده مردم در دفاع از سیاست خارجی جمهوری اسلامی ایران، اظهار داشت: راهپیمایی ۲۲ بهمن ماه نشان دهنده پیوند محکم میان ملت و نظام است و در ابعاد گسترده‌تری از مسئله هسته‌ای قرار دارد چنانچه موضوع مذاکرات تنها یکی از پیامدهای پیوند میان ملت و نظام است. این کارشناس سیاست خارجی گفت: در حوزه سیاست خارجی و داخلی حضور گسترده مردم این پیام را به دنیا صادر می‌کند که بعد از ۳۶ سال از پیروزی انقلاب اسلامی هنوز پای انقلابشان ایستاده‌اند و آرمان‌های امام را قبول دارند و در مسیری که حرکت می‌کنند مقاومت می‌کنند و به هیچ قیمتی به عقب بر نمی‌گردند. کلهر اظهار داشت: البته این راهپیمایی در این مقطع خاص این پیام را دارد که بسیار جدی به غرب و ۱+۵ و آمریکا می‌گوید که حواستان باشد ما در این زمینه هیچ گونه عقب‌نشینی نمی‌کنیم، چنانکه مقام معظم رهبری هم در فرمایشاتشان تأکید کردند آنهایی که می‌خواهند بدانند موضع ایران چیست به ۲۲ بهمن نگاه کنند. وی در پایان خاطر نشان کرد: این سخن بسیار درست است و آنها اگر بخواهند یک برآورد استراتژیک از پیوند ملت و نظام در حوزه‌های مختلف سیاست داخلی و خارجی پیدا کنند خوب است که فردا را به دقت مورد نظر قرار دهند. انتهای پیام/,سیاسی,3,227
جواد هروی نماینده مردم قائنات یکی از طراحان طرح جدید محدودیت دوره نمایندگی به دو دوره متوالی در گفتگو با خبرنگار پارلمانی باشگاه خبرنگاران، گفت: طرح الحاق تبصره ۴ به ماده ۲۸ قانون انتخابات مجلس شورای اسلامی (محدویت دوره نمایندگی به دو دوره متوالی) از سوی برخی از نمایندگان مجلس مطرح شده است. وی تصریح کرد: جهت چرخش نخبگان جوان و امکان حضور همگان به عنوان نماینده در خانه ملت، این طرح در میان نمایندگان عنوان شد. هروی افزود: لذا قرار شد تبصره ۴ به ماده ۲۸ قانون انتخابات مجلس شورای اسلامی اضافه شود تا همانند ماده ۱۱۴ قانون اساسی که بر مبنای آن رئیس جمهور می‌تواند تنها در دو دوره متوالی مسئول باشد، نمایندگان بتوانند نیز دو دوره متوالی نماینده مجلس باشند. عضو کمیسیون آموزش مجلس شورای اسلامی، اظهار داشت: این طرح با امضای ۱۷ نفر از نمایندگان مجلس شورای اسلامی تقدیم هیئت رئیسه مجلس شد که امیدواریم بتوانیم با ایجاد امیدواری بیشتر در میان نخبگان جوان، در حوزه‌های انتخابیه شرایط مناسب‌تری برای ورود افراد به عرصه‌های سیاسی باز کنیم. یکی از طراحان طرح جدید محدود کردن دوره نمایندگی به دو دوره متوالی خاطر نشان کرد: البته این به معنای حذف تجربه نمایندگان ادوار گذشته نیست و در این طرح، افراد همچون دوره انتخابات ریاست جمهوری می‌توانند پس از گذشت یک دوره، مجددا انتخاب شده و یا اینکه پس از دو دوره متوالی نمایندگی از حوزه انتخابیه دیگری برای حضور در انتخابات کاندیدا شوند. انتهای پیام/,سیاسی,3,237
به گزارش حوزه دولت گروه سیاسی باشگاه خبرنگاران جوان، رئیس‌ جمهور در پیامی با تبریک برگزاری موفقیت‌آمیز انتخابات پارلمانی و پیروزی حزب عوامی لیگ تحت رهبری خانم شیخ حسینه واجد نخست وزیر بنگلادش، ابراز امیدواری کرد با عنایت به پیوندهای فرهنگی و دینی دو ملت ایران و بنگلادش و ظرفیت‌های مناسب و سوابق دو کشور، روابط فیمابین در تمامی زمینه‌ها و در راستای منافع متقابل دو ملت، بیش از پیش گسترش یابد. متن پیام حجت‌الاسلام حسن روحانی به این شرح است: بسم الله الرحمن الرحیم سرکار خانم شیخ حسینه واجد نخست وزیر جمهوری مردم بنگلادش برگزاری موفقیت‌آمیز انتخابات پارلمانی و پیروزی حزب عوامی لیگ تحت رهبری سرکار عالی را صمیمانه تبریک می‌گویم. بی‌تردید این موفقیت که با مشارکت اقشار مختلف مردم بنگلادش حاصل شد، بیانگر اعتماد به مدیریت شماست. امیدوارم با عنایت به پیوندهای فرهنگی و دینی دو ملت ایران و بنگلادش و ظرفیت‌های مناسب و سوابق دو کشور که از کشورهای مهم و تأثیرگذار در جهان اسلام هستند، بیش از پیش شاهد گسترش روابط فی‌مابین در تمامی زمینه‌ها و در راستای منافع متقابل دو ملت باشیم. از خداوند متعال، سلامتی و موفقیت سرکار عالی و سعادت و بهروزی مردم بنگلادش را مسألت دارم. رئیس جمهوری اسلامی ایران,سیاسی,3,198
به گزارش حوزه دفاعی امنیتی گروه سیاسی باشگاه خبرنگاران جوان امیر سرلشکر سیدعبدالرحیم موسوی فرمانده کل ارتش در پاسخ به نامه وزیر بهداشت درمان و آموزش پزشکی، از تلاش‌های بی شائبه وی و همه معاونت‌های آن وزارتخانه قدردانی کرد. در این نامه خطاب به وزیر بهداشت آمده است: از نامه محبت آمیز جناب عالی در قدردانی از ارتش جمهوری اسلامی ایران صمیمانه تشکر می‌کنم. زلزله غرب کشور اگرچه موجب تاثر، غم و اندوه آحاد ملت شریف ایران و همچنین کارکنان ارتش جمهوری اسلامی ایران شد، اما از منظری دیگر یادآور روح همبستگی و همدلی ایران سربلند اسلامی در همدردی و کمک به برادران و خواهران مصیبت دیده است. ارتش جمهوری اسلامی ایران نیز متالم از درد و رنج مردم غیور و همراه با کاروان عظیم امداد رسانی، به انجام وظیفه ذاتی، انسانی و دینی خود پرداخته و خدای بزرگ را برای این توفیق خدمت رسانی شاکر است. از همت والای حضرتعالی و تلاش‌های بی شائبه کارکنان خدوم و شریف وزارت بهداشت، درمان و آموزش پزشکی، معاونت درمان آن وزارتخانه، مدیریت اورژانس کشور، دانشگاه علوم پزشکی کرمانشاه و سایر دانشگاه‌های علوم پزشکی که از همان لحظات اولیه به امداد رسانی پرداخته و حماسه آفریدند تشکر می‌کنم. توفیقات روزافزون شما را از درگاه حضرت احدیت مسئلت می‌نمایم.,سیاسی,3,205
به گزارش حوزه احزاب و تشکلهای گروه سیاسی باشگاه خبرنگاران جوان؛ آیت الله سید احمد خاتمی عضو مجلس خبرگان رهبری در مسابقات قرآن کریم نیروی زمینی سپاه که در مجتمع غدیر برگزار شد، عنوان داشت: قرآن عنصر حیات بخش زندگی است و انس با قرآن از اهمیت بسیاری برخوردار است. وی افزود: حافظین قرآن، قرآن را از رو بخوانند که قرآن خواندن مطلوب خدا و اهل بیت است. خطیب موقت نماز جمعه با بیان اینکه تک تک ذرات زمین جاندار و سمیع و بصیرند، افزود: نگاه کردن به آیات قرآن مستحب است. در رابطه با حفظ قرآن باید گفت که حافظین قرآن کاری کنند که این کتاب آسمانی از یادشان نرود و سپاسگزاری این نعمت را به جای آورند. آیت الله خاتمی با بیان اهمیت تمرین حفظ قرآن کریم تاکید کرد: وهابی‌ها روزی به ما می‌گفتند که شما به عدد انگشتان دست حافظ قرآن ندارید؛ اما امروز سرمان را بالا می‌گیریم که ده‌ها هزار حافظ قرآن داریم. حفظ قرآن کریم از افتخارات شیعه است‌. عضو مجلس خبرگان رهبری با بیان اهمیت تفسیر قرآن کریم تصریح کرد: حفظ قرآن کریم هر چه در توان فرد باشد، خوب است. وی گفت: کشور در عرصه تلاوت، قرائت و حفظ کشور گسترش و رشد خوبی داشته است. برای کسانی که حافظ قرآن هستند دوره یک تفسیر نمونه حائز اهمیت و لازم است. آیت الله خاتمی با بیان ابعاد گسترش فرهنگ قرآنی گفت: مدیران تشکیلات قرآنی یک حساب ویژه برای مفاهیم باز کنند. عضو مجلس خبرگان رهبری با اشاره به اینکه به برکت خون شهدا حکومت قرآنی آمد، یاد آور شد: نویسندگان قانون اساسی دغدغه دین و قرآن برای کشور داشتند و این موضوع بسیار ارزشمند است.,سیاسی,3,272
به گزارش حوزه دولت گروه سیاسی باشگاه خبرنگاران جوان، همزمان با بیستمین سفر کاروان دولت تدبیر و امید و پس از سخنرانی رییس‌جمهوری در ورزشگاه استقلال سنندج، نمایندگان حجت‌الاسلام روحانی برای بررسی مشکلات مردم راهی شهرستان‌های کردستان شدند. براساس برنامه‌ریزی‌های انجام شده در این سفر مجید انصاری معاون پارلمانی رییس جمهوری راهی شهرستان‌های سروآباد و مریوان، اکبر ترکان مشاور ارشد رییس جمهوری و رییس سازمان نظام مهندسی ساختمان کشور راهی شهرستان‌های سقز و بانه شدند. سید حسن هاشمی وزیر بهداشت، درمان و آموزش پزشکی نیز برای بررسی مسائل و مشکلات مردم دیواندره راهی این شهرستان شد. مسعود سلطانی فر معاون رییس جمهوری و رییس سازمان میراث فرهنگی، صنایع دستی و گردشگری نیز به شهرستان کامیاران و محمد رضا نعمت زاده وزیر صنعت، معدن و تجارت هم به شهرستان بیجار سفر کردند. علی یونسی دستیار ویژه رییس جمهوری در امور اقوام و اقلیت‌های دینی و مذهبی نیز در جمع مردم شهرستان‌های قروه و دهگلان حضور می‌یابند. رییس جمهوری و کاروان تدبیر و امید امروز یکشنبه چهارم مرداد ماه مهمان مردم کردستان هستند.,سیاسی,3,171
اشرف بروجردی فعال اصلاح‌طلب در گفتگو با خبرنگار دولت باشگاه خبرنگاران گفت: با توجه به تاکید حجت‌الاسلام والمسلمین دکتر حسن روحانی بر شعار اعتدال به طور حتم وی کابینه خود را بر همین اساس ترسیم خواهد کرد. وی افزود: براساس اصولی که در مقوله اعتدال‌گرایی وجود دارد باید چینش نیروها براساس شایسته‌سالاری باشد و افرادی در کابینه دولت یازدهم حضور پیدا کنند که نگاه فراگیری داشته باشند. بروجردی با بیان اینکه مبنای اعتدال و اصول آن در کشور ما انقلاب اسلامی ایران است تصریح کرد: انتظار می‌رود افرادی در کابینه دولت یازدهم حضور پیدا کنند که نگاه انحصارطلبانه نداشته و براساس دیدگاه‌های کارشناسی کار خود را ادامه دهند. انتهای پیام/,سیاسی,3,110
لاله افتخاری عضو حرب موتلفه در گفت و گو با خبرنگار احزاب و تشکل‌های گروه سیاسی باشگاه خبرنگاران جوان در رابطه با صحبت اخیر وزیر کشور مبنی بر اینکه نتایج انتخابات ریاست جمهوری به صورت لحظه‌ای و تدریجی نخواهد بود و پس از تجمیع آرا اعلام می‌شود، اظهار داشت: وزارت کشور موظف است که طبق قانون عمل کند و مردم باید از آرای خود اطمینان داشته باشند. عضو حزب موتلفه تاکید کرد: نظارت و شمارش باید به صورت دقیق انجام شود و حق مردم است که گزارش شمارش آرای کاندیداها را به صورت لحظه‌ای و انلاین دریافت کنند. وی افزود: اعلام نتایج انتخابات به صورت تجمیع شده مانند آن تصمیمی است که قرار بود مناظره به صورت زنده پخش نشود. در نتیجه انجام چنین حرکاتی شور و نشاط مردم را کم می‌کند در حالی که خواسته و حق مردم این است که تمامی مراحل انتخابات به صورت پرشور و مملو از هیجان برگزار شود. انتهای پیام/,سیاسی,3,156
به گزارش حوزه دفاعی امنیتی باشگاه خبرنگاران، دبیر قرارگاه جهادی شهید شوشتری اعلام کرد: جهادگران این قرارگاه با مشخص شدن میزان خسارت مناطق زلزله زده، خود را به محل حادثه خواهند رساند و نسبت به آواربرداری و کمک به حادثه دیدگاه فعالیت خواهند کرد. وی گفت: تاکنون هشت گروه جهادی در استان‌های تهران، گیلان، لرستان، البرز و اصفهان آمادگی خود را اعلام کرده‌اند. عالی با توجه به لزوم حضور جهادگران در این مناطق خاطر نشان کرد: گروهایی که تمایل به حضور در این مناطق را دارند به پایگاه اطلاع رسانی مراجعه کرده و یا به شماره پیامک ۳۰۰۰۱۳۵۷۱۱۲۲ اسم گروه خود را ارسال کنند. این فعال جهادی اعلام کرد: گروه‌های جهادی این قرارگاه عرصه‌های مختلف بهداشتی، عمرانی، امداد و نجات و … سازماندهی شده‌اند. عالی در پایان افزود: قرارگاه جهادی شهید شوشتری تا کنون در ۳ سال گذشته و در نقاط مختلف استان سیستان و بلوچستان حضوری فعال و موثر داشته است. انتهای پیام /,سیاسی,3,155
به گزارش حوزه سیاست خارجی باشگاه خبرنگاران، مرضیه افخم سخنگوی وزارت امور خارجه در واکنش به جدیدترین ادعای مقامات رژیم صهیونیستی، آن‌را یک ادعای ناشیانه و یک سناریوپردازی پر از ابهام و دروغ خواند که تنها اذهان بیمار، توان سر هم کردن آنها را دارند. وی به هم‌زمانی این تبلیغات گسترده با سفر نخست وزیر رژیم صهیونیستی به واشنگتن و برگزاری اجلاس سالانه آیپک که مهم‌ترین دستور کار آن انحراف توجه از مسئله اصلی خاورمیانه و جلب توجه به مشکلات ساختگی و جعلی است، اشاره کرد و اظهار داشت: سال گذشته نیز این لابی شکست خورده در جریان اجلاس سالانه خود تلاش گسترده و برنامه ریزی شده‌ای را برای تحمیل سیاست‌های خود بر ملت آمریکا و کنگره آن کشور انجام داده و به صراحت با هرگونه گفت‌وگوی دیپلماتیک مخالفت کرده بود. افخم افزود: لابی مذکور پس از شکست خوردن در جلوگیری از آغاز گفت‌وگوهای دیپلماتیک در موضوع هسته‌ای، اکنون به صراحت اعلام کرده است به دنبال نابود کردن مذاکرات جاری و منحرف ساختن آن است. سخنگوی وزارت خارجه کشورمان از دولت آمریکا خواست به جای توجه به تولیدات جعلی و مداوم دستگاه تبلیغاتی رژیم صهیونیستی و همراهی با آن در متهم کردن ایران و استفاده از الفاظ و لحن غیر دیپلماتیک و فرافکنی مشکلات خاورمیانه، به حل واقعی مسئله اصلی منطقه از طریق توقف جنگ افروزی، تروریسم دولتی و اقدامات غیر انسانی علیه ملت مظلوم فلسطین بپردازد. انتهای پیام/,سیاسی,3,229
به گزارش حوزه سیاست خارجی گروه سیاسی باشگاه خبرنگاران جوان؛ محمدجواد ظریف وزیر امور خارجه کشورمان امروز (سه‌شنبه) پس از دیدارش با فدریکا موگرینی مسئول سیاست خارجی اتحادیه اروپا در بروکسل و در جمع خبرنگاران درباره گفت‌وگوهایش با موگرینی گفت: بحث‌های خوبی با خانم موگرینی برای آمادگی جلسه امروز (نشست مشترک با موگرینی و سه وزیر اروپایی) داشتیم. ظریف گفت: تأکید بر ضرورت اجرای کامل برجام توسط همه طرف‌های باقیمانده و بهره‌مندی ایران از منافع برجام و اینکه این بهره‌مندی‌ها تضمین شود، نظر مشترک ماست. وی خاطرنشان کرد: درباره نحوه اقدام و چگونگی رسیدن به آن تضمین‌ها کار را شروع کردیم، از دیروز در سطح کارشناسی و امروز هم در سطح کارشناسی و در این ملاقات و در ملاقاتی که امشب وزرا خواهند داشت و همینطور در کاری که در طول یکی دو هفته آینده به صورت مشترک در سطح سیاسی و کارشناسی ادامه خواهیم داد، در زمینه روش‌هایی که می‌شود هم منافع ایران و هم منافع سایر اعضای باقیمانده برجام را تضمین کرد، گفت‌وگو خواهیم کرد. وزیر خارجه با بیان اینکه برجام دارای منافع برای همه بوده، اظهار داشت: باید اطمینان حاصل کنیم یک کشور با خروج غیرقانونی‌اش نمی‌تواند منفعتی را از یک قضیه ببرد و سایر اعضایی که متعهد ماندند می‌توانند از منافعش بهره‌مند شوند.,سیاسی,3,207
به گزارش حوزه دفاعی - امنیتی باشگاه خبرنگاران، محمود تولایی رییس سازمان علمی پژوهشی و فناوری کشور و جعفری رییس سازمان بسیج صدا و سیما در نشست مشترکی که با حضور کارشناسان برگزار شد با تاکید بر لزوم هماهنگی و همکاری بیش از پیش این دو سازمان یکی از مهمترین الزامات تحقق شعار سال ۹۱ را فرهنگسازی عنوان کردند. تولایی با تاکید بر تکلیف همه اقشار بسیج در رونق بیش از گذشته تولید ملی گفت: حمایت از مخترعین و مبتکرین و پژوهشگران داخلی از اولویت‌های سازمان بسیج علمی است. وی با اشاره به ضرورت آسیب شناسی تجاری سازی محصولات ابتکاری تولید شده در داخل تصریح کرد: رسانه ملی و سازمان بسیج علمی پژوهشی و فناوری می‌توانند در زمینه‌های مختلف با هم همکاری داشته باشند تا اندیشمندان و افراد خلاق بتوانند با شناخت ظرفیت‌های موجود و کاستی‌ها، برای هریک برنامه ریزی کنند. در این جلسه جعفری نیز به برخی از اقدامات بسیج رسانه ملی در سال تولید ملی اشاره کرد و گفت: ساخت یک سریال ۲۶ قسمتی برای ماه مبارک رمضان و یک تله فیلم مرتبط با شعار سال از جمله فعالیت‌های در راستای تولید ملی است. وی خواستار همکاری بسیج علمی پژوهشی و فناوری کشور با بسیج صدا و سیما برای تولید یک برنامه ترکیبی با موضوع معرفی مخترعین و ابتکارات مختلف در عرصه‌های گوناگون شد تا از این طریق فاصله بین مخترع و بازار کار کاسته شود.,سیاسی,3,228
به گزارش خبرنگار دولت باشگاه خبرنگاران، معصومه ابتکار رئیس سازمان محیط زیست پس از پایان جلسه هیات دولت با حضور در جمع خبرنگاران درباره برنامه‌های عملی این سازمان در خصوص کاهش آلودگی ۷ کلان‌شهر کشور گفت: ‌ ۷ شهر کشور از جمله تهران به عنوان‌ شهرهای آلوده شناخته شده‌اند و تمام این شهرها نیز دارای برنامه جامع کاهش آلودگی هوا هستند. وی افزود: ما هم‌اکنون نیز درصدد احیاء این برنامه‌ها هستیم زیرا در سال‌های گذشته انجام این برنامه‌ها متوقف شده بود و برای شهر تهران نیز هفته آینده اولین جلسه بررسی کاهش آلودگی هوا برگزار می‌شود. ابتکار ادامه داد: این جلسه با حضور تمام مقامات عالی کشور به منظور بررسی مجدد برنامه‌ها انجام خواهد گرفت تا با جدیت بیشتری از سوی مسئولان مربوطه این طرح‌ها پیگیری و اجرا شوند. رئیس سازمان محیط زیست با بیان اینکه نقش مردم در کاهش آلودگی هوا بسیار مهم است، اظهار داشت: استفاده مردم از حمل و نقل عمومی و کنترل و مدیریت کارخانه‌های صنعتی در کلان‌شهرها از مهمترین اقداماتی است که اگر مردم آن را به خوبی انجام و مدیریت کنند، می‌تواند سهم به سزایی در کاهش آلودگی هوا داشته باشد. وی خاطرنشان کرد: تمام وظایف بر عهده مسئولان نیست زیرا مردم باید مشارکت داشته باشند تا کاهش آلودگی هوا به صورت مستمر انجام شود. انتهای پیام/,سیاسی,3,213
حجت الاسلام کاظم صدیقی در گفت‌وگو با خبرنگار احزاب و تشکل‌های گروه سیاسی باشگاه خبرنگاران جوان، در واکنش به یاوه‌گویی‌های رئیس جمهور آمریکا مبنی مذاکره موشکی، گفت: سلاح ما هویت و موجودیت کشور ماست و از این جهت بحث موشکی ابدا قابل مذاکره نیست. امام جمعه موقت تهران بیان کرد: مذاکره درباره بحث موشکی با ایران مانند این است که کسی بر سر ناموس خود مذاکره کند و اصلا نباید اجازه داد که اینها به خود جرئت دهند تا درباره این موضوع صحبت کنند. حجت الاسلام صدیقی با تأکید بر اینکه آمریکا با انقلاب و اسلام مشکل دارد، خاطرنشان کرد: اگر جامعه اسلامی سلاح کافی داشته باشد غارت‌گری آمریکایی‌ها برچیده می‌شود. آنها از ابتدا می‌خواستند انقلابی با انگیزه دینی واقع نشود و به فضل الهی شکست خوردند. امام جمعه موقت تهران با اشاره به شکست توطئه‌های آمریکایی‌ها در جنگ تحمیلی اظهار کرد: امام تکلیف را روشن کردند و فرمودند آمریکا شیطان بزرگ است و مواضع مقام معظم رهبری همانند سخنان ایشان است.,سیاسی,3,162
حسین کنعانی‌مقدم در گفتگو با خبرنگار سیاست خارجی باشگاه خبرنگاران، در واکنش به دور جدید مذاکرات صلح خاورمیانه در واشنگتن، گفت: در مذاکرات دولت فلسطین با رژیم منحوس صهیونیستی همواره شاهد نقشه راه آمریکایی‌ها در راستای امتیازخواهی صهیونیست‌ها واخراج فلسطینی‌ها از سرزمین مادریشان بوده‌ایم. وی در ادامه افزود: نمایندگی و رهبری ملت فلسطین به دست غرب، آمریکا و یا تشکیلات خودگردان فلسطین نخواهد بود، چراکه این ملت با برگزاری انتخابات آزاد به روش کاملا دموکراتیک اسماعیل هنیه را به عنوان نخست وزیر خود انتخاب کرده است. کنعانی‌مقدم با تاکید بر اینکه رژیم غاصب صهیونیستی به دنبال اشغال تمامی سرزمین‌های فلسطین است، تصریح کرد: نتانیاهو همواره در اظهارات خود علیه دولت فلسطین اعلام کرده است که هیچ فلسطینی به سرزمینش بازنخواهد گشت و و هیچ زمینی به آورگان فلسطینی تعلق نخواهد گرفت و همواره قدس را پایتخت صهیونیست‌ها دانسته و در تلاش برای گسترش و توسعه شهرک‌سازی‌ها در خاک فلسطین بوده است. وی با اشاره به سالگرد روز جهانی قدس، تصریح کرد: باید نقشه راهی که حضرت امام خمینی (ره) برای آزادی قدس اشغالی مطرح کرده و به دستان پر توان مقام معظم رهبری تبیین شده است را بعنوان نقشه راه خود برای آزادی کل فلسطین به کار گیریم. این کارشناس سیاست خارجی در پایان با تاکید براینکه باید با وحدت و همبستگی میان کشورهای اسلامی و یک حرکت جهادی و مقاومتی علیه رژیم جعلی صهیونیستی غده سرطانی منطقه را از بین ببریم، خاطر نشان کرد: طبق بیانات معمار کبیر انقلاب اسلامی ایران مردم فلسطین باید به سرزمین خود بازگشته و بر اساس یک رفراندوم عمومی دولت و سرنوشت خود را تعیین کنند. انتهای پیام/,سیاسی,3,264
به گزارش خبرنگار سیاست خارجی باشگاه خبرنگاران، ری سو یونگ وزیرخارجه کره شمالی در پنجاه و سومین اجلاس سالانه سازمان حقوقی مشورتی آسیایی- آفریقایی (آلکو) که صبح امروز در دفتر مطالعات بین‌المللی وزارت خارجه برگزار شد با بیان این که اعمال تحریم علیه تعدادی محدودی از کشورها برخلاف موازین حقوق بین‌الملل است گفت: کره شمالی و ایران توسط آمریکا تحریم یک جانبه شده‌اند و ایالات متحده کشور مرا در تعاملات بانکی و صادرات و واردات کالاها تحریم کرده است. وی تصریح کرد: اقدامات فرادولتی آمریکا علیه کشورها و اجرای آن در صحنه بین‌المللی و همچنین قطعنامه‌های شورای امنیت فقط به نفع قدرت‌های جهانی است و منافع دیگر کشورها را مورد توجه قرار نمی‌دهد. ری سو یونگ اظهار داشت: ایالات متحده تحریم‌هایی علیه کره شمالی اعمال کرده و دیگر کشورها را تهدید می‌کند تا مانع توسعه کشور من شوند. وی ادامه داد: کره شمالی بر بررسی تحریم‌هایی که در سطح بین‌المللی ایجاد شده تاکید می‌کند چرا که این امر بی‌توجهی به امنیت و ثبات دیگر کشورهاست. وزیر خارجه کره شمالی بیان داشت: هرگونه خشونت و تروریسم باید بدون تبعیض مورد بررسی قرار گیرد چرا که هم اکنون کشتار مردم در فلسطین نادیده گرفته می‌شود. ری سو یونگ در پایان خاطرنشان کرد: دولت کره شمالی می‌خواهد وضع مردم را توسعه دهد اما آمریکا به طور عمدی به دنبال افزایش تنش‌ها در شبه جزیره کره است. انتهای پیام/,سیاسی,3,225
به گزارش گروه ورزشی باشگاه خبرنگاران جوان و به نقل از روابط عمومی فدراسیون اسکی، نفرات دعوت‌شده به اردوی تدارکاتی تیم‌های ملی اسکی آلپاین و اسنوبرد ایران از امروز صبح (شنبه) تمرینات خود را در آکادمی ملی المپیک آغاز کردند. در این دوره از اردوی تدارکاتی، نفرات دعوت شده زیر نظر سرمربیان تیم‌های ملی اسکی آلپاین و اسنوبرد تمرینات بدن‌سازی خود را پیگیری می‌کنند تا پس از بازگشایی پپیست‌های اسکی روند تمرینات آنها بر روی برف دنبال شود. نفرات دعوت شده به اردوی تدارکاتی پیش از این چند مرحله اردوی تدارکاتی هوازی و آمادگی جسمانی را در ارتفاعات برگزار کرده بودند.,ورزشی,6,101
به گزارش گروه ورزش باشگاه خبرنگاران جوان، پوگبا ابتدا در لو آور به عنوان ستاره‌ای جوان مورد تحسین قرار گرفت. او سپس در سال ۲۰۰۹ به منچستر یونایتد انگلیس رفت و پس از مدتی به تیم بزرگسالان این باشگاه انتقال یافت. پوگبا به علت مشکلاتی که در این باشگاه داشت، جدایی خود را اعلام کرد و به‌طور رایگان به تیم یوونتوس در سری آ ایتالیا پیوست. او یووه را در قهرمانی چهار فصل پیاپی لیگ سری آ، دو جام حذفی ایتالیا و دو سوپر جام ایتالیا کمک کرد و نیز در زمان حضورش در یوونتوس، این تیم توانست پس از ۱۲ سال به فینال لیگ قهرمانان اروپا ۱۵–۲۰۱۴ برسد. به این ترتیب پوگبا جایگاه خود را به عنوان یکی از بهترین هافبک‌های جهان در فوتبال تثبیت کرد. او در سال ۲۰۱۳ جایزه پسر طلایی فوتبال را دریافت کرد و در ۲۰۱۵ نام او در تیم منتخب سال فوتبال جهان قرار گرفت.,ورزشی,6,151
بهرام افشارزاده در گفتگو با خبرنگار حوزه فوتبال و فوتسال گروه ورزش باشگاه خبرنگاران جوان، درخصوص تغییر زمان بازی نفت و استقلال گفت: با توجه به حضور بازیکنان تیم در اردوهای تیم ملی بزرگسالان و تیم ملی امید کشورمان بر همین اساس قرار شد مسابقه استقلال و نفت در هفته پنجم مسابقات لیگ برتر از ۲۰ شهریور به ۳۰ شهریورماه تغییر پیدا کند و این امر با موافقت دو باشگاه و مسئولین مربوطه صورت گرفته است. افشارزاده، در مورد وضعیت ریوالدو گفت: بازیکنان خارجی انتظار دارند در همان ابتدا تمام پول خود را بگیرند وقتی هم بازیکن غیبت می‌کند این تصور ایجاد می‌شود که وی هیچ پولی دریافت نکرده، اما باید بگویم که این بازیکن بخشی از مطالبات خود را دریافت کرده است و اگر وی در تمرینات تیم شرکت نکند به طور حتم جریمه می‌شود در حال حاضر بحث جریمه‌شدن را به این بازیکن انتقال داده‌ایم.,ورزشی,6,147
به گزارش خبرنگار کشتی و رزمی گروه ورزشی باشگاه خبرنگاران جوان، ولادمیر پوتین رئیس جمهور کشور روسیه، فرمان اعطای جوایز به نفرات برجسته کشور روسیه از جمله هنرمندان، دانشمدان، ورزشکاران و کارگران کشاورزی را صادر کرد. میخائیل مامیاشویلی رئیس فدارسیون کشتی روسیه، گوگی کوگیاشویلی سرمربی تیم کشتی فرنگی و جامبولات تدیف سرمربی تیم کشتی آزاد روسیه، لوان کزیوادزه از مربیان کشتی فرنگی و آناتولی مارگیف سرمربی باشگاه زسکا مسکو از جمله نفراتی هستند که این جوایز ویژه به آن‌ها تعلق می‌گیرد. علاوه بر این جوایز مدال افتخار به کوگیاشویلی و مدال درجه دو شایستگی نیز به تدیف اهداء خواهد شد. انتهای پیام/,ورزشی,6,102
به گزارش خبرنگار دنیای ورزش گروه ورزشی باشگاه خبرنگاران جوان؛ در آغاز هفته سی و یکم رقابتهای لیگ برتر انگلیس از ساعت ۲۳ و ۱۵ دقیقه سه مسابقه همزمان برگزار شد که در مهمترین دیدار، تیم لسترسیتی در ادامه نتایج درخشانش پس از اخراج رانیری با دو گل ساندرلند را مغلوب کرد. اسلام سلمانی ۶۰ و جیمی واردی ۷۸ گلهای شاگردان شکسپیر را به ثمر رساندند. لستربا این پیروزی ۳۶ امتیازی شد و تا رده دهم بالا آمد و ساندرلند نیز در قعر جدول قرار دارد. در دو مسابقه همزمان دیگر برنلی با یک گل استوک سیتی را شکست داد و واتفورد در خانه با دو گل مقابل وست برومویچ پیروز شد.,ورزشی,6,112
در این دیدار مرتضی سلیمی سرپرست سازمان امداد و نجات از اعزام تیم‌های عملیاتی تخصصی امداد کوهستان استان مازندران به ارتفاعات قله دماوند خبر داده که با توجه به شرایط نامساعد جوی، بارش برف و برودت بالای ۴۰- درجه هوا در منطقه، آمادگی لازم جهت ادامه عملیات جستجو با بهتر شدن شرایط جوی همچنان وجود داشته و تیم‌های امداد هوایی نیز در حالت آماده باش بوده تا در صورت نیاز جستجوی هوایی نیز انجام پذیرد. در ادامه آقای راشا نوشیروان زین العابدین؛ سفیر کشور مالزی در ایران ضمن تشکر از اقدامات انجام شده توسط نیروهای امدادی اظهار داشت که با توجه به شرایط جوی موجود عملیات جستجوی کوهنوردان مفقودی به نحو مناسبی صورت گرفته و از همان لحظات اولیه با ارتباطی که با مرکز کنترل و هماهنگی عملیات سازمان امداد و نجات برقرار شده از نحوه فعالیت آگاهی داشته که گزارش‌های لازم در این خصوص را به وزارت امور خارجه کشور مالزی ارائه خواهند داد. همچنین بر اساس درخواست سفیر مبنی بر حضور اقوام افراد مفقود شده مقرر شد تا یک تیم از سفارت مالزی به همراه تیم‌های امدادی در منطقه دماوند حضور داشته باشند. لازم به ذکر است که طی روزهای گذشته یک تیم ۱۲ نفره از کوهنوردان مالزیایی اقدام به صعود از قله دماوند نموده که در مسیر بازگشت ۲ نفر از آنها از تیم جدا شده و تاکنون مفقود می‌باشند. انتهی پیام/ انتهی پیام/,ورزشی,6,227
به گزارش خبرنگار فوتبال و فوتسال گروه ورزش باشگاه خبرنگاران جوان، دور رفت مرحله یک چهارم نهایی رقابت‌های لیگ قهرمانان آسیا درحالی به پایان رسید که العین امارات مقابل الهلال عربستان به تساوی صفر بر صفر رسید و شانگهای ۴ بر صفر مقابل گوانگژو چین شکست خورد. همچنین پرسپولیس نیز با الاهلی ۲ بر ۲ به تساوی رسید و کاوازاکی برابر اوراواردز ۳ بر یک باخت. اما نکته جالب در مرحله یک چهارم نهایی این مسابقات، تقابل تیم‌های چینی و ژاپنی با یکدیگر است. ابتدا گوانگژو ۴ بر صفر شاگردان اسکولاری را شکست داد و کاوازکی نیز مقابل سرخ‌های ژاپنی شکست خورد. البته در آسیا این اتفاق کم رخ می‌دهد که تنها ۲ تیم از هر کشور در مرحله یک چهارم به مصاف هم بروند و باید دید در مرحله بعد چه تیم هایی جواز صعود کسبب می‌کنند و گفتنی است، تنها عربستانی‌ها شانس دارند تا در جمع ۴ تیم برتر قاره کهن ۲ نماینده داشته باشند.,ورزشی,6,157
به گزارش خبرنگار ورزشی باشگاه خبرنگاران؛ تیم بلژیک در دو دیدار اول گروه H تکلیف خود را از سایر تیم‌ها جدا کرد و به مرحله یک شانزدهم رفت اما سه تیم دیگر گروه همچنان برای صعود به همراه بلژیک شانس دارند. شرایط گروه به این شکل است: بلژیک: ۶ امتیاز با تفاضل گل +۲، بلژیکی‌ها با یک تساوی یا شکست کره جنوبی در گروه صدرنشین می‌شوند. الجزایر: ۳ امتیاز با تفاضل گل +۱، تیم الجزایر تنها در صورت پیروزی مقابل روسیه صعود می‌کند. روسیه: یک امتیاز با تفاضل گل -۱، روسیه با شکست الجزایر صعود می‌کند اما دو شرط برای ین موضوع وجود دارد. ابتدا شکست کره مقابل بلژیک و یا پیروزی کره با تفاضل گل پایینکره جنوبی: یک امتیاز با تفاضل گل -۲، کره با پیروزی مقابل بلژیک و برد روسیه مقابل الجزایر بدون بالا رفتن تفاضل گل این تیم صعود می‌کند. تساوی دو تیم الجزایر و روسیه بدون بالا رفتن تفاضل گل نیز در صورت برد کره به نفع تنها نماینده باقیمانده آسیا خواهد بود. انتهای پیام/,ورزشی,6,169
به گزارش خبرنگار حوزه دنیای ورزش گروه ورزشی باشگاه خبرنگاران جوان؛ به نقل از اسکای اسپرت؛ شروع ناامید کننده یوونتوس در این فصل از رقابت‌های لیگ ایتالیا بسیاری را از قهرمانی مجدد این تیم ناامید کرده بود اما در نهایت یووه راحت‌تر از همیشه توانست عنوان قهرمانی را تصاحب کند. مکس آلگری، سرمربی یووه، شروع ضعیف تیمش را در فصل جاری ک چالش بزرگ می‌داند. آلگری پس از بالا بردن جام قهرمانی رقابت‌های سری A گفت: حتی پس از اینکه چند بازی اول را واگذار کردیم، بازیکنان و مجموعه تیم از هدف خود دور نشدند. من عاشق رو به رو شدن با چالش‌ها هستم. روزنامه نگاری نوشته بود که یوونتوس بدون من به هیچ عنوان ۲ بازی اول لیگ را واگذار نمی‌کرد اما من همان مربی هستم که تواسنتم پس از شکست در دو بازی اول، در نهایت عنوان قهرمانی را تصاحب کنم. با این حال می‌دانم که تقریبا غیر ممکن است بار دیگر بتوانیم رکورد کسب ۲۵ پیروزی از ۲۶ بازی را تصاحب کنیم. آلگری در ادامه پیرامون فعالیت تیمش در بازار تابستانی نیز گفت: باید بازیکنانی را پیدا کنیم که DNA یوونتوس را داشته باشند. تنها بازیکنانی را جذب خواهیم کرد که بتوانند کیفیت تیم را افزایش دهند.,ورزشی,6,200
به گزارش خبرنگار کشتی و رزمی گروه ورزشی باشگاه خبرنگاران جوان، کمیته لیگ فدراسیون جدول رقابت‌های لیگ برتر کشتی آزاد باشگاه‌های کشور را در پایان هفته اول از دور برگشت به شرح زیر اعلام کرد: تعداد مسابقه امتیاز تیمی امتیاز مثبت پتروشیمی بهشهر پاس ستارگان ساری آرش زین بابل نتایج هفته اول دور برگشت پتروشیمی بهشهر (۲۲) با ستارگان ساری (۱۷) برنامه هفته دوم دور برگشت پاس ستارگان ساری (میزبان) با آرش زین بابل (مهمان) پتروشیمی بهشهر (استراحت) تعداد مسابقه امتیاز تیمی امتیاز مثبت بیمه رازی بابل راه و شهر سازی گلستان رعد پدافند کرمانشاه نتایج هفته اول دور برگشت راه و شهر سازی گلستان (۱۰) با بیمه رازی بابل (۲۷) برنامه هفته دوم دور برگشت بیمه رازی بابل (میزبان) با رعد پدافند کرمانشاه (مهمان) راه و شهر سازی گلستان – (استراحت) همچنین کمیته لیگ فدراسیون جدول رقابت‌های لیگ برتر کشتی فرنگی باشگاه‌های کشور را در پایان هفته اول از دور برگشت به شرح زیر اعلام کرد: تعداد مسابقه امتیاز تیمی امتیاز مثبت بیمه رازی اردبیل شهدای مدافع حرم قم آنزان پاس ایذه نتایج هفته اول دور برگشت شهدای مدافع حرم قم (۹) با بیمه رازی اردبیل (۳۲) آنزان ایذه – استراحت برنامه هفته دوم دور برگشت بیمه رازی اردبیل (میزبان) با آنزان پاس ایذه (مهمان) شهدای مدافع حرم قم (استراحت) تعداد مسابقه امتیاز تیمی امتیاز مثبت سینا صنعت ایذه شهر ما شهرداری مشهد رعد پدافند البرز نتایج هفته اول دور برگشت شهر ما شهرداری مشهد (۱۶) با سینا صنعت ایذه (۲۳) رعد پدافند کرمانشاه (استراحت) برنامه هفته دوم دور برگشت سینا صنعت ایذه (میزبان) با رعد پدافند کرمانشاه (مهمان) شهر ما شهرداری مشهد (استراحت),ورزشی,6,265
به گزارش خبرنگار دنیای ورزش گروه ورزش باشگاه خبرنگاران جوان، سیمونه اینزاگی سرمربی لاتزیو در تازه‌ترین اظهار نظر خود عنوان کرد دو فینال را تا پایان فصل در پیش رو داریم که یکی به فینال کوپا ایتالیا ودیدار برابر یوونتوس برمی گردد ودیگری رقابت حساس با نا ناپولی در المپیک رم است. وی ادامه داد: یوونتوس از آاس رم فاصله گرفته وحساسیتی برای این ۲ تیم در رقابت‌های سریآ وجود ندارد اما برای کسب سمیه سوم ایتالیا در رقابت‌های لیگ قهرمانان اروپا رقابت فشرده‌ای با آبی پوشان بندر ناپل داریم. وی خاطرنشان کرد: بازیکنانم را ستایش می‌کنم چرا که با هوش خود از تیم هایی مانند اینترمیلان وآاس رم که بودجه چندبرابری نسبت به بیانکوچلستی‌ها داشتند.,ورزشی,6,116
به گزارش خبرنگار گروه ورزش باشگاه خبرنگاران جوان، رقابت‌های تنیس گروه ۳ آسیا و اقیانوسیه از صبح فردا در زمین تنیس آکادمی استقلال آغاز خواهد شد. بر این اساس مراسم قرعه کشی این رقابت‌ها صبح امروز در محل برگزاری مسابقات و با حضور ماسیمو مورلی سرداور نشان طلا از ایتالیا، کامیار کیمیایی دبیر فدراسیون، امیر صدری مدیر مسابقات و نمایندگان تیم‌های شرکت کننده برگزار شد. این مسابقات با حضور تیم‌های سقوط کننده از گروه ۲ (ایران و لبنان)، تیم‌های حاضر در گروه ۳ (ترکمنستان، هنگ کنگ، سوریه و کامبوج) و تیم‌های صعود کننده از گروه ۴ (جزایر پاسیفیک، قطر و سنگاپور) برگزار می‌شود و ۲ تیم برتر جواز حضور در گروه ۲ آسیا و اقیانوسیه را بدست می‌آورند. انوشا شاهقلی، شاهین خالدان، امیر والا معدنچی و محمد کارگران اروجی ترکیب تیم ملی تنیس کشورمان را در این رقابت‌ها تشکیل می‌دهند. سرپرستی تیم ملی تنیس کشورمان بر عهده قاسم کردی است و سعید احمدوند به عنوان سرمربی، سیف الله بهزاد پور به عنوان مربی و مصطفی عطایی به عنوان بدنساز کادر فنی تیم ملی را تشکیل می‌دهند. همچنین ماسیمو مورلی از ایتالیا دارای نشان طلا به عنوان سرداور در این مسابقات حضور دارد و سونر سویر به عنوان مسئول هماهنگی داوران از ترکیه، روسلان تورسانف از ازبکستان به عنوان داور بی طرف، سامان حسنی داور نشان برنز، سید عادل برقعی داور نشان برنز، شروین صفوی، امین مهدویان، سینا ابراهیمیان و مهدی ملک زاده نمایندگان نشان سفید کشورمان به عنوان داوران صندلی امر قضاوت را بر عهده خواهند داشت. این رقابت‌ها از ۲۱ لغایت ۲۶ تیر ماه در آکادمی بین الملی تنیس استقلال برگزار می‌شود.,ورزشی,6,263
به گزارش خبرنگار ورزشی باشگاه خبرنگاران؛ هفته دوم و سوم از مرحله رفت بیستمین دوره لیگ دسته اول تکواندو جام نقش جهان امروز در تهران برگزار می‌شود. در هفته دوم این رقابت‌ها مقاومت با شهرداری سیرجان کرمان، آلومینیوم هرمزگان با هیات ملایر، آکادمی قهرمانان اسلامشهر با پاس قوامین، منطقه آزاد ارس با گچساران، شرکت پالایش نفت آبادان با هیات قزوین دیدار می‌کنند. اما در هفته سوم دور رفت مسابقات نیز مقاومت به دیدار نفت آبادان می‌رود، آلومینیوم با گچساران مسابقه می‌دهد، آکادمی قهرمانان با ارس دیدار خواهد کرد، پاس قوامین به دیدار قزوین می‌رود و هیات ملایر با شهرداری سیرجان بازی می‌کند. انتهای پیام/,ورزشی,6,104
در این دیدار تیم منیزیم فردوس موفق شد با کسب نتیجه ۳۲بر۱۸ از سد حریف گچسارانی خود عبور کند و تکلیف قهرمان لیگ برتر همچنان نامشخص مانده و کار برترین‌های لیگ برتر به بازی سوم رسید. در دیدار رفت نیز تیم گچساران در خانه خود موفق به شکست حریف خود شدو بانتیجه ۲۷بر ۲۳ به پیروزی مقابل تیم منیزیم دست یافت. بنابراین در حال حاضر دو تیم فینال جدول دارای نتیجه مساوی هستند. در دیدار رفت نیز تیم گچساران در خانه خود موفق به شکست حریف خود شدو بانتیجه ۲۷بر ۲۳ به پیروزی مقابل تیم منیزیم دست یافت. بنابراین در حال حاضر دو تیم فینال جدول دارای نتیجه مساوی هستند. انتهای پیام,ورزشی,6,112
"به گزارش خبرنگار حوزه دنیای ورزش گروه ورزشی باشگاه خبرنگاران جوان، پس از اظهار ناراحتی و خشم لوکا مودریچ در پی استفاده از فناوری کمک داور ویدیویی در دیدار تیم‌های رئال مادرید و کلاب آمه ریکای مکزیک در جام باشگاه‌های فوتبال جهان که به پیروزی کهکشانی‌ها انجامید، جیانی اینفانتینو نسبت به دیدگاه ستاره کروات تیم نخست پایتخت اسپ-ن-ا واکنش نشان داد. مودریچ، هافبک تیم رئال مادرید اعلام کرده بود: فوتبالی که در آن چنین فناوری هایی استفاده شود، هرگز فوتبال نبوده و نخواهد بود. اینفانتینو در واکنش به اظهار نظر لوکا مودریچ عنوان کرد: چنانچه استفاده از فناوری کمک داور ویدیویی به سود تیم مودریچ باشد، او در آن صورت خوشحال خواهد بود. ما در تلاش هستیم با بهره گیری از روش آزمون و خطا بهترین تصمیم را بگیریم و من اطمینان دارم که لوکا مودریچ در بازی بعدی تیم خود خوشحال خواهد بود. اینفانتینو افزود: چنانچه به کمک استفاده از فناوری کمک داور ویدیویی پیروز یک بازی باشید، در آن صورت خوشحال‌تر خواهید بود. """,ورزشی,6,166
به گزارش خبرنگار حوزه دنیای ورزش گروه ورزش باشگاه خبرنگاران جوان، پر مرته‌ساکر که روز جمعه در دیدار دوستانه مقابل لنس فرانسه از ناحیه زانو مصدوم شد، تور آمریکایی پیش‌فصل توپچی‌ها را از دست داد. پس از این که مطبوعات اعلام کردند این بازیکن بیش از پنج ماه خانه‌نشین خواهد بود آرسن ونگر نیز بدون این که به مدت زمان دقیق غیبت مرته ساکر اشاره کند عنوان کرد او را به مدت چند ماه در اختیار نخواهد داشت. با مصدومیت مرته ساکر تنها گزینه با تجربه خط دفاعی آرسنال در تور امریکا کالوم چمبرز است، کوشیلتی مدافع فرانسوی این تیم هم به تازگی از رقابت‌های یورو بازگشته اندکی مصدوم است و ونگر مجبور است به سرعت او را وارد ترکیب تیم کند. انتهای پیام,ورزشی,6,124
فیسبوک اخیرا خبر از هک ۵۰ میلیون حساب کاربری داده بود. حتی گفته شده بود که این میزان ممکن است تا ۹۰ میلیون حساب هم باشد. سایت‌های بسیاری به این مشکل پرداختند اما ظاهرا نظراتی که کاربران در این شبکه اجتماعی درباره موضوع هک اخیر ارسال کرده‌اند چندان خوشایند فیسبوک نبوده است. فیسبوک قابلیت ویژه‌ای را در اختیار کاربران قرار می‌دهد که امکان مشاهده حساب کاربری از دید دیگران فراهم می‌شود. با سوء استفاده از همین قابلیت هکرها کنترل ۵۰ میلیون حساب کاربری را در دست گرفتند. برخی کاربران خبر از جلوگیری فیسبوک از ارسال گزارش گاردین درباره موضوع هک حساب‌های کاربری داده بودند. تعدادی از کاربران گزارش کرده‌اند هنگامی که قصد داشتند لینکی را در استوری خود پست کنند این فعالیت آنها مسدود شده است. لینک هایی که به این ترتیب مسدود شده‌اند متنوع بوده‌اند اما به نظر می‌رسد یکی از اصلی‌ترین قربانیان این موضوع موراد مرتبط با سایت خبری گاردین بوده است. ظاهرا فیسبوک این پست‌ها را به این دلیل نشانه گذاری کرده بود که تعداد زیادی از کاربران استوری‌های مشابهی را ارسال کرده بودند. به عبارت دیگر این گونه تصور شده بود که این پیام‌ها اسپم هستند. با این حال این توضیح چندان هم منطقی به نظر نمی‌رسد. عجیب‌تر اینکه ارسال‌های مشابه توسط برخی از کاربران امکان پذیر بود ولی برخی دیگر با مسدودیت ارسال روبرو شده بودند. فیسبوک به برخی از کاربران چنین پیغامی را نمایش داده بود. در این پیام دلیل حذف شدن پست، تشخیص دادن آن به عنوان اسپم اعلام شده است. ممکن است افرادی که به تیٔوری‌های توطیٔه اعتقاد دارند گمان کنند که فیسبوک با خودخواهی اقدام به اعمال چنین مسدودیت هایی کرده است. این موضوع چه صحیح باشد و چه بدون قصد قبلی، باز هم در نهایت بسیاری از افراد فیسبوک را سرزنش می‌کنند.,علمی فناوری,4,292
در حالی که تنها چند هفته از معرفی چیپست اسنپدراگون ۷۱۰ می‌گذرد، گزارش جدیدی اشاره کرده که هواوی در حال کار روی نمونه‌ای مشابه است که احتمالا کایرین ۷۱۰ نام خواهد داشت. اسنپدراگون ۷۱۰ در رده چیپست‌های میان رده حرفه‌ای قرار می‌گیرد و جای خالی بین میان رده‌های سری ۶۰۰ و پرچمدارن سری ۸۰۰ اسنپدراگون را پر خواهد کرد. این چیپست بر اساس معماری ۱۰ نانومتری ساخته می‌شود و نوید بهبود کارایی بدون افزایش مصرف انرژی نسبت به مدل‌های پایین‌تر را می‌دهد. چیپست جدید هواوی هم قرار است چنین هدفی را دنبال کند و البته احتمالا از فناوری قدیمی‌تری بهره خواهد برد. به نظر می‌رسد کایرین ۷۱۰ به عنوان مدل به روز شده کایرین ۶۵۹ معرفی شود و بر اساس معماری ۱۲ نانومتری و توسط کمپ-ن- تایوانی TSMC تولید شود. به این ترتیب احتمالا شارژدهی باتری گوشی‌های بهره مند از آن کمتر از میزان مورد انتظار خواهد بود. با این حال شاید یک واحد پردازش عصبی ویژه به منظور بهره بردن از قابلیت‌های مبتنی بر هوش مصنوعی برای آن در نظر گرفته شود. هواوی پیش از این از قابلیت مشابهی در چیپست کایرین ۹۷۰ بهره برده است. هواوی و شرکت تابعه آن‌های سلیکون هنوز موضوع تولید جیپست جدید را تأیید نکرده‌اند ولی گزارش اخیر اشاره به این موضوع دارد که احتمالا در ماه آتی میلادی (تیر تا مرداد ماه) شاهد رونمایی از این چیپست باشیم، زمانی که احتمالا با معرفی گوشی هوشمند نوا ۳ مصادف خواهد شد. در این صورت به احتمال فراوان نوا ۳ به رقابت با گوشی تازه معرفی شده Mi ۸ SE از شیایٔومی، با پردازنده اسنپدراگون ۷۱۰ خواهد پرداخت. البته شاید هواوی کایرین ۷۱۰ را برای گوشی میت ۲۰ لایت خود در نظر بگیرد؛ موبایلی که انتظار می‌رود در ماه‌های پیش رو معرفی شود. تماشا کنید: بررسی ویدیویی هواوی پی ۲۰ پرو توسط دیجیاتو,علمی فناوری,4,298
به گزارش خبرنگار گروه علمی و دانشگاهی خبرگزاری فارس به نقل از کیک استارتر، فیلم برداری ویدئویی از خود در صورتی که سوژه بخواهد در برابر دوربین حرکت کند، کار ساده‌ای نیست. زیرا فرد نمی‌داند که آیا از کادر خارج شده یا نه. اما هوش مصنوعی این مشکل را هم برطرف می‌کند. شرکت رمو تکنولوژی دوربین فیلم برداری منحصر به فردی تولید کرده که به علت بهره مندی از هوش مصنوعی از توان کارگردانی هم برخوردار بوده و می‌تواند سوژه قرار گرفته در برابر دوربین را ردگیری کرده و از وی فیلم برداری کند. شرکت سازنده این دوربین را که Obsbot Tail نام دارد، اولین دوربین هوش مصنوعی جهان با توان کارگردانی توصیف کرده است. دوربین مذکور از قابلیت فیلم برداری با کیفیت ۴K و با دقت ۶۰فریم در ثانیه برخوردار است و بر روی یک شاسی سوار می‌شود. قابلیت زوم اپتیکال این دوربین هم به ۳-۵ ایکس می‌رسد. کاربر ابتدا باید سوژه‌ای که قرار است تعقیب شود را برای دوربین مشخص کند و سپس دوربین به طور خودکار آن را دنبال خواهد کرد. دوربین یادشده با حرکات دست و صورت هم قابل کنترل بوده و یک اپلیکیشن هم برای مدیریت آن در نظر گرفته شده است که برنامه ریزی آن را تسهیل می‌کند. به منظور پردازش خوب تصاویر یک تراشه پیشرفته به نام HiSilicon Hi۳۵۵۹A بر روی دوربین مذکور نصب شده است. تراشه یادشده برق کمی هم مصرف می‌کند. پشتیبانی از فناوری پردازش ویدئویی HDR۱۰ از جمله دیگر مزایای این دوربین است که قیمت آن هنوز مشخص نشده است. انتهای پیام/,علمی فناوری,4,252
تصویر رندری که در شبکه اجتماعی ویبو چین منتشر شده خبر از یک طراحی غیر معمول در گوشی اوپو R۱۹ می‌دهد. به نظر می‌رسد در این گوشی به جای بریدگی بالای نمایشگر شاهد حفره‌ای هستیم که ظاهرا حسگر یا دوربین سلفی را در خود جای داده است. در صورتی که این رندر صحت داشته باشد شاهد استفاده از حسگر اثر انگشت زیر نمایشگر در اوپو R۱۹ هستیم. در عین حال به نظر می‌رسد در قاب پشتی گوشی دوربینی دوگانه قرار گرفته است. از آنجایی که معمولا وان پلاس برای طراحی گوشی‌های خود از اوپو ایده می‌گیرد شاید این طرح اشاره به ظاهر وان پلاس ۷ پرچمدار دو نسل بعد وان پلاس (پس از وان پلاس ۶T) داشته باشد- این طرح توسط IceUniverse منتشر شده و با توجه به سابقه این کاربر در فاش کردن اطلاعات معمولا صحیح از گجت‌ها پیش از رونمایی، احتمالا می‌توان تصویر اوپو R۱۹ را معتبر تلقی کرد- بر اساس گزارش‌های قبلی انتظار می‌رود در مارس ۲۰۱۹ (اسفند سال جاری تا فروردین ۹۸) شاهد رونمایی از اوپو R۱۹ باشیم. تماشا کنید: سر افکندگی اوپو در تست مقاومت فایند اکس,علمی فناوری,4,182
دونالد ترامپ ریٔیس جمهور جنجالی آمریکا روز جمعه اعلام کرد که دولتش از ماه آینده میلادی تعرفه‌ای یی درصدی را بر کالاهای تکنولوژیک ساخت چین که به خاک آمریکا وارد می‌شوند اعمال خواهد کرد. لازم به ذکر است که ارزش این قبیل کالاهای ورودی در سال چیزی بالغ بر یی میلیارد دلار می‌شود. تاجر نیویورکی همچین تهدید کرده است اگر دولت چین دست به اقدام تلافی جویانه بزند تعداد کالاهای مشمول تعرفه مذکور را تا دو برابر افزایش خواهد داد. او معتقد است وضع این عوارض به ایجاد تعادل تجاری میان دو کشور کمک خواهد کرد. چند ساعت پیش از این بیانیه، دولت چین رسما و قاطعانه وعده داده بود که اقدام تازه دولت ترامپ را بی پاسخ نگذاشته و آنها نیز تعرفه‌های سنگینی را بر کالاهای وارداتی آمریکایی وضع خواهند کرد. بدین سان می‌بایست در روزهای آینده شاهد آغاز یک جنگ تجاری تمام عیار میان دو قطب بزرگ صنعتی دنیا از دو سوی عالم باشیم. آتش اختلاف میان واشینگتن و پ-ن-در حالی دوباره شعله ور می‌شود که چند روز پیش و با اعلام تخفیف هایی از طرف دولت آمریکا برای ورود مجدد کمپ-ن- بزرگ ZTE به بازار این کشور، تصور می‌شد که تنش‌ها در حال فرونشستن است. لازم به ذکر است که چین بزرگترین تولید کننده نیمه هادی‌ها در دنیاست و بدون دریافت سفارش از چیپ سازان بزرگ آمریکایی ضرر هنگفتی متوجه شرکت‌های این کشور خواهد شد. از آن طرف نیز محصولات بسیاری از برندهای آمریکایی در چین مونتاژ می‌شوند و یا مواد اولیه و بخش عمده‌ای از قطعات آنها از این کشور آسیایی تامین می‌شوند. ترامپ در بیانه خود آورده که وضع این تعرفه‌های سنگین پاسخی است به دزدی مداوم تکنولوژی‌ها و نقض مالکیت معنوی کمپ-ن-‌های آمریکایی توسط چینی‌ها و سایر سیاست‌های ناعادلانه آنها در حوزه تجارت.,علمی فناوری,4,289
به گزارش خبرنگار گروه علمی و دانشگاهی خبرگزاری فارس به نقل از ریپل، اداره حمل و نقل کانادا قوانین جدیدی را تصویب کرده که مالکان پهپادهایی که بین ۲۵۰ گرم تا ۲۵کیلوگرم وزن دارند را مجبور به ثبت تولیداتشان می‌کند. در بخش دیگری از این قوانین تصریح شده که افرادی که پهپادهای مذکور را هدایت می‌کنند باید حداقل ۱۴ سال سن داشته باشند و یا شهروند کانادا یا ساکن دائم این کشور باشند. نکته دیگر اینکه مالکان پهپادها باید برای هدایت آنها گواهینامه و مجوزی خاص دریافت کنند که مستلزم شرکت در یک امتحان آنلاین است. سوالات این امتحان در مورد نحوه هدایت پهپادهاست. علاوه بر این پهپادها حق ندارند در ارتفاعی بیش از ۴۰۰ پا یا ۱۲۰ متر به پرواز درآیند و حتما باید در معرض دید فرد کاربر باشند. همچنین افراد حق ندارند پهپاد خود را در نزدیکی فرودگاه‌ها، محل وقوع رویدادهای خاص و سانحه دیده و غیره به پرواز درآورند. قوانین مذکور از اول ژوئن امسال عملیاتی می‌شوند و افراد متخلف تا ۳۰۰۰ دلار جریمه می‌شوند. اگر این تخلفات از سوی صاحبان مشاغل انجام شود رقم جریمه ممکن است به ۱۵ هزار دلار هم برسد. انتهای پیام/,علمی فناوری,4,190
تاخیرهای پیاپی در معرفی رسمی و عرضه موبایل هیدروژن وان، کمپ-ن- RED را وادار به اتخاذ رویکردی عجیب کرده است. تلفن‌های هوشمند هیدروژن وان قرار بود در دو نسخه آلومینیومی و تیتانیومی عرضه شوند. نسخه‌ی آلومینیوم که در واقع انتخاب ارزان‌تری نسبت به مدل دیگر است و از اواخر مهرماه برای فروش در دسترس خواهد بود. اما برای مدل گران‌تر این تلفن‌ها یعنی تیتانیوم، هنوز زمان مشخصی ارایٔه نشده و این موضوع در حالیست که پیش فروش این تلفن‌های هوشمند از یی ماه پیش آغاز شده بود. شرکت RED برای نشان دادن حسن نیت خود و همچنین به عنوان عذرخواهی بابت تاخیر‌های پیاپی تلفن‌های هوشمندش، تصمیم جالبی برای کسانی که تیتانیوم را پیش خرید کرده‌اند اتخاذ کرده است. در واقع این شرکت به جای این که خریداران را تا زمان عرضه‌ی رسمی تیتانیوم در انتظار نگه دارد، تصمیم گرفته تا به همه‌ی افرادی که اقدام به پیش خرید کرده بودند، به صورت رایگان یک تلفن هوشمند آلومینیوم هدیه دهد. کاربران می‌توانند تا زمان عرضه‌ی گوشی پیش خرید شده، از تلفن هوشمند آلومینیوم استفاده کنند. همه‌ی این اتفاقات بدون پرداخت پولی اضافه توسط مشتریان انجام خواهد شد و موضوع جالب اینجاست که وقتی تیتانیوم عرضه شود، نیازی به بازگرداندن تلفن‌های آلومینیوم نخواهد بود و مشتریان می‌توانند خود را صاحب هردو گوشی بدانند. مدیرعامل شرکت RED جیم جنارد اعلام کرده که تامین کنندگان این شرکت متعهد شده‌اند که به اندازه‌ی کافی به تولید تیتانیوم خواهند پرداخت تا همه‌ی پیش خرید‌ها به نتیجه‌ی مطلوب برسد. البته علاوه بر این، جنارد گفته که دلیل تاخیر‌های پیاپی عرضه‌ی این تلفن همراه، بدقولی‌ تامین کنندگان شرکت بوده. فروش تلفن‌های هوشمند هیدروژن وان شرکت RED از اول آبان ماه توسط AT&T و Verizon انجام خواهد پذیرفت. تماشا کنید: موبایل هیدروژن وان با قابلیت نمایش تصاویر هولوگرافیک:,علمی فناوری,4,289
"یک منبع مطلع در شرکت صنایع موشکی و فضایی انرگیا گفت: تمام گزینه‌ها براساس توانایی‌های موجود برای پرتاب ناوهای باربری بدون سرنشین و سفینه سرنشین‌دار است و فقط در تاریخ‌های پرتاب تفاوت دارند. به گفته این منبع این پیشنهادها ظرف روزهای اخیر به سازمان فضایی روسیه (روسکاسموس) رای انتخاب و تایید ارایٔه خواهند شد. این منبع افزود که گزینه‌ای برای زنده نگاه داشتن ایستگاه فضایی بین‌المللی جز سناریوهای پیشنهادی وجود ندارد و محور همه پرتاب ناو سرنشین‌دار سایوز ام. اس-۱۱ در اوایل ماه دسامبر است. منبع ریا نووستی می‌گوید: در حال حاضر در پایگاه پرتاب‌های فضایی بایکونور، کارکنان شرکت صنایع موشکی و فضایی انرگیا عملا در سه شیفت کار می‌کنند تا سفینه را برای پرتاب آماده کنند. طبق آخرین خبرهای منتشر شده ناو کیهانی سایوز ام. اس-۱۱ در سوم ماه دسامبر به سرنشینی آلگ کانوننکو از روسیه, دیوید سنت ژآک از سازمان فضایی کانادا و آنه مکلین فضانورد ناسا به فضا پرتاب خواهد شد. این نشان می‌دهد که کارشناسان فنی، دلیل حادثه پرتاب ناکام سایوز ام. اس-۱۰ را یافته‌اند, گرچه روسکاسموس اعلام نظر رسمی را به آخر ماه اکتبر موکول کرده است. ۵۶۵۶",علمی فناوری,4,183
به گزارش خبرنگار گروه علمی و دانشگاهی خبرگزاری فارس، محققان پس از حفاری دریاچه قدیمی در قطب جنوب شواهد شگفت‌انگیزی از حیات را در عمق ۶۰۰ کیلومتری کشف کردند. براساس گزارش تک اکسپلوریست، آنها جانوران بسیار کوچکی از جمله خرس آبی، جلبک‌ها، آغازیان و سخت‌پوستان کوچک را در بخشی از آب پیدا کردند. در حال حاضر دانشمندان در تلاش هستند تا اطلاعاتی از مواد و توالی DNA این نمونه‌های کشف‌شده را مورد بررسی قرار دهند. پیش از این نیز کاوشگران استرالیایی ساکن در قطب جنوب با استفاده از کاوشگر یخ‌های جنوبگان، به یافته‌های جدیدی در مورد جانداران ساکن در این شرایط سخت زندگی دست یافته‌اند. نوع جدیدی از شقایق دریایی، باعث شده است که این تحقیقات تبدیل به یکی از پررنگ‌ترین جستجو در قطب جنوب شود. قطب جنوب به‌عنوان یکی از ناشناخته‌ترین نقاط روی زمین برای انسان‌، محل زندگی امنی برای گونه‌های نایابی از جانداران دریایی است، از این گونه‌ها می‌توان به اسفنج‌های دریایی، عنکبوت‌های دریایی، خیارهای دریایی، توتیا و ستاره‌های دریایی اشاره کرد. انتهای پیام/,علمی فناوری,4,166
به گزارش خبرنگار گروه علمی و دانشگاهی خبرگزاری فارس به نقل از فایومک، یک نهاد نظارتی ضدانحصار در آلمان به فیس بوک دستور داده تا از جمع آوری داده‌های خصوصی کاربران دست بردارد. البته این دستور فعلا در مراحل اولیه اجرایی است. اداره کارتل فدرال که نهاد ملی آلمان در زمینه بررسی وضعیت رقابت‌های تجاری در این کشور است، از چهار سال پیش در حال تحقیق در مورد عملکرد فیس بوک است. اداره مذکور فیس بوک را به سواستفاده از تسلط خود بر بازار شبکه‌های اجتماعی متهم کرده و می‌گوید شبکه اجتماعی یادشده بدون کسب رضایت یا آگاهی کاربران اطلاعات خصوصی آنها را جمع آوری می‌کند. قرار است یافته‌های این نهاد در اختیار فیس بوک قرار بگیرد تا تصمیم گیری عملیاتی در این مورد تسهیل شود. البته فیس بوک صحت یافته‌های گزارش یادشده را زیر سوال برده و افزوده که از موضع خود در این زمینه دفاع می‌کند. فیس بوک تا به حال بارها از برنامه‌های ثالث برای جمع آوری اطلاعات خصوصی کاربران استفاده کرده و سپس این اطلاعات را در اختیار شرکت‌های ثالث قرار داده که این امر در مواردی رسوایی به بار آورده است. انتهای پیام/,علمی فناوری,4,188
اداره پلیس نیویورک که سال‌ها دوربین‌های نصب شده روی لباس‌های نیروهای پلیس را آزمایش کرده بود به تازگی برخی آنها را کنار گذاشته است. قرار بود از سال آتی هر مأمور پلیس یک دوربین داشته باشد اما به تازگی دوربینی که روی لباس یکی از افسرها نصب بود شروع به دود کردن کرد و آتش گرفت. به این ترتیب اداره پلیس تصمیم گرفت تا تکمیل بازرسی دلیل این اتفاق استفاده از یک مدل دوربین پلیس برای مأموران را متوقف کند. این اتفاق در حوالی نیمه شب در استیتن آیلند نیویورک رخ داده بود. مدل دوربین Vievu LE-۵ اعلام شده است. به گفته مأموری که این اتفاق برایش پیش آمده ناگهان متوجه دود کردن دوربین شده و آن را از لباس جدا کرده و به زمین انداخته است. بر اساس اعلام اداره پلیس در این حادثه هیچ فردی آسیب ندیده است. اکنون اداره پلیس نیویورک در حال بررسی علت موضوع است و استفاده و توزیع این دوربین‌های به حالت تعلیق در آمده است البته گفته شده دوربین‌های مدل LE-۴ همچنان استفاده می‌شوند. بر اساس گزارش‌ها در حدود ۲۹۹۰ دوربین از تمامی ۱۵ هزار و ۵۰۰ دوربینی که توسط اداره پلیس نیویورک استفاده می‌شوند از مدل مشکل دار هستند.,علمی فناوری,4,197
در ماه‌های اخیر شایعات بسیاری از فرضیه عرضه سری گلکسی اس یی در سه مدل استاندارد، پلاس و لایت به گوش می‌رسید و حالا با رویت اسناد مربوط به نامگذاری این سه مدل در وزارت صنایع و فناوری اطلاعات چین، می‌توان این خبرها را کم و بیش تایید شده تلقی کرد. این سه مدل فعلا با نام‌های رمز Beyond ۱، Beyond ۰ و Beyond ۳ شناخته می‌شوند. نخستین مدل قرار است مدلی لایت از این پرچمدار باشد و Beyond ۱ و Beyond ۲ نیز مدل‌های معمولی و پلاس این خانواده خواهند بود. در اسناد وزارتخانه مذکور که با نام مخفف MIIT شناخته می‌شود، به شماره مدل رسمی این موبایل اشاره شده اما اسامی موبایل‌ها قید نشده است. این وزارتخانه که مسیٔولیت نظارت بر گجت‌های بی سیم و اینترنت را بر عهده دارد شماره مدل سری گلکسی اس یی را SM-G۹۷۰۰، SM-G۹۷۳۰ و SM-G۹۷۵۰ ذکر کرده است. از آنجا که SM-G۹۶۰۰ به گلکسی اس ی و SM-G۹۵۰ به مدل پلاس اشاره دارد به راحتی می‌توان حدس زد که شماره‌های مذکور به خانواده گلکسی اس یی تعلق دارند. از سوی دیگر مدل‌های موجود در لیست سازمان چینی شامل شبکه‌های ۵G نیستند و از اینرو به نظر می‌رسد که بر خلاف شایعات قبلی از مدل چهارم سازگار با شبکه ۵G خبری نخواهد بود. در این لیست به مشخصات موبایل‌ها اشاره نشده اما بر اساس فرضیات کنونی مدل نخست قرار است به نمایشگری تخت و ی. ی اینچی مجهز شود اما دو مدل دیگر با نمایشگر خمیده و در ابعاد ی. ی و ی. یی اینچ از راه می‌رسند. آخرین پرچمداری که سامسونگ با نمایشگر تخت عرضه کرد گلکسی اس ۷ سال یییی بود. از آن زمان سامسونگ به استفاده کامل از پنل‌های خمیده در پرچمداران خود روی آورده و از طرف دیگر برند اج را برای همیشه کنار گذاشته است.,علمی فناوری,4,297
گوگل مجبور است هر سال مبلغ کلانی را به اپل پرداخت کند تا جستجوگر این شرکت به عنوان جستجوگر پیش فرض مرورگر سافاری باقی بماند. به گزارش مهر به نقل از اسین ایج، این مبلغ روز به روز در حال افزایش است و امسال به رقم باورنکردنی ۹ میلیارد دلار افزایش یافته است. گوگل چاره‌ای جز پرداخت این رقم کلان و جلب رضایت اپل ندارد. زیرا این شرکت از جمله موفق‌ترین شرکت‌های تولیدکننده لوازم برقی و الکترونیک است و محصولاتش به خصوص آیفون در سراسر جهان مشتاقان وخریداران بسیاری دارد. از جمله محبوب‌ترین تولیدات اپل می‌توان به مدل‌های مختلف آیفون و همین طور رایانه‌های مک اشاره کرد. در عین حال گوگل برترین موتور جستجوی جهان است و برای حفظ این برتری چاره‌ای جز کنار آمدن با اپل ندارد. بررسی‌ها نشان می‌دهد گوگل در سال ۲۰۱۹ باید مبلغ بیشتری به اپل برای تبدیل به جستجوگر پیش فرض مرورگر سافاری بپردازد و رقم یادشده احتمالا به۱۲ میلیارد دلار خواهد رسید. تحلیل گران می‌گویند بخش زیادی از ترافیک سایت گوگل ناشی از مراجعه کاربران مرورگر سافاری است و مدیران گوگل قصد دارند به هر نحو ممکن کاربران یادشده را حفظ کنند.,علمی فناوری,4,188
سفارت آلمان که بتازگی برای برخی ناشران ایرانی به منظور حضور در نمایشگاه فرانکفورت روادید صادر نکرده است اعلام کرده هدف این ناشران از سفر محرز نشده است. نماینده انتشارات سوره مهر در مصاحبه با خبرگزاری صدا و سیما با اعلام این خبر گفت: با توجه به فعالیت انتشارات سوره مهر در حوزه ترجمه و عرضه آثار فاخر به زبان‌های انگلیسی و عربی و سایر زبان‌ها، ما امسال نمایشگاه کتاب فرانکفورت را فرصت مناسبی دیدیم تا به صورت مستقل شرکت کنیم. محمدعلی شادزاد افزود: ولی متاسفانه با وجود برنامه ریزی‌های چند ماه گذشته، هفته پیش سفارات آلمان به ما اعلام کرد هدف ما از سفر محرز نشده در حالی که ما هم کارت غرفه داریم و هم بنده به عنوان سفیر بخش تجاری نمایشگاه انتخاب شده‌ام. وی گفت: نمایشگاه کتاب فرانکفورت نمایشگاهی در سطح بین المللی است و ما مذاکراتمان را از مدت‌ها قبل از نمایشگاه نهایی کرده بودیم، ولی به خاطر صادر نکردن روادید در کار ما ناشران و کشور‌های دیگر خدشه وارد می‌شود.,علمی فناوری,4,165
استاندارد جدیدی که به تازگی پیشنهاد شده می‌تواند آینده لاگین به سایت‌ها به واسطه فناوری‌های احراز هویت از جمله تشخیص چهره و اثر انگشت را متحول نماید. اتحادیه Fido کنسرسیومی در بین صنایع است که به رفع خلاء‌های سازگاری بین دستگاه‌های احراز هویت و مشکل به یاد سپاری پسوردها توسط کاربران می‌پردازد. Fido به همراه کنسرسیوم جهان وب (W۳C) از استاندارد احراز هویت مبتنی بر وب جدیدی رونمایی کرده‌اند که ارایٔه گواهینامه‌های رمزنگاری منحصر به فرد برای هر سایت را ساده‌تر می‌کند- به عبارت ساده‌تر به لطف این فناوری می‌توانید از طریق مرورگر کامپیوتر خود به خدمات سایت هایی که نیاز به احراز هویت کاربر (وارد کردن نام کاربری و کلمه عبور) دارند، به راحتی دسترسی داشته باشید- به این منظور می‌توانید از حسگرهای اثر انگشت، دوربین و یا کلیدهای امنیتی USB استفاده نمایید- این فناوری می‌تواند جایگزین روش‌های معمول استفاده از پسوردها شود یا حتی به صورت موازی و ترکیبی با آنها کار کند- به این منظور توسعه دهندگان می‌توانند از رابط برنامه نویسی کاربردی (API) به نام WebAuthn استفاده کنند تا به واسطه دیوایس‌های امنیتی از جمله حسگرهای اثر انگشت، دوربین‌ها و کلیدهای USB امکان احراز هویت توسط وب سایت‌ها فراهم شود. استفاده از این تکنولوژی نیاز به سازگار شدن مرورگرها دارد. مرورگر فایرفاکس از WebAuthn پشتیبانی می‌کند، در حالی که پشتیبانی از این API قرار است در ماه‌های آتی به مرورگرهای اج مایکروسافت و گوگل کروم افزوده شود. البته هنوز مشخص نیست که مرورگر سافاری اپل از این قابلیت پشتیبانی خواهد کرد یا خیر. در نهایت باید اشاره کرد که استاندارد جدید به عنوان یک پیشنهاد مطرح شده و مشخص نیست که چه زمانی استفاده از آن برای کاربران فراهم خواهد شد. با این حال پشتیبانی همه مرورگرهای پر طرفدار از این فناوری، اولین قدم اساسی در زمینه عمومیت پیدا کردن آن محسوب خواهد شد.,علمی فناوری,4,298
به گزارش خبرآنلاین، از یک‌سو شاهد گرمای وحشیانه در نیمکره جنوبی و از سوی دیگر شاهد سرمای غیرمعمول در نیمکره شمالی بودیم که همه این‌ها نشانگر یک موضوع علمی است و آن اینکه دوران آب‌وهوای پایدار به سررسیده است. {لینک} {لینک} برف‌های سنگین دسامبر گذشته بر فراز اروپا به ژانویه رسید. مرگ‌ومیر ناشی از آب‌وهوا در حال افزایش بوده و طوفان زمستانی باعث قطع سفرها، قطع برق و بروز مشکل برای روستاهای آلپ شده است. از سوی دیگر طوفان پشت طوفان سواحل شرقی مدیترانه را رها نکرده است و خانه‌های ساحلی در لبنان خراب‌شده و آب‌وهوای متغیر و ناگهانی، کمپ‌های پناهندگان سوری را نابود کرده است. اوضاع در نیمکره جنوبی کاملا برعکس است. استرالیا اسیر گرمای شدید تابستانی شده و دمای هوا در اغلب شهرها در منطقه تاسمانی، ویکتوریا و نیوساوث ویلز بالا رفته و این بدان معنا است که وقوع آتش‌فشان افزایش‌یافته است. به همین خاطر اداره هواشناسی BOM ماه ژانویه را گرم‌ترین ماه تاریخ معاصر اعلام کرد. اما در آمریکای شمالی گردباد قطبی غم‌انگیز جنوب کانادا و غرب میانه و شمال شرق ایالات‌متحده را در برگرفته و مردم دمای منفی یی درجه را تجربه می‌کنند. این نوع آب‌وهوا فلج‌کننده شده و مردم را از کار و زندگی انداخته است. یییی,علمی فناوری,4,202
به گزارش گروه اقتصادی باشگاه خبرنگاران جوان به نقل از شبکه سی‌ان‌بی‌سی، پس از افت شدید قیمت نفت در روزهای گذشته، قیمت شاخص نفت خام آمریکا در هفته گذشته دوباره به بالای ۶۱ دلار بازگشت و این مسئله سبب شد کارشناسان عواملی را که می‌توانند به رشد قیمت آن یاری رسانند، مرور کنند. تام کلوزا، کارشناس مؤسسه اویل پرایس اینفورمیشن سرویس، که پیش از این افت قیمت نفت را پیش‌بینی کرده بود، اعلام کرد: روند افت قیمت این کالا متوقف شده است. باور داریم که بخش عمده افت قیمت نفت را پشت سر گذاشته‌ایم، هرچند ممکن است در فوریه و اوایل ماه مارس، کمی افت فصلی دیگر را شاهد باشیم. این کارشناس بازار نفت افزود: ما باور داریم که قیمت بنزین افزایش خواهد یافت و این می‌تواند راهگشای بازگشت نفت به قیمتی حتی فراتر از سطح ماه ژانویه امسال و در بالاترین سطح چند سال اخیر باشد. کلوزا اعلام کرد: افزایش قیمت نفت می‌تواند سبب رشد یک میلیون و ۳۰۰ هزار بشکه‌ای تولید نفت آمریکا شود. از سوی دیگر، بازگشت سرمایه‌گذاری به بازار نفت به دلیل رشد قیمت‌ها سبب خواهد شد قیمت این کالا از ثبات بیشتری برخوردار شود. وی گفت: سرمایه‌گذاری صبورانه زیادی به نفت اختصاص یافته است و این روند می‌تواند ادامه داشته باشد و در نتیجه، ما باور داریم که قیمت نفت نزدیک به سطح کنونی آن باقی خواهد ماند.,اقتصادی,1,223
به گزارش خبرنگار اقتصادی باشگاه خبرنگاران از مرکز مدیریت راه‌های کشور، امروز جمعه سوم بهمن ماه ۹۳ محدودیت‌های ترافیکی پایان هفته از سوی این مرکز اعلام شد-۱- موتورسیکلت: تردد موتورسیکلت تا ساعت ۲۴ امروز از محورهای کندوان، هراز، فیروزکوه و تهران سمنان مشهد و بالعکس ممنوع است-۲- سواری: کلیه خودروها از ساعت ۱۴ الی ۲۴ امروز، از کرج به مرزن آباد ممنوع بوده و با اعلام مأمورین پلیس راه در محل تردد انواع وسایل نقلیه از ساعت ۱۷ الی ۲۴ همان روز، از ۱۵ کیلومتری جنوب مرزن‌آباد (محدوده دزدبن) به سمت کرج، یکطرفه است-۳- نقلیه سنگین (به‌استثنای حاملین مواد سوختی یا فاسدشدنی):۳-۱- محور کندوان: تردد کلیه تریلرها، کامیونها وکامیونت‌ها، از محور کندوان کماکان ممنوع است-۳-۲- محور هراز: تردد کلیه تریلرها از محور هراز کماکان ممنوع بوده و تردد کلیه کامیونها و کامیونت‌ها از ساعت ۶ الی ۲۴ امروز محور هراز ممنوع است-۳-۳- محور فیروزکوه: تردد کلیه تریلرها از ساعت ۶ الی ۲۴ امروز از تهران به قائم شهر و بالعکس، ممنوع است. انتهای پیام/,اقتصادی,1,164
به گزارش خبرنگار اقتصادی باشگاه خبرنگاران، آرنو بورگار رییس انجمن جهانی خودروسازان در پیامی به دومین همایش بین المللی صنعت خودرو ایران اظهار کرده است: این همایش فرصت مناسبی برای تمام طرفین ذینفع در صنعت خودرو برای تبادل نظر در زمینه همکاری در منطقه خاورمیانه و ایران است. وی ادامه داده است: تولید خودرو در جهان در سال ۲۰۱۳ معادل ۸۷ میلیون دستگاه بود که منطقه آسیا و جنوب شرقی آسیا ۵۳ درصد این تولید را به خود اختصاص داده است؛ ۲۴ درصد این محصولات نیز در آمریکای شمالی و ۲۳ درصد در اروپا تولید شده است. رییس انجمن جهانی خودروسازان افزوده است سال گذشته ۴۰ میلیون دستگاه خودرو در آسیا و خاورمیانه و از جمله ایران تولید شد به گونه‌ای که تعداد خودروهای تولیدی در آسیا معادل ۳۰ درصد خودروهای تولیدی در جهان و بیش از تولید میزان خودروهای آمریکای شمالی و اروپا است. وی خاطرنشان کرده است برای غلبه بر مشکلات و چالش‌های جهانی شرکت‌های خودروسازی باید تبادلات نزدیک‌تری با هم داشته باشند که برگزاری همایش‌های این چنینی راهکاری دراین زمینه است.,اقتصادی,1,174
وی تصریح کرد: در حال حاضر سرمایه‌گذاران صنعت پتروشیمی منتظر اعلام قیمت از سوی سه وزارت خانه (نفت، صنعت، معدن و تجارت و وزارت اقتصاد) است. مهدوی با اشاره به اینکه قرار بود قیمت مصوبه ظرف ۶ ماه آینده اعلام شود گفت: در این مدت ۶ ماهه، ۴ ماه آن سپری شده اما هنوز ما در تدوین آیین‌نامه خوراک پتروشیمی هستیم که بعد از اعلام نهایی از سوی سه وزارتخانه قیمت اعلام خواهد شد. دبیر انجمن صنفی کارفرمایان پتروشیمی در پاسخ به این سوال که آیا قیمت خوراک از ۱۳ سنت کاهش خواهد یافت اظهارداشت: احتمال دارد قیمت خوراک در این آیین نامه کاهش یابد اما نظر قطعی در این خصوص ندارم. وی تاکید کرد: در حال حاضر مشکلی در عرضه محصولات پتروشیمی در بورس نداریم تنها بعضی از واحدهای پتروشمی با کمبود خوراک مواجه هستند.,اقتصادی,1,136
"قیمت مصوب (کیلوگرم - ریال) برنج شیرودی ۸۶,۰۰۰ ریال انواع دودی پرمحصول ۹۸,۰۰۰ ریال برنج طارم اصل ۱۰۸,۰۰۰ ریال برنج طارم رمضانی ۸۴,۰۰۰ ریال برنج طارم عسگری ۸۲,۰۰۰ ریال برنج فجرفله ۹۴,۰۰۰ ریال ۸۴,۰۰۰ ریال برنج نیمدانه معطر ۶۸,۰۰۰ ریال برنج نیمدانه پرمحصول ۵۵,۰۰۰ ریال ۱۰۸,۰۰۰ ریال برنج دمسیاه ۱۰۸,۰۰۰ ریال برنج هندی دانه بلند ممتاز (محسن کیسه قرمز، خاطره، مژده، طبیعت، هاتی کارا قرمز، میزبان و ۲۱، ویکتوریا قهوه‌ای، بازرگان قرمز وپردیس سبز گلستان، آشپز باشی، شعله قرمز، سرآشپز، دعوت سبز) ۵۲,۰۰۰ ریال برنج وارداتی هندی دانه بلند۱۱۲۱درجهA ۵۱,۰۰۰ ریال برنج وارداتی هندی دانه بلند۱۱۲۱درجهB ۴۹,۰۰۰ ریال برنج وارداتی هندی دانه بلند۱۱۲۱درجهC ۴۶,۰۰۰ ریال برنج وارداتی هندی دانه بلند۱۱۲۱درجهD ۴۲,۰۰۰ ریال وارداتی هندی درجه یک دانه کوتاه (جویبار، پامچال زرد، ملوان زرد، قرقاول، کریستال۹۰، کریستال برلیان، میر، تابنده، مجتبی، سند باد، شمشاد، هدهدسبز، کانگرو، سپید، علی بابا قرمز، پرل قرمز، اعتماد قرمز، هلن) ۳۷,۰۰۰ ریال برنج وارداتی هندی انواع کوتاه درجه۲ ۳۱,۰۰۰ ریال برنج وارداتی هندی ۱۱۲۱ (شرکت بازرگانی دولتی) ۳۸,۰۰۰ ریال برنج وارداتی هندی پر محصول (شرکت بازرگانی دولتی) ۲۰,۰۰۰ ریال برنج وارداتی پاکستانی باسماتی معطر ۵۶,۰۰۰ ریال برنج وارداتی آرژانتین ۲۷,۰۰۰ ریال برنج وارداتی با برند بره نشان ۳۵,۰۰۰ ریال برنج وارداتی اروگوئه ۲۷,۰۰۰ ریال برنج وارداتی تایلندی ۲۰,۰۰۰ ریال برنج وارداتی تایلندی هومالی ۲۷,۰۰۰ ریال سایر انواع برنج معطر داخلی (گرده، چمپا، عنبر بو و -) ۶۰,۰۰۰ ریال برنج وارداتی پاکستانی سوپر باسماتی ۶۶,۰۰۰ ریال",اقتصادی,1,229
از ابتدای دوره تعمیر نیروگاه‌های کشور در سال جاری تاکنون، ۴۵ هزار و ۲۳۲ مگاوات معادل ۶۱ درصد از کل برنامه تعمیر نیروگاه‌ها به پایان رسیده است. به گزارش سرویس اقتصادی باشگاه خبرنگاران، به نقل از پایگاه خبری وزارت نیرو، امسال ۱۴ درصد از مجموع برنامه تعمیر نیروگاه‌های کشور به تعمیر اساسی و ۸۶ درصد به تعمیر دوره‌ای اختصاص دارد. بر این اساس، تاکنون عملیات تعمیر هفت هزار و ۳۶۱ مگاوات ظرفیت نیروگاهی معادل ۷۱ درصد مجموع برنامه تعمیر اساسی نیروگاه‌ها و ۳۷ هزار و ۸۷۱ مگاوات ظرفیت نیروگاهی معادل ۵۹ درصد مجموع برنامه تعمیر دوره‌ای انجام گرفته است. برنامه تعمیر نیروگاه‌های کشور همه ساله با پایان یافتن پیک مصرف برق در تابستان آغاز می‌شود و تا نزدیک شدن به اوج مصرف برق در سال بعد ادامه می‌یابد. این اقدام برای آمادگی هرچه بیشتر نیروگاه‌های کشور جهت تامین برق در تابستان و اوج پیک مصرف صورت می‌گیرد. کل برنامه تعمیرات سال جاری ۷۴ هزار و ۱۸۰ مگاوات است که تاکنون ۴۵ هزار و ۲۳۲ مگاوات معادل ۶۱ درصد از آن انجام گرفته است. /عب,اقتصادی,1,174
به گزارش گروه اقتصادی باشگاه خبرنگاران جوان به نقل از اسپوتنیک، انگلستان دیگر یکی از ۵ اقتصاد جهان نیست چراکه صدراعظم این کشور، فیلیپ هموند اعتراف کرده است که انگلستان ششمین اقتصاد بزرگ جهان است. در جلسه‌ای که در مورد بودجه برگزار شد، هموند در حالی که تلاش می‌کرد به تصویر زنگ‌زده سلامتی اقتصاد انگلیس رنگ‌ولعاب بدهد، در میان صحبت‌های خود گفت که همه چیز به خوبی سابق نیست به ویژه اینکه در حال حاضر انگلستان در رده‌بندی اقتصاد جهانی پس از فرانسه قرار دارد. کشورهایی که درحال حاضر در صدر لیست مالی جهانی قرار دارند به ترتیب به این قرار هستند: آمریکا، چین، ژاپن، آلمان و فرانسه. انگلیس حالا تقریبا از تمامی رقیبان خود عقب افتاده است. اما صدر اعظم انگلیس در مواجهه با چشم‌انداز اقتصادی روبه تاریکی این کشور که تا حدودی تحت تاثیر برگزیت پیش رو به این وضع دچار شده است، با روحیه باقی مانده است. او گفت: لندن مرکز شماره یک خدمات مالی جهان و مالک برخی از بهترین شرکت‌های دنیا است. اما از آنجایی که پیش‌بینی سودآوری و رشد اقتصادی در انگلیس و ایالت‌های تابعه آن کاهش یافته است، هموند اعتراف کرد که در حال حاضر انگلستان ششمین اقتصاد بزرگ دنیاست. انتهای پیام/,اقتصادی,1,199
غلامرضا رازقی در گفتگو با خبرنگار اقتصادی باشگاه خبرنگاران ضمن بیان این مطلب افزود: از فعالان صنعت میگو که به هر دلیلی از این صنعت دور هستند، برای افزایش تولید و صادرات خواستار بازگشت آنها به این صنعت هستیم. وی ادامه داد: پیش بینی شده در بودجه سال آینده صنعت میگو را بیشتر مورد توجه قرار دهیم. رازقی تصریح کرد: در بودجه سال جاری ۱۰۰ میلیارد تومان اعتبار به صنعت میگو اختصاص داده شده که کارگروهی در استان‌ها به مسئولیت استاندار ساحلی و عضویت نمایندگان بانک‌های عامل، در استان‌ها تشکیل شده و این رقم با بانک‌ها در حال نهایی شدن و رقم تخصیص داده شده با هماهنگی بانک‌ها تا پایان بهمن ماه پرداخت می‌شود. وی درخصوص صادرات میگو در سال ۸۹ افزود: ۲۶۰۲ تن میگو به کشورهای دیگر صادر و با ارزشی بالغ بر ۱۱۵۶۱ هزار دلار صادرات داشته‌ایم. رازقی درخصوص حمایت از مصرف کننده تصریح کرد: در دو ماه گذشته در سطح کشور پایانه‌ها و مراکزی در استان‌ها همانند مازندران افتتاح شد که این پایانه دو منظوره برای مصرف داخلی و خارجی هستند. وی ادامه داد: تمام فروشگاه‌های سنتی برای دسترسی مصرف کننده به یک محصول بهداشتی جمع آوری شد. رئیس شیلات ایران خاطرنشان کرد: سازمان شیلات برای بهبود کیفیت، فرآوری و بسته بندی محصولات برنامه‌ی خوبی دارد و حضور تشکل‌ها در جهت تامین نیازهای داخلی مصرف کنندگان بسیار موثر است. /ق۲,اقتصادی,1,223
محمود فاطمی عقدا رئیس مرکز تحقیقات ساختمان و مسکن در گفتگو با خبرنگار باشگاه خبرنگاران با بیان اینکه قرار است تسهیلات برای صنعتی سازی ساختمان افزایش داشته باشد، گفت: تسهیلات مورد نیاز برای صنعتی سازی ساختمان‌ها ۲۵ میلیون تومان است اما در صورت افزایش میزان تسهیلات، دولت نیازمند برنامه ریزی‌های جدیدی برای آن خواهد بود. وی ادامه داد: رعایت قانون مبحث ۱۹ در مسکن مهر به گونه‌ای شده است که نصب درب و پنجره‌های یو پی وی سی الزام آور شده است. رئیس مرکز تحقیقات ساختمان و مسکن اضافه کرد: میزان پرت انرژی در ساختمان‌ها به دلیل اجرای قانون هدفمندی یارانه‌ها بسیار کاهش یافته است. فاطمی عقدا در ادامه توضیح داد: امروزه سهم صنعتی سازی در چهارچوب طرح مسکن مهر به ۳۰ درصد رسیده که تحقق این مهم نشانه توجه به کیفی سازی و سرعت در ساخت و ساز است. رئیس مرکز تحقیقات ساختمان و مسکن با بیان اینکه از تولید مصالح نامرغوب در بازار جلوگیری و کیفیت مصالح ساختمانی افزایش یافته است، گفت: در این ارتباط ۴ ابلاغیه توسط وزیر راه و شهرسازی به استان‌ها ارسال شده است و موضوع دریافت گواهینامه فنی مرکز تحقیقات ساختمان و مسکن مورد تاکید قرار گرفته است. وی خاطرنشان کرد: طراحی بهینه، سبک سازی ساختمان و راهکارهای حفظ هدر رفت ساختمانی از عمده‌ترین موارد بررسی شده است. فاطمی عقدا در پایان یادآور شد: توسعه شبکه‌های شتاب نگاری از یک هزار و ۲۰۰ به سه هزار و ۵۰۰ ایستگاه رسیده است که تا پایان برنامه پنجم به رتبه دوم دست خواهیم یافت. /ق۲,اقتصادی,1,249
به گزارش خبرنگار نبض بازار گروه اقتصادی باشگاه خبرنگاران جوان، مهمترین عناوین نبض بازار امروز به شرح زیر است: انواع باتری ۵۵ اتمی در بازار + قیمت باتری ۵۵ اتمی نیرو (صبا باطری) با مبلغ ۳۶۰ هزار تومان در بازار به فروش می‌رسد- قیمت نبشی در بازارآهن + جدول هر کیلو نبشی ۵ با مبلغ ۴ هزار و ۴۰۰ تومان در بازار به فروش می‌رسد- مایع ظرفشویی در بازار چند؟ مایع ظرفشویی یک لیتری ریکا با مبلغ ۷ هزار و ۸۵۰ تومان در بازار به فروش می‌رسد- مظنه خرید پراید کارکرده چقدر است؟ پراید، هاچ بک با کارکرد ۲۵۰ هزار کیلومتر در بازار با مبلغ ۱۳ میلیون و ۵۰۰ هزار تومان در بازار خرید و فروش می‌شود- قیمت انواع فرآورده‌های گوشتی در بازار کالباس ژامبون مرغ و قارچ (۳۰۰ گرمی) محصول ۲۰۲ با مبلغ ۱۶ هزار و ۱۰۰ تومان در بازار به فروش می‌رسد. اجاره نشینی در جردن چقدر هزینه دارد؟ یک دستگاه آپارتمان ۱۲۴ متری واقع در جردن، بلوار ستاری با مبلغ ۲۰۰ میلیون تومان ودیعه و ماهانه ۳ میلیون و ۵۰۰ هزار تومان اجاره، معامله می‌شود. نرخ کلنگی‌های موجود در تهران چقدر است؟ زمینی به مساحت ۵۲۰ مترمربع واقع در جردن، خیابان ناصری با مبلغ ۲۰ میلیارد و ۸۰۰ میلیون تومان معامله می‌شود.,اقتصادی,1,205
به گزارش سرویس اقتصادی باشگاه خبرنگاران و به نقل از بلومبرگ، مشکلات داخلی مصر مانند گذشته بورس این کشور را نیز تحت تاثیر قرار داده و مجب نزول سهام‌های آن شده است. بر اساس این گزارش، شاخص سهام شرکت Orascom Telecom Holding با ۲-۱ درصد کاهش همراه بود. شاخص سهام EGX ۳۰ Index (EGX۳۰) نیز ۱-۵ درصد کاهش داشت. اشرف آخنوخ، مدیر شرکت تجاری Commercial International Brokerage Co در قاهره می‌گوید: اگر بخواهیم واقعیت را در نظر بگیریم، روند اقتصاد کنونی مصر در چالش قرار دارد و این سوالی اساسی است که آیا دولت فعلی می‌تواند بحران موجود را رفع کند. بحران موجود در کشور مصر، دولت را مجبور کرد تا دریافت وام ۴-۸ میلیارد دلاری صندوق بین المللی پول که برای احیای مجدد بحرن اقتصادی مصر الزامی بود، به تعویق بیفتد. همچنین اوضاع بحرانی مصر موجب شده تا سرمایه گذاران داخلی و خارجی از میزان سرمایه گذاری و فعالیت اقتصادی خود در مصر بکاهند. کارشناسان معتقد هستند که اگر شرایط بحرانی مصر همچنان ادامه یابد و اختلاف بین مرسی، رئیس جمهور مصر و برخی از اقشار مردم بیشتر شود، رکود فعلی نیز همواره افزایش می‌یابد.,اقتصادی,1,186
حسن عباسی معروفان عضو هیات مدیره بازرگانی دولتی در گفت و گو با خبرنگار صنعت، تجارت و کشاورزی گروه اقتصادی باشگاه خبرنگاران جوان، با بیان اینکه برنامه‌ای برای افزایش قیمت گندم در آینده نزدیک وجود ندارد، اظهار کرد: دولت همانند سال‌های قبل هر کیلو گندم را برای خبازی‌های آزاد پز و یارانه بگیر بترتیب ۹۰۰ و ۶۶۵ تومان عرضه می‌کند که به تبع آن قیمت آرد و نان نباید افزایش یابد. وی با اشاره به اینکه شرکت بازرگانی دولت موظف به تامین گندم مورد نیاز خبازی هاست، افزود: دولت ریالی نرخ گندم را اضافه نکرده است تا قیمت نان افزایش یابد اما به هرحال شورای آرد و نان تعیین کننده قیمت نان است وباید راجع به آن اظهار نظر کند. عباسی معروفان در پاسخ به این سوال که خبازی‌های آزاد پز اظهاراتی مبنی بر افزایش هزینه‌های حمل و نقل و … دارند، بیان کرد: با برگزاری جلسات متعدد در کارگروه تنظیم بازار آرد و نان، اتحادیه‌ها سخنان خود درباه افزایش هزینه‌ها را مطرح می‌کنند که اگر کارگروه به جمع بندی در این زمینه برسد، مطمئنا تمهیدات لازم را در زمان خود اتخاذ خواهد کرد. معاون بازرگانی خارجی در پایان سخنان خود با بیان اینکه نانوایی‌ها هیچ گونه افزایشی در مواد اولیه گندم نداشتند، تصریح کرد: دولت کماکان در نظر دارد که طبق روال گذشته نان به دست مصرف کنندگان برسد.,اقتصادی,1,220
به گزارش سرویس اقتصادی باشگاه خبرنگاران و به نقل از شبکه تلویزیونی ان اچ کی، امروز هر یک دلار امریکا با نود و دو ممیز پنجاه و سه صدم ین ژاپن خرید و فروش می‌شود که در مقایسه با روز گذشته ارزش ین ژاپن در مقابل دلار امریکا با پنجاه و هشت صدم درصد افزایش همراه بوده است. این درحالی است که هر یک یورو با یک دلار و سی و سه سنت در بازارهای ارز خرید و فروش می‌شود که در مقایسه با روز گذشته پنجاه و شش صدم درصد افزایش داشته است. هر یک پ-ن- انگلیس نیز با یک دلار و پنجاه و شش سنت در بازارهای جهانی مبادله می‌شود که در مقایسه با روز گذشته شصت و هفت صدم درصد افزایش داشته است.,اقتصادی,1,126
حسین نکوئی مهر رییس سازمان حمایت از مصرف کنندگان در گفتگو با خبرنگار اقتصادی باشگاه خبرنگاران با اشاره به برنامه‌های سازمان حمایت از مصرف کنندگان به منظور جلوگیری از افزایش قیمت‌ها، گفت: همانطور که در مرحله اول طرح هدفمندسازی یارانه‌ها مردم، کارگزاران اقتصادی، تولیدکنندگان و شبکه توزیع اصناف تعامل سازنده‌ای داشته‌اند، در مرحله دوم هدفمند سازی یارانه‌ها نیز این روند ادامه خواهد یافت. وی افزود: در اجرای طرح هدفمندسازی یارانه‌ها در سطح کشور اتفاق نظر، همکاری و مساعدت وجود دارد. نکوئی مهر ادامه داد: با هرگونه سوداگری و زیاده خواهی در این رابطه برخورد جدی خواهد شد. وی تصریح کرد: اقتصاد ترکیبی از مجموعه کالا و خدمات است که تحت تاثیر عواملی، قیمت‌های این مجموعه تغییر می‌کند. رییس سازمان حمایت از مصرف کنندگان با اشاره به تغییر قیمت خودرو گفت: هرگونه تغییر قیمت خودرو بایستی در کمیته خودرو در سازمان حمایت از اصناف بررسی شود و هرگونه افزایش قیمت با هماهنگی و به صورت منطقی و براساس هزینه‌های تمام شده صورت می‌گیرد. وی افزود: خودرو قابلیت قاچاق ندارد و اگر موردی باشد برخورد قانونی صورت می‌گیرد و تثبیت قیمت‌ها در اقتصاد کشور و در مورد تمام کالاها قابلیت اجرایی ندارد. نکوئی مهر خاطرنشان کرد: به علل مختلف با افزایش هزینه‌های تولید اصلاح قیمت‌ها ضروری است و نمی‌توان فرمول کلی و جامعی برای جلوگیری از افزایش قیمت‌ها ارائه کرد. وی تصریح کرد: افزایش منطقی هزینه‌ها بر قیمت‌ها تاثیر خواهد داشت. رییس سازمان حمایت از مصرف کنندگان در ادامه افزود: با افزایش هزینه تولید به منظور استمرار تولید و جلوگیری از رکود و به طور همزمان کاهش قیمت‌ها اعطای یارانه و حمایت دولتی موثر خواهد بود. /ق۲,اقتصادی,1,265
به گزارش خبرنگار اقتصادی باشگاه خبرنگاران جوان، در ساعات اولیه معاملات امروز شاخص بورس باز هم هم مانند چند روز گذشته در نیمه کانال ۶۱ هزار واحدی در جا می‌زند و دو دلی برای صعود در این معاملات این روزهای تالار شیشه‌ای به چشم می‌خورد. با وجود تمام پیش‌بینی‌ها مثبت برای نیمه دوم سال، در ۶ روز از مهر ماه شاهد رشد هرچند بی‌رمق شاخص در تالار هستیم به طوری که پایان معاملات روز گذشته شاخص ۳۵ واحد رشد و در ساعات اولیه معاملات امروز تنها یک واحد سبز شد و باز هم در نقطه ۶۱ هزار واحدی در جا زد. بعلاوه شاخص فرابورس نیز که در روز گذشته به ۲ واحد رشد بسنده کرده بود در معاملات امروز با رشد یک واحدی به کار خود ادامه می‌دهد. بعلاوه پر بیننده‌ترین نمادهای معاملاتی امروز شامل گروه خودرویی‌ها و بانکی‌ها است. همچنین بیشترین تاثیر مثبت را در شاخص نماد حکشتی و بیشترین تاثیر منفی را نماد تاپیکو داشته است. در این میان در ساعات اولیه معاملات امروز، شاخص کل (هم‌وزن) رشد ۲۲ و شاخص قیمت (هم‌وزن) رشد ۱۹ واحدی را به خود اختصاص دادند.,اقتصادی,1,183
مسعود اسعدی سامانی در گفتگو با خبرنگار اقتصادی باشگاه خبرنگاران با بیان اینکه جلسات متعددی با سازمان هواپیمایی کشوری در خصوص دستورالعمل حقوق مسافران برگزار کردیم، گفت: در حال پیگیری و برطرف کردن ابهامات این آیین نامه هستیم و در حال حاضر باید یک قانون کاملا شفاف باشد تا تمامی حق و حقوق مسافران و شرکت‌های هواپیمایی رعایت شود. وی با اشاره به اینکه متاسفانه در بخش تاخیرات هیچ توجهی به شرکت‌های هواپیمایی نشده است، گفت: دراین آیین نامه به تاخیراتی که خارج از عهده شرکت‌ها بوده توجه نشده و در این خصوص حقوق شرکت‌ها نادیده گرفته شده است. سامانی تصریح کرد: ایمنی پرواز در اولویت اصلی شرکت‌های هواپیمایی قرار دارد و باید در آیین نامه به آن توجه کنیم. دبیر انجمن شرکت‌های هواپیمایی اظهار داشت: در تمامی کشورهای دنیا تاخیر وجود دارد و نباید تاخیرهای که خارج از عهده شرکت هواپبمایی است در حقوق ایجاد می‌شد. وی توضیح داد: با پیگیری‌های انجام شده از وزیر راه و شهرسازی؛ درخواست کردیم که در آیین نامه حقوق مسافران تجدید نظر شود. سامانی خاطر نشان کرد: در طی یک ماه گذشته سعی کردیم با حضور رییس سازمان هواپیمایی کشوری تمامی ایرادات موجود در آیین نامه حقوق مسافران را بررسی و در صورت لزوم برطرف نماییم.,اقتصادی,1,203
دکتر نسرین امیری، روان پزشک کودک و نوجوانان در گفتگو با خبرنگار بهداشت و درمان باشگاه خبرنگاران گفت: لج بازی کودکان در یک سنی تقریبا در حدود ۲ یا ۳ سالگی به صورت طبیعی قلمداد می‌گردد که در واقع می‌خواهد هویت اولیه خود را پیدا کند و دومین دوره‌ی آن در دوران نوجوانی است که برای تثبیت هویت ثانویه خود این عمل را انجام می‌دهد. وی افزود: لج بازی در کودکان مشکلی است که دو سو دارد، که یکی خود بچه است و دیگری مخاطب وی است مخاطب کودک می‌تواند یک فرد بزرگ و یا یک شخص هم سن و سال وی باشد اگر لجبازی، در موارد هم سن و سال صورت بگیرد می‌تواند در رابطه با مسائل مربوط به حسادت محسوب گردد که در چنین مواردی باید به کودک کمک کرد تا اعتماد به نفس در او شکل بگیرد. وی افزود: نوع دیگری از لجبازی وجود دارد که مخاطب آن افراد بزرگسال است افراد بزرگسال ممکن است مشکلات رفتاری داشته باشند که تنبیه‌ها و پاداش را نا به جا به کار ببرند. وی در پایان گفت: بسیاری از خانواده‌ها تربیت فرزندانشان طوری است که لج بازی را تولید می‌کنند پس بچه‌ها زمانی می‌توانند رفتار مناسبی داشته باشند که بدانند شرایط و قوانین خاصی وجود دارد در غیر این صورت هرج و مرج پیش می‌آید که در نهایت اختلالاتی را در فرزندان ایجاد می‌کند که برای درمان آن باید از رفتار درمانی استفاده کرد.,پزشکی,7,234
وی اظهار داشت: از علت‌های دیگر گودی کمر ساختمان بدن نیز است در افرادی که پشتشان یا به دلیل مادر زادی و یا در جریان رشد حالت قوز داشته باشد این قوز پشت به صورت جبرانی باعث گودی کمر می‌شود و علت دیگر اینکه در افرادی که فرم ساختمانی بدن آنها انحنای کمر داشته باشد گودی کمر به وجود می‌آید زیرا انحنای کمر حدودا ‌۳۰ تا ۴۰ درجه باید به سمت جلو باشد و در صورتی که در این افراد به طور ساختاری و ساختمانی بیشتر از ۵۰ درجه می‌شود. این جراح ستون فقرات گفت: خانم‌ها نسبت به آقایان بیشتر دچار گودی کمر می‌شوند ضمن اینکه بیشتر بیماری‌های کمر درد در خانم‌ها شایع‌تر است. وی خاطر نشان کرد: گودی کمر خیلی حائز اهمیت نیست چیزی که مهم است وزن شکم، ورزش نکردن وضعیت بودن عضلانی است زیرا خیلی از افراد ممکن است انحنای کمر شان زیاد باشد ولی وضعیت عضلانی آنها خوب و شکم‌شان هم کوچک باشد و هرگز هم دچار کمر درد نشوند. وی در پایان گفت: گودی کمر با ورزش‌های مخصوص که توسط کارشناسان فیزیوتراپیست‌ به بیماران آموزش داده می‌شود برطرف می‌شود و با این ورزش‌ها به مرور زمان شکل بدن تغییر می‌کند.,پزشکی,7,195
حسین توکلی مشاور عالی سازمان سنجش آموزش کشور در گفت‌وگو با خبرنگار حوزه دانشگاهی گروه علمی پزشکی باشگاه خبرنگاران جوان؛ با اشاره به اعلام نتایج اولیه آزمون استخدامی وزارت آموزش و پروش اظهار داشت: نتایج سومین آزمون استخدامی متمرکز دستگاه‌های اجرایی کشور از جمله وزارت آموزش و پرورش از ساعت ۲۲ یکشنبه ۵ دی ماه ۹۵ به همراه نتایج سایر ارگان‌های کشور بر روی سایت سازمان سنجش آموزش کشور قرار گرفته است. وی تصریح کرد: داوطلبانی که در تاریخ ۲۱ آبان ماه ۹۵ در آزمون استخدامی به صورت هماهنگ شرکت کرده‌اند، اسامی معرفی‌شدگان رشته‌های شغلی وزارت آموزش پرورش کشور از روز گذشته یکشنبه ۵ دی ماه بر روی سایت سازمان سنجش قرار گرفته است. مشاور عالی سازمان سنجش آموزش کشور بیان کرد: کلیه معرفی‌شدگان رشته‌های شغلی وزارت آموزش و پرورش باید به سایت اداره کل آموزش و پروش استان مربوطه مراجعه و از زمان و مکان انجام مصاحبه و سایر مراحل گزینش مطلع شوند. وی عنوان کرد: معرفی‌شدگان برای انجام مصاحبه به منزله قبولی نهایی تلقی نمی‌گردد بلکه این افراد باید در گزینش نهایی با توجه به کد شغل محل انتخابی شرکت کنند که در صورت موفقیت به استخدام وزارت آموزش و پرورش درمی‌آیند. توکلی افزود: مطابق شرایط مندرج در دفترچه سومین آزمون استخدامی متمرکز دستگاه‌های اجرایی قسمتی از هزینه‌های مصاحبه استخدامی معاینات پزشکی و برگزاری دوره یک ساله مهارت آموزی بر عهده داوطلبان است و افرادی که در طول برگزاری دوره یک ساله مهارت آموزی از ادامه تحصیل و اشتغال منصرف شوند، وزارت آموزش و پرورش به تشخیص خود نسبت به محاسبه و اخذ هزینه آزمون مصاحبه استخدامی و برگزاری دوره اقدام می‌نمایند.,پزشکی,7,264
دانستن برخی اصطلاحات در دفترچه آزمون سراسری برای داوطلبانی که اولین بار است در کنکور شرکت می‌کنند و پیش ازاین هم آشنایی با فرآیند نداشتند، ضروری است که از جمله اساسی‌ترین این اصطلاح‌ها نوع پذیرش متمرکز و نیمه متذکر است. محمدرضا پوردستمالچی مشاور تحصیلی در گفت‌وگو با خبرنگار حوزه دانشگاهی گروه علمی پزشکی باشگاه خبرنگاران جوان؛ درباره چگونگی انتخاب رشته و آشنایی با ضوابط موجود دانشگاه‌ها گفت: گزینش در دانشگاه سراسری به ۲ شکل متمرکز و نیمه متمرکزصورت می‌گیرد که در روش متمرکز، گزینش تنها رتبه اکتسابی در آزمون سراسری ملاک است و در روش نیمه متمرکز علاوه بر آزمون سراسری باید در یک مصاحبه یا معاینه یا آزمون عملی هم شرکت کنید. وی تاکید کرد: تا زمانی که تمامی انتخاب‌های رتبه ۱۰۰ مورد بررسی قرار نگیرد انتخاب‌های رتبه ۱۰۱ را بررسی نمی‌کنند پس انتخاب‌های شما باید به ترتیب علاقه نه شانس قبولی باشد. فرآیند انتخاب رشته بنیان صعود یا نزول داوطلب می‌تواند تلقی شود که می‌توان با روشی اصولی از علل ضعف آن جلوگیری کرد و روند انتخاب ذشته امسال از ۱۵ آغاز و تا ۲۰ مردادماه ادامه دارد.,پزشکی,7,180
قادری فر دبیر ستاد هفته پژوهش در گفتگو با خبرنگار دانشگاهی باشگاه خبرنگاران گفت: شعار محوری هفته پژوهش امسال، پژوهش و فناوری کلید توسعه پایدار است. وی افزود: هر یکی از روزهای هفته پژوهش عناوین خاصی دارد که به شرح زیر است: شنبه ۲۳ آذر اقتصاد و دانش بنیان کلید تحقق حماسه اقتصادی یکشنبه۲۴ آذر، علوم انسانی اسلامی، تمدن سازی نوین دینی دوشنبه۲۵ آذر، مرجعیت علمی، اقتدار علمی سه شنبه ۲۶ آذر، تولید درون زا، خود باوری ملی چهارشنبه ۲۷ آذر، پژوهش تقاضا محور، فناوری ایرانی پنج شنبه ۲۸ آذر، جهاد علمی، شهدای علم و فناوری، تعالی ایران اسلامی از جمله عناوین معرفی شده از سوی وزارت علوم برای ایام هفته پژوهش است.,پزشکی,7,113
به گزارش حوزه دانشگاهی گروه علمی پزشکی باشگاه خبرنگاران جوان؛ مجتبی صدیقی رئیس سازمان امور دانشجویان با توجه به تقارن ماه مبارک رمضان با ایام امتحانات دانشجویان، دستورالعملی را به دانشگاه‌ها ابلاغ کرد که به موجب آن، برنامه ریزی‌های لازم صورت گیرد که به شرح زیر است: بر تاسیسات برودتی خوابگاه‌ها و برگزاری امتحانات بازبینی و نظارت دائم شود، همچنین وضعیت تاسیسات آب گرم خوابگاه‌ها قبل از ماه مبارک رمضان بازبینی شده و بر عملکرد تاسیسات نظارت مستمر صورت گیرد. در بخش دیگری از این دستورالعمل آمده است: بر ارایه خدمات مطلوب سلف سرویس‌ها در هنگام افطار نظارت شود، به ویژه به ابعاد بهداشتی آشپزخانه‌ها و سالن‌ها و ارایه غذای مناسب با این ایام نظارت کافی صورت گیرد. تمهیدات لازم برای تامین سحری دانشجویان مستقر در خوابگاه‌ها پیش بینی شود و نظارت بیشتر بر عملکرد سرویس‌های ایاب و ذهاب صورت گیرد و مشکلات احتمالی با توجه به تقارن ایام امتحانات با ماه مبارک رمضان رفع شود. انتهای پیام/,پزشکی,7,158
وی افزود: برای درمان زنبور گزیدگی‌ ابتدا نیش را خارج کنید بیرون آوردن نیش بسیار راحت است چون مانند تیغ گل رز روی زخم می‌ماند. وی ادامه داد: بعد از بیرون آوردن نیش، محل را با آب و صابون بشویید‌ و یک کیسه‌ی آب یخ روی آن بگذارید. دکتر دهقان خاطر نشان کرد: در صورتی که درد و تورم شدید باشد اختلال تنفسی ایجاد می‌کند که در این هنگام شخص را سریعا باید به مراکز درمانی منتقل کرد. انتهای پیام/ وی ادامه داد: بعد از بیرون آوردن نیش، محل را با آب و صابون بشویید‌ و یک کیسه‌ی آب یخ روی آن بگذارید. دکتر دهقان خاطر نشان کرد: در صورتی که درد و تورم شدید باشد اختلال تنفسی ایجاد می‌کند که در این هنگام شخص را سریعا باید به مراکز درمانی منتقل کرد. انتهای پیام/,پزشکی,7,135
مراد هاشم زهی عضو کمیسیون بهداشت و درمان مجلس در گفتگو با خبرنگار بهداشت و درمان باشگاه خبرنگاران اظهار داشت: متاسفانه نحوه عملکرد بیمه‌های تکمیلی چندان رضایت بخش نیست به گونه‌ای که نحوه ارائه خدمات و پوشش خدمات نیز در این سازمانها عاری از تبعیض نیست و شاهد تمایل به انجام فعالیت‌های غیر مرتبط با حوزه کاری بیمه‌ها در این سازمان‌ها هستیم. وی افزود: احساس می‌شود تمایل سازمان‌های بیمه‌گر به انجام فعالیت‌های تجاری بیش از ترتیب اثر دادن به وظایف اصلی خود است و همین موضوع موجب بروز مشکلاتی در نحوه ارائه خدمات سازمان‌های بیمه‌گر شده است. وی تصریح کرد: به نظر می‌رسد نظارت در این بخش‌ها کافی نبوده است و شاید بهتر باشد ضمن اعمال نظارت مستمر و دائم بر نحوه عملکرد بیمه‌ها سعی در اصلاح زیر ساخت‌های لازم در این خصوص شود.,پزشکی,7,134
به گزارش گروه علمی، ‌ پزشکی باشگاه خبرنگاران به نقل از وبدا، دکتر جعفر بوالهری رئیس دانشکده علوم رفتاری و سلامت روان انستیتو روانپزشکی تهران ضمن اعلام این خبر گفت: حدود ده سال پیش با توجه به نیاز نظام سلامت روان کشور و به درخواست معاون سلامت وقت، انستیتو روانپزشکی تهران، ماموریت یافت طراحی و تدوین دوره آموزشی کارشناسی ارشد بهداشت روان را در دستور کار خود قرار دهد و اعضای هیئت علمی این مرکز با بررسی منابع بین المللی و داخلی، این دوره را متناسب با فرهنگ و نیازهای جامعه طراحی و پس از آن جهت انجام مراحل قانونی به وزارت بهداشت درمانی و آموزش پزشکی ارائه کرد. دکتر جعفر بوالهری با اشاره به دشواریهای فرایند تصویب این رشته گفت: انستیتو روانپزشکی تهران حدود ۸سال متوالی به صورت مکرر پیگیر تصویب این برنامه بوده و خوشبختانه در سال گذشته نهایتا شورای گسترش دانشگاه‌های علوم پزشکی کشور، دوره کارشناسی ارشد ناپیوسته بهداشت روان را تصویب و ابلاغ کرد. وی ابراز امیدواری کرد فارغ التحصیلان این رشته بتوانند در ساختار سلامت روان کشور مؤثر بوده و نقش مفیدی را ایفا نمایند. براساس این گزارش دکتر علی اصغر اصغر نژاد فرید مدیر گروه بهداشت روان دانشکده علوم رفتاری و سلامت روان- انستیتو روانپزشکی تهران نیز ضمن اظهار خرسندی از تصویب این رشته اعلام کرد زیر ساخت‌های لازم آموزشی در دانشکده فراهم گردیده و این دانشکده آمادگی دارد از ابتدای سال تحصیلی ۹۴-۹۳ دانشجو بپذیرد. همچنین مهرداد کاظم زاده عطوفی معاون دانشجویی و فرهنگی دانشکده و مشاور اجرایی رئیس دانشکده نیز اظهار داشت: به عنوان اولین دانشکده پذیرنده دانشجوی کارشناسی ارشد بهداشت روان در کشور، مایلیم که در راستای سیاست‌های وزارت بهداشت، در دوره اول غالب دانشجویان از کارشناسان بهداشت روان دانشگاه‌های علوم پزشکی کشور پذیرش شوند، تا بتوانیم دین خود را به نظام بهداشتی کشور ادا کنیم.,پزشکی,7,295
به گزارش گروه علمی باشگاه خبرنگاران به نقل از وب دا؛ کارشناس واحد بهبود تغذیه جامعه دانشگاه علوم پزشکی گلستان گفت: خرمالو، میوه‌ای سرشار از پکتین است که نقش بسزایی در کاهش کلسترول خون دارد. بنابراین کسانی که کلسترول خونشان بالاست و می‌خواهند به یک روش طبیعی آن را کنترل کنند، می‌توانند در فصل پاییز از خرمالو کمک بگیرند. مهندس چوگان گفت: این میوه همچنین سرشار از آب و بتاکاروتن است. بتاکاروتن پیش ساز ویتامین A است بطوریکه در بدن انسان هر مولکول بتاکاروتن به دو مولکول ویتامبن A تبدیل می‌شود. وی افزود: علاوه بر بتاکاروتن؛ خرمالو دارای مقادیر قایل توجهی ویتامین C، ویتامیB۱، ویتامینB۲، ویتامینB۳، فیبر و همچنین مواد معدنی مفیدی مانند پتاسیم، کلسیم، گوگرد، آهن، منینیزیم و فسفر را داراست. این کارشناس بهبود تغذیه جامعه دانشگاه علوم پزشکی گلستان با اشاره به وجود آنتی اکسیدان‌های قوی در خرمالو، مصرف آن را در پیشگیری از ابتلاء به بیماری‌های قلبی عروقی و انواع سرطان‌ها موثر دانست. مهندس چوگان در پایان با بیان اینکه مصرف هر ۱۰۰ گرم خرمالو حدود ۸۰ کیلوکاری انرژی در پی خواهد داشت؛ بر زیاده روی در مصرف این میوه هشدار داد و افزود: مصرف زیاد این میوه فرد را مبتلا به چاقی کرده و خصوصا در افراد مبتلا به دیابت جانب احتیاط باید نگه داشته شود.,پزشکی,7,210
حمید عبدی متخصص تغذیه در گفتگو با خبرنگار بهداشت و درمان باشگاه خبرنگاران گفت: ضد ویتامین یک مفهوم عام است، بعضی از آنها اثر ویتامین را خنثی می‌کنند، گروهی کل ویتامین را از بین می‌برند و بعضی دیگر نیز با ویتامین رقابت می‌کنند. گروه آخر در دستگاه گوارش در کنار ویتامین قرار می‌گیرند و به عنوان ویتامین جذب می‌شوند اما خاصیت آن را ندارند. وی افزود: ضد ویتامین‌ها بیشتر بر ویتامین‌های گروه B، A تاثیر می‌گذارند به عنوان مثال روغن‌های سرخ کردنی که چندین بار استفاده می‌شوند، ویتامین A را کاهش می‌دهند و کسانی که از این روغن‌ها مصرف می‌کنند به دلیل کمبود این ویتامین در بدن خود ممکن است، مشکلات پوستی یا چشمی پیدا کنند، همچنین چون سویای خام ضد ویتامین D است، می‌تواند استخوان‌ها را تحت تاثیر قرار دهد. عبدی تصریح کرد: داروهایی مانند آنتی بیوتیک‌ها میکروبهای مفید ویتامین ساز روده را از بین می‌برند و به خصوص موجب عدم جذب ویتامین‌هایی نظیر گروه B می‌شود. وی اظهار داشت: اگر افرادی که آهن طبیعی دارند از قرص‌ها و داروهایی که آهن را بالا می‌برند، استفاده نمایند این عنصر با ویتامین‌های گروه E- C مقابله می‌کنند و در نتیجه می‌تواند افسردگی و خلق و خوی بد را در پی داشته باشد.,پزشکی,7,202
به گزارش گروه علمی باشگاه خبرنگاران به نقل از وب دا؛ معاون اجرایی مرکز بهداشت استان سیستان و بلوچستان در کارگاه پیشگیری و درمان افسردگی گفت: در برنامه پنجم توسعه اقتصادی اجتماعی و فرهنگی کشور در راستای سند چشم انداز ۲۰ ساله بر رویکرد انسان سالم و سلامت همه جانبه و همچنین بر ارتقا شاخصهای بهداشت روان بویژه دربین دانش آموزان تاکید زیادی شده است. دکتر کیانی ادامه داد: برنامه ریزی اصولی و علمی جهت پیشگیری از اختلالات روانی بخصوص افسردگی که درصدر بیماریهای روانی قرار می‌گیرد سهم بسزایی در ارتقاء سلامت روان افراد جامعه خواهد داشت. براساس این گزارش، روانپزشک و عضو هئیت علمی دانشگاه علوم پزشکی زاهدان نیز از اختلالات روانی به عنوان یک بیماری که در تفکر، هیجانات و سایر رفتارهای انسان تاثیر می‌گذارد، یاد کرد. براساس این گزارش، عضو هئیت علمی دانشگاه علوم پزشکی زاهدان نیز تصریح کرد: در استان سیستان و بلوچستان از نظر بار بیماریهای روانی نسبت به سایر استانها تفاوتی نداریم و بین ۱۷ تا ۲۰درصد مردم در تمام کشور نیازمند خدمات روانپزشکی می‌باشند. دکتر کیانپور از اضطراب بعنوان شایعترین بیماری روانی تمام نقاط دنیا یاد کرد. وی افسردگی را نیز از دیگر اختلالات روانی شایع در بین برخی افراد جامعه عنوان کرد و تصریح کرد: افسردگی عدم لذت بردن از فعالیتهای روزانه است و فرد افسرده همیشه مسائل بد گذشته را به یاد می‌آورد. وی همچنین استفاده از تریاک و مواد مخدر را از عوامل تشدید کننده افسردگی برشمرد به نحوی که مسیر افسردگی را پیچیده‌تر می‌کند. گفتنی است: کارگاه پیشگیری و درمان افسردگی در معاونت بهداشتی دانشگاه علوم پزشکی زاهدان برگزار شد.,پزشکی,7,261
احمد سراوانی استادیار دانشگاه علوم پزشکی تهران در گفتگو با خبرنگار بهداشت و درمان باشگاه خبرنگاران گفت: از جمله مهمترین مشکلات در حوزه بهداشت و درمان این است که پزشک وقت کافی برای بیمار نمی‌گذارد و در بسیاری از موارد مشاهده شده که پزشک کمتر از دو دقیقه برای ویزیت بیمار خود وقت می‌گذارد. وی با اشاره به اینکه اغلب افراد بیمار و خانواده آنها برای تامین هزینه‌های درمانی خود با مشکل مواجه هستند، تاکید کرد: هیچ پزشکی نباید بیماران را تحت فشار قرار دهد و همواره باید وقت کافی برای ارتباط با بیماران را گذاشته تا رابطه بین پزشک و بیمار به خوبی برقرار شود. سراوانی افزود: یکی از آفت‌های مهم در بین پزشکان، ‌ موضوع اخلاق پزشکی است که رعابت آن بسیاری از مشکلات موجود در حوزه پزشکی و بخش بهداشت و درمان را برطرف می‌کند. وی خاطر نشان کرد: اگر اندک پزشکانی که کمتر به موضوع اخلاق و تعهد پزشکی توجه می‌کنند به این موضوع بسیار مهم عنایت بیشتری داشته باشند، در این صورت رابطه بین پزشک و بیمار به درستی برقرار می‌شود و پزشک با صرف زمانی کافی برای بیمار، می‌تواند به حل بسیاری از مشکلات موجود کمک کند.,پزشکی,7,193
امیر هوشنگ مهریار، روانشناس در گفتگو با خبرنگار بهداشت و درمان باشگاه خبرنگاران گفت: ‌هنگامی به اختلال یادگیری در کودکان پی می‌بریم که کودک در یک یا چند درس نسبت به هم سن و سالانش عقب می‌افتد و لغات را به صورت جابجا می‌نویسد. وی افزود: عقب افتادگی درسی در کودکان سبب می‌شود، معلم یا پدر و مادر راه چاره‌ای برای جبران این عقب افتادگی بجویند؛ اختلال یادگیری در کودکان می‌تواند به دلیل وجود اختلال هوش در وی رخ دهد. در بعضی موارد کودکانی با هوش عادی دچار اختلال یادگیری می‌شوند. این روانشناس ادامه داد: اختلال یادگیری کودکان به وسیله انجام تست‌های مخصوص این اختلال توسط روانشناسان مشخص می‌شود. این اختلال در کودکان به طور عمده از طریق تمرین‌های آموزشی برطرف می‌شود و درمان آن بیشتر جنبه تکنیکی دارد. مهیار عنوان کرد: خانواده‌هایی که کودکان مبتلا به اختلال یادگیری دارند، به تنهایی نمی‌توانند این اختلال را در کودکان خود حل کنند؛ به این والدین توصیه می‌شود نسبت به آن‌ها بد اخلاقی نداشته باشند و وجود اختلال یادگیری را در فرزندان خود درک کنند. این روانشناس اظهار داشت: در صورتیکه خانواده‌های کودکان مبتلا به اختلال یادگیری وجود این اختلال را در کودک خود درک نکنند، اعتماد به نفس کودکشان از بین می‌رود. برای درمان این اختلال در فرزند خود به متخصص اختلالات یادگیری مراجعه کنند.,پزشکی,7,214
علی اکبر سیاری معاون بهداشت وزیر بهداشت درمان و آموزش پزشکی در گفت و گو با خبرنگار حوزه بهداشت و درمان گروه علمی پزشکی باشگاه خبرنگاران جوان؛ با اشاره به بازرسی‌های صورت گرفته از اماکن تهیه یا توزیع مواد غذایی سراسر کشور در طول تعطیلات سال نو، اظهار داشت: امسال میزان بازرسی‌های بهداشتی با حضور بالغ بر ۲۰ هزار بازرس و کارشناس در شیفت‌های مختلف و تمام وقت انجام گرفت که طبق آن، مجموعا یک میلیون و ۲۰۰ هزار مرکز بررسی شدند. وی افزود: در سال گذشته ۵۳۰ هزار مرکز تهیه و توزیع مواد غذایی زیر ذربین بازرسان بهداشتی قرار داشتند که با توجه به آمار‌های مذکور میزان این بازرسی‌ها رشد ۳ برابری داشته است. معاون بهداشت وزیر بهداشت، درمان و آموزش پزشکی کشور همچنین با اشاره به نتایج نهایی بازرسی‌های بهداشتی در تعطیلات سال نو، تاکید کرد: سال گذشته نزدیک به ۵۳۰ تن مواد غذایی معدوم شدند که با افزایش چشمگیر شدت بازرسی‌ها در سال نو این آمار رشد ۲ برابری داشت و به همین علت، مجموعا بالغ بر یک میلیون و ۲۰۰ هزار تن نیز مواد غذایی معدوم شد. وی ادامه داد: سال گذشته ۹ هزار واحد متخلف به مراجع قضایی معرفی شدند که با افزایش تعداد بازرسان و تدابیر خاص وزارت بهداشت، در طول تعطیلات سال نو پرونده بالغ بر ۱۷ هزار مرکز تولید، توزیع یا تهیه مواد غذایی متخلف به دستگاه قضایی کشور تحویل داده شد. سیاری اظهار داشت: به علت تهیه دستگاه‌های پرتابل و ویژه برای سنجش و آزمایش دقیق و فوری مواد غذایی و تجهیز بازرسان ما به این امکانات، رصد‌ها چندین برابر شد که نتیجه آن به تشخیص فوری مواد غذایی معدوم و برخورد با متخلفین انجامید. انتهای پیام/,پزشکی,7,276
منصور کیایی مدیر کل دفتر مراقبت در برابر آسیب‌های اجتماعی وزارت آموزش و پرورش در گفت‌وگو با خبرنگار حوزه آموزش و پرورش گروه علمی پزشکی باشگاه خبرنگاران جوان؛ گفت: اجرای ۳۱۲ برنامه آموزشی و فرهنگی به مناسبت هفته مبارزه با اعتیاد و آسیب‌های اجتماعی خبر داد. وی افزود: از این تعداد ۶۷ برنامه آموزشی، ۱۴۶ برنامه فرهنگی، ۵۹ برنامه نمادین فرهنگی و ۴۰ برنامه شاخص است. دفتر مراقبت در برابر آسیب‌های اجتماعی وزارت آموزش و پرورش با اشاره به اینکه هفته مبارزه با اعتیاد و آسیب‌های اجتماعی پس از اجرای آزمایشی در سال تحصیلی ۹۵- ۹۴ برای اولین بار در سال تحصیلی جاری برگزار می‌شود، اظهار داشت: آموزش و پرورش در تلاش است تا فعالیت‌های آموزشی و مراقبتی با اجرای برنامه‌ها و فعالیت‌های فرهنگی نظیر هفته مبارزه با اعتیاد و آسیب‌های اجتماعی، جشنواره نوجوان سالم، نمایشگاه‌های سیار پیشگیری، توزیع محصولات فرهنگی و مشارکت اجتماعی دانش‌آموزان و پیشگیری از آسیب‌های اجتماعی تأثیرگذار باشد. کیایی بیان کرد: گسترش نهضت فرهنگی پیشگیری از آسیب‌های اجتماعی و همچنین اجتماعی‌سازی مبارزه با مواد مخدر از دیگر برنامه‌های مورد توجه این نهاد آموزشی به شمار می‌رود. گفتنی است؛ هفته مبارزه با اعتیاد و آسیب‌های اجتماعی تا ۲۸ آبان ماه ادامه دارد و برنامه‌های متعددی برای آن در نظر گرفته شده است.,پزشکی,7,205
به گزارش حوزه رادیو تلویزیون باشگاه خبرنگاران به نقل از روابط عمومی رسانه ملی، برنامه ساعت تندرستی کاری از گروه ورزش و سلامت رادیو تهران است که شنبه‌ها از ساعت ۱۰ تا ۱۱:۲۵ روی آنتن رادیو تهران می‌رود. بنابراین گزارش؛ این برنامه این هفته به مناسبت روز تربیت بدنی و ورزش، با موضوع تربیت بدنی و نقش آن در بهداشت روانی و پیشگیری از آسیب‌های جسمانی همراه شنوندگان است. براساس این گزارش؛ مخاطبان می‌توانند سوالات و مشکلات خود را در زمینه بیماری‌ها، سایر مسائل و مشکلاتی که با آن مواجهه هستند با متخصص برنامه در میان بگذارند. در برنامه ساعت تندرستی به پرسش‌های شنوندگان درباره علایم، دلایل، تغذیه صحیح در پیشگیری از این بیماری و راههای درمان و … پاسخ داده می‌شود. بنابراین گزارش؛ موضوع‌های برنامه بر اساس نیازهای شهروندان و بیماری‌های که طیف وسیعی از افراد جامعه را در برمی گیرد، انتخاب می‌شود. گفتنی است؛ شنوندگان می‌توانند جهت مشاوره و مشارکت در برنامه ساعت تندرستی با شماره تلفن‌های ۳۳۹۱۴۱۴۱ و ۳۳۹۱۴۱۴۲ تماس بگیرند.,فرهنگی هنری,5,164
به گزارش باشگاه خبرنگاران به نقل از روابط عمومی شبکه تهران؛ خلاصه داستان این اپیزود درباره شخصیتی به نام احمد است که توانسته از حاصل کارهای پیمانکاری یک خانه بخرد. او به پیشنهاد شریکش (طاهر) تصمیم می‌گیرد تا خانه‌اش را بفروشد تا بتوانند زمینی را که به قیمت مناسب پیدا کرده‌اند، بخرند و با ساخت چند واحد در آن صاحب پول خوبی شوند- احمد علیرغم مخالفت نه چندان جدی همسرش (آذر) خانه را می‌فروشداما درست روزی که پول را به حساب طاهر می‌ریزد، بعد از بیرون آمدن از بانک بر اثر تصادف می‌میرد. آذر بعد از مراسم چهلم برای مشخص شدن وضعیت مالی همسرش به سراغ طاهر می‌رود که با پیشنهادازدواج از سوی طاهر مواجه می‌شود. این در حالی است که آذر هیچ مدرکی مبنی برای واریز پول خانه به حساب طاهر ندارند. آذر به به خواستگاری طاهر جواب رد می‌دهد و این تازه شروع ماجراست …. بنا بر این گزارش، امیرمحمد زند در نقش طاهر، سجاد دیر مینا در نقش احمد. روشنگ گرامی در نقش آذر. جمال اجلالی در نقش پدر آذر. حسین فلاح‌نژاد در نقش کارشناس. سیامک راشدی در نقش توفیق … بازیگران این اپیزود به ایفای نقش می‌پردازند. گفتنی است؛ سایر عوامل ساخت این اپیزود عبار تند از نویسنده: محمد سلطانی و مسعود کرمی، کارگردان: احمد معظمی، مدیر تصویربرداری: علیرضا ودادتقوی. تدوینگر: روح‌الله هاشمی. مدیر تولید: مهدی تحویلیان. صدابردار: حمیدرضا یارندپور. صداگذار: محمد درگاهی. طراح صحنه و لباس: سمیرا شجاعی. طراح گریم: خاطره خاشعی. عکاس: ریحانه زنگنه. /ص,فرهنگی هنری,5,241
به گزارش حوزه رادیو تلویزیون باشگاه خبرنگاران به نقل از روابط عمومی صدا، روایت همایش یازدهم پیرغلامان حسینی (ع) در گرگان، بیان بعضی نقاط قوت و ضعف مداحی کشور تا سال ۱۳۹۳ شمسی با سه نقد ولایی، محتوایی و ادبی مطالبی است که کتاب روایت و نقد مداحی پیرغلامان حسینی (ع) دوره یازدهم را در بر می‌گیرد که به کوشش مجید طاهری گردآوری شده است- بنابراین گزارش؛ شرح گزیده‌ای از سخنان محمدحسین صوفی، معاون صدای رسانه ملی، شرح آیین دسته چوبی، آئین جوش زنی (سینه زنی کمر در کمر)، مراسم تعزیه و آیین‌های مذهبی و ….. از جمله موضوعاتی است که نویسنده در این مجموعه به آنها پرداخته است. گفتنی است؛ چاپ اول این کتاب در هزار نسخه تابستان سال ۹۳ بوده است. انتهای پیام/,فرهنگی هنری,5,125
، سازنده بازی پ-ن-گان خشمگین اعلام کرد که سری انیمیشنی و فیلم این بازی محبوب در حال ساخت است. داستان پ-ن-گان خشمگین به درون صفحه‌های نمایش کوچک و بزرگ اطراف شما راه پیدا می‌کند. Rovio، سازنده این بازی در کنفرانس MIPTV جشنواره کن فرانسه گفت: بر اساس برآوردهای، انیمیشن پ-ن-گان خشمگین تا اوایل پاییز امسال آماده می‌شود. به گزارش گاردین، نیک دورا، رئیس انیمیشن کمپ-ن- Rovio در این باره گفت: ما سری انیمیشن این بازی را به صورت هفتگی در غالب داستان‌های کوتاه در اواخر امسال به نمایش می‌گذاریم. ۵۲ قسمت ۳ دقیقه‌ای که در همه نوع دستگاهی قابلیت پخش داشته باشد. دورا همچنین تایید کرد، فیلم پ-ن-گان خشمگین هم در حال ساخت است اما حداقل تا چند سال آینده آماده نمی‌شود. دورا به مخاطبان MIPTV گفت این فیلم تا سال ۲۰۱۳ یا ۲۰۱۴ ساخته نمی‌شود بنابراین باید اول کارتون‌های کوتاه ما را بیبینید و برای تماشای فیلم همچنان منتظر بمانید. کمپ-ن- Rovio در ژوئن ۲۰۱۱ به منظور گسترش نام تجاری پلت فرم بازی خود، استودیوی Kombo را خریداری کرد. هدف این بود که Rovio از یک کمپ-ن- مخصوص بازی تبدیل شود به شرکتی برای ساخت انواع و اقسام سرگرمی‌ها. در این راستا علاوه بر ساخت کارتون و فیلم این بازی، Rovio کتاب آشپزی مخصوص پ-ن-گان وحشی را هم منتشر کرده است. Angry Birds که بر اساس گزارش‌ها روزانه ۱۳۰ میلیون نفر با آن بازی می‌کنند در قالب‌ها متنوعی برای گوشی‌ها و کامپیوترها در دسترس است. /ی۲,فرهنگی هنری,5,237
محمد حسن طالبیان، مدیر بنیاد پژوهشی پارسه- پاسارگاد، درخصوص شکاف زمین در نزدیکی آرامگاه نقش رستم به خبرنگار بخش میراث فرهنگی باشگاه خبرنگاران گفت: دلیل ایجاد شکاف زمین در نزدیکی آرامگاه نقش رستم پایین آمدن سطح آب‌های زیرزمینی بوده و خطری این آرامگاه را تهدید نمی‌کند. وی ادامه داد: این شکاف بر روی کف زمین و دشت اطراف کوه نقش رستم ایجاد شده و ارتباطی به نقش رستم کوه ندارد. طالبیان تصریح کرد: دشت مرودشت چند سال است که دچار خشکسالی شده و چاههای حفرشده این خشکسالی را تشدید کرده و سطح آب‌های زیرزمینی پایین آمده است. وی بیان کرد: چنانچه این شکاف برای نقش رستم مشکل ساز شود، کارشناسان زمین شناسی و محیط زیست موظف اند؛ مشکل را حل کنند، اما در حال حاضر خطری نقش رستم را تهدید نمی‌کند. طالبیان خاطرنشان کرد: برای رفع این شکاف تنها میراث فرهنگی مسئول نیست، بلکه همه‌ی سازمانها از جمله محیط زیست موظف است این مشکل را حل کند. /ه,فرهنگی هنری,5,158
جمشید حقیقت شناس، مدیر نگارخانه‌های خانه هنرمندان ایران، در گفتگو با خبرنگار بخش تجسمی باشگاه خبرنگاران گفت: هفتم اردیبهشت هفته تئاتر در خانه هنرمندان ایران برگزار شد. وی گفت: به مناسبت هفته تئاتر برنامه‌های متعددی در خانه هنرمندان ایران برگزار خواهد شد. وی خاطرنشان کرد: در پی برگزاری برنامه‌های هفته تئاتر در خانه هنرمندان ایران، نمایشگاه تجسمی نیز در این هفته خواهیم داشت. وی در ادامه گفت: همچون سالهای گذشته به مناسبت هفته تئاتر نمایشگاه عکسهای تئاتر در گالری‌ها ی خانه هنرمندان ایران برگزار می‌شود. وی بیان کرد: در این هفته در کنار عکسهای تئاتر، پوسترهایی از تئاتر نیز به نمایش گذاشته خواهد شد. حقیقت شناس در ادامه گفت: عکسهای تئاتر دربرگیرنده بخشی از تئاترهایی است که تاکنون اجرا شده‌اند. وی گفت: نمایشگاه عکسها و پوسترهای تئاتر به مدت یک هفته در خانه هنرمندان ایران ادامه دارد. /ص,فرهنگی هنری,5,138
آرش افشاری شاعر در گفتگو با خبرنگار حوزه ادبیات گروه فرهنگی باشگاه خبرنگاران جوان؛ در خصوص بررسی مجموعه شعر در جشنواره شعر فجر امسال گفت: شیوه بررسی مجموعه شعر در جشنواره شعر فجر امسال را نسبت به تک اثر مناسب‌تر می‎‌دانم. به دلیل آنکه شناخت بهتری نسبت به شاعر ایجاد خواهد شد. وی افزود: در صورتی که بحث نقد و داوری شعر در جشنواره شعر فجر مطرح شود، مشاهده کارنامه شعری یک فرد می‌تواند انتخاب منطقی‌تر و درست‌تری را به همراه داشته باشد. به جای آنکه یک تک شعر را بررسی کنند در این هنگام نگاه کاملتری نسبت به شاعر وجود دارد. این شاعر با اشاره به آنکه بررسی تک اثر برای شعر معنایی ندارد، بیان کرد: درباره بررسی اثر موسیقی در جشنواره‌ها شاید بتوان تک اثر را بررسی کرد اما این مسئله برای شعر معنا ندارد و درست به نظر نمی‌رسد. افشار ادامه داد: امسال نیز در جشنواره شعر فجر شرکت نمی‌کنم به دلیل آنکه تا کنون در هیچ جشنواره شعری شرکت نکرده‌ام و جشنواره شعر فجر نیز از این قاعده مستثنی نیست. انتهای پیام/,فرهنگی هنری,5,176
به گزارش باشگاه خبرنگاران و به نقل از روابط عمومی شبکه جهانی سحر، این برنامه به تهیه کنندگی حسین خروجی و در قالب یک مجله تلویزیونی روی آنتن می‌رود و هرهفته شنبه‌ها ساعت بامداد به وقت تهران، از سیمای انگلیسی شبکه جهانی سحر در حال پخش است. از جمله بخش‌های متنوع افق می‌توان به معرفی مراکز و سایت‌های اسلامی، پخش نماهنگ، کلیپ و همچنین ارتباط تلفنی با کارشناسان اشاره کرد. تهیه گزارش‌ از رویدادهای هنری وبرگزاری مناسبت‌های دینی و موضوعات معارفی و فرهنگی اسلامی نیز ازجمله آیتم‌های تشکیل دهنده این برنامه هستند. از موضوعات فرهنگی –هنری و معارفی که در برنامه‌های مختلف افق بدانها پرداخته شده است می‌توان به مباحثی چون اکرام والدین، جایگاه علم در اسلام و پخش ویژه برنامه فرهنگی مذهبی به خاطر تقارن برنامه با ایام عاشورای حسینی با محوریت قیام کربلا اشاره نمود. اجرای مجله فرهنگی – هنری افق برعهده ویدا منتخب است و مهیار رشیدی به عنوان تدوین‌گر‌ و مریم خوشگام در مقام دستیار تهیه‌کننده، حسین خروجی را در تهیه و پخش این برنامه یاری می‌دهند. سیمای انگلیسی شبکه جهانی سحر، از سال ۱۳۷۶ تاکنون، به فعالیت در زمینه تولید و پخش برنامه‌های تلویزیونی برای مخاطبان انگلیسی زبان رسانه ملی در بیرون مرزهای ایران مشغول است و پس از افتتاح شبکه خبری پرس تی وی، رویکرد فرهنگی و معارفی خود را تقویت و در اولویت قرار داده است. /ی۲,فرهنگی هنری,5,224
نرگس اصغری کارگردان نمایش شهر بی‌گدا در گفتگو با خبرنگار حوزه تئاتر گروه فرهنگی باشگاه خبرنگاران جوان؛ در خصوص نمایش خود گفت: داستان روایت زندگی رجب‌گدا است که از دوره نوجوانی شاگرد آهنگری بوده و روزی کوزه اوستایش از دستانش می‌افتد و می‌شکند و اتفاقاتی می‌افتد که او را رجب‌گدا خطاب می‌کنند؛ اما در انتها داستان دستخوش تغییراتی می‌شود. وی در رابطه با فعالیت خود در حیطه کودک و نوجوان بیان کرد: سال‌هاست که چه در زمینه نویسندگی، چه کارگردانی و چه بازیگری فعالیت می‌کنم. از طرفی احساس می‌کنم که سهل‌انگاری در تئاتر کودک دیده می‌شود. اصغری با بیان اینکه در آثارم مفهوم‌سازی برایم ارجحیت دارد، اظهار داشت: ما باید سطح بالای آگاهی کودک و نوجوانان امروزی را در نظر بگیریم و مفهوم‌سازی برایمان ارجحیت داشته باشد که متأسفانه امروز جزو اولویت‌ها نیست و همه به خنده و شادی مخاطبان توجه می‌کنند؛ اما در آثار نمایشی من این موضوع لحاظ و رعایت می‌شود. وی در راستای شیوه اجرایی نمایش عنوان کرد: در واقع فاصله‌گذاری و بازی در بازی، شیوه اجرایی این نمایش است که ما یک شخصیت ثابت در دوره سنی رجب‌گدا را داریم و مابقی نقش‌هایمان عوض می‌شود که کار راحتی هم به حساب نمی‌آید. گفتنی است؛ نمایش شهر بی‌گدا به کارگردانی نرگس اصغری تا اواخر آذرماه در تالار هنر ساعت ۱۷:۳۰ روی صحنه می‌رود. برای آگاهی از آخرین اخبار و پیوستن به کانال تلگرامی باشگاه خبرنگاران جوان اینجا کلیک کنید.,فرهنگی هنری,5,232
به گزارش باشگاه خبرنگاران به نقل از روابط عمومی صدا؛ با مدیریت و برنامه ریزی‌های به عمل آمده رادیو آوا که پاکترین و جذابترین آثار موسیقی یایی را پخش می‌کند و رادیو مهر که ساختاری براساس پر نمودن اوقات فراغت هموطنان دارد در ایام ماه محرم با رویکردی متفاوت ضمن پخش روضه خوانی، مرثیه سرایی، مداحی و موسیقی‌های عاشورایی به ذکر مصائب آن امام بزرگوار می‌پردازند. گفتنی است؛ رادیو آوا با طول موج FM به صورت ۲۴ ساعته و رادیو مهر که با طول موج FM و در ساعات ۶ تا ۱۰ صبح و ۱۶ تا ۲۰ قابل دسترسی هستند. /ص,فرهنگی هنری,5,101
احمد نادمی شاعر در گفتگو با خبرنگار بخش ادبیات باشگاه خبرنگاران با اشاره به آنکه سرقت ادبی از تذکره‌های اولیه خلق شده در تاریخ ادبیات فارسی تا به امروز تداوم داشته افزود: در حال حاضر نیز میزان کپی برداری نسبت به گذشته کاهش یا افزایش ندارد. وی در ادامه کپی برداری را در عمل سرقت ادبی دانست و گفت: در حال حاضر کپی برداری روند همیشگی خود را طی می‌کند اما هم اکنون برخلاف گذشته به دلیل گستردگی رسانه‌های جمعی این امر بیشتر مشهود شده است. این شاعر همچنین اطلاع رسانی فوری در باب انتشار آثار ادبی را به عنوان یکی از خدمات رسانه‌ها به ادبیات برشمرد. وی اظهار داشت: امروزه خوشبختانه با گستردگی رسانه‌های جمعی تشخیص آثار کپی برداری شده از اصل آثار آسانتر از گذشته شده است. نادمی در ادامه با صحه گذاشتن بر این امر که تا به امروز مسئولیت داوری آثار چند جایزه و جشنواره ادبی را برعهده داشته تصریح کرد: به شخصه، تا به امروز و در روند داوری آثار ارسالی به جشنواره‌ها و جوایز ادبی با کپی آثار خود به نقل از فردی دیگر مواجه نشده‌ام، اما از شاعران دیگر مجرب در امر داوری وجود چنین مواردی را شنیده‌ام. وی در پاسخ به این سوال که برخورد شاعران در مواجهه با چنین مواردی چیست گفت: برخورد با کپی برداری از شعر داوران جوایز و جشنواره‌های ادبی به خصوصیات اخلاقی و رفتاری صاحبان اثر بستگی دارد. نادمی درباره دلایل بروز کپی برداری در شعر و نحوه جلوگیری از افزایش آمار مصادیق این مورد افزود: در کشور ما که شعر علاقمندان زیادی دارد کپی برداری خواه ناخواه پیش می‌آید. این شاعر اظهار داشت: تربیت ذهنی شاعران بهترین راهکار برای پیشگیری از افزایش آمار کپی برداری در شعر است. /ه,فرهنگی هنری,5,283
به گزارش حوزه تئاتر باشگاه خبرنگاران به نقل از مجله فیلم؛ آهنگ‌ساز، نویسنده و کارگردان: جاس ودون بر اساس نمایش‌نامه هیاهوی بسیار بر سر هیچ ویلیام شکسپیر. مدیر فیلم‌برداری: جی هانتر. تدوین: دانیل کامینسکی، جاس ودون. بازیگران: ایمی ایکر (بئاتریس)، الکسیس دنیسف (بند یک)، رید دایمند (دن پدرو)، نیتن فیلیون (داگبری)، فرن کرنز (کلادیو)، شان مائر (دن جان)، گیلین مورگیس (هیرو)، اسپنسر تریت کلارک (بوراچیو). محصول ۲۰۱۲ آمریکا، ‌ ۱۰۸ دقیقه. دن پدرو به همراه هم رزمانش کلادیو و بندیک و برادر ناتنی‌اش دن جان از جنگ برمی‌گردند و مهمان لئوناتو، فرماندار مسینا، می‌شوند و کلادیو خیلی زود دل‌باخته هیرو، دختر لئوناتو، می‌شود و از دن پدرو می‌خواهد تا پیشنهاد ازدواجش را با هیرو مطرح کند و رضایت پدر دختر را هم جلب کند. دن پدور این کار را انجام می‌دهد. در آستانه جشن عروسی، دن پدرو تصمیم می‌گیرد با کمک کلادیو، هیرو ولئوناتو کاری کند تا بندیک و تئاتریس، برادرزاده لیوناتو که همیشه با او سر مسائلی مثل ازدواج و رابطه زن و مرد کشمکش کلامی دارد، فکر کنند که آنها در اصل عاشق یکدیگر شده‌اند اما جرأت نمی‌کنند این موضوع را به زبان بیاورند. از طرف دیگر، دن جان که از ازدواج قریب‌الوقوع کلادیو و هیرو شدیدا ناراحت است، با کمک دوستانش نقشه‌ای می‌چیند و مجموعه‌ای از وقایع تراژیک و کمیک شکل می‌گیرد. انتهای پیام/,فرهنگی هنری,5,217
به گزارش حوزه رادیو تلویزیون گروه فرهنگی باشگاه خبرنگاران جوان؛ در پی فاجعه امروز مکه و کشته شدن جمع کثیری از حجاج، محمدرضا شریفی‌نیا که برای بحث بازی و بازیگری در سینما به شبکه خبر آمده بود، حاضر به بحث در این زمینه نشد. برنامه شهر فرنگ شبکه خبر که با اجرا و سردبیری حمیدرضا مدقق پنجشنبه‌ شب‌ها به روی آنتن می‌رود، شامگاه پنجشنبه به موضوع بازی و بازیگری در سینما اختصاص داشت که از محمدرضا شریفی‌نیا دعوت کرده بود که به صورت زنده با مردم در این زمینه صحبت کند اما بعد از معرفی مجری، شریفی‌نیا ضمن عذرخواهی از مخاطبان درخواست کرد که در این شرایط، شبکه خبر به ادامه بحث درباره اخبار مکه بپردازد. این بازیگر سینما و تلویزیون ضمن اظهار تاسف و تاثر از این اتفاق و تسلیت به خانواده‌های داغ دیده، گفت: واقعا الان حوصله‌ای برای بحث‌های سینمایی نیست و بهتر است شبکه خبر به خاطر این برنامه اخبارش را قطع نکند. او گفت که به احترام مخاطبان در این برنامه حاضر شده است و با این توضیحات بحث بازی و بازیگری در برنامه شهر فرنگ به هفته آینده موکول شد.,فرهنگی هنری,5,185
محمد سعید غدیریان مستند ساز که با فیلم دو برادر در جشنواره مردمی فیلم عمار حضور دارد درباره هدف از ساخت آن به خبرنگار حوزه سینما گروه فرهنگی باشگاه خبرنگاران جوان؛ گفت: علاقه من به سوژه‌های کارکتر محور و قهرمان پرور زیاد است، چون به فضای کلاسیک و اصل سینما نزدیک می‌شود. از سویی مدل کارکردن در فضای مستند و مقاومت از دیگر دغدغه‌های مهم من است. وی افزود: دو برادر هم دو قهرمان دارد که یکی در جنگ تحمیلی و دیگری در حمله داعش به مجلس شهید شد. این مستندساز درباره سخت‌ترین بخش تولید این مستند اذعان داشت: همزمان با تصویربرداری، چهلم شهید تیموری فرا رسید. خانواده این شهید داغدار بودند و حالشان اصلا خوب نبود، اما ما طبق برنامه ریزی باید این کار را به پایان می‌رساندیم. خوشبختانه این خانواده بسیار محترم، صبور، ساده و صادق بودند و با ما همکاری کردند که از همین جا قدردانشان هستم. وی درخصوص اهمیت برگزاری جشنواره عمار بیان کرد: یکی از کارهای مهم و مفید جشنواره عمار، گوناگونی اکران در محل‌های متفاوت و اهمیت دادن به مخاطب است بخصوص در فضای مستند که با اکران‌های خوبی روبرو نیستند. غدیریان درباره قوی‌تر کردن بخش بین الملل جشنواره عمار عنوان کرد: سوژه هایی داریم که به شدت پتانسیل بین المللی شدن را دارند، اما مسائل بین المللی زبان خاص خودش را می‌خواهد که باید به آن برسیم. متاسفانه گاهی اوقات درگیر مسائلی می‌شویم که مثلا یک سری افراد خاص آثارمان را ببینند. باید حواسمان باشد که این به معنای خارج شدن از حالت مردمی است.,فرهنگی هنری,5,252
به گزارش باشگاه خبرنگاران، کوانژه والیس، دخترک ده ساله‌ای که با بازی در جانوران حیات وحش جنوب (بن زیتلین) به شهرت رسید و حتی برای بخش بهترین بازیگر زن نامزد یازدهمین دوره انتخابات ریاست جمهوری اسکار هم شد، این روزها به شدت پرکار است- به همراه مایکل فاسبندر در برده دوازده ساله (استیمومک کوئین) بازی کرده که آماده نمایش است- در حال حاضر مشغول صدا پیشگی در انیمیشن پیامبر است- این فیلم اقتباسی است از کتاب پیامبر جبران خلیل جبران که سلما هایک تهیه کننده آن است و با مشارکت بنیاد دوحه فیلم کارگردان‌های انیمیشن متفاوتی از سراسر دنیا برای ساخت فصل‌های مختلف کتاب انتخاب کرده است- لیام نیسون، آلفردمولینا و خودهایک، از دیگر صداپیشگان این انیمیشن هسند- قرار است در موزیکال آنی (ویل گلاک) نقش اصلی را برعهده بگیرد. این فیلم بازسازی فیلمی است با همین نام ساخته جان هیوستون محصول ۱۹۸۲- جیمی فاکس از دیگر بازیگران این فیلم است. /ص منبع ماهناه ۲۴,فرهنگی هنری,5,155
شهرام حقیقت دوست بازیگر سینما و تلویزیون در گفتگو با خبرنگار حوزه سینما باشگاه خبرنگاران گفت: از شنیدن خبر فوت مرحوم جهانگیر جهانگیری بسیار متأثر شدم و تجربه همکاری با این کارگردان را در چند کار داشتم. وی افزود: به یاد دارم برای کار در یکی از پروژه‌های آن مرحوم به دفترش رفتم و گفتم من آزادی عمل در کار و در فیلم‌نامه را می‌خواهم که او نیز با روی باز قبول کرد. بازیگر فیلم ملودی مرحوم جهانگیری افزود: به طور کلی مرحوم جهانگیری به عنوان یک کارگردان حرفه‌ای آزادی عمل زیادی به بازیگران می‌داد. حقیقت دوست خاطر نشان کرد: فوت او را به جامعه سینمایی ایران تسلیت می‌گویم. انتهای پیام/,فرهنگی هنری,5,111
به گزارشخبرنگار اجتماعی باشگاه خبرنگاران، حمید رضا خانپور مدیرکل آموزش فنی و حرفه‌ای استان تهران در نخستین همایش معرفی طرح ملی آموزش، توانمندسازی، اشتغال و کارآفرینی در حوزه هنر در منزل که امروز درمحل آموزش سازمان فنی و حرفه‌ای کشور برگزار شد، گفت: آموزش‌های مهارتی در سازمان آموزش فنی و حرفه‌ای کشور به ویژه در الگوی آموزش، تولید، بازاریابی و فروش براساس تقاضا محوری برنامه ریزی شده است و ما در این اداره کل آمادگی داریم تا با برپایی نمایشگاه و ایجاد بازارچه‌های فروش از جمله شبکه‌های جمعه بازار در راستای حمایت از تولید کنندگان در این عرصه گام برداریم. وی در ادامه با اشاره به اینکه یکی از راه‌های موفقیت استفاده از ظرفیت‌های بخش خصوصی در آموزش‌های فنی و حرفه‌ای است، ‌تصریح کرد: با حمایت‌های ریاست سازمان آموزش فنی و حرفه‌ای کشور به سمت واگذاری مدیریت کارگاه‌ها و توسعه بخش خصوصی در قالب آموزشگاه‌های فنی و حرفه‌ای کشور حرکت کرده‌ایم که در این راستا استان تهران به عنوان پایلوت عمل کرده است. خانپور با اشاره به اینکه درحال حاضر ۸۱درصد آموزش‌های مهارتی از طریق بخش خصوصی و در حرف مختلف ارائه می‌شود، افزود: با مشارکت کارآفرینان مهارت آموزان و خیران در این حوزه قادر خواهیم بود بحث آموزش‌های مهارتی را با نظارت سازمان آموزش فنی و حرفه‌ای وبخش خصوصی را در جامعه گسترش دهیم. مدیر کل آموزش فنی و حرفه‌ای استان تهران خاطرنشان کرد: امیدواریم که با حمایت‌های سازمان آموزش فنی و حرفه‌ای کشور درراستای توسعه مشاغل خانگی، خوداشتغالی و اشتغال پایدار در جامعه اقدامات اساسی را پایه گذاری کنیم. انتهای پیام/,اجتماعی,0,253
احمد خاکی معاون امور اجتماعی بهزیستی استان تهران در گفتگو با خبرنگار حوزه رفاه و تعاون گروه اجتماعی باشگاه خبرنگاران جوان؛ اظهار کرد: طی روزهای اخیر خبری مبنی بر سرگردانی دختر ۴ ساله که مدتی پیش او را به فرزندخواندگی قبول کرده بودند، در صفحات مجازی منتشر شده است که این خبر از پایه دروغ و کذب محض است. وی تصریح کرد: برخی از رسانه‌ها و شبکه‌های خبری طی چند روز گذشته، خبری مبنی بر باز پس فرستادن دختربچه ۴ ساله به نام هانیه، از فرزند خواندگی توسط خانواده جدید او خبر داده بودند که خوشبختانه چنین موضوعی صحت ندارد. معاون امور اجتماعی بهزیستی استان تهران تاکید کرد: خبرنگاران این شبکه‌های خبری مدعی شدند که به دلیل اطلاع نداشتن خانواده جدید از ماجرای تجاوز به کودک و اطلاع نداشتن از اعتیاد پدر و مادر قبلی این کودک، هانیه را به کلانتری برده و در آنجا رها کرده‌اند. خاکی یادآور شد: مسئولان بهزیستی پس از رویت این خبر به دادگاه و کلانتری که در خبر مربوطه به آن اشاره شده بود مراجعه کردند و موضوع را به طور دقیق پیگیری کردند و نتایج پیگیری‌ها این بود که مورد فوق به هیچ عنوان صحت ندارد. وی خاطرنشان کرد: در سال ۱۳۹۰ یک دختر بچه به نام هانیه در همان دادگاهی که در اخبار روزهای اخیر در مورد آن سخن گفته می‌شود به دلیل کودک آزاری از طرف والدین خود مورد اذیت و آزار قرار گرفته بود که پرونده مربوطه مورد بررسی قرار گرفت. معاون امور اجتماعی بهزیستی استان تهران افزود: پرونده هانیه دختر ۴ ساله پس از بررسی بسته شد و این کودک تحت مراقبت و حمایت همه جانبه سازمان بهزیستی قرار گرفت و در حال حاضر در یکی از مراکز بهزیستی در حال تحصیل است و زندگی عادی خود را سپری می‌کند.,اجتماعی,0,291
حسین درخشان در گفتگو با خبرنگار حوادث باشگاه خبرنگاران در تشریح عملیات امداد جاده‌ای روز چهارشنبه گفت: ساعت ۷:۲۵ سقوط یک دستگاه پراید از روی پل در مرند آذربایجان شرقی از طریق نیروهای پلیس به امداد ونجات اطلاع داده شد. وی با اشاره به اعزام امدادگران پایگاه شعبه رحمت اله اوهانی به محل سقوط پراید تصریح کرد: امدادگران با دستگاه خودرو برای رهاسازی ونجات آسیب دیدگان به محل حادثه اعزام شدند تا عملیات رها سازی و نجات را آغاز کنند. وی درادامه با بیان اینکه این حادثه در ساعات نامعلومی از شب و خارج از دید خودروهای عبوری اتفاق افتاده بود بیان داشت: خودروی پراید درحال بازگشت از مراسم جشن عروسی بود که به علت خواب آلودگی راننده دچار حادثه می‌شود و به علت خروج از دید و شدت حادثه ۵ سرنشین پراید، ۳ زن و ۲ مرد جان خود را از دست دادند. وی خاطر نشان کرد: در این خودرو عروس خانواده نیز حضور داشت. انتهای پیام/,اجتماعی,0,158
به گزارش خبرنگار حوادث باشگاه خبرنگاران، سرهنگ سیدموسی حسینی گفت: حدود ساعت ۲۳ روز یکشنبه وقوع یک فقره درگیری با سلاح سرد در شهرک گلستان سمنان به مرکز فوریتهای پلیسی ۱۱۰ گزارش شد. وی با اشاره به درگیری ۲ همسایه در این نزاع و انتقال یکی از طرفین درگیری به بیمارستان به خاطر جراحت با چاقو، افزود: مصدوم این حادثه جوان ۲۱ ساله اهل تهران و ساکن سمنان بود که از ناحیه شکم و سینه مجروح شد. وی تاکید کرد: این فرد ساعت ۳ روز دوشنبه به علت شدت جراحات و خونریزی شدید در بیمارستان جان باخت. حسینی افزود: ساعتی بعد، مرتکب جنایت که مردی ۳۸ ساله است خود را به کلانتری ۱۳ گلستان معرفی کرد و اظهارات وی در خصوص ارتکاب به قتل توسط ماموران تایید شد. وی اختلاف شخصی با مقتول را علت وقوع این جنایت عنوان و اضافه کرد: متهم معتاد به مواد مخدر و دارای ۲۲ فقره سابقه کیفری است. فرمانده انتظامی سمنان با اشاره به کشف آلت قتل با راهنمایی قاتل، اظهار کرد: شهروندان باید دعاوی حقوقی خود را از راه مجاری قانونی پیگیری کنند.,اجتماعی,0,180
سعید اوحدی رئیس سازمان حج و زیارت در گفت‌و‌گو با خبرنگار رفاهی باشگاه خبرنگاران، با اشاره به لغو عمره از ماه گذشته اظهارکرد: از همه زائرانی که وجوه خود را پرداخت و کاروان‌های خود را برای اعزام به عمره مشخص کرده‌اند تقاضا داریم تا نسبت به اعلام انصراف خود اقدام نمایند. وی در ادامه افزود: بر همین اساس این دسته از متقاضیان سفر به سرزمین وحی باید با مراجعه به کارگزار مربوطه انصراف خود را اعلام نمایند. اوحدی درخصوص علت لزوم انصراف از عمره گفت: با توجه به اینکه با تعلیق عمره برنامه‌های اعزام زائران با مشکل مواجه شده است؛ لذا انصراف از عمره به منظور پایدار کردن سند زائران محسوب می‌شود. رئیس سازمان حج و زیارت تصریح کرد: از این رو در صورت رفع تعلیق عمره، اعزام مجدد زائران با توجه به اولویت‌های آنان صورت خواهد گرفت. وی همچنین از آغاز پرداخت قسط دوم تمتع سخن گفت و تاکید کرد: متقاضیان اعزام به تمتع تا بیستم اردیبهشت فرصت دارند تا نسبت به پرداخت قسط دوم خود اقدام نمایند.,اجتماعی,0,169
به گزارش خبرنگار حوادث باشگاه خبرنگاران؛ ساعت ۸ صبح روز گذشته اکیپ پایگاه سوم پلیس مبارزه با مواد پلیس پایتخت جهت دستگیری خرده فروشان موادمخدر به موقعیت پل همت تقاطع کردستان اعزام شدند. ماموران پس از زیر نظر قرار دادن محل مذکور متوجه فروش و توزیع موادمخدر توسط فردی سابقه دار شدند و در ادامه ماموران در پوشش خریدار مواد مخدر به وی مراجعه نموده و پس از پرداخت مبلغی وجه نقد موفق به خریداری ۲ گرم هروئین شدند و در همین حین اکیپ عملیاتی جهت دستگیری نامبرده اقدام کردند. با ورود نیروهای عملیاتی پلیس مبارزه با مواد مخدر، درگیری شدیدی بین ماموران و معتادان پاتوق به وجود آمد و در نهایت ماموران به ناچار جهت حفظ جان خود و دستگیری متهم اصلی با رعایت قانون بکارگیری سلاح اقدام به شلیک یک تیر هوایی با اسلحه سازمانی کردند که در نهایت متهم اصلی دستگیر و جمعیت پراکنده شد. پس از بازرسی بدنی از متهم مقدار ۳۵ گرم هروئین بالفافه و ۱۱ گرم شیشه بالفافه کشف و ضبط گردید. سرهنگ محمد بخشنده سرپرست پلیس مبارزه با مواد مخدر تهران بزرگ درباره این خبر گفت: متهم به همراه مواد مکشوفه جهت سیرمراحل قانونی به دادسرا فرستاده شد. انتهای پیام/,اجتماعی,0,197
حجت الاسلام و المسلمین سید حسن مؤذنی، معاون فرهنگی و امور اجتماعی بنیاد شهید و امور ایثارگران در گفتگو با خبرنگار اجتماعی باشگاه خبرنگاران، از هدایت دانش آموزان شاهد و ایثارگر برای تحصیل در مدارس شاهد با برنامه ریزی بنیاد شهید و امور ایثارگران خبر داد. معاون فرهنگی و امور اجتماعی بنیاد شهید و امور ایثارگران با اشاره به تحصیل دانش آموزان ایثارگر در مدارس شاهد، ابراز داشت: جامعه ایثارگری و فرزندان آن‌ها باید از امکانات مناسبی که در مدارس شاهد ایجاد شده، استفاده کنند. حجت الاسلام و المسلمین مؤذنی با تأکید بر نقش ستاد برنامه ریزی شاهد در بنیاد شهید، خاطر نشان کرد: توانمند سازی و ارتقا سطح علمی دانش آموزان شاهد و ایثارگر از اهداف برنامه ریزی شده در ستاد برنامه ریزی شاهد است. وی فرهنگ سازی در میان جامعه ایثارگری و خانواده آن‌ها را از امکانات تأثیر گذار برای حضور دانش آموزان شاهد و ایثارگر در مدارس شاهد دانست. لازم به ذکر است بنیاد شهید و امور ایثارگران به دنبال هدایت و برنامه ریزی و حضور هر چه بیشتر دانش آموزان ایثارگر در مدارس شاهد است. انتهای پیام/,اجتماعی,0,181
داوود زارعیان سخنگوی شرکت مخابرات ایران در گفت‌وگو با خبرنگار اجتماعی باشگاه خبرنگاران با اشاره به تغییرات انجام گرفته در نحوه اداره مرکز پاسخگویی به مشترکان اینترنت پر سرعت (۲۰۲۰) گفت: سامانه ۲۰۲۰ به عنوان مرکز فروش و پشتیبانی سرویس اینترنت پر سرعت که در حال حاضر در کشور راه اندازی شده به منظور تمرکز زدایی مراکز پاسخگویی، بهبود نظارت و مدیریت بهتر همکاران مخابراتی و افزایش رضایت مشترکان تغییراتی را در نحوه اداره مراکز پاسخگویی به مشترکان اینترنت پر سرعت در دست اقدام دارد. وی افزود: در حال حاضر زمان انتظار پاسخگویی به مشترکان ۶تا ۸دقیقه است که تا پایان سال میانگین زمان کمتر شده و به یک دقیقه می‌رسد. وی در ادامه تصریح کرد: امیدواریم شاهد پاسخگویی آنلاین ۲۰۲۰ و ارائه خدمات پس از فروش اینترنت پر سرعت از طریق شماره تلفن ۲۰۲۰ باشیم. زارعیان در پایان گفت: متقاضیان و مشترکین پس از تماس با شماره ۲۰۲۰ به مرکز ارتباطی شرکت مخابرات استان تهران متصل شده و بدون هیچ گونه مراجعه‌ای نسبت به خرید یا رفع خرابی اینترنت پر سرعت اقدام می‌کنند که در آینده این مراکز به صورت آنلاین پاسخگوی مشترکان خواهد بود. انتهای پیام/,اجتماعی,0,188
احمد صادقی، رئیس مدیریت بحران شهر تهران در گفتگو با خبرنگار حوادث باشگاه خبرنگاران عنوان کرد: در پی طوفان روز گذشته حدود ۹۰ حادثه رخ داده بود که بیشترین حادثه‌ها شکستگی درختان سقوط مصالح ساختمانی و پرتاب اجسام بود که با حضور به موقع آتش نشانان خوشبختانه تلفات جانی گزارش نشده است. وی ادامه داد: در منطقه جنوب تهران براثر ریزش دیوار نیمه ساخت پسر ۱۲ ساله‌ای دچار مصدومیت شد که با تلاش نیروهای اورژانس مداوا وبه مراکز درمانی منتقل شد. گفتنی است، در طوفان روز گذشته تمامی دستگاه‌های امدادی درمانی عملکرد خوبی داشتند. صادقی خاطرنشان کرد: سازمان هوا شناسی وزش طوفان عصر روز گذشته را به صورت رسمی به مرکز مدیریت بحران شهر تهران اعلام نکرده بود و ما از طریق رسانه‌ها مطلع شدیم ولازم به ذکر است امروز و فردا هم احتمال وزش طوفان شهر تهران وجود دارد. انتهای پیام/,اجتماعی,0,142
مصطفی بیگی معاون فنی و عمران شهرداری منطقه ۱۰ در گفتگو باخبرنگار اجتماعی باشگاه خبرنگاران، با اعلام این خبر گفت: در راستای اجرای مفاد بخشنامه مشخصات فنی و تقاطع جداول و انهار بتنی شهری مبنی بر تبدیل کانیو‌های موجود با دو جدول افقی و قائم به کانیو‌های پیش ساخته، این طرح در ناحیه ۳ منطقه ۱۰ به عنوان ناحیه پایلوت در حال اجراست. وی افزود: این کانیوها که جایگزین تک جدول وکانیو‌های ایستاده و خوابیده سنتی می‌شوند به صورت قطعات یکپارچه به عرض ۵۰ سانتی متر کف ۵۰ سانتی متر و ارتفاع متغیر ۲۰ تا ۱۰ سانتی متر در کارگاه احداث وبا انتقال به محل نصب در کنار همدیگر قرار می‌گیرند. بیگی با اشاره به دستاورد‌های اجرای این طرح تصریح کرد: از جمله مزایای این طرح کاهش ۴۰ درصدی هزینه‌های اجرایی برابر فهرست بهای ابلاغی شهرداری تهران است و همچنین بهره‌برداری بهینه از منابع انسانی با توجه به کمبود کارگر ماهر و کاهش زمان اجرای پروژه‌ها و تقلیل خطاهای انسانی، بهداشت محیط و نیزجلوگیری از انتشار بو و تکثیر جانوران موذی است و بر همین اساس به اهمیت این تغییر نگرش پی می‌بریم. وی یادآور شد: شیب عرضی این قطعات و نیز ارتفاع آنها برای تردد خودروها در ورودی‌های پارکینگ‌ها در دست مطالعه و بررسی است و بازخورد اجرای آنها به ویژه در این نقاط ارزیابی خواهد شد. وی خاطر نشان کرد: طرح به عنوان یک پایه برای اصلاح و تعمیم اجرای آن در سایر نواحی و مناطق شهرداری تهران مورد بهره برداری قرار خواهد گرفت. انتهای پیام/,اجتماعی,0,248
به گزارش خبرنگار باشگاه شبانه باشگاه خبرنگاران جوان اخبار باشگاه شبانه امشب در این بسته خبری گردآوری شده است. جشنواره فانوس ۲۰۱۶ در چین + تصاویردر ادامه شاهد تصاویری زیبا از جشنواره فانوس شاندونگ باشید. چهره متفاوت و بدون گریم کامرون دیاز و نیکول ریچی +تصاویرکامرون دیاز و نیکول ریچی دو دوست بازیگر با چهره متفاوت و بدون گریم در حال خرید دیده شده‌اند. واکنش جدی پاپ فرانسیس به خاطر افتادن روی یک معلول + تصاویرلحظه‌ای که یکی از استقبال‌کنندگان پاپ فرانسیس در استادیوم مکزیک دست او را بسیار محکم کشید و باعث شد ایشان خونسردی‌شان را از دست بدهند، توسط دوربین‌های خبرنگاران ثبت شد. مسابقه جالب مقاومت +تصاویراین‌ مسابقه هم یک راه برای گرم کردن خودتان و هو نوعی ورزش است. تصاویری دردناک از مادری که فرزندش را رها کرد + تصاویرطبق یک بررسی تعداد کودکان روستایی چین که والدینشان آن‌ها را به دلایلی مثل اشتغال ترک کرده‌اند، به بیش از ۶۱ میلیون نفر می‌رسد. حیرت‌انگیزترین خطاهای دید که باور نمی‌کنید+ تصاویراین خطاهای دید حیرت انگیز و باورنکردنی هستند. عجیب‌ترین و خطرناک‌ترین تاتوها+تصاویردر اینجا تصاویر تاتوهایی را مشاهده می‌کنیم که در بدترین جاهای ممکن طراحی شده‌اند. شباهت‌های عجیب مشهورترین افراد دنیا+تصاویرآیا تا به حال به شباهت‌های افراد مشهور دقت کرده‌اید؟ انتهای پیام/,اجتماعی,0,203
به گزارش گروه اجتماعی باشگاه خبرنگاران، معاون آموزش متوسطه و رئیس ستادثبت نام وزارت آموزش و پرورش گفت: دریافت وجه در مدارس تیزهوشان قانونی است. وی در ادامه بیان داشت: ‌ مدارس تیزهوشان در همه پایه‌های تحصیلی از خانواده‌ها وجه دریافت می‌کنند و این بر اساس قانون تأسیس مدارس تیزهوشان است. علی زرافشان، معاون آموزش متوسطه وزیر آموزش و پرورش در خصوص دریافت وجه در مقطع پیش دانشگاهی مدارس تیزهوشان، اظهار داشت: مدارس تیزهوشان در همه پایه‌های تحصیلی از خانواده‌ها وجه دریافت می‌کند و این بر اساس قانون تأسیس مدارس تیزهوشان است. وی ادامه داد: بنا بر مصوبه قانونی که این مدارس دارند باید ۵۰ درصد شهریه مدارس غیردولتی را برای ارائه خدمات آموزشی دریافت کنند که این در دستورالعمل ثبت‌نام این مدارس آماده و ابلاغ شده است و مصوبه قانونی برای اداره مدارس تیزهوشان است. زرافشان افزود: با توجه به اینکه دانش‌آموزان پذیرفته شده در مدارس تیزهوشان از اقشار مختلف هستند؛ طبیعی است که در دستورالعمل برای خانواده‌هایی که نیازمند حمایت مالی بوده امکانات خاصی پیش‌بینی شده است. انتهای پیام /,اجتماعی,0,172
به گزارش خبرنگار حوزه حوادث گروه اجتماعی باشگاه خبرنگاران جوان، پسر نوجوان در حمله‌ای وحشیانه به مادرش که گزارشگر تلویزیون بود با ضربات چاقو او را به قتل رساند. جسد استیسی فاست ۴۵ ساله و پسر ۱۷ ساله‌اش جاشوا یوتو و دیگر پسرش، با ضربات چاقو در دالاس تگزاس پیدا شد. خانم فاست که در مورد تهیه غذاها گزارش تهیه می‌کرد به همراه دو پسرش کشته شدند. گفته می‌شود پسر دیگرش مک کن جونیور یوتو ۱۹ ساله پس از کشتن مادر و برادرش خودکشی کرده‌است. پسر دیگر خانم فاست یعنی جاستین اعلام کرد که برادرش مک کن یک سالی بود که از مشکل شدیدا در عذاب بود و تعادل روانی نداشت. همسر این خانم به شدت از داغ دو فرزند و همسرش بسیار ناراحت بود و با خانواده همه بیماران روانی همدردی کرد. انتهای پیام/,اجتماعی,0,135
به گزارش خبرنگار گروه اجتماعی باشگاه خبرنگاران جوان، حمید چوبینه، مدیرعامل مجتمع دارویی و درمانی هلال‌ احمر در اولین سمینار مشترک ایران و ایتالیا که در ارتباط با درمان پیشرفته ناباروری برگزار شد، اظهار داشت: تعرفه‌های درمان ناباروری در ایران بسیار کمتر از کشورهای اروپایی بوده و این مسئله در حالی است که ما در این زمینه پیشرفت‌های بسیار خوبی داشته و صاحب‌نام هستیم. وی با بیان اینکه سایر کشورها در زمینه درمان ناباروری به ایران اعتماد زیادی دارند، گفت: ظرفیت‌های گردشگری ایران بسیار زیاد بوده و این مسئله مزیتی است که بتوان در سطح درمان ناباروری نیز در حوزه گردشگری سلامت گام برداریم. مدیرعامل مجتمع دارویی و درمانی هلال‌ ادامه داد: امروزه بسیاری از علوم پایه و مسائلی همچون تشخیص ژنتیک، سلول‌درمانی و … تکیه بر درمان ناباروری داشته و در واقع این رشته زمینه بروز سایر علوم پیشرفته را فراهم می‌کند. چوبینه اضافه کرد: ‌ طبق آخرین آمار پژوهش‌گاه‌های معتبر در کشور ما از هر ۵ زوج یک زوج نابارور بوده و به عبارتی ۲۰ درصد زوجین در خانواده‌ها نابارور هستند لذا انجام برنامه‌ریزی و افزایش ظرفیت‌های پیشرفته درمانی می‌تواند بسیار مؤثر واقع شود. وی افزایش سن ازدواج را از جمله دلایل ناباروری در جهان برشمرد و گفت: بسیاری از زوجین تمایل به فرزنددار شدن دارند که علم پزشکی می‌تواند بسیار به آنها کمک کند. مدیرعامل مجتمع دارویی و درمانی هلال‌ خاطرنشان کرد: در راستای درمان ناباروری برنامه‌ریزی‌هایی را جهت ارتباط علمی عمیق با کشور ایتالیا خواهیم داشت و تفاهم‌نامه‌های زیادی در این زمینه منعقد خواهد شد.,اجتماعی,0,249
به گزارش گروه اجتماعی باشگاه خبرنگاران جوان؛ علیرضا رئیسی معاون بهداشت وزارت بهداشت، درمان و آموزش پزشکی در جلسه مشترک با حضور معاون دادستان کل کشور و نمایندگان وزارتخانه‌ها و سازمان‌های متولی اجرای قانون مرتبط با منع فروش و عرضه دخانیات در اماکن عمومی با ارائه گزارشی آماری از آخرین وضعیت مصرف سیگار و قلیان در کشور و هشدار نسبت به افزایش گرایش به مصرف قلیان و سیگار اظهار کرد: متاسفانه استفاده از قلیان و دخانیات در کشور افزایش چشمگیری داشته و شاهد روند رو به رشد بیماری‌های تنفسی و کاهش وزن نوزادان متولد شده از مادران مصرف کننده دخانیات هستیم. وی گفت: طبق بررسی‌های به عمل آمده در فاصله سال‌های ۸۵ تا ۹۰ شاهد افزایش ۴۰ درصدی مصرف دخانیات به ویژه قلیان بوده‌ایم که در این میان مصرف قلیان در بین دختران جوان و حتی نوجوان از ۹ دهم درصد به بیش از دو درصد رسیده است. وی با بیان اینکه مصرف هر قلیان معادل کشیدن ۱۰۰ نخ سیگار است، گفت: سرطان زا بودن تنباکوهای معطر شیمیایی کاملا اثبات شده است. معاون وزیر بهداشت افزود: سالانه ۵۵ هزار مرگ در کشور بر اثر مصرف دخانیات اتفاق می‌افتد. رئیسی در ادامه به موضوع تولید سیگار در کشور اشاره کرد و با اعلام اینکه سالانه ۵۵ میلیارد نخ سیگار در کشور مصرف می‌شود، گفت: در حال حاضر ۹۸ میلیارد نخ سیگار در کشور سالانه تولید می‌شود که اضافه مصرف آن صادر می‌شود و گویا مطابق برنامه‌ها قرار است به ۱۲۰ میلیارد نخ برسد که زیبنده نظام نیست. معاون وزیر بهداشت تاکید کرد: زمان دسترسی به سیگار و خرید آن در حال حاضر کمتر از پنج دقیقه است که باید تدبیر شود تا سیگار در معرض دید نباشد و فروش سیگار نخی ممنوع شود.,اجتماعی,0,282
، در پی آتش سوزی که در تهرانپارس خیابان استخر رخ داد همسایگان با شنیدن فریاد کمک خواهی خانمی ساکن این خانه بی درنگ در تماس با سامانه ۱۲۵ از آتش نشانی کمک خواستند که بلافاصله آتش نشانان راهی محل حادثه شدند. داوود علی پوری افسر آماده منطقه ۳ عملیات آتش نشانی تهران گفت: محل حادثه ساختمان چهار طبقه هشت واحدی بود که آتش سوزی در یکی از واحدهای طبقه چهارم آن رخ داده بود و بانوی خانه دار ساکن آن و دختربچه چهارساله او در میان دود و آتش گرفتار شده بودند. وی افزود: آتش نشانان با بکارگیری تجهیزات ایمنی و خاموش کننده موفق شدند شعله‌های آتش را به سرعت مهار و آن را کاملا خاموش کنند آنها همچنین با دستگاه هواکش قوی دود ناشی از آتش سوزی را از ساختمان تخلیه کردند. این مادر و فرزند با رسیدن امدادگران اورژانس به محل حادثه پس از انجام معاینات لازم و اکسیژن رسانی مرخص شدند. /ز,اجتماعی,0,156
به گزارش گروه بین الملل باشگاه خبرنگاران جوان؛ پایگاه خبری شبکه العالم به نقل از روزنامه انگلیسی میرور نوشت: ایرنیا ایوبووا تاجر مواد مخدر ۳۶ ساله در رقابتی تنگاتنگ با ۸ زن زندانی دیگر با حکم کمیته داوران که از محافظان زندان یوشکار اولا تشکیل شده بود، عنوان ملکه زیبایی زندان‌های روسیه درسال ۲۰۱۷ را به دست آورد. ایرنیا در پی تعیین شدن به عنوان ملکه زیبایی زندان، صاحب تاج و ۱۰۱ شاخه گل و لوازم آرایشی به عنوان جایزه شد، اما این موضوع هیچ تاثیری بر وضعیت حکم او نخواهد داشت و تا سال ۲۰۲۸ و پایان دوران محکومیتش باید در زندان بماند. ایرنیا در پی تعیین شدن به عنوان ملکه زیبایی زندان، صاحب تاج و ۱۰۱ شاخه گل و لوازم آرایشی به عنوان جایزه شد، اما این موضوع هیچ تاثیری بر وضعیت حکم او نخواهد داشت و تا سال ۲۰۲۸ و پایان دوران محکومیتش باید در زندان بماند.,بین الملل,2,150
به گزارش سرویس بین‌الملل باشگاه خبرنگاران به نقل از القدس العربی، دو طرف در حملات امروز شنبه، از سلاح‌های سنگین استفاده کردند. این نوع سلاح‌ها در خلال این دو ماه درگیری، هراز گاهی بکار گرفته می‌شد. دوربین‌های منطقه سورروج در مرز ترکیه دودهای ناشی از این درگیری‌ها را رصد کردند، این درگیری‌ها در حالی است که جنگنده‌های ائتلاف دو موضع داعش را در کوبانی پس از عملیاتی شناسایی مورد هدف قرار دادند. در همین راستا، نیروهای امنیتی ترکیه تدابیر امنیتی شدیدی در مرز با سوریه اتخاذ کردند. کوبانی این روزها شاهد درگیری‌های شدیدی میان داعش و یگان‌های حامی ملت کرد، است. اگر چه جنگنده‌های ائتلاف نیز در این حملات شرکت می‌کنند اما تاکنون نتوانسته‌اند داعش را از این شهر بیرون کنند. انتهای پیام. / به گزارش سرویس بین‌الملل باشگاه خبرنگاران به نقل از القدس العربی، دو طرف در حملات امروز شنبه، از سلاح‌های سنگین استفاده کردند. این نوع سلاح‌ها در خلال این دو ماه درگیری، هراز گاهی بکار گرفته می‌شد. دوربین‌های منطقه سورروج در مرز ترکیه دودهای ناشی از این درگیری‌ها را رصد کردند، این درگیری‌ها در حالی است که جنگنده‌های ائتلاف دو موضع داعش را در کوبانی پس از عملیاتی شناسایی مورد هدف قرار دادند. در همین راستا، نیروهای امنیتی ترکیه تدابیر امنیتی شدیدی در مرز با سوریه اتخاذ کردند. کوبانی این روزها شاهد درگیری‌های شدیدی میان داعش و یگان‌های حامی ملت کرد، است. اگر چه جنگنده‌های ائتلاف نیز در این حملات شرکت می‌کنند اما تاکنون نتوانسته‌اند داعش را از این شهر بیرون کنند. انتهای پیام. /,بین الملل,2,248
به گزارش سرویس بین‌ الملل باشگاه خبرنگاران: کارل بیلت وزیر امور خارجه سوئد در مصاحبه با شبکه بی بی سی اظهار داشت توافق جامع هسته‌ای میان ایران و غرب ظرف شش ماه شدنی است اما دستیابی به این توافق به حسن نیت دو طرف نیاز دارد. وی در ادامه با بیان اینکه انتخاب حسن روحانی به عنوان رئیس جمهور ایران جوی از امید را به وجود آورده است، گفت: بی اعتمادی گسترده‌ای بین ایران و غرب وجود داشته و ایران لیست بلند بالایی از اقدامات تحریک آمیز واشنگتن در دهه‌های اخیر اشاره دارد، که شاید در این باره حق با ایران باشد. وزیر امور خارجه سوئد در بخش دیگری از مصاحبه خود تاکید کرد، ایرانی‌ها به زمینه پژوهشی خود در انرژی هسته‌ای افتخار می‌کنند. انتهای پیام/,بین الملل,2,126
به گزارش گروه بین‌الملل باشگاه خبرنگاران جوان به نقل از رویترز؛ جان کری -وزیر خارجه آمریکا- امروز چهارشنبه انتقادات صورت گرفته علیه توافق با وزیر خارجه روسیه برای آتش بس در سوریه را رد کرد و گفت: بدون حصول این توافق، خشونت تاحد بسیار بالایی افزایش می‌یافت و بسیاری از مردم سوریه یا کشته می‌شدند و یا آنکه مجبور به فرار از کشور خود می‌شدند. جان کری در گفتگو با رادیو ملی آمریکا گفت: این آخرین فرصت برای یکپارچه شدن سوریه است؛ اگر در این توافق شکست بخوریم و نتوانیم که به پای میز مذاکره بنشینیم، جنگ تا حد بسیار بالایی شدت خواهد گرفت. گفتنی است، برخی از مسئولان ارتش و اطلاعات آمریکا از این توافق انتقاد کرده و گفتند: نمی‌توان به روسیه‌ای که آمریکا به موجب توافق اطلاعاتی را از حملات هوایی خود در سوریه، در اختیار آن می‌گذارد، اعتماد داشت. متن توافق صورت گرفته میان کری و لاوروف، بر اجرای آتش یس هفت روزه، کاهش خشونت‌ها و افزایش توزیع کمک‌های انسانی در سوریه تأکید دارد. چنانچه آتش بس پایدار باشد، ارتش آمریکا و روسیه، در حملات هوایی خود علیه گروه تروریستی داعش و جبهه النصره هماهنگ خواهند شد.,بین الملل,2,190
به گزارش سرویس بین‌ الملل باشگاه خبرنگاران به نقل ازشبکه العالم؛ یک منبع آگاه در مقر فرماندهی عملیات البادیه و الجزیره گفت: نوری مالکی نخست وزیر عراق و فرمانده کل نیروهای مسلح، به منظور ریشه کن کردن القاعده در مناطق صحرایی استان الانبار، برنامه‌ای یک هفته‌ای را در دستور کار قرار داده است. وی با تاکید بر این که نوری مالکی شخصا بر این عملیات نظارت می‌کند، از دوبار تماس مستقیم نوری مالکی با فرماندهان ارتش درباره این عملیات خبر داد. به گفته این منبع، بالگردهای جنگی عراقی، بر فراز آسمان استان الانبار به پرواز درآمدند و اماکن عناصر مسلح را گلوله باران کردند و توانستند هفت خودروی عناصر القاعده را در منطقه ۱۶۰ در مرکز صحرای الانبار منهدم کنند. این منبع آگاه درباره تلفات این عملیات نیز گفت: تاکنون یکی از رهبران سازمان داعش به هلاکت رسیده و پنج تن از عناصر مسلح که یکی از آن‌ها ابواحمد السوری (از اتباع سوریه) است، بازداشت شده‌اند. شماری از عناصر مسلح نیز زخمی شده‌اند که از تعداد زخمی‌ها آمار دقیقی در دست نیست. یک کامیون حمل تانکر و هفت خودروی آنان نیز منهدم شد. نیروهای تیپ هفتم ارتش عراق، دیروز در جریان بازرسی یکی از مخفیگاه‌های سازمان القاعده با آنان درگیر شدند و ۱۶ تن از نیروهای ارتش عراق در منطقه الحسینیات واقع در صحرای حوران کشته شدند. در پی این درگیری، نیروهای امنیتی عراق در عملیات نظامی گسترده‌ای را در صحرای الانبار آغاز کردند و تیپ هفت و تیپ یک ارتش عراق با پشتیبانی بالگردهای جنگی به نبرد با این عناصر تروریست فرستاده شدند.,بین الملل,2,254
به گزارش سرویس بین‌الملل باشگاه خبرنگاران؛ پایگاه خبری المشهد الیمنی به نقل از منابع نزدیک به ریاست جمهوری یمن گزارش داد؛ گروه‌های سیاسی مختلف با مشارکت نمایندگان حوثی و با حضور جمال بن عمر فرستاده سازمان ملل به یمن کمی قبل توافق‎نامه سیاسی برای پایان بحران را به امضا رساندند. خبرگزاری دولتی یمن (سبا) ساعتی پیش در خبری فوری گزارش داد عبد ربه منصور هادی نشستی مشترک با مشاورانش و نمایندگان احزاب و گروه‎های سیاسی که در میان آنها نمایندگان جنبش انصارالله حضور داشتند، برگزار کرده است. مشاور رئیس جمهور یمن از مهمترین بندهای توافقنامه امشب بین گروه انصارالله و دولت یمن خبر داد. دکتر فارس السقاف مشاور رئیس جمهور یمن در گفتگو با العربیه اعلام کرد که دولت فعلی یمن استعفا خواهد داد و یک دولت جدید تشکیل خواهد شد. علاوه بر این مقرر شد تا انقلابیون تظاهراتهای خود را پایان بخشند و قیمت مشتقات نفتی ۵۰۰ ریال کاهش خواهد یافت و همچنین توقف فوری تیراندازی‌ها در صنعا صورت خواهد پذیرفت. انتهای پیام/,بین الملل,2,164
به گزارش سرویس بین‌ الملل باشگاه خبرنگاران به نقل از شبکه تلویزیونی پرس تی وی، شاکر عامر زندانی انگلیسی در گوانتانامو که در اعتراض به شرایط زندان و ادامه حبس نامحدود بدون محاکمه به همراه یکصد و سی زندانی دیگر گوانتانامو اعتصاب غذا کرده است، گفت نگهبانان زمانی که او را برای بازرسی روزانه سلولش بیرون می‌برند، با او بدرفتاری می‌کنند و حتی او را هدف آزار جنسی قرار می‌دهند. شاکر عامر بیش از یازده سال است در گوانتانامو زندانیست. هیچ جرمی علیه او ثابت نشده است. نیروهای آمریکایی او را در افغانستان در سال دوهزار و یازده بازداشت کردند. عامر می‌گوید او در افغانستان در امور خیریه کار می‌کرد اما آمریکاییها مدعی هستند او به طالبان کمک می‌کرده است. گروههای حقوق بشری از رفتار آمریکاییها با زندانیان گوانتانامو به شدت انتقاد می‌کنند. آخرین اخبار جهان را اینجا بخوانید.,بین الملل,2,139
"به گزارش سرویس بین‌الملل باشگاه خبرنگاران به نقل از الیوم السابع: عبدالفتاح السیسی رئیس جمهور مصر روز پنج شنبه در مالابو پایتخت جمهوری گینه استوایی با بان کی مون"" دبیر کل سازمان ملل دیدار کرد. این دیدار در حاشیه دوره عادی نشست سران اتحادیه آفریقا انجام شد. در این دیدار دو طرف به بررسی اوضاع مصر بعد از برگزاری دو انتخابات از نقشه راه یعنی برگزاری همه پرسی قانون اساسی و برگزاری انتخابات رییس جمهوری با حضور ناظران بین المللی و آفریقایی پرداختند. السیسی همچنین در چهارچوب رایزنی‌های خود با سران آفریقا با رئیس جمهور تانزانیا نیز دیدار کرد. انتهای پیام/",بین الملل,2,101
به گزارش سرویس بین‌الملل باشگاه خبرنگاران، گزارش‌های متناقضی درباره تعداد قربانیان انفجار معدن زغالسنگ در اکراین منتشر می‌شود. بنا بر اعلام مقامات اوکراینی که پس از تصرف دونتسک به وسیله مخالفان به شهر بندری ماریوپل نقل مکان کرده‌اند،. در زمان انفجار دیروز معدن زغالسنگ زاسیادکو ۲۳۰ کارگر در محل کارشان حاضر بودند و ۱۹۸ نفر جان سالم به در بردند. ۳۲ نفر نیز در این حادثه جان خود را از دست دادند این انفجار در نخستین ساعات روز چهارشنبه به وقت اوکراین نزدیک فرودگاه شهر جنگزده دونتسک رخ داد. اما مخالفان دولت اوکراین از مرگ ۲۳ نفر و مفقود شدن ۱۰ کارگر دیگر در حادثه انفجار معدن خبر می‌دهند. به گفته مقامات جمهوری دونتسک، این انفجار در عمق ۱۰۰۰ متری زمین رخ داد. مقامات دولت اوکراین نشت احتمالی گاز را علت بروز این انفجار عنوان کرده‌اند. آن‌ها همچنین مخالفان دولت را به مانع تراشی در عملیات امداد و نجات متهم می‌کنند. پیش از این نیز در سال ۲۰۰۷ انفجار مشابهی در همین معدن جان بیش از ۱۰۰ کارگر را گرفته بود.,بین الملل,2,171
به گزارش سرویس بین‌الملل باشگاه خبرنگاران به نقل از پرس تی وی؛ در ادامه حملات نظامی عربستان علیه یمن، جنگنده‌های سعودی دو مرکز خرید را در صعده هدف قراردادند. این حملات منجر به کشته شدن دست کم دو تن از شهروندان شده و صدماتی را به زیرساخت‌های شهر وارد کرد. این حمله پس از شلیک خمپاره هایی به ناحیه مرزی شهر در ساعات اولیه روز شنبه صورت گرفت. سایر مناطق یمن نیز شاهد چنین حملاتی با جنگنده‌های عربستان بود که آمار دقیق از تعداد کشته شدگان در این حملات در دست نیست. انتهای پیام/ به گزارش سرویس بین‌الملل باشگاه خبرنگاران به نقل از پرس تی وی؛ در ادامه حملات نظامی عربستان علیه یمن، جنگنده‌های سعودی دو مرکز خرید را در صعده هدف قراردادند. این حملات منجر به کشته شدن دست کم دو تن از شهروندان شده و صدماتی را به زیرساخت‌های شهر وارد کرد. این حمله پس از شلیک خمپاره هایی به ناحیه مرزی شهر در ساعات اولیه روز شنبه صورت گرفت.,بین الملل,2,162
به گزارش گروه بین‌الملل خبرگزاری فارس، دونالد ترامپ رئیس‌جمهور آمریکا بعد از لغو دیدار با همتای روسی در حاشیه نشست گروه ۲۰، برنامه دیدار رسمی با رؤسای جمهور ترکیه و کره‌جنوبی را نیز لغو کرد. سارا سندرز سخنگوی کاخ سفید شامگاه پنجشنبه اعلام کرد که ترامپ قصد ندارد در آرژانتین، با رجب طیب اردوغان رئیس‌جمهور ترکیه و مون جائه-این رئیس‌جمهور کره جنوبی دیدار رسمی داشته باشد. به نوشته روزنامه حریت سخنگوی کاخ سفید البته گفت که ترامپ در جریان نشست گروه ۲۰، گفت‌وگوی غیر رسمی و مختصری با این دو رئیس‌جمهور خواهد داشت. وی پیشتر به دلیل تنش‌های اخیر بین مسکو و کی‌یف درپی توقیف سه شناور اوکراینی توسط روس‌ها، گفته بود که در آرژانتین هیچ دیدار با ولادیمیر پوتین رئیس‌جمهور روسیه نخواهد داشت. این در حالی است که اردوغان روز گذشته (پنجشنبه) گفته بود که قصد دارد طی دیدار با ترامپ در حاشیه نشست گروه ۲۰ درباره مسائل مختلفی از جمله نقشه‌راه منبج و حمایت واشنگتن از شبه‌نظامیان کرد در شمال سوریه صحبت کند. انتهای پیام/,بین الملل,2,167
به گزارش گروه بین الملل باشگاه خبرنگاران جوان؛ به نقل از رویترز، پلیس اندونزی از وقوق انفجار در نزدیکی یک ایستگاه اتوبوس در شرق جاکارتا، پایتخت اندونزی، خبر داد. خبرگزاری فرانسه نیز از وقوع دو انفجار در اندونزی گزارش داد. برخی گزارش‌ها حاکی از آن است که یک نفر بر اثر این انفجار کشته و چندین نفر زخمی شده‌اند. رویترز به نقل از پلیس اندونزی، از کشته شدن دست کم دو نفر -از جمله عامل انتحاری- خبر داد. تایم نوشت قربانی یک افسر پلیس بوده است. طبق این گزارش، ۴ نفر نیز بر اثر این انفجار زخمی شده‌اند. هنوز جزئیات بیشتری درخصوص این دو انفجار منتشر نشده است.,بین الملل,2,108
به گزارش گروه بین‌الملل باشگاه خبرنگاران جوان، یک منبع آگاه در دفتر دادستانی کل ترکیه در گفتگو با الجزیرة اعلام کرد: در منزل سرکنسول عربستان در استانبول، بقایای اسید هیدروفلوئوریک و مواد شیمیایی خاصی را یافته‌ایم. بر اساس نتایج تحقیقات ما، جسد جمال خاشقجی کاملا از بین رفته است. این منبع تایید کرد در نمونه‌های برداشته شده از چاه منزل سرکنسول عربستان در استانبول، آثار مواد شیمیایی و اسید مشاهده شده است. جمال خاشقجی، روزنامه‌نگار منتقد سعودی از تاریخ دوم اکتبر سال جاری میلادی پس از ورود به کنسولگری عربستان در استانبول ناپدید شده بود. مقامات ترکیه‌ای پیشتر اعلام کرده بودند که تعدادی فایل صوتی و ویدئویی در اختیار دارند که نشان می‌دهد یک تیم امنیتی سعودی پس از ربودن خاشقجی، او را داخل کنسولگری به قتل رسانده است. عربستان سعودی که در طول این مدت از ناپدید شدن جمال خاشقجی اظهار بی‌اطلاعی کرده بود، سرانجام به ناچار اعتراف کرد که او را داخل کنسولگری به قتل رسانده است.,بین الملل,2,159
به گزارش سرویس بین‌ الملل باشگاه خبرنگاران، شبکه تلویزیونی العربیه لحظاتی پیش درخبر فوری گزارش داد: دیوید کامرون نخست وزیر انگلیس استفاده از سلاح شیمیایی در سوریه را اقدامی زشت توصیف و بر لزوم واکنش بین المللی در مورد آن تاکید کرد. سخنگوی دیوید کامرون، نخست‌وزیر انگلیس هم اعلام کرده که نیروهای نظامی این کشور چگونگی مداخله احتمالی در سوریه را بررسی می‌کنند. سخنگوی کامرون گفت: او امروز درباره درخواست از پارلمان برای بررسی مداخله نظامی احتمالی در سوریه تصمیم می‌گیرد. بازرسان سازمان ملل با اجازه دولت سوریه از دیروز در غوطه دمشق مشغول تحقیق درباره ماهیت حمله و مسئول آن هستند. انگلیس، آمریکا، فرانسه و ترکیه عمده‌ترین کشورهایی هستند که از اقدام نظامی احتمالی علیه سوریه سخن می‌گویند.,بین الملل,2,119
به گزارش گروه بین الملل باشگاه خبرنگاران جوان به نقل از خبرگزاری رویترز، وزارت امور خارجه ترکیه با صدور بیانیه‌ای در ارتباط با تصمیم آمریکا به وضع تعرفه بر واردات فولاد و آلومینیوم از این کشور اعلام کرد آنکارا از این لحظه به بعد درست مانند آنچه که تاکنون انجام داده است در مقابل تصمیمات آمریکا دست به اقدام تلافی جویانه می‌زند. وزارت امور خارجه ترکیه با اعلام اینکه تحریم‌ها و فشارهای آمریکا تنها به روابط میان دو کشور آسیب می‌زند، افزود خواستار آن هستیم که مسائل مورد اختلاف با دیپلماسی، گفتگو، حسن نیت و تفاهم دوجانبه حل و فصل شوند. وزیر بازرگانی ترکیه نیز گفت ما از دونالد ترامپ، رئیس جمهور آمریکا می‌خواهیم به میز مذاکره برگردد؛ این موضوع می‌تواند و لزوما باید از طریق گفتگو و همکاری حل و فصل شود.,بین الملل,2,133
به گزارش گروه بین الملل باشگاه خبرنگاران جوان؛ به نقل از شبکه تلویزیونی المیادین، سخنگوی ارتش رژیم صهیونیستی از حمله به مواضعی در سوریه خبر داد. وی مدعی شد: در این حمله که دیشب انجام شد چند فروند موشک زمین به هوا از خاک سوریه به سوی هواپیماهای اسرائیلی شلیک شد که یکی از موشک‌های شلیک شده با سامانه ضد موشک هدف قرار گرفت. هنوز اطلاع دقیقی از این حمله و تلفات آن مخابره نشده است. از سوی دیگر، شبکه تلویزیونی العالم به نقل از خبرنگار خود اعلام کرد، سامانه ضدهوایی ارتش سوریه هواپیماهای اشغالگران اسرائیلی را وادار کرد آسمان سوریه را ترک کنند.,بین الملل,2,104
