Sentence,Label Integer,Label
طراحی سری 4540s همانند اکثر لپ‌تاپ‌های کمپانی HP،  بسیار ساده و در عین حال شکیل است.,2,Positive
براي من تجربه استفاده از XBOX حدود دو سال است که شکل گرفته،  در اين مدت هرگز با چندين ساعت بازي که گاهي وقتها به 5 ساعت ميرسه،  هرگز مشکل فني باهاش نداشتم.,1,Positive
حساسیت‌های 1600 و 3200 نیز بهتر است که استفاده نشوند چرا که مشکل نویز و کاسته شدن از کیفیت عکس در آن‌ها زیاد است.,-1,Negative
همان‌طور که انتظار داشتیم،  مرورگری اینترنت با GALAXY Tab 2 10.1 بسیار لذت بخش است.,2,Positive
به روز رسانی: کیفیت عکس‌های گرفته شده توسط Ixus 240 HS در سطح خوبی قرار دارد.,1,Positive
در اطراف صفحه نمایش به اندازه کافی قاب وجود دارد که در هنگام نگه داشتن تبلت در دست،  به طور اتفاقی لمسی با صفحه نمایش صورت نگیرد که این مورد نیز در هنگام کار با آن،  راحتی بیشتری را ایجاد می‌نماید.,1,Positive
GALAXY Tab 2 10.1 را نمی‌توان یک جانشین مناسب برای تبلت معروف GALAXY Tab 10.1 دانست.,-1,Negative
"5- نسبت به رقباي فعلي امکانات خيلي کمتري دارد ,  و نمي توان بعنوان يک فبلت به کار گرفت ( فون+ تبلت ) اصطلاحا"" ( فبلت )",-1,Negative
اين گوشي فوق العاده نيست ولي ارزش خريد بالايي داره.,1,Positive
کار کردن با اين تبلت احساس خوشايندي دارد.,1,Positive
باتری به کار رفته در این گوشی یک باتری لیتیوم یونی 1500 میلی آمپر-ساعتی است که عملکرد خوبی را ارائه می‌نماید.,1,Positive
حقیقتا زمانی که آن دوربین معرفی شد توانایی زوم 42 برابر مقدار بسیار زیادی بود به طوری که آن را بالاتر از هر دوربین هم رده ی دیگری قرار می داد.,1,Positive
آدم ميترسه خراب بشه!,-1,Negative
قبلا s3 داشتم ولي واقعا ايفون چيز ديگه اي هست اصلا اسمش اعتباره و از نظر کيفيت حرف اول رو ميزنه,1,Positive
همچنين از نظر باطري هم خيلي قوي تره  و در اخر هم خيلي از اين تبلت خوشگل تره,2,Positive
اما ساخت این تبلت تفاوت خاصی نکرده و جنس پلاستیکی بدنه در این تبلت هم تکرار گشته است.,-1,Negative
این مشکل در نقشه های سه بعدی این برنامه بیشتر نمایان می‌شود.,-1,Negative
تعدادی برنامه نیز به صورت پیش فرض بر روی پدفون قرار دارد که البته با وجود نرم افزار به روز و سخت افزار قدرتمند،  کاربر می‌تواند بدون محدودیت از هزاران برنامه‌ی موجود برای سیستم عامل اندروید استفاده نماید.,1,Positive
در کل همانطور که گفتیم،  M50 دوربین فیلم برداری بسیار خوب دیگری از کانن است که کاملا کوچک و سبک ساخته شده و در ضمن از امکانات و فن آوری‌های پیشرفته و خوبی بهره می‌برد.,2,Positive
از نظر کيفيت تصوير، صدا، سخت افزار و سرعت پردازش اطلاعات عملکرد بسيار عالي دارد.,2,Positive
سخت افزار Optimus VU از سخت‌افزار قدرتمندی برخوردار است.,1,Positive
و با رابط مناسبش ،  و سخت‌افزاري قويش،  گزينه ي خوبي براي تازه کارها،  و حرفه اي هاست.,1,Positive
ﺑﻪ ﻧﻈﺮ ﻣﻦ ﺑﻴﻦ ﺍﻧﺪﺭﻭﻳﺪﻳﻬﺎ ﺑﻬﺘﺮﻳﻨﻪ,2,Positive
باورم نميشه،  فوق العاده س!,2,Positive
واقعاً محشره.,2,Positive
 حدودا دو ماهي ميشه خريدم خيلي عاليه من قبلا هارد هاي ديگري رو امتحان کردم از جمله Western Digital سري My passport و هارد ضد ضربه silicon power Armor A80 واقعا ميتونم بگم از همشون بهتره هم از لحاظ سرعت و هم از لحاظ کيفيت ساخت .,2,Positive
حساسیت سنسور نیز تا 3200 بالا می‌رود که خیلی خوب است.,2,Positive
2 سيم همزمان و اندرويد 4.1.2 با امکانات عالي واقعا خوشم اومد .,2,Positive
اندودی که سامسونگ بر روی شیشه‌ی نمایشگر به کار برده وظیفه‌ی خود را به خوبی انجام می‌دهد.,1,Positive
پس مطمئننا مي شه 3G رو هم به همين روش و به راحتي روش داشت.,1,Positive
از جمله آن‌ها می‌توان Google Chrome،  ES File Explorer،  Gmail،  Google Plus،  ID Gard،  Maps،  Movie Studio،  آنتی ویروس Norton Security،  Sound Recorder،  ، TegraZone،  ThinkFree Office و Youtube را نام برد که به همراه آن‌ها ویجت های کاربردی زیادی نیز برای استفاده کاربر وجود دارد.,1,Positive
مثل اينکه رم هم نمي خوره و مجبورن مشتري ها که  نسخه ي 64GB رو بخرن!,-1,Negative
از موارد برتري P7700 به G1X ميتواند زوم اپتيکال بالاتر (7.1) نسبت به (4) در کنون باشد،  که اين امر نيکون را جلو ميبرد.,1,Positive
"نقد کالا:

1-اساسي ترين مشکل اين دوربين وجود باتري قلمي به جاي باتري يون ليتيوم استاندارد هست.",-2,Negative
اما يه اشکال بزرگ داره که نميشه اون رو جلبريک (کپي خور) کرد چون ios6 هستش.,-1,Negative
پاسخگویی عمومی گوشی واقعا مثال زدنی ست.,1,Positive
"- امکانات بسيار عالي itunes , icloud , imesaage .",2,Positive
اما اين مشکلش خيلي بده.,-2,Negative
در اين نقد و بررسي مي خواهيم با هم نگاهي تخصصي تر و البته واقع بينانه تر به xbox 360 بياندازيم و با بررسي معايب و مزايايي که در xbox 360 نهفته است گامي استوار تر براي خريد آن برداريم يا اگر صاحب يک xbox 360 هستيم به xbox خود افتخار کنيم.,1,Positive
صفحه ي لمسي بزرگ XR550 با رزولوشن بالاست و کارايي خوبي دارد و نسبتا در نور خورشيد قابل ديدن است.,1,Positive
بخصوص اينکه U3 هم ساپورت ميکنه.,1,Positive
من آيفون 4 داشتم 3 4 روزي ميشه که يه آيفون 5 گرفتم ميتونم بگم تاچش فوق العاده هست دوربينش هم عالي شده گفته 8 مگا پيکسل اما با دوربيناي 12 مگاپيکسلي مقايسه کنين اون موقع ميفهمين که دوربين 8 اپل به خيلي دوربيناي ديگه مي ارزه نکته ي بعدي ديگه هم اينه که بسيار بسيار سريع شده,2,Positive
بعنوان يه دوربين با قابليتهاي متفاوت بنظر من عاليه قيمتشم بنظرم خوبه داراي کيفيت عالي در عکاسيه لنز هاش خيلي پر قدرتن و 16 مگا پيکسلش واقعيه پيشنهادش مي کنم,2,Positive
دوستان توجه کنيد معماري پردازشگر A5 هست که ضعيف هست و شخصا تو اين گوشي يک بازي با حجم 40 مگ رو با اندکي لگ اجرا کردم.,-1,Negative
من اين گوشي رو چند روزي ميشه خريداري کردم فوق العادست .,2,Positive
محشره,2,Positive
شفافیت صدا بسیار خوب بوده و بلندی صدا نیز مناسب است.,2,Positive
ضمنا،  با امکان نصب برنامه های مختلف مانند Adobe Reader،  می توان فایل های متنی و PDF را نیز به راحتی بر روی این تبلت اجرا نمود.,1,Positive
برای مثال مدل X53SV که دارای صفحه نمایش 15.6 اینچی بوده و از پردازنده‌ی دو هسته ای Intel Core i5 و کارت گرافیک NVIDIA GeForce GT 540M بهره می‌برد،  در تست مرورگری اینترنت از طریق Wi-Fi با روشنایی متوسط صفحه نمایش،  توانست بیش از 4 ساعت و 15 دقیقه شارژدهی کند که میزان نسبتا خوبیست.,1,Positive
با اینکه قدرت این گوشی به اندازه برادران بزرگ‌تر خود یعنی لومیا 920 و 820 نیست،  اما به راحتی از پس اجرای اکثر دستورات بر می‌آید.,1,Positive
کيفيت عاليه,2,Positive
اما قابلیت اجرای همزمان دو برنامه در این تبلت به بهترین شکل به اجرا در آمده است.,1,Positive
عاليه!,2,Positive
وزن این دستگاه تنها 2.3 کیلوگرم است که برای یک لپ‌تاپ 15.6 اینچی،  وزن بسیار مناسبی محسوب می‌شود.,2,Positive
در کل من از اين دستگاه بسيار راضي هستم.,2,Positive
بسيار پر‌سرعت و خوش‌دست هم هست.,2,Positive
از لحاظ پرفرمنس و سرعت و دماي کاري سيگيت بهتره.,1,Positive
سامسونگ تعداد زیادی برنامه کاربردی به طور پیش فرض بر روی این تبلت قرار داده است که برای مثال می‌توان به فایل منیجر،  برنامه حرفه ای تدوین عکس و ویدئو،  دفترچه یادداشت و آفیس اشاره کرد.,1,Positive
اگر جزو کسانی هستید که با گوشی خود زیاد ویدئو نگاه می‌کنید،  HTC One X Plus یکی از بهترین انتخاب‌ها برای شماست.,1,Positive
در کل،  با دیدن iPhone 5 محو کیفیت و زیبایی آن خواهید شد.,1,Positive
دوربينش هم که فوق العادست.,2,Positive
در مورد کيفيت اسکن و پرينت و کپي مي تونين خودتون تغييرش بدين و در کل عاليه!,2,Positive
سيستم عاملي که واقعا کار باهاش لذت بخش است.,1,Positive
ویدئو پلیر این تبلت نیز از ظاهر بسیار خوبی برخوردار است ولی متاسفانه این تبلت،  همانند اکثر تبلت هایی که از پردازنده Tegra 2 استفاده میکنند،  نمیتواند ویدئوهای Full HD را روان پخش کند.,-1,Negative
البته متاسفانه این مرورگر به طور پیش فرض از فلش پلیر پشتیبانی نمی‌کند و در صورت نیاز باید آن‌را جداگانه نصب نمود.,-1,Negative
من که 100% از اين کوچولوي شگفت انگيز راضي هستم.,2,Positive
واقعا محشره,2,Positive
• باتری گوشی پدفون از یک باتری 1520 میلی آمپر-ساعتی بهره می‌برد که در کارکرد عادی،  به راحتی تا یک روز شارژدهی می‌کند.,1,Positive
"به نظرم با اين امکانات به صرفه نيست

",-1,Negative
"من از جاي ديگه اي خريدم ولي الان که مي بينم ديجي کالا هم داره خيلي پشيمونم چون خيلي ارزونتر داره ميفروشه 

کارايي اش هم خيلي بالاست",-1,Negative
من روي همين xperia ray که بعضي از دوستان گفتن موقع بازي گير ميکنه و رمش پايينه بازي هاي:modern combat NFS MostWanted2012 و بسياري از بازي هاي ديگه رو بدون لگ اجرا کردم.,1,Positive
سخت افزار در قلب این گوشی چیپ NVIDIA Tegra 3 AP37 قرار دارد که یک نسل از چیپ مدل One X جدید تر است و به کمک پردازنده چهار هسته ای 1.7 گیگا هرتزی و یک گیگابایت حافظه RAM،  قدرت پردازشی بی نظیر گوشی را تضمین می‌کند.,1,Positive
من الان نوت1دارم و از فتوشاپش لذت ميبرم و ميتونم بگم بهترين فتوشاپ هاي دنيا روي نوت1 و 2 ريخته شده و بي رقيبه نوت ها يه قلم به نام spen دارن که کار باهاش مثله رويا ميمونه و هرکي داره واقعا يه نعمته و قدرشو بدونه و حتما بايد باهاش کار کرده باشين تا اون حس رو کنين از لحاظ قيافه که ميدونين ايفون رقيب نداره.,1,Positive
- به هرحال،  اگه يه گوشي دو سيمکارته با آندرويد به روز و سخت افزار قدرتمند،  به همراه دوربين نسبتاً عالي و صفحه نمايش بزرگ ميخواهيد و از باتري توقع بالايي نداريد و درضمن وزن و ضخامتش رو به مزاياش مي بخشيد،  HTC Desire SV را جزء برترين انتخاب هاي خود بدانيد.,1,Positive
به همین دلیل می‌توان گفت که این تبلت بسیار مناسب علاقه‌مندان به موسیقی است.,2,Positive
• سخت افزار پردازنده یک گیگا هرتزی که در این گوشی به کار رفته،  سبب جلب رضایت کامل کاربر در هنگام کار با گوشی،  استفاده از برنامه های مختلف و یا گشت زنی در اینترنت گشته است.,1,Positive
لپ تاپي در حد انتظار از يک لپ تاپ ارزان قيمت خيلي خوبه .,1,Positive
همچنین تنوع مود بسیار خوبی برای انتخاب مود های مختلف عکاسی وجود دارد تا با آن‌ها بتوان عکس‌هایی با افکت‌های مختلف را ثبت نمود.,2,Positive
بدون شک Desire V و برادر آن یعنی HTC Desire SV جزو بهترین گوشی‌های دو سیم کارته موجود در بازار هستند زیرا سایر آن‌ها اکثرا بسیار ساده و ابتدایی هستند.,1,Positive
سلام به همه دوستان اپل باز من از ايفون 2g تا ايفون 5 را گرفتم از تمام انها هم راضي هستم،  بنظر من ايفون 5 را که تهيه ميکنيد ديگر به لپ تاپ هم نياز پيدا نميکنيد.,1,Positive
ps3 واقعا فوق العاده اس.,2,Positive
سونی از اینترفیس خود بر روی آن استفاده کرده و نمی‌دانیم چرا این قدر سعی داشته که آن را به اندروید نسخه‌ی نان زنجبیلی شبیه کند!,-1,Negative
اگر به دنبال لپ ‌تاپی زیبا،  خوش ساخت و با قیمتی مناسب هستید،  مطمئنا لپ‌تاپ‌های سری 3 کمپانی سامسونگ،  جزو بهترین انتخاب‌های شما خواهند بود.,2,Positive
ضمن اینکه برای این تبلت امکان تهیه داک کیبورد به صورت جداگانه نیز وجود دارد که این نیز یک مزیت دیگر این دستگاه به شمار می‌آید.,1,Positive
حتی در زیر نور آفتاب هم تصویر کاملاً واضح می‌باشد.,2,Positive
هم 3 کارست هم قيمتش با توجه با کاراييش خيلي مناسبه هم اندازه اش متناسبه و هم شيک و زيباست.,2,Positive
جمع بندی یکی از معایب گوشی‌های ویندوز فون 8 نوکیا یعنی لومیا 920 و 820،  قیمت بالای آن‌ها بود که امکان خریدشان را از بسیاری از کاربران سلب نموده بود.,-1,Negative
من دو ماهي هست خريدمش بسيار لپ تاپ خوبيه و نه داغ ميکنه و نه هيچ مشکلي داره و گرافيک و سي پي يوشم بسيار جديد و قدرتمند هست و در نوع خودش خيلي زيبا و کارآمد هست تا وقتي باهاش کار نکني نميدوني چقدر خوش ساخت و با کيفيت و قدرتمند هست,2,Positive
ZS6 از هر نظر یک کامپکت کاملا معمولی است.,-1,Negative
با هر مرتبه شارژ باتری قادر خواهید بود تا بیش از 10 ساعت به صورت ممتد با آن مکالمه انجام دهید.,1,Positive
اگه از اين 2 مورد چشم پوشي کنيم بايد گفت گوشي فوق العاده عالي هست!,2,Positive
نمایشگر 3 اینچی 920000 پیکسلی آن دارای یک تک لولا در قسمت سمت چپ است و کاملا به هر سویی توانایی چرخش را دارد.,1,Positive
• ورودی‌ها و خروجی‌ها از لحاظ پورت‌ها،  4540s بسیار کامل است.,2,Positive
دستگاه بسيار عالي است در ميان رقبا شکي نيست!,2,Positive
از اصلاح کردن قيمت ممنونم.,1,Positive
جزئیات خوب بوده ولی رنگ‌ها کمی مرده هستند ولی در مجموع دوربین ray کیفیت قابل قبولی را ارائه می‌دهد.,1,Positive
زاویه دید صفحه One X Plus نیز بسیار بالاست بطوریکه می‌توان گفت حتی از زاویه دید 178 درجه‌ای،  هیچ‌گونه کاهش کیفیتی را مشاهده نخواهیم کرد.,1,Positive
اما اگر بزرگی این گوشی یک نکته منفی برای شما محسوب نمی‌گردد باید بگوییم که سبکی و باریکی آن بسیار کاربردی و خوش‌آیند است.,1,Positive
وقتی دوربین بر روی این مود است،  کافی است که آن را به سوی سوژه نشانه بروید و دکمه‌ی شاتر را بفشارید تا تنظیمات بر روی بهترین حالت قرار گیرند و با کیفیت‌ترین عکس گرفته شود.,2,Positive
رزلوشن این صفحه نمایش 1280x800 بوده که تراکم پیکسلی بسیار بالایی را ارائه میدهد و خواندن متون بر روی آن بسیار راحت و لذت بخش است.,2,Positive
اما یک ویژگی بسیار خوب که بین آن‌ها مشترک می‌باشد،  گیرنده‌ی داخلی GPS است.,2,Positive
Asha 302 با طراحی زیبای خود،  بسیاری از کاستی‌های خود را پوشش داده است.,1,Positive
البته با توجه به تراکم پیکسلی نسبتا پایین صفحه نمایش شاید برای خواندن متن‌های بسیار ریز مقداری دچار دشواری شوید که با کمی زوم قابل حل خواهد بود.,1,Positive
"روح ارتباطي آيفون فايو با يک عدد سيم کارت رايتل معني ميشه

در ضمن اگر تمام قابليت هاي بي نظير سخت افزاري آيفون رو در نظر نگيريم ،  سيستم عامل اپل هيچ حرفي براي گفتن نميذاره و به هيچ وسيله هوشمند و قابل حمل ديگه اي ،  اجازه عرض اندام نميده

در کل واقعا عاليه

مطمئنا اگر کسي فقط يک بار ،  يکي از محصولات اپل ،  بخصوص ايفون رو خريداري و تجربه کنه ،  ديگه هيچ وقت سراغ هيچ برند و مدل ديگه اي نخواهد رفت .",2,Positive
سامسونگ با اين روند يکه تاز عرصه ديجيتال خواهد شد,1,Positive
در حقیقت خود این دوربین دارای Wi-Fi نیست ولی از طریق NFC می‌تواند با Wi-Fi دستگاه‌های سازگار کار کند.,1,Positive
رابط کاربری دوربین نیز بسیار ساده و کاربردی است.,2,Positive
برای اینکه لرزش دست شما بر روی سنسور تصویر ثبت نشود این دوربین مجهز به لرزش گیر تصویر مکانیکی می‌باشد.,1,Positive
مشکل اين دوربين ها باتري هاي آنهاست .,-1,Negative
من حدود يک ساله دارمش و واقعاً ازش راضي هستم.,1,Positive
ولي اکسپريا ري هم صفحه نمايش با کيفيتي داره هم چگالي تصوير خوبي داره و تصاوير واضحي رو ارائه ميده و هم پردازنده و چيپست گرافيکي بسيار خوبي داره.,2,Positive
حرف نداره .,2,Positive
اولا: تصوير برداري با ان بسيار سخت ميباشد به دليل نداشتن دکمه تله وايد روي دستگاه و سفت بودن رينگ زوم روي لنز اورجينال که چرخاندن ان و تله وايد کردن باعث تکان خوردن دوربين شده و تصوير را خراب ميکند و در ضمن صداي ان هم درتصوير ضبط ميشود.,-2,Negative
برتری اصلی این پنل نسبت به پنل های TN در کیفیت رنگ‌های عالی و زوایای دید بسیار بالای آن است.,2,Positive
دوم اینکه در صورت به زمین خوردن دستگاه، احتمالا لنز دوربین آن خواهد شکست که این یک اشتباه غیر قابل جبران است.,-1,Negative
از نظر من باتري اکسپريا ري در حد ميانگين و شايد کمي رو به بالا کاربرد خوبي دارد.,1,Positive
در ابتدا بابت این باتری کاملا نا امید شدیم،  اما بعد از تست‌های انجام شده شاهد بودیم که این تبلت قادر بود تا 8 ساعت ممتد ویدئو پخش نماید که برای تبلت های 10 اینچی کاملا نرمال است.,1,Positive
از همه نظر عاليه.,2,Positive
همچنین توسط بسیاری از موسسات و نشریات معتبر به عنوان برترین دوربین ورزشی موجود انتخاب و تحسین شده است.,1,Positive
دسترسی نسبتا ساده ای است و در ضمن این تنها کارتریج این دستگاه می‌باشد که توانایی پشتیبانی از چاپ 1600 صفحه پیش از تعویض را هم دارد.,1,Positive
من خريدمش!,1,Positive
اگر اين دوربين رو با يه لنز وايد بخريد عاليه .,1,Positive
علاوه بر اینکه از طراحی زیبا و آرگونومیک بهره می‌برد،  مجهز به پردازنده‌ها‌ی Corei شرکت اینتل و کارت گرافیکی Nvidia GeForce 630M شده است و در کل،  کانفیگ‌ها‌ی قدرتمندی دارد.,2,Positive
من حدود هفت ماهي هست که اين هاردو از ديجي کالا تهيه کردم وتا الان بدون هيچ عيب و نقصي برام کار کرده.,1,Positive
کيفيت ساخت خوب Asus با همکاري Google2.,1,Positive
عکاسي و فيلم برداريش هم خوبه.,1,Positive
"به نظر من اين بهترين هارد موجود است

البته 3 سال گارانتيش خيلي عاليه اما مهمتر اينه که اين هارد خيلي خوب از اطلاعات شما محافظت ميکنه نسبت به هاردهاي ديگر

ولي همانطور که دوستان ديگر اشاره کردند پورت اتصال کابل نسبت به خود کابل کمي ضعيف است",2,Positive
به طوری که می‌توان گفت در این زمینه،  اکنون بی رقیب به نظر می‌رسد.,1,Positive
اگر بخوام اين هارد رو با محصولات و برندهاي ديگه مقايسه کنم بدون شک اين محصول رو در رده اول قرار ميدم.,1,Positive
"مستحکم و بي نظيري هست

با ايجاد يک اکانت اپل به راحتي ميشه از بيشتر امکانات دستگاههاي اپل استفاده کرد

بعضي از امکانات مانند pass book اصلا در ايران کارايي ندارند و اين ربطي به اپل ندارد

از زمان ارائه ios 6 اپل تحريم ها بر عليه ايران را برداشته در حالي که ديگر کمپاني ها مانند گوگل يا مايکروسافت ايران را از ليست تحريم خود حذف نکرده اند

البته قيمت آيفون و s3 اصلا در خارج از ايران هم قابل مقايسه نيستن و گالاکسي نوت 2 هم کمي از آيفون 5 16 گيگ قيمت پايين تري دارد",1,Positive
کيفيت چاپش خوبه.,1,Positive
از بابت آنتن دهي خوبه اجراي برنامه خوبه .,1,Positive
ميشه اينو خريد و تمام برنامه ها رو با اين انجام داد و براي مکالمه يک گوشي خيلي ارزان قيمت خريد واقعا يک دستگاه بي نظيره و خيلي زيباتر از خود ايفون 5 هست.,2,Positive
طراحي زيبا 3.,1,Positive
مطمئن باشید هرگز از سطوحی که به آن متصل شده است،  جدا نخواهد شد.,1,Positive
نور صفحه هم خيلي خوب نيست زير آفتاب ,-1,Negative
شارژدهي باتري مناسب است.,1,Positive
"عاليه

",2,Positive
"حالا هم که در خدمتتون هستم واقعا از گوشي راضي‌ام ، اگر بخوام مقايسه کنم سرعت تاچ ويز و کاربردي‌تر بودنش خيلي بهتر از سادگي سوني هست همه چيز هم جلوي دست آدمه

گوشي من سري G نيست و ساخت چين .",2,Positive
همانند اکثر گوشی‌های خانواده Xperia،  بلندگوی Xperia ray کیفیت بسیار خوبی دارد و از نقاط قوت اصلی آن محسوب می‌شود.,1,Positive
و در کل حس مثبت و خوبي بهش دارم .,1,Positive
تنها مشکلي که در مورد نخريدن اين تبلت باهاش مواجه بودم،  نداشتن gprs و edge روي اين تبلت بود.,-1,Negative
"سلام دوستان

من اين گوشي را 10 روزه خريدم

آندرويد 4 داره

واي فاي هم بعد از 10 روز استفاده از کار افتاد و با سيم کارت کار نميکنه ( آپديت هم نکرده بودم )

باتريش ضعيفه هرچند هر گوشي ديگه اي در اين رده با اين صفحه نمايش بزرگ و سي پي يو زياد باتريش بيشتر از 1 روز جواب نميده و انتظار بيشتر از 1 روز را از اين قبيل گوشي ها نداشته باشيد.",-1,Negative
دوربين خوبي است و قيمت آن مناسب مي باشد.,1,Positive
در کل مشکل خاصي نداره و خيلي کار با اين گوشي لذت بخشه.,1,Positive
"پر سرعت

",1,Positive
"دوربينش هم که عالي



صفحه ي نمايشي که در اين گوشي استفاده کردند از نوع LED-Backlit lcd هست که اين صفحه با رزولوشن اچ دي روي  اين صفحه قرار گرفته که بنظر من مناسب ترين سايز صفحه و بهترين تناسب بين سايز و رزولوشن هست رنگهاي مشاهده شده از نمايشگر اين گوشي هم زنده و لذت بخش هستن با توجه به اينکه اسمارت فون قبليم گلکسي اس 2 بود و جز بهترين صفحه ها بود فکر ميکردم صفحه ي اين گوشي خيلي بد باشه ولي اينطور نبود واقعا کم نداشت از گلکسي به جز چند مورد نا محسوس .",1,Positive
در کل،  عملکرد صفحه نمایش MediaPad 10 به واقع ما را خشنود نمود.,1,Positive
آيفون5 با صفحه ي رتينا با دقت 640*1136 16:9شايد آن چيزي نبوده که هواداران اپل انتظارش را مي کشيدند؛آيفون جديد با بهره گيري از چيپ A6جديد اپل با دوبرابر سرعت بيشتر نسبت 4s با چيپست A5 800MHz عملکردي بهتر از S2سامسونگ 1.2MHzدارد، استفاده کرده است که مي تواند رضايت شما را تا حد زيادي نسبت به اين مورد جلب کند.,1,Positive
اما با وجود ابعاد بزرگ این گوشی،  وجود یک صفحه نمایش 4.3 اینچی بر روی آن مقداری نا امید کننده است.,-1,Negative
استقامتشم خوبه وقتي تو دست ميگيريش کيفيت ساخت رو حس ميکني اگر دنبال يه هارد بي دردسر ميگردين از لحاظ اندازه و سرعت و استقامت اين عاليه.,2,Positive
در مجمو ع من به اين دوربين بيشتر از 3 امتياز از 10 نميدهم و به نظر من اصلا ارزش اين قيمت را ندارد و با اين قيمت شما دوربينهاي بهتري ميتوانيد بخريد.,-1,Negative
دوربينش اونقدر که ميگن ضعيف نيست به نظر من خوبه خلاصه سرعت بالايي داره در خريدش شک نکنيد .,1,Positive
با دوربین فیلم‌برداری JVC مدل GZ-MG555 دیگر برای ثبت فایل‌ها بر روی DVD یا ویرایش آن‌ها مشکلی نخواهید داشت.,1,Positive
از همه لحاظ تبلت خوبيه نسبت به قيمتش.,1,Positive
اپل در گرافيک و پردازنده بي رقيبه.,1,Positive
گوشي بسيار خوبي هستش مخصوصا اينکه آپديت هم براش اومده و همونطور که دوستان گفتن بعد از آپديت هم سطح گوشي‌هاي مطرح بهتر ميشه,2,Positive
به علاوه این تبلت به طور پیش فرض از سیستم عامل اندروید 4.0 استفاده می‌کند که بسیار روان‌تر و بهینه تر از نسخه های پیشین است.,2,Positive
HDMI سرعت تبادل بالای مورد نیاز داده های دیجیتال وضوح بالا از چندی دستگاه را مستقیماً به تلویزیون شما ارائه می کند.,1,Positive
البته همواره حلقه ی دور لنز را بیشتر دوست داریم.,1,Positive
همه چيزش هم در حد خوبيه.,1,Positive
بديش هم ويندوزشه که اصلي نيست و وسايل جانبي نداره مثلا کيف.,-1,Negative
سرعت چاپش خيلي خوبه.,2,Positive
شگفت انگيزه نه ؟,1,Positive
من همه چيزش و چک کردم خيلي خوبه گرافيکشم خوبه بازي ها رو راحت و روان مياره,2,Positive
"کيفيت صفحه نمايشش فوق العاده است,سرعت cpu خيلي بالاست و اصلا کم نمياره,خوش دست و ظريفه و هم چنين محکم.",2,Positive
اگه باطريش خيلي خوب کار کنه  حرف نداره,1,Positive
واقعا دوربين عالي هست .,2,Positive
همچنان که با آن به راحتی می‌توانید به عکاسی زیر آب نیز بپردازید.,1,Positive
بدین ترتیب قابلیت‌های عکاسی در شب W630 بهتر از W670 است.,1,Positive
اما در مجموع، صفحه نمایش Optimus VU نیز عملکرد مناسبی را داراست.,1,Positive
با استفاده عادی از آن مانند مرورگری اینترنت،  تماشای ویدئو،  کار با آفیس،  بازی و یا گوش دادن به موزیک،  چیزی حدود یک روز این تبلت شارژدهی می‌کند که عملکرد بسیار مناسبیست.,2,Positive
سامسونگ به کمک سنسور شتاب سنج،  بعضی کنترل های حرکتی جالب را برای این گوشی در نظر گرفته است.,1,Positive
يکي از پرچم داران بازار در زمينه صفحه نمايش بي شک infinity tf700 است و اين شاخص ترين آيتمي است که کاربريه تبلت را معني مي بخشد.,1,Positive
علاقمندان به فيلم برداري حالا مي توانند به راحتي تصاوير تمام HD کاملا سينمايي و با کيفيت صداي فوق العاده داشته باشند.,2,Positive
من حدود 2 سال هست که دارم ازش استفاده ميکنم،  خيلي ازش راضي هستم.,2,Positive
حالا می‌توانید از تمام برنامه های دلخواه خود در تلویزیون یا از دور لذت ببرید.,1,Positive
هر کاري هم کردم که اين مشکل رو برطرف کنم متاسفانه نتونستم.,-1,Negative
ايده آل ترين دوربين حال حاضر بازار  در رنج 2 ميليون تومان کيفيت فوق العاده باور نکردني که جناب آقاي مهندس حامد صلاحي نمونه فيلمبرداري ون رو در سايت شخصيشون قرار دادن لطفاٌ زير بار قيمت هايي که شرکت ها دارن مي دن نرين چون تا يکي دو ماه آينده با ورود انبوه به بازار قيمت ها شکسته خواهد شد ,2,Positive
بي انصافيه اگه طراحي ظريف، دقيق و زيبا در عين حال مستحکم و متفاوت اين گوشي رو ناديده گرفت.,1,Positive
نازکي و سبکي عالي٢.,2,Positive
من حدود 20 روزه که اين گوشي رو خريدم باورتون نميشه چقدر اين گوشي خوبه دقيقا ميتونم به جد بگم که بهترين مزيتش صفحه نمايش فوق العاده با کيفيتشه من s3 هم داشتم از نظر من هيچ فرقي ندارن تازه اين گوشي 2 سيمکارتست,2,Positive
به هر صورت ویدیوها و عکس های گرفته شده با این دوربین کیفیت بسیار بالایی دارند و صدا هم با کیفیتی بسیار خوب،  به صورت استریو و بهتر از مدل های پیشین ضبط می شود.,2,Positive
ولي به نظر من يکي از کار هاي خوبي که کره اي ها در سامسونگ انجام دادن توليد همين گوشي بود.,1,Positive
من دوربين خريدم راضي هستم,1,Positive
فيلم برداري قابل قبولي هم داره.,1,Positive
تنها عيبي که داره ..,-1,Negative
با چنین پردازنده قدرتمندی،  اصلا جای تعجب نبود که تجربه کاری فوق العاده روانی حاصل شود.,2,Positive
به هر صورت همان‌طور که گفتیم،  F660 دوربین کامپکت سوپر زوم بسیار خوبیست که از ویژگی‌ها و فن آوری های خیلی پیشرفته و خوبی بهره می‌برد.,2,Positive
حافظه داخلي گوشي کمه.,-1,Negative
به نظر من نيازي به معرفيه اين گوشي نبود با وجود note و note2 اما واسه در دست گرفتن بهتر بازار و رقابت با HTC Butterfly اين گوشي معرفي شد که شايد بشه گفت از لحاظ سخت افزاري ضعيفه,-1,Negative
کاربري گفته بود که ايفون از نظر سخت افزاري از s3 پايين تر است اما فقط در اسم دو هسته اي ايفون پايين تر از s3 است و در واقعيت ايفون 5 حتي از نوت 2 هم قدرت پردازش بالاتري را ارايه مي کند.,1,Positive
حتی رنگ‌های تولید شده در مقایسه با iPhone 4S نیز طبیعی‌تر هستند.,1,Positive
از همه نظر کارش درسته کيفيت نمايش،  داغ هم نمي‌کنه،  لگ هم نداره،  هنگ نداره،  عمر باطري 6 ساعت،  طراحي کلاسيک،  در ضمن يکي از مهمترين ويژگيهاي لپ‌تاپها گه کمتر راجع بهش صحبت ميشه مچ بودن سخت‌افزار و يکپارچه عمل کردنشونه که در بسياري از مدلها ديده نميشه.,2,Positive
اگر شما یک دانشجو باشید حتما می دانید که به دفعات برایتان پیش آمده که نیاز به گرفتن کپی و یا عکس از یک کتاب و یا جزوه داشته اید،  مهندسین عمران معمولا نیاز دارند که نقشه های خود را همراه داشته باشند،  وکلا همیشه مدارک زیادی را حمل می کنند و چندین مورد دیگر که در تمامی این ها یک پویشگرهای دستی می تواند به راحتی و در زمانی بسیار کوتاه از این مدارک  ،  نقشه ها و متون  اسکن تهیه کرده و بر روی یک حافظه ذخیره کند و درمواقع مورد نیاز در اختیار شما قرار دهد.,2,Positive
در حين فيلم برداري صداي لنز رو خيلي کمتر از دوربين رقيبش sx 40 canon ميشنويد.,1,Positive
همونطور که مي دونين اپل پردازنده 2 هسته اي داره که با وجود ios باعث قدرت بسيار زياد اون در اجراي هر برنامه و با هر شرايطي مي شه ولي ايسوس TF700T داراي يه پردازنده تک هسته اي معمولي به علاوه يه پردازنده بسيار قدرتمند 4 هسته ايه.,1,Positive
من همه مودهاي عکاسيشو با iso هاي مختلف تست کردم هيچکدوم نتيجه خوبي نميدن از فيلم‌برداريش که نگم اينقد افتضاحه که فک کنم اصلا دوربين من مشکل فني داره !,-2,Negative
در مجموع اگر که ميخواهيد گوشي اي براي 4 يا 5 سال داشته باشيد که قديمي نشه ساپورت بشه برنامه هاي متنوع و با کيفيت بالا داشته باشه اين گوشي رو از دست نديد!,1,Positive
حرف نداره ولي به نظر من PS3 کيفيت تصويرش يه کم بهتره,1,Positive
• جمع بندی ایسوس با این ایده،  تحول جالبی را در دنیای گوشی‌ها و تبلت ها ایجاد نمود.,1,Positive
لپ تاپ خيلي خوبيه از همه نظر حتما به زودي يکيشو از ديجي کالا سفارش ميدم ..,2,Positive
شک نکنين همه بزرگان بازار نياز شما رو برطرف ميکنن.,1,Positive
این قلم نه از نظر ظاهری و نه از لحاظ کارایی، شباهت زیادی به قلم Note های سامسونگ ندارد و بیشتر می‌توان آن‌را یک قلم کمکی نامید که در کار با گوشی به کاربر کمک می‌نماید اما قابلیت‌های فوق‌العاده‌ای ندارد.,-1,Negative
قيمت اين دوربين کمي بالاست ولي تعجبي ندارد چون XR550 از مدل هاي عالي و براي کاربران حرفه اي است.,2,Positive
اس 2 آخرشه حتي از اس3 کارايي دل‌پسندتري داره.,1,Positive
همچنین وجود نور مخصوص فیلم برداری،  به شما در گرفتن فیلم در شرایط نه چندان خوب نوری نیز کمک خواهد کرد.,1,Positive
شما می‌توانید عملکردهایی مانند روشن/خاموش کردن تلویزیون،  عوض کردن کانال،  دسترسی به برنامه‌های کاربردی و گشت و گذار در اینترنت را به راحتی و تنها با اتکا به فرمان‌های ساده صوتی و حرکتی کنترل نمایید.,1,Positive
مانند دیگر SuperAMOLED ها،  رنگ‌ها در این صفحه‌ی نمایش هم بسیار عمیق و زنده نمایش داده می‌شوند.,2,Positive
این در حالیست که در ایزو 400،  نویز بعلاوه‌ی مقداری کاسته شدن از جزئیات و غلظت رنگ‌ها مشاهده می‌شود.,-1,Negative
اول خودم قصد داشتم اين مدل رو تهيه کنم اما بنا به دلايلي از جمله عدم وجود بک لايت که خيلي براي من مهم بود پشيمون شدم.,-1,Negative
با چهار گوش کردن این قلم،  در دست گرفتن و کار کردن با آن بسیار راحت‌تر شده و خیلی دیرتر از کار کردن با آن احساس خستگی خواهید نمود.,1,Positive
پردازشگر قدرتمند IBM PowerPC 3 cores 3.2 GHz به همراه پردازنده ی گرافیکی Xenos،  رم 512 GDDR3 و کارت گرافیک ATI که مخصوص Xbox طراحی شده،  تلفیقی از قدرت و سرعت پردازش مناسب و گرافیک عالی را به وجود می آورد که برای هم برای کاربران عادی و هم گیمرهای حرفه ای مناسب است.,2,Positive
"با سلام

من يک هفته است که دوربين رو خريداري کردم

اولين نکته  که اين دوربين ساخت چين است

دوم اينکه در مود دستي که رنگهاي عکاسي استاندارد و کرم و سياه و سفيد دارد شما عکس کرم را نميتوانيد بگيريد و فقط سياه سفيد و استاندارد را ميتوان انتخاب کرد

سوم اينکه با توجه به قيمت آن عکسهاي خوبي نمي توان گرفت و فقط کار راه انداز است",-1,Negative
با این حال صفحه کلید ASUS X نیز کاملا دوست داشتنی است.,2,Positive
بعد از اين آپديت بسيار کار‌کردن با اين گوشي لذت‌بخش‌تر از گذشته شد چرا که احساس ميکنم گوشي قدرتمند‌تر از گذشته عمل ميکنه و هم اينکه محيط اين نسخه از آندرويد فوق‌العاده کاربردي‌تر و جذاب‌تر شده و هم چنين بسياري از امکانات Galaxy S III هم به بهش اضافه شده.,2,Positive
"که کاملا 

اشتباه ميکنند من حدود 3 هفته است که آپديت کردم هم مشکل واي فاي رفع شد هم منو و 

کيفيت ويجت ها و Wallpaper ها بالا تر رفت !",1,Positive
ولي به نظر من دوره ي گوشيهاي نصفه و نيمه و پر از ايراد ميان قيمت نوکيا ديگه به سر اومده.,-1,Negative
و اين خيلي بهتر است از اينکه گوشي شب 20% شارژ داشته باشد!,1,Positive
به قول دوستمون ديجي کالا يک e bay در سطح مليه که رو دستش نيومده .,1,Positive
به جرأت ميشه گفت يه غول به تمام معنا .,1,Positive
.تاچ خوبي نداره.,-1,Negative
در نگاه اول پايين بودن مقدار حافظه رم و فقدان دوربين دوم براي مکالمات ويدئويي به چشم ميخوره.,-1,Negative
دیافراگم f/2.0 دوربین این گوشی به این معنی است که نور بیشتری به سنسور دوربین برخورد کرده در نتیجه نه تنها سرعت عکاسی گوشی بسیار بیشتر می‌شود بلکه عکس‌ها در فضاهای کم نور از کیفیت بسیار بالاتری برخوردار خواهند بود.,2,Positive
"1-به نسبت قيمتش و در مقايسه با دوربين هاي در اين رده مثل sx40 و fz150  نويز در آن زياد است و عملا بعد از iso 1600 نويز آن شديد ميشود و عکس را خراب ميکند و عکس در حالت عادي خوب است ولي وقتي روي آن زوم کني ميفهمي چقدر نويز دارد

2-در نور کم عملکرد خوبي ندارد

3-باز هم مثل هميشه دستکاري در رنگها که از خصوصيات سوني است و افراد حرفه اي آن را نمي پسندند

4-صفحه نمايش آن گردان نيست

5-قيمتش نسبت به خصوصياتش به نظر من بالاست

6-ايزو بالا و مگاپيکسل بالا آن عملا کارايي ندارد چون حسگر اين قدرت را ندارد که عکس خوبي در ايزو بالا بگيرد و مگاپيکسل آن هم با اين حسگر نميسازد و حتي شايد عکس را خراب کند",-1,Negative
در کل،  باید بگوییم که طراحی این تبلت از طراحی تبلت ها تا به امروز که یا از پلاستیک و یا از آلومینیوم بودند متفاوت می‌باشد و یک نوآوری توسط مایکروسافت محسوب می‌گردد که بسیار دوست داشتنی است.,2,Positive
به نظرم ظاهر قشنگي داره ارزش خريدن داره,1,Positive
FT3،  نسل سوم از دوربین‌های کامپکت مقاوم شرکت پاناسونیک می‌باشد که پس از دوربین‌های FT1 و FT2 به بازار آمده است.,1,Positive
ظرفیت در دسترس برای ذخیره موسیقی در آیپاد شافل،  2GB است که ممکن است برای بعضی کاربران ظرفیت کمی باشد.,-1,Negative
علاوه بر این،  شارژ این کارتریج‌ها تا حدودی سخت است و مانند کارتریج‌های مخزنی ساده نیست.,-1,Negative
دوربين هاي ژاپني همشون عالين .,2,Positive
از لحاظ نرم افزاري در اين قيمت بدون رقيب هست بنده اين نظر را با همين تبلت درج کردم ولي نبايد انکار کرد که اين تبلت عيب بزرگي دارد آنهم پشتيباني نکردن از حافظه ي جانبي هست ولي از لحاظ سرعت و قدرت نرم افزاري از تبلت هاي گران قيمتي مانند 7plus بسيار بالاتر است صفحه ى نمايش آن هم با اينکه سوپر امولد نيست کيفيت بالا و نور دهي بسيار مناسبي دارد و رنگ ها بسيار زنده اند و در آخر بدنه ى پشتي آن مورد برسي قرار مي گيرد که موقع کار کردن حس بسيار خوبي را منتقل مي کند و از عرق دست هم جلو گيري مي کند,1,Positive
علاوه بر روش های مختلف اتصال دوربین به بدن ورزشکار که منجر به ثبت تصاویر از زوایای دید بسیار جذاب و طبیعی می شوند،  این دوربین باید از ویژگی های محافظتی خوبی هم بهره ببرد تا در صورت مواجه با خطرات مختلف از قبیل ورود ضربه یا خیس شدن دوام بیاورد.,1,Positive
"مموري نميخورد

پشت گوشي باز نميشود و باطري قابل تعويض نيست

سايز صفحه نسبت به گوشي هاي اندرويدي کوچکتر است

نرم افزارهاي اندرويد بيشتر و رايگان است اما اپل.",-1,Negative
بدنه خیلی ساده است ولی به هیچ وجه ضعیف به نظر نمی‌رسد.,1,Positive
همچنین این دوربین از کارت‌های Eye Fi نیز پشتیبانی می‌کند که امکان انتقال عکس‌ها و فیلم‌ها به صورت بیسیم به لپ تاپ را میسر می‌سازد.,1,Positive
اونايي که دنبل خريد گوشي با قيمت مناسب باشن.,1,Positive
بنابراین به کمک اسپیکرهای خیلی خوب و نمایشگر با کیفیت، به راحتی می‌توانید با جمع دوستان به تماشای فیلم با N43SM بنشینید و یا به موسیقی گوش دهید.,2,Positive
سلام من 1 روزه اين پرينتر رو خريداري کردم ولي  اصلا کيفيت چاپ رنگي نداره و ازش زده شدم البته فقط پرينت کردنش خوب نيست من هم چون فقط براي همين ميخواستمش ازش زده شدم و گذاشتمش گوشه خونه,-1,Negative
اميدوارم که هر چه زودتر بياد.,1,Positive
ارزان ترين گوشي با سيستم عامل ويندوزفون8..,1,Positive
دوربین فیلم‌برداری JVC مدل GZ-MG555 به قابلیت‌های جدیدی برای کاهش نویز تصویر مجهز است.,1,Positive
این مرورگر از Adobe Flash هم پشتیبانی می‌کند و محتوای آن از قبیل ویدیو و گرافیک نیز کاملا عالی اجرا می‌شود.,2,Positive
درسته،  از همون طراحي قبلي استفاده کرده ولي نازکتر سبکتر و درازتر ولي مراقب باشيد چون واقعا ظريفه و به خاطر جنس بدنش خيلي زود باهاش مشکل پيدا ميکنيد و اگه يه بار از دستتون افتاد خصوصا رنگ مشکيش رنگاي دورش ممکنه بريزه سخت افزار :فعلا يکي از مشکلاتي که از اپل ميگيرن اينه که چرا سخت افزاري مثل اس3 و وان ايکس و سي پي يو 4 هسته اي استفاده نکره خب اپل خوب ميدونه داره چيکار ميکنه همونطور که اطلاع داريد بيشتر از کلاک و هسته نوع سي پي يو مهمه که اپل از A6 استفاده کرده که ظاهرا دو هسته اي با کلاک حداکثر 1.2 هست درسته خيلي از اس3 و وان ايکس پايينتره ولي از اونا قطعا کمتر نيست چون اي او اس واقعا به سي پي و سخت افزار قوي احتياج نداره پس اينو نميتونيم مشکل بدونيم صفحه نمايش :اين گوشي از يه صفحه نمايش 4 اينچي استفاده کرده البته نه 4 اينچي معمولي از يه 4 اينچي درازتر از همه گوشي ها اين صفحه نمايش اصولا براي ديدن عکس زياد مناسب نيست چون اندازه اون با اندازه معمولي عکسا تطابق نداره ولي براي ديدن فيلم وقعا عاليه و ميتونه حتي نقش يه صفحه نمايش 0.5 اينچ از خودش بزرگتر و بازي کنه چون تمام فيلم هاي جديد با رزولوشن  وايد ريليز ميشه البته در مورد فيلم هاي 4:3 اين امر صادق نيست اين صفحه نمايش HD نيست و ppi اون از خيلي گوشي ها هم پايينتره ولي واقعا ساختار خيلي خوبي داره و رنگ ها زنده ترند ولي صفحه نمايش هاي بهتر از اين گوشي خيلي هست سيستم عامل :iPhone OS 6 !,1,Positive
این دوربین از باتری لیتیوم-یونی قابل شارژ NB-11L بهره می‌برد که در هر بار شارژ کامل توانایی پشتیبانی برای گرفتن تا 180 عکس را دارد.,1,Positive
صفحه نمايش رتينا - سبکي و باريکي آن و .,1,Positive
ولي با اين حال من ازش راضيم خصوصا باتريش که حرف نداره و باکار مداوم يه روز و با کاربري استاندارد راحت دو روز جواب ميده.,2,Positive
به هر صورت فاصله‌ی کانونی معادل 25 میلی متر باعث شده است که این دوربین یکی از وایدترین لنزها را در بین دوربین‌های غیر DSLR داشته باشد.,1,Positive
سلام دوستان خوب هستين به نظر من دوربين واقعاً جالب و خوش دستيه که هم کارايى بيشتر هم با اون کيفيت hd  يش رو دست هندى کم هاى دوى کم هم دوربين هاى دوى کم اومده هم سبک هم با کيفيت بيشتر از لنزش خوشم اومده که ميتونم عوضشم کنيم ابن کارايش به نظر من از همش مهمتره هم دقت 14 مکا بيکسليش ,2,Positive
و مشکل  اينطوري ميشه که همراه بانکهاي نصب شده به طور پيش فرض از سيم 1 براي ارسال و دريافت  داخلي استفاده ميکنند  که اگر سيم 1 ثبت بانک نباشه کاري از پيش نميره. 11: خروجي صداي خوبي داره مخصوصا با بيتس و هندفري s2  samsung  که از هندفري خودش بهترن 12: سرعت مرورگر چه با واي فاي چه با اينترنت رايتل خوبه البته به سرعت نت هم بستگي داره  اما در قسمتهايي که فونت خيلي ريز باشه ديدن صفحه نمايش با فاصله سخت ميشه که بايد زوم کرد يا نزديکتر شد.,1,Positive
هر موقع بياد تو ديجي کالا ميخرمش,1,Positive
گاهي اوقات موقع اس ام اس دادن يا استفاده از wifi هنگ ميکنه.,-1,Negative
"خيلي گوشي خوبيه 

دوستام داشتن ازش راضي بودن

فقط با اين که I9100G هم بود بازم داغ مي‌کرد که با يه بک کاور انداختن مشکل حل ميشه

کيفيت صفحه .",1,Positive
عالي ولي اي کاش sms و camera  هم  داشت.,1,Positive
امکانات زیادی را در اختیار کاربر قرار می‌دهد.,1,Positive
در غير اينصورت توليد مدل جديد عملا کار بيهوده‌اي بوده است.,-1,Negative
"به نظر من تبلت خوبيه ولي زماني که من اينو داشتم :کيف و کاوري براش نبود 

",-1,Negative
پس خريدش اصلا منطقي‌ نيست مگر دنبال چيز ديگه‌اي باشيد به جز کارايي‌.,-1,Negative
در کل همان طور که گفتیم،  Miro در سطح مبتدی گوشی‌های اندرویدی با استاندارد سال 2012 قرار می‌گیرد که امکاناتی درخور را با قیمتی مناسب ارائه می‌دهد.,1,Positive
همچنین تنظیمات بسیاری نیز به برنامه دوربین گوشی اضافه شده است.,1,Positive
در کل همان‌طور که گفتیم،  Ixus 240 HS هم دوربین دیگری از سری کوچک و استایلیش کانن است که همانند برادران خود برای کاربرانی که به دوربین‌های کوچک و با کیفیت برای عکاسی‌های روزانه احتیاج دارند ساخته شده است.,1,Positive
با قابلیت‌های ارتباطی بهتر می‌توانید فایل‌ها و برنامه‌های چندرسانه‌ای خود را آسان‌تر به اشتراک گذاشته و از آنها لذت ببرید.,1,Positive
این دوربین مجهز به فن آوری لرزش گیر اپتیکال Steady Shot می‌باشد تا بدین ترتیب لرزش دست شما اثر کمتری در عکسی که می‌گیرید داشته باشد و حتی در صورت استفاده از زوم بالا یا سرعت شاتر پایین هم بتوانید عکس هایی شارپ داشته باشید.,1,Positive
همچنین یک برنامه بسیار کاربردی در جهت ارائه نیز می‌باشد.,2,Positive
جعبه‌ی این گوشی را که باز می‌کنید با تجهیزات خیلی ساده ای مواجه می‌شوید.,-1,Negative
"سلام دوستان 

من اين گوشي رو 2-3 روزي هست که ميشه گرفتم حافظه بالايي رو داره صفحه تاچش قوي هست باتريش واسه من که خوب جواب داده دوربين انتظارات رو تا حدودي برآورده ميکنه بازي hd رو راحت اجرا کرده تنها عيبي که به نظرم داره کيفيت صداش هست.",1,Positive
ولي به نظر من کلا عملکرد باطريش خيلي راضي کننده و خوبه.,2,Positive
"گوشي واقعا خوش دست و شيکي هستش و سرعتش هم عاليه 

اگه به اندرويد 4 آپ نکنيد بهتره، چون گوشي تو منو سرعتش پائين مياد و دلتون رو ميزنه",1,Positive
سر و صداي نسبتا متوسطي هم هنگام کار دارد ولي کيفيتش خوبه,1,Positive
با يک بار شارژ کامل اين تبلت و داک آن مي توانيد با خيالي آسوده به ماجراجوئي در دل طبيعت برويد و از تعطيلات آخر هفته به همراه اين تبلت لذت ببريد.,1,Positive
گوشي s2 يکي از گوشيهاي فوق‌العاده‌ي بازار گوشيهاي هوشمنده .,2,Positive
بنظرم گوشي زيبا و خوبي ميباشد من هنوز نخريدم ولي يکي از دوستانم خريد کرده و من خيلي ازش خوشم آمده است از نظر امکانات عالي هست و من فکر کنم در آينده اي نزديک هم خودم بخرم ممنونم از سايت شما ,1,Positive
مقاومت آن در برابر جذب اثر انگشت و کثیف شدگی از استاندارد گوشی های هم رده بالاتر است.,1,Positive
در کل گوشي عالي است و من هم ازش راضي هستم و تا الان (2/1/2013) در اين رنج قيمت بهترين است .,2,Positive
متاسفانه لنز فاقد کاور فلزی می‌باشد که بر روی بعضی دوربین‌های دیگر دیده بودیم.,-1,Negative
همچنین دید در زوایای مختلف آن نیز بسیار خوب است.,2,Positive
این دقت برای اینکه از نگاه کردن و کار کردن با آن نهایت لذت را ببرید کافیست.,1,Positive
درست است که سامسونگ و اچ تي سي از سي پي يو  قدرتمند 4 هسته اي استفاده ميکنند اما متاسفانه اپليکيشن هاي  آندرويد به اندازه سي پي يو هاي 4 هسته اي ارتقا داده نشده اند.,-1,Negative
"سرعت بالاي cpu

دوربين مکالمه ويدئويي خوب

نصب مستقيم برنامه ها و بازي هاي بر روي SD کارت

بازي هاي HD رو هم راحت اجرا ميکنه

اما معايب:

دوربين گوشي با اينکه 5 مگاپيکسله اما زياد چنگي به دل نميزنه.",1,Positive
در اين سال مايکروسافت با کنسول جديد خود به نام XBOX 360 توانست زود تر از رقيب خود يعني سوني،  کنسولي پيشرفته را در اختيار کاربران يا به اصطلاح گيمرها قرار دهد.,1,Positive
اگه کمي هم جستجو بکنيد ،  ميتونيد هدست بلوتوث استريوي سامسونگ رو هم پيدا کنيد که ديگه جواب دادن تلفن و گوش کردن موسيقي با کيفيت عالي هم کار راحتي ميشه.,1,Positive
با دسترسی به فروشگاه Android Market می‌توانید به هزاران برنامه، بازی و نرم افزار نوشته شده برای آن دسترسی پیدا کنید.,1,Positive
می‌توان گفت که در این حدود قیمت صفحه نمایش‌های با رزولوشن بیشتری نیز وجود دارند،  اما در کل صفحه نمایش Stylistic M532 رضایت بخش می‌باشد.,1,Positive
با این حال در حساسیت 800 اوضاع تا حدی خراب می شود.,-1,Negative
بعلاوه‌ی اینکه چنین لنزی بر روی این دوربین کامپکت واقعا کم نظیر است.,2,Positive
"سبک

ابعاد خيلي عالي

سرعت بالا",2,Positive
يکي از لپ تاپ هاي خوب شرکت HP هستش.,1,Positive
واقعا ممنون ديجي کالا لطفا هميشه اخبار اين گوشي رو دنبال کنين,1,Positive
اما این بار فوجی فیلم شاهکاری دیگر را خلق کرده است که قطعا در CES 2011 یکی از بهترین‌ها بود.,2,Positive
باسلام اکسپريا ري يکي از بهترين گوشي ها در مقايسه با قيمت آن است.,1,Positive
شک نکنيد در خريد اين گوشي که يکي از بهترين‌هاست ..,2,Positive
متاسفانه سایر برنامه‌ها بر روی این صفحه نمایش ظاهر زیاد خوبی ندارند.,-1,Negative
ضمنا سامسونگ در Note 8 از سریع‌ترین مرورگر دنیا یعنی کروم استفاده نموده است.,1,Positive
به علاوه از آنجایی که این حافظه‌ها از نوع Flash هستند،  بر خلاف هاردهای معمولی بر اثر لرزش و ضربه های کوچک ایجاد شده بر اثر مصارف روزمره،  دچار آسیب نمی‌شوند.,1,Positive
عمل Pinch too Zoom که با دو انگشت صورت می‌گیرد،  کاملا بدون خطاست.,1,Positive
پردازنده ي اين گوشي نه تنها سريع هست بلکه از سيستم عاملي بهره مي برد که از تمام  پردازش گر استفاده ميکند 4.,1,Positive
در ابتدا تيم توسعه‌دهنده کنسول‌هاي بازي در شرکت مايکروسافت تصميم داشت کنسول XBOX ۳۶۰ را با نام زنون (Xenon) يا XBOX 2 به بازار معرفي کند،  اما شرکت مايکروسافت براي اين‌که طيف اثر گذاري اين محصول را بيشتر براي مردم نمايان کند،  نام ايکس‌باکس ۳۶۰را بر آن نهاد.,1,Positive
يکي ديگه از اشکال هاي اون قيمت نسبتأ زيادش  و ديگري اينکه هنوز بلوتوثش بسته است و فقط براي هدست.,-1,Negative
اگر شما به اينترنت پرسرعت دسترسي داريد و به بازي هاي آنلاين علاقه منديد قطعا X360 بهترين گزينه براي شماست به خاطر شبکه فوق العاده Xbox Live که مايکروسافت واقعا ساپورت خوبي از اين شبکه ميکنه.,2,Positive
گوشي بسيار مناسب و قدرتمنديه.,2,Positive
گوشي خيلي خوبي به نظر مي رسه.,2,Positive
قيمتش خيلي اومده پايين کاملا هم گوشي عالي هست.,2,Positive
يا شايد هم در مقابل دارندگان ps3 شرمنده شويم!,-1,Negative
البته با این لنزها دیگر فوکوس خودکار امکان‌پذیر نمی‌باشد.,-1,Negative
جاي دو تاي آخري مناسب نيست چون ال سي دي که کابل ها به آن وصل شوند مناسب نيست و حرکت و فيلم گرفتن در موقع اتصال به تلويزيون را کمي سخت ميکند.,-1,Negative
در ضمن،  یک پکیج از نرم افزار های کاربردی ساخت گوگل نیز در اختیار کاربران هواوی مدیاپد 10 قرار دارد که برنامه‌هایی مانند Gmail،  Google Plus،  YouTube،  Google Maps،  Google Chrome و غیره را شامل می‌شود.,1,Positive
نرم افزار به طور پیش فرض Retina MacBook Pro از سیستم عامل OS X نسخه Lion استفاده می‌کند ولی اپل به خریداران این لپ‌تاپ،  امکان ارتقا به Mountain Lion را به صورت رایگان فراهم کرده است.,1,Positive
کلا i9100 غير از باتري اونم بخاطر سخت‌افزار قدرتمندش از همه لحاظ بهتر از i9100g هستش.,2,Positive
با تعويض چند آي سي و دوباره پروگرام کردن مشکلم حل شد ولي خرج برام گذاشت.,-1,Negative
اولین نکته ای که میخواهیم در رابطه با این تبلت بگوییم این است که این اولین تبلتیست که دارای گواهی PlayStation است.,1,Positive
علت داغ کردنش ميتونه هارد سنگين اون باشه که عمدتا هم هارد هاي wd هستن که با گذاشتن يه کولينگ حل ميشه ؛ لپتاپي که براي کار مهندسيست با مشکلات زيادي مواجه ميشه پس داشتن ديسک درايور ها الزاميست چون امکان داره با مشکلات متعدد نرم افزاري  نياز به نصب ويندوز داشته باشه و وقت زيادي براي تهيه ي اون نباشه.,-1,Negative
"همه و همه در اپل معنا پيدا ميکنه، به نظرمن آيفون ۵ نتونست انتظارات رو برآورده کنه،  با اينکه بي نظيره ولي من خودم باهاش کار کردم، غير از سبکيش، ۴اس خودمو ترجيح ميدم، چون واقعا تفاوت زيادي ندارند، اما اگه ميخوايد بخريد،  منتظر معرفي آيفون۵اس باشيد که مطمئناً مثل ۴اس دنياي تکنولوژي رو دگرگون ميکنه، 

حس استفاده از محصولات اپل بي نظيره، 

موفق و سربلند باشيد، ",1,Positive
تبلت خوبيه ولي سامسونگ از لحاظ نرم افزاري براي اين تبلت نسبت به تبلت 10 اينچي 8000 کم گذاشته ولي از نظر سخت افزاري کيفيت خوبي داره و سرعت پردازش بسيار بالايي داره و حتي اگر تعداد زيادي برنامه سنگين نصب بشه برنامه ها راحت باز ميشه.,1,Positive
صداي خوب .,1,Positive
درسته منو فارسي نداره ولي حداقل ميتونين مطمئن باشين که يه دوربين ساخت ژاپن خريدين نه ساخت چين.,1,Positive
در عوض همه‌ی کنترل‌های لمسی و غیر لمسی ارگونومی بسیار خوبی دارند و عملکردشان کاملاً راضی‌کننده است.,2,Positive
يکي از بهترين کنسول هاي موجود در ايران هست چون قيمت بازي هاي نسبت به ps3 کمتره و همون کيفيت رو داره و مي تونم بگم که بهتر هم هست!,1,Positive
خيلي خيلي خوبه عاليه,2,Positive
استاندارد نظامي IPX7 و IEC529 طبق نظر سازندش داره که چند بارم امتحانش کردم جواب ميده هميشه گفت تنها ايراداش نداشتن انعطاف کافي کابلشه که به سوکت هارد فشار مياره که اميدوارم از شرايط گارانتيش باشه و يکي ديگشم اينکه سوکت سمت هارد که نميدونم چه استانداردي هست اگه mini usb بود شايد بهتر بود البته سازندش بايد ديد علتش از اين کار چي بوده,-1,Negative
حرف نداره,1,Positive
حرف نداره از کيفيت تصوير تا کيفيت ساخت و .,2,Positive
در ضمن قيمت بازي هاي اون هم به دليل کپي خور شدن دستگاه بسيار مناسب است (حدودا 3000 تومان) .,2,Positive
با تمام نقد هايي که تا کنون ميان گوشي هاي اندرويدي و اي اُ اس شده و تبليغات زيادي که براي گوشي هاي چهار هسته اي ميشه ولي باز ايفون 5 خودشو ثابت کرد و با اين که گفته ميشه سي پي يو دو هسته اي داره صفحه نمايش 4 اينچي با تراکم پيکسلي 326ppi (رتينا)نسخه 6 از سيستم عامل iOS دوربين 8 مگاپيکسلي بسيار با کيفيت و توانايي فيلم برداري با کيفيت Full HDدوربين مکالمه تصويري 1.2 مگاپيکسلي بهترين عملکرد سخت افزاري در بين گوشي‌هاي هوشمند تا به اين زمان ابعاد و وزن شگفت انگيز جنس بسيار با کيفيت بدنه کيفيت مکالمه فوق العاده پشتيباني از 4Gصفحه نمايش ضد خش با پوشش مقاوم در برابر اثر انگشت بهره گيري از سيستم هوشمند سخنگوي Siri عملکرد خوب باتري نمونه هايي از نقاط قوت اين گوشي در کنار نقاط ديگر هستند,2,Positive
اما به جز این مود،  HX10v خوشبختانه از مودهای Program و Manual Exposure هم بهره می‌برد.,1,Positive
گوشي بسيار جالبيه با امکانات سخت‌افزاري و نرم‌افزاري بسيار قوي.,2,Positive
در حالی که باتری بسیاری از دوربین‌ها،  در دماهای زیر صفر دیگر رمقی برای شارژ دهی ندارد،  باتری FT3 به راحتی تا دمای منفی 10 درجه‌ی سانتی‌گراد پشتیبانی و شارژ دهی می‌کند.,1,Positive
")

روان بدون هنگ

نرم‌افزار دوربين حرفه‌اي!",1,Positive
من اينو به همه توصيه مي کنم.,1,Positive
این ویژگی Voice to Speech در جاهای دیگر گوشی مثل جستجو در گوگل یا در مروگر برای نوشتن آدرس های اینترنتی هم کاربرد دارد.,1,Positive
مودهای عکاسی خیلی متنوع هستند.,2,Positive
بدنه به طرز عجیبی اثر انگشت را به خود جذب نمی‌کند و این مسئله بسیار خوب است چرا که کمتر احتیاج به تمیز کردن بدنه‌ی نوت‌بوک پیدا می‌کنید.,2,Positive
اين پرينتر راحت در شبکه شير ميشود .,1,Positive
کيفيتش هم اصلا پايين نيست که بيشتر سايت ها نوشتن کيفيت مورد قبولي نداره که در اشتباهند.,2,Positive
رزولوشن چشمي دوربين بيشتر از مدل هاي قبلي است ارچه اندازه اش کوچکتر شده.,1,Positive
2-استفاده از نمايشگر 15.4 اينچ Retina براي اولين بار 3-فن آوري جديد در سيستم خنک کننده اين دستگاه که ايده اي بسيار خلاقانه داره،  نه تنها در کاهش صدا به روشي ساده بلکه استفاده از روند جريان هوا از دو پهلو که در عمل باعث کاهش ورود گرد و غبار نسبت به روش سنتي به داخل لپ تاپ مي شود4-استفاده از 2 عدد رابط Thunder Bolt که به نظر من فوق العاده است.,2,Positive
"هارد واقعا عاليه

از کف دست کوچيکتر و با کارايي و سرعت بالا.",2,Positive
در حالت پاناروما عيب اين دوربين مشخص ميشه و دليلش هم زنده بودن اين خاصيته که باعث کم شدن کيفيت عکس ميشه.,-1,Negative
وجود فلش پلیر بر روی اندروید 4 باعث می‌شود که فیلم‌ها و بازی‌های فلش هم بدون هیچ مشکلی نمایش داده شوند.,1,Positive
طراحی این گوشی بسیار زیبا و خوش دست بوده و به دلیل وزن بسیار سبکی که دارد،  نگه داشتن آن در دست بسیار لذت بخش است.,2,Positive
سرعت خيلي خوبه و کم نمياره.,2,Positive
تمامي امکانات يک گوشي در حد متوسط اندرويد را دارا مي باشد ولي داراي دو اشکال به شرح زير مي باشد:1- تاچ گوشي به نظر ضعيف تر از گوشه هاي هم رده مي باشد!,-1,Negative
در طرف ديگر وقتي که اين گوشي را به يک تقويت کننده ي صداي خارجي متصل مي کنيد مشاهده خواهيد کرد که از صداي خوبي برخوردار خواهيم بود .,1,Positive
به قياس قيمت و کارايي از آيپد ميني بهتره 7.,1,Positive
و نقش خلاقیت و ایده‌های مبتکرانه کلیدی‌تر شده است.,1,Positive
این لنز در حالت واید 25 میلی متر به راحتی توانایی پوشش میدان دیدی بسیار گسترده را دارد تا بتوانید در یک کادر عکس یک چشم انداز گسترده‌ی طبیعی را بگیرید.,1,Positive
"من اين گوشي رو از زمان ارائه به ايران خريدم دوربينش از 8 hd هم بهتره و واقعا رابط کاربري رواني داره و تمامي بازي ها و برنامه هاي ديتا دار تا 1گيگ رو ساپورت ميکنه و کلا خيلي خوش‌دست و مقرون به‌صرفه است ولي مشکلي که داره اين است که نه محافظ صفحه داره نه محافظ ژله اي درست ضد خش است ولي حتما روزي خش مي افته صداش متوسطه فلاشش همانند اس2 است و شايد بهتر

توصيه ميکنم بودجه کمي داشتيد حتما بخريد",1,Positive
من الان نزديک دو هفته است که خريدم کاملا و کاملا ازش راضي ام.,2,Positive
ولي در کل بهترين گوشيه که ديدم من که ازش راضيم,1,Positive
در عوض بي نهايت زيباست کيفيت دوربينش هم خوبه,2,Positive
اين گوشي هم يکي ديگر از شاهکارهاي سامسونگ است که اندازه ي ان نسبت به S2 هيچ فرقي نکرده .,1,Positive
بنظر من اين تبلت کاملاً مهندسي شده و معقول هست .,2,Positive
از نظر قیمتی این گوشی در سطحی قرار گرفته که به خوبی می‌تواند با رقبای هم رده رقابت کند.,1,Positive
خوش بختانه با hotspot موبايلم به راحتي تونستم به gprs و edge کانکت شم و از اينترنت استفاده کنم.,1,Positive
با تشکر از ديجي کالا گوشيه خوبي است اما ظاهر زيبايي ندارد متأسفانه اما از نظر سخت‌افزاري قوي است,1,Positive
تا ایزو 400 نویز در عکس‌ها مشکل ساز نیست.,1,Positive
S می‌باشد که از تاثیر زیاد اثر لرزش دست شما در فیلمی که می‌گیرید جلوگیری می‌کند.,1,Positive
همچنین این دوربین توانایی عکاسی پیاپی با سرعت 8 فریم بر ثانیه در رزولوشن کامل را نیز دارد.,1,Positive
البته مانند سایر گوشی‌های 3.3 اینچی،  تایپ کردن با این گوشی به خصوص در حالت عمودی نیاز به کمی تمرین دارد ولی هنگامی که گوشی را به حالت افقی می‌برید،  تایپ کردن بسیار راحت  و لذت بخش می‌شود.,1,Positive
همان‌طور که گفتیم،  این دوربین مجهز به لنز فوجینون 24-360 میلی متر با توانایی زوم 15 برابر است که تا کنون برای یک دوربین کامپکت در این ابعاد کوچک بی سابقه بوده است.,1,Positive
اما به واقع برای تماشای ویدئو، چندان مناسب نمی‌باشد.,-1,Negative
این دوربین طبق معمول و انتظار توانایی عکاسی در فرمت RAW را نیز دارد تا برای حرفه ای ترها و ویرایش عکس ها مناسب تر باشد.,1,Positive
مجهز به يک گيگابايت رم 11.,1,Positive
البته تفاوت هایی به خصوص در دستگیره و قسمت پشتی دوربین دیده می‌شود اما هر سه ابعادی کاملا کوچک و دستگیره‌ای نسبتا بزرگ و خوب دارند.,1,Positive
"من الان يه ماهي دارمش ازش خيلي راضيم عاليه 

فقط اگه يه مقدار دوربينش عالي بود بهتر مي شد 

",2,Positive
هارد خيلي خوبيه ؛ من واقعا راضيم و هيچ مشکلي باهاش ندارم .,2,Positive
فیلم های گرفته شده با این تبلت جزئیات قابل قبولی را نشان داده و از کیفیت صوتی بسیار مناسبی برخوردارند.,2,Positive
بهترين گوشي از هر نظر فکر کنم تا 4 سال ديگه هم همه برنامه ها و بازي ها رو راحت اجرا کنه!,2,Positive
روی این دستگاه تا حدودی شلوغ بوده و تعداد زیادی کلید وجود دارد.,-1,Negative
با این حال طبق ادعای کمپانی، این دوربین از نظر پردازش عکس‌ها قوی‌تر عمل می کند تا عکس‌های با کیفیت‌تری بدست آید.,1,Positive
گوشيه خوبيه با نرم افزار Antutu benchmark تست گرفتم امتياز 6100 داد تازه چيپست qualcomm msm8225 snapdragon رو تو سايت خود کوالکام پيدا کردم سي پي يو رو زده بود 1 تا 1.2 گيگاهرتز dual core cortex A5 و جي پي يو هم adreno 203 و اينکه رو جعبه اش هم زده بود دوهسته اي.,1,Positive
بخوام تو يه جمله بگم به هيچي نه نميگه .,1,Positive
با اينکه تکنولوژي جديدي توسط اپل رونمايي نشده،  ولي بازم اين گوشي جزو قوي ترين گوشي هاي توليد شده تا به امروز محسوب ميشه.,1,Positive
سومین و یکی از مهم‌ترین قابلیت‌های جدید گوشی Galaxy S III،  سیستم فرمانبری صوتی پیشرفته گوشی یا S Voice است که در حقیقت نسخه اندرویدی Siri می‌باشد.,2,Positive
اصطلاحا به دوربین هایی چون P7700 دوربین های کامپکت High End گفته می شود و مشخصه ی آن ها نیز بدنه ی بزرگ فلزی،  بهره گیری از بهترین امکانات و ویژگی ها و البته تا حد ممکن تولید عکس هایی برتر است.,1,Positive
نورسنجی هم خیلی خوب صورت می‌گیرد.,2,Positive
(البته به نوع پرينت هم خيلي بستگي داره) من الان 1 سال و نيم هستش که از اين دستگاه در کافي نت دارم استفاده مي کنم و بطور معمول هم حداقل روزي 70 برگ پرينت مي گيرم تا به امروز مشکل خاصي بر نخوردم.,1,Positive
عاليه فقط همين,2,Positive
مقاومت آن در برابر جذب اثر انگشت و کثیف شدگی از استاندارد گوشی‌های هم رده بالاتر است.,1,Positive
کارکرد جالب‌تر آن،  جائیست که از قابلیت لمس شناور آن بهره می‌برید.,1,Positive
متأسفانه عکس‌های گرفته شده با دوربین این تبلت از کیفیت رضایت بخشی برخوردار نیستند.,-1,Negative
يه برنامه براي 3 بعدي کردن عکس ها داره حالا زيادم انتظار بالايي نداشته باشين از نرم افزاره ولي به امتحانش ميارزه يه مورد هم از معايبش اينه که اگه وسايلي مثل کيس يا هر چيز ديگه مي خواين با پورت SVIDEO وصل کنيد ورودي SVIDEO نمي‌خوره ,-1,Negative
ال‌جی با طراحی بافت دار قاب پشتی این گوشی،  علاوه بر زیبایی آن،  باعث افزایش اصطکاک سطح گوشی با دست و در نتیجه کاهش احتملا لیز خوردن گوشی از دست شده است.,1,Positive
" چند نکته: چند قابليت خيلي خوب داره از جمله تشخيص پلک زدن 

تشخيص لبخند و چهره بسيار قوي و ..",2,Positive
گلکسی اس3 یکی از بهترین گوشی‌های موجود در بازار برای مرورگری اینترنت است.,2,Positive
"من الان يک ساله دارم ازش استفاده ميکنم

تا حالا هم مشکلي پيش نيومده خيلي ازش راضيم",2,Positive
تو تمام نقدا و بنچمارکا از گوشياي ديگه که سخت افزارشون مثل اين گوشيه سر تر بوده.,1,Positive
"اين گوشي عاليه فقط منتظريم بياد

",2,Positive
هم شيکه هم کار راه انداز.,1,Positive
دوست عزيز در مورد حرکت اسلو در کامپيوتر شما بايد بگم که سرعت کامپيوتر شما ضعيف است بايد کامپيوتر خود را ارتقاء بديد دوربين عاليه.,2,Positive
خيلي ها بهم گفتن از بين  دوربين هاي کنون و سوني ،  کنون رو انتخاب کنم اما امتيازاتي از جمله 1-سرعت فيلم برداري 2-لنز قوي کارل زايس آلماني 3- ارگونومي و طراحي ،  باعث شد که سوني رو به کنون ترجيح بدم ..,1,Positive
"من همين امروز گوشي رو خريدم گوشي واقعا عاليه دوربين با کيفيت بالا و اينکه نسبت به قيمتش اندوريدش 

خيلي بالاست ولي بديش اينه که منو نداره نمي خوام به خاطر همين يک ايراد ازش امتياز کم کنم ولي گوشي اي

که اين همه امکانات داره نسبت به قيمتش واقعا مناسبه توصيه ميکنم اين گوشي رو بگيرين",1,Positive
صفحه نمايش بسيار با کيفيت HD با تراکم پيکسلي 297 پيکسل 2.,2,Positive
اما خيلي راحت اگه گوشي موبايلتون hotspote داشته باشه،  مثل آب خوردن مي تونين gprs و edge رو روي تبلت تون داشته باشين.,1,Positive
این لنز فواصل کانونی معادل 43.6-436 میلی متر را پوشش می‌دهد که البته باعث می‌شود در 43.6 میلی متر چندان لنز وایدی نباشد و میدان دید محدودی را در بر گیرد.,-1,Negative
من حدوداً ۱ ماهي‌ که مي‌شه اين گوشي رو دارم، راضي‌ هم هستم، در مورد دکمه‌هاي لمسي پايين گوشي بايد گفت که حساسيت اين دکمه‌ها کم نيست، بلکه قسمت حساس اين دکمه‌ها خيلي‌ ريز طراحي‌ شده، واسه همين يا بايد دستتون رو روش بکشيد يا اينکه نقطه حساس رو پيدا کرده و طبقه عادت بتونين دقيق اون نقطه رو لمس کنين (دقيقترش مي‌شه يه ذره بالاتر از علامت روي دکمه ها، تقريبا نوک علامت ها)، اينطوري ديگه نيازي به کشيدن هم نداره.,1,Positive
بسته بندي خيلي خوبي کرده بودن و طوري بود که توي حمل و نقل آسيب نميديد.,2,Positive
اين گوشي در رنگ ها و استايل هاي مختلفي نيز عرضه مي شود که در زير نمونه اي از اين رنگ ها را مشاهده مي کنيد.,1,Positive
تصاویر گرفته شده با دوربین این تبلت کیفیت فوق‌العاده بالایی دارند.,2,Positive
از فلش به طور کامل پشتیبانی می‌شود و حتی صفحات اینترنتی سنگین نیز به راحتی و به سرعت باز می شوند.,2,Positive
کيبوردش واقعا عاليه.,2,Positive
اين براي نوکيا خيلي اهميت دارد چرا که با عرضه ي اين گوشي فروش زيادي خواهد کرد.,1,Positive
يکي از مهمترين و اصلي ترين گزينه هاي يک عکس در هنگام کروپ آن ،  عدم مشاهده اوجاج و حاشيه و پراکندگي رنگ اضافه در سوژه ميباشد و تمام برندهاي دوربين عکاسي با ساختن لنزهاي بسيار حساس و دقيق سعي در از بين بردن اين مورد ميباشند و نيکون در اين خصوص نسبت به سايرين موفق‌تر بوده .,1,Positive
اما به نظر می‌رسد که این گوشی نیز جزو گوشی‌های موفق کمپانی ال جی قرار بگیرد.,1,Positive
به محض اینکه برای نخستین بار دستگاه را روشن کردید یک فرایند خودکار پیکربندی را اجرا می کند که حدود یک دقیقه به طول می انجامد.,1,Positive
"در عوض رزولوشن بالاي تصوير دقت تصاوير رو خيلي بالا برده و در آخر با پردازنده ي دو هسته اي اين اسمارت فون شما قادر به انجام هر گونه بازي و مرور در صفحات وب به آسوني  هستيد 

",1,Positive
برای شروع،  اپل تمام برنامه های اصلی خود (مانند Aperture،  iMovie،  Final Cut Pro X) را برای این صفحه نمایش به‌روزرسانی کرده است ولی برنامه های جانبی دیگر (مانند مرورگر Google Chrome) که برای چنین دقتی طراحی نشده‌اند،  به این خوبی نخواهند بود.,-1,Negative
ارگونومی، طراحی و ساخت آن نیز کاملاً عالی، با کیفیت و اصولی می‌باشد تا در هنگام عکاسی تسلط کامل را بر دوربین داشته باشید.,2,Positive
من که خيلي از صفحه نمايشش راضيم.,1,Positive
"خدا رو شکر پرينتر خوبي هست هم سرعتش بالاست هم کيفيتش که تا حالا خوب بوده

مدت زيادي نيست که دارمش اما ازش راضي هستم",2,Positive
بنابراین اگر به دنبال دوربینی با این ویژگی‌ها هستید،  W630 گزینه‌ی مناسبی است.,1,Positive
يکي‌ از بي‌‌نقص‌ترين گوشي‌هايي‌ که تا حالا داشتم.,1,Positive
من 2 ماه که اين تبلت رو از ديجي کالا خريدم و در اين رنج قيمت بهترين تبلت.,2,Positive
(با يک کاور حل ميشه!,1,Positive
بنظرم عاليه.,2,Positive
قيمت بالا .,-1,Negative
رابط کاربری بسیار ساده و کاربردی و کیبورد مخصوص آن نیز بسیار خوب طراحی گردیده‌اند.,2,Positive
حتی عکس‌های پانوراما نیز بسیار شارپ بوده و جزئیات خیلی دقیقی دارند.,2,Positive
فوق‌العادست.,2,Positive
سرعت تایپ‌کردن ما با آن؛ از صفحه کلید هر گوشی دیگری بهتر بود.,1,Positive
اين گوشي داراي مسنجر QWERTY بوده و همچنين از 2 سيم کارت پشتيباني مي کند.,1,Positive
آیپاد شافل تنها یک پلیر قابل حمل نیست،  بلکه به راحتی می توانید آن را به لباستان یا کیفتان وصل کنید و از شنیدن موسیقی لذت ببرید.,1,Positive
براي گيم گرفتمش و رقيبش asus k53 هست که البته cpu اين جديدتره.,1,Positive
داغ نميکنه.,1,Positive
"۳٫ پشتيباني کامل از سايه‌زني نسخه ۳ براي پردازش بازي‌هاي جديد

۴٫ قابليت پردازش ۴۸ ميليارد دستورالعمل سايه‌زني در ثانيه که توان پردازشي چشم‌گيري را در اجراي بازي‌ها به وجود مي‌آورد.",1,Positive
منو عاليه.,2,Positive
"اما در مورد کيفيت رنگش بايد بگم که تا قبل از تمام شدن رنگ اوليه،  کيفيت فوق العاده بود

متاسفانه بعد از شارژ مجدد از کيفيت رنگ اوليه کاسته شده است ولي در کل چاپگر مناسبي هست

و از خريدش پشيمون نميشيد.",1,Positive
از لحاظ کيفيت هم همه ميدونن(مخصوصا سامسونگيها)اپل حرف اول رو تو دنيا ميزنهنوت2 رم 2 گيگ داره و ميتونه صفحه رو دو قسمت کنه و دو تا برنامه رو باهم اجرا کنه که واقعا اين يکي از چيزاي استثناييشه.,1,Positive
شاید یکی از اصلی‌ترین برتری‌های محصولات کمپانی اپل که باعث گردیده همه آن‌ها با استقبال فراوانی مواجه گردند،  وجود سیستم عامل انحصاری این کمپانی است که در بین سیستم عامل‌های موجود بر روی گوشی‌های موبایل و تبلت ها،  به واقع تا به امروز بی رقیب است.,1,Positive
باز کردن قفل صفحه نمایش به زیبایی هر چه تمام‌تر و با کشیدن انگشت از وسط یک دایره به طرفین صورت می‌پذیرد که کاملا منحصر به ال جی است.,1,Positive
بزرگترين مشکلش نداشتن سيم کارت هستش ,-1,Negative
دوربين هاي سوني واقعا عاليه مخصوصا اين مدل,2,Positive
ولي فعلا تا اين لحظه که خيلي ازش راضيم مخصوصا از صفحه نمايشش.,1,Positive
عاليست.,2,Positive
گوشي عالي بود عالي‌تر شد.,2,Positive
قدرت سخت افزاری مناسب آن،  برای اجرای اکثر پردازش‌ها کافیست.,1,Positive
با عرض سلام وخسته نباشيد به شرکت دي جي کالا دوربين فوجي به دستم رسيده واقعا دوربين خوب و با کيفيت هست .,2,Positive
يکي ازمزاياي هاردهاي WD usb3 اينه که موقع عدم انتقال داده،  هارد به حالت sleep ميره که مزيت بزرگيه و باعث عدم استهلاک و مصرف پايين انرژي ميشه.,1,Positive
به جز کلیدهای Enter،  Space و کلید Shift سمت راستی،  بقیه کلیدها ابعاد استانداردی دارند و در کل کیبورد G580 یک تجربه تایپ کردن بسیار راحت و لذت بخش را در اختیار کاربران خود قرار می‌دهد.,1,Positive
و در آخر لازم به ذکر است که تاچ پد G580 به طور کامل از فرمان‌های چند-لمسی یا Multi-touch پشتیبانی می‌کند.,1,Positive
"مخصوص که فول اچ دي هست 

بهره گيري از لنز وايد با کمينه‌ي نسبت کانوني f/2.7 مخصوص عکس برداري در نور کم و شب هستش که کيفيت خوبي به عکس ميده  

در کل دوربين خوبي هست و منو کاملي داره .",1,Positive
PJ710v با سنسور تصویر و لنزی قوی همراه شده است.,1,Positive
تجربه مشاهده خود را با کیفیت برتر تصویر ارتقا بخشید لذت مشاهده را با کیفیت برتر تصویر ارتقا داده و تجربه بسیار واقعی‌تر و واضح‌تر و جذاب‌تری از سرگرمی‌ها داشته باشید.,1,Positive
این رزولوشن تراکم پیکسلی 187ppi را تولید می‌نماید که تراکم پیکسلی بسیار پایینی است.,-2,Negative
از لحاظ باتري واقعا عاليه.,2,Positive
من آدم سخت گير و نکته سنجي در مورد خريد وسايل مورد نيازم هستم،  شايد دوربين اين دستگاه در نور کم عملکرد خوبي نداشته باشه ولي در نور روز عاليه و اين موضوع در برابر تمام خوبي هايش به هيچ وجه چيز مهمي نيست.,1,Positive
این قفل به شما اطمینان می‌دهد که در صورت ورود ضربه درب باتری هیچ گاه باز نمی‌شود.,1,Positive
رابط کاربري اون يکي از نقاط قوت اون در مقايسه با رقبا محسوب ميشه که واقعا از کارکردن با اون احساس راحتي مي کنيد و سامسونگ در اين زمينه فوق العاده قوي عمل کرد هدر آخر من واقعا از خريدم راضي هستم و از اين که بين نکسوز 7 و گلکسي تب 7 2 گلکسي رو انتخاب کردم پشيمون نيستم ،  الان يه آرشيو از فيلم ها و سريال هامو روش دارم که در زمان بيکاري مشاهده مي کنم و جايي که واي فاي نيست از اينترنت سيمکارت استفاده مي کنم در صورتي که نکسوز فاقد اين قابليت هاست,2,Positive
با استفاده از Wi-Fi می‌توانید به راحتی عکس‌ها و فیلم‌هایی که گرفته‌اید را به لپ تاپ،  گوشی،  تبلت و یا حتی دوربین دیگری که این قابلیت را دارد به صورت بی‌سیم منتقل کنید.,1,Positive
با اين قيمت و امکانات مناسب واقعا بي نظيره ابعادشم مناسبه و خوش دسته دوربين 3.2هم کاملا مناسبه در اين رنج قيمت بي نظيره اندرويد4.1هم که جايي وسه بحث نميذاره.,2,Positive
حافظه رم 1 گیگابایتی این گوشی نیز  به نظر بسیار زیاد و مناسب می‌رسد.,2,Positive
صفحه نمايش عالي بخصوص واسه من که pdf وکتاب زياد ميخونم.,2,Positive
از آنجایی که اپل بدنه iPod Touch را باریک‌تر کرده،  ابعاد این بلندگو نیز کاهش یافته است.,1,Positive
سلام اول از ارسال سريع و خدمات خوبتون تشکر ميکنم و دوم اينکه با توجه به اين قيمت گوشي فوق‌العاده‌اي هست البته من که دو روز پيش اين گوشي رو خريدم اين قيمت نبود گوشي هاي ديگه افت قيمت داشتن ولي اين افزايش که اين خودش يکي از دلايل کيفيت و استقبال مردم ميتونه باشه,1,Positive
پردازنده‌ی Corei7 که قدرتمندترین آن‌هاست،  پردازنده‌ای ذاتا چهار هسته‌ای با توان تولید چهار هسته‌ی مجازی و کارکرد با مجموع هشت هسته است که عملکردی کم نظیر را ارائه می‌دهد.,2,Positive
اما با همه ي بي صداييش وقتي دست روش ميذارم تق تق ميکنه که اينم مربوط به هد ميشه و فکر نکنم مشکل بزرگي باشه.,1,Positive
حتی در مصارف سنگین‌تر،  GALAXY Tab 2 10.1 می‌تواند حداقل یک روز کامل را شارژ دهی کند.,1,Positive
پردازنده ای که طبق گفته این کمپانی،  دو برابر از پردازنده آیفون 4S سریع‌تر است.,1,Positive
در Galaxy S II برنامه‌ای وجود دارد که از طریق آن می‌توانید غلظت رنگ نمایشگر را به صورت دلخواه تنظیم کنید.,1,Positive
ولي براي حل اين مشکل من مجبور شدم از شيراز دستگاه رو ببرم تهران و کلي هم از وقتم گرفته بشه.,-1,Negative
بعضي بچه ها همين اشتباه رو دارن که بدون توجه به اندازه و نوع سنسور ٬ به مقايسه‌ي دوربينها مي‌پردازن ٬ مثلا مقايسه G15 با HX200V اصلا کار درستي نيست چون G15 سنسور بزرگتري داره و ميتونه تا سقف ۱۲ مگاپيکسل جزئيات تصاوير رو ثبت کنه يا به عبارتي G15 يک دوربين ۱۲ مگاپيکسل واقعيه اما HX200V در نهايت تا رزولشن 9.7 مگاپيکسل توانايي ثبت تصاوير رو داره اون هم به دليل سنسور کوچيکتر٬ البته هنگام مقايسه دوربين ها از فاصله کانوني و محدوده‌ي ديافراگم غافل نشيد.,-1,Negative
امکانات خوبي نسبت به قيمتش داره اما به دليل نداشتن درگاه HDMI و وجود رزولوشن پائين صفحه نمايش ،  ميشه گفت که اين برند کمي ضعيف عمل کرده .,-1,Negative
من ايکس باکس الايت دارم حرف نداره به نظر من ارزش خريدنشو داره,1,Positive
"بي صبرانه منتظر خريدشم 

",1,Positive
عاليه !,2,Positive
حتی اگر رزولوشن را به 1200 برسانید هم سرعت به 12 صفحه در دقیقه کاهش می‌یابد که باز هم سرعت خوبیست.,1,Positive
و اينکه فراموش کردن براي نمايش خاموش يا روشن بودن نامبرلاک چراغ قرار بدن و  فقط  براي کپس لاک اين چراغ تعبيه شده و بدتر از همه اينکه قرار داشتن هارد در سمت چپ ترکپد که باعث داغ شدن بيش از حد تاچ پد ميشه منو نسبت به اين محصول از سري بيزنس مايوس کرد،  پس حتما قبل از خريد آنلاين سعي کنيد حد المقدور درست بررسيش کنيد تا بعد پشيمون نشيد ,-2,Negative
بعلاوه فیلم برداری 720p HD نیز با آن مقدور می باشد که خیلی خوب است.,2,Positive
همان لنز 27-810 میلی متری با توانایی زوم 30 برابر و f/2.8-5.6 که لنزی کاملاً سریع و خوب برای عکاسی در شرایط ضعیف‌تر نوری است.,1,Positive
و جالب اينکه با تلاش چند ماهه نمايندگي و تعميرکاراي موبايل هنوز که هنوزه آنتنش برنگشته.,-1,Negative
صداش هم يک مقدار ضعيف هست .,-1,Negative
به هر صورت همانطور که گفتیم،  به نظر می‌رسد که این بار با دوربین بدون آینه با لنز قابل تعویضی مواجه هستیم که برای نخستین بار می‌تواند کیفیت عکسی در حد بهترین دوربین های DSLR را ارایه دهد.,1,Positive
دوربيني هستش که قيمت پايين در مقابل امکانات خوبي رو داره و ارزش خريد رو داره.,1,Positive
رم هم نميگم عاليه اما کافي هستش و در ضمن بعضي گوشي هاي دوهسته هم رمشون اينقدره.,1,Positive
عمر مفید کارکرد این کارتریج‌ها متفاوت است به طوری که برای هر یک داریم:کارتریج مشکی PG-440  با ظرفیت چاپ 180 برگ و یا 1420 عکس کارتریج مشکی PG-440XL با ظرفیت چاپ 600 برگ و یا 4340 عکس کارتریج رنگی CL-441 با ظرفیت چاپ 180 برگ و یا 67 عکس کارتریج رنگی CL-441XL با ظرفیت چاپ 400 برگ و یا 135 عکس جمع بندی با توجه به تمامی ویژگی‌های بیان شده می‌توان گفت که این دستگاه یک چهار کاره ی بسیار خوب است.,1,Positive
پردازنده نوت2 چهار هسته اي هست ولي تو همه جا ثابت شده که پردازنده ايفون5 از همه پرسرعت تره.,1,Positive
اين مدل سامسونگ واقعاً جالبه و من ميتونم بگم به قول دوست عزيزمون آينده از آن سامسونگه و بهترين نمونه هاي ديجيتالي و مناسب‌ترين از لحاظ قيمت را ميشه تو محصولات سامسونگ جستجو کرد در حالي که ديگر مارکها به دنبال سود بيشتر و کيفيت کمتر هستند ولي سامسونگ بر عکس کيفيت بهتر و قيمت مناسب‌تر دارد سامسونگ در نمونه هاي فراوان از محصولات ديجيتالي که دارد مي تواند دامنه گسترده اي از خدمات را ارانته کند و اين خود تبليغاتي است براي آينده سامسونگ اين تلويزيون در مقايسه با مارک هاي مطرح مثل سوني قابليت‌هاي فراواني دارد در عين حال قيمت مناسبتري دارد ما به جاي اينکه هزينه بالايي براي تلويزيون سوني بدهيم مي توانيم با هزينه اي کمتر يک تلويزيون سامسونگ بخريم در حالي که امکانات فراواني دارد در عين حال که مزاياي اين تلويزيون ها را به خاطر مي آوريم نبايد فراموش کنيم که خدمات پس از فروش سامسونگ در ايران به خاطر دامنه سفارشات و تعدد نمايندگي ها ضعيف عمل مي کند,2,Positive
بنده يه دو روزي با اين تبلت کار کردم اما با اين که تبلت خوش دستي هست اما مشکل اساسيش در عدم کار کردن wifi  سيم کارت با هم هست يعني اگر سيم کارت روي تبلت باشه و حتي اگه به حالت نمايه پرواز ببرين باز wifi شناسايي نميشه و تا زماني که سيم رو از روي تبلت در نيارين شبکه هاي wifi  مورد استفاده قرار نمي گيرن.,-1,Negative
با اين اوصافي که دوستان گفتن فکر نمي‌کنم اصلاً مناسب باشه.,-1,Negative
سرعت فوق‌العاده .,2,Positive
من رنگ آبيشو گرفتم اگه بتونم يه زردشم بگيرم خيلي جالب ميشه.,1,Positive
به نظر خوب مياد!,1,Positive
ميشه گفت اين محصول،  انقلاب امسال اپل بود.,1,Positive
ولي اگه هدفتون فقط عکاسي هست به نظر من روي دوربين عکاسيش زياد حساب نکنيد .,-1,Negative
بنابراین اگر به دنبال پرینتری با این ویژگی‌ها هستید،  M1132 گزینه‌ی مناسبی است.,1,Positive
لانچر که عوض ميشه مشکلي نداره!,1,Positive
تو اين قيمت به نظر من بهترينه و من از 10 بهش 9 ميدم اونم فقط به خاطر دوربينش,1,Positive
Hp زمان راه اندازی و Setup را با استفاده از فن آوری Smart Install Technology به طور چشمگیری کاهش داده است که به شما اجازه می‌دهد تا بدون احتیاج به یک CD جداگانه برای نصب،  فقط پرینتر را به رایانه متصل کنید تا سپس عمل نصب به صورت خودکار انجام گیرد.,1,Positive
قسمت اصلی نرم افزاری که لازم است به آن اشاره کنیم،  مرورگر اینترنتی Transformer Pad Infinity است که واقعا یک مرورگر اینترنتی بی نقص است.,1,Positive
پاسخگویی عمومی گوشی واقعاً مثال‌زدنی ست.,2,Positive
وقتي اين گوشي را به هدفون متصل مي کنيم ،  صداي ها و نويز هاي اضافي صدا کمي افزايش پيدا مي کند اما باز هم در مجموع مي توان نمره اي بالاتر از حد ميانگين به آن اختصاص دارد .,1,Positive
ولی بالاخره سونی این طلسم را با یک گوشی فوق العاده شکست بطوریکه مطمئنا تمام رقبای خود را شگفت زده کرده است.,1,Positive
البته اين يه مزيت نيست که داره با رزولوشن پايين رکورد ميزنه بلکه يه ضعف.,-1,Negative
در کل نسبت به ديگر مدل هاي هم سري يه سر و گردن بالاتره.,1,Positive
واقعا محشره.,2,Positive
فوق العاده هستش.,2,Positive
با اين لپ تاپ کار کردم عاليه.,2,Positive
ميتونين با استفاده از کلام،  منوهاي سيستم رو جابجا کنين يا خاموش کنين که احساس خيلي پيشرفته اي به آدم ميده  (داشتن کينکت الزاميست).,1,Positive
مسلما وقتی همچین تبلتی می‌خرید یکی از لذت بخش ترین کارها با آن برای شما می‌تواند گشت و گذار در اینترنت باشد.,1,Positive
اول اينکه سيستم بلوراي ps3 در مورد حجم گيمهاي اين شرکت کارايي زيادي ندارد چون هر گيم مگه در حدود چند گيگ هستش !,-1,Negative
اکسپريا ري بدنه باريک و بسيار شيک داره که در عين حال بايد از آن محافظت بسيار کرد به دليل اين که:1- لنز دوربين آن هيچ محافظي ندارد.,1,Positive
جمع بندی در نهایت می‌توان گفت که HTC One X Plus یکی از بهترین گوشی‌های موجود در دنیاست.,1,Positive
می‌توان به راحتی گفت که دوربین 8 مگا پیکسلی موجود بر رویPlus HTC One X یکی از بهترین دوربین‌های موجود بر روی گوشی‌های هوشمند تا به این تاریخ است.,1,Positive
پس می‌توان این‌طور پیش بینی کرد که با استفاده معمولی از این گوشی،  به راحتی می‌توانید با هر مرتبه شارژ کردن آن،  بیش از یک روز از آن استفاده نمایید.,1,Positive
خيلي خر تو خر شده!,-1,Negative
.) براي سيستم عامل iOS نرم افزاري دانلود کنم باهاش مشکل دارم بايد برم از کامپيوتر دانلود کنم اونوقت بيام با کابل بريزم تو گوشي.,-1,Negative
من امروز اين تبلتو از ديجي کالا خريدم من قبلا هم با new ipad کار کردم از نظر دوربين اين تبلت فوق العاده است و اصلا دوربين ايپد با اين قابل مقايسه نيست از نظر پردازنده اين تبلت هيچ کندي نداره و همه چي روونه ايپد هم مثل همين و اما صفحه نمايش من که لذت بردم ،  هيچ صفحه نمايشي حتي به گرد پاش هم نمي رسه حتي ايپد هم نمي تونه به روشنايي و کيفيت فوق العاده اين برسه من قبلا با ايپد کار کردم ولي الان که با اين کار مي کنم اصلا ايپد با اين قابل مقايسه نيست.,2,Positive
من حدودا يه ماهه خريدمش همه چيش عاليه تو ديجي کالا نوشته 2.3 ولي اندرويد 4.0.4 پيش فرض روش بود واي فايش مشکل داره يا خاموش نميشه يا اگر روشنه واي فاي رو سرچ نميکنه ولي همچيش واقعا عاليه ,1,Positive
اين دوربين واقعا عکس هاي با کيفيتي ميگيره.,1,Positive
انصافا ios سيستم ساده و راحت و فوق العاده ايه،  من خودم باهاش کار کردم، حسي که تو دست گرفتن آيفون بهت ميده رو با هيچ گوشي ديگه اي نميتوني تجربه کني، ابعادش و راحتي استفادش فوق العادست،  من خودم one x دارم،  فکر نميکردم کيفيت صفحش از گوشي خودم بالاتر باشه ولي خودمونيم صفحه آيفون يه چيز ديگست!,2,Positive
ازش راضي هستم ..,1,Positive
نقاط قوت:باريک بودن(9.4)وزن کم 100G پردازنده قوي قابليت اپديت به اندرويد4 نمايشگر قوي و تراکم پيکسلي بالا دوربين عالي 8مگاپيکسل و فيلمبرداريHDنقاط ضعف:کيفيت صداي پايين پخش نکردن DIVX به نظر من حتما بخريدش من که از خريدنم پشيمون نشدم تو خريدنش شک نکنين!,1,Positive
"البته در سری سال 2012 که شامل 6 دوربین A2300, A2400, A3400, A400, A810 و A1300 می‌شوند؛ پیشرفت های خیلی خوبی صورت گرفته تا ارزش بالایی در برابر قیمت خود داشته باشند.",1,Positive
اين گوشي يک عيب خيلي مهمي که داره دوربينشه.,-1,Negative
هرچند که فقدان چشمی اپتیکال احساس می شود،  با این حال دیگر ویژگی ها چون سنسور تصویر با عملکرد بهتر،  نمایشگر چرخنده،  توانایی فیلم برداری بهتر،  سرعت عکاسی پیاپی بالاتر و از همه مهم تر لنز سریع تر باعث می شوند که در کل دوربین بهتری نسبت به مدل پیشین باشد.,2,Positive
طراحی منحصر به فرد Tegra 3 شامل یک پردازنده چهار هسته ای به علاوه یک هسته مجزای کم مصرف است.,1,Positive
اپل 5 نوع کارت گرافيکي قدرتمند سه هسته اي داره که تو نوع خودش بي نظيره و همچنين مدل سي پي يو واقعا عاليه.,2,Positive
چرا که تبلت Surface RT برای استفاده های معمولی مانند ارسال ایمیل،  هماهنگ کردن امور در Organizer،  ویرایش اسناد آفیس و یا مرورگری اینترنت طراحی گردیده است و برای کارهای حرفه ای گرافیکی،  هم از لحاظ سخت افزاری و هم به جهت عدم پشتیبانی Windows 8 RT از برنامه های طراحی شده برای نسخه های قبلی ویندوز،  نامناسب می‌باشد.,-1,Negative
در کل،  می‌توان گفت که این افت کیفیت برای ارزان کردن گوشی ارزشش را دارد،  چرا که عملکرد صفحه نمایش به صورت کلی مناسب است و برای کسانی که خواهان داشتن صفحه نمایش‌های بزرگ هستند،  راضی کننده خواهد بود.,1,Positive
این سخت افزار عملکرد روان ویندوز 8 را بر روی لومیا 620 تضمین می‌نماید.,1,Positive
به نظر می‌رسد عملکرد باتری آن نسبت به باتری One X به علت وجود سیستم عامل ویندوز،  بهتر باشد.,1,Positive
واقعا عاليه,2,Positive
ممنون DigiKala .,1,Positive
دوربين رو هم ريست کردم اما نشد.,-1,Negative
فلاش LED این گوشی بسیار قدرتمند بوده و کمک بسیاری در کاهش نویز تصویر در فضاهای با نور کم می‌کند.,2,Positive
گوشي جالبيه.,1,Positive
تنها دستگاه ديجيتالي که هيچوقت از خريدنش ناراضي نشدم.,1,Positive
مطمئن باشید هرگز از سطوحی که به آن متصل شده است،  جدا نخواهد شد.,1,Positive
"پردازنده نسل دوم اينتل از نوع 2450 حافظه رم 4 و صفحه نمايشگر 14 اينچ 

تنها چيزي که به چشم مياد گرافيک بالاشه

درکل ارزش خريد رو از نظر خودم نداره

البته از نظر خودم شايد چيزي داشته باشه که من اون مزيتو درنظر نگرفتم",-1,Negative
اگرچه وزن گوشي نسبتا کم هست (99گرم) ولي وقتي اونو تو دست ميگيريد حس خوبي به شما ميده.,1,Positive
دوربین فیلم‌برداری MG555 به مجموعه نرم‌افزاری خوبی مجهز است.,1,Positive
از سايت خوب شما کمال تشکر را دارم,1,Positive
اما متاسفانه از کاربرد فناوري هاي جديد که خبر استفاده ي اپل  از آنها به روي آيفون5بود، مانند کي برد ليزري و.,-1,Negative
پردازنده 1.6 گیگاهرتزی 4 هسته ای به کار رفته در آن که مانند مدل‌های قبلیش از نوع Exynos می‌باشد و البته 200 مگاهرتز قوی‌تر است به همراه 2 گیگابایت حافظه رم به شما این قابلیت را می‌دهد که از تمامی امکانات نرم افزاری موجود برای سیستم عامل اندروید به راحتی استفاده نمایید.,1,Positive
از نظر من ايکس باکس خيلي از پلي استيشن سرتره و تنها نقطه قوت پلي استيشن بازي god of war 3 مي باشد.,1,Positive
از هر لحاظ که بخاي انتظاراتمو تقريباً برآورده کرده مخصوصاً با زومي فوق‌العاده‌اي که در حين فيلم برداري داره.,2,Positive
طراحی گوشی نیز بسیار آرگونومیک صورت گرفته و در قسمت پشتی کاملاً زیبا می‌باشد.,2,Positive
دکمه هاي لمسيش سخته کار کردن باهاش.,-1,Negative
"به نظر خيلي خوب مياد

مخصوصا داک هم داره",2,Positive
در پایین ترین حساسیت،  عکس ها کیفیت فوق العاده بالایی دارند،  کاملا شارپ هستند و شفافیت رنگ ها نیز عالیست.,2,Positive
"با سلام

گوشي خوبيه ولي منو نا اميد کرد به نظر من آيفون 4اس رو کمي پيشرفته کردن شده آيفون5 اون چيزي که انتظار داشتم نيست پس درود بر سامسونگ و گوشي فوق العاده آن يعني نوت2 .",-1,Negative
همين چنتا قابليت اضافه شده مثل باتري بهتر،  صفحه نمايش بهتر،  دوربين بهتر و سيستم عامل جديد خيلي مهمه.,1,Positive
بهترين گوشي و خيلي بهتر از sony وhtc,2,Positive
پردازنده خوب با سرعت مناسب6.,1,Positive
اما مهم‌تر از تست‌های جاوا،  تست‌های گرافیکی هستند که نتایج جالبی را به ما ارائه نمودند.,1,Positive
واقعا زيبا و خوش دست و اعتياد آور وقتي اولين بار ايفون 2g رو تو دستم گرفتم و قفل صفحه نمايش اونو باز کردم احساس کردم دوسش دارم پوشش Oleophobic روي صفحه نمايش نميزاره که انگشت روي صفحه نمايش موقع کشيدن گير کنه و به همين دليل لمس کردن ايفون لذت بخشتر از لمس کردن گوشيهاي لمسي ديگه است که اين 100% اعتياد آوره و اونايي که ايفون دارن موقعي گوشيشونو عوض ميکنن که بخوان اونو به ايفون جديد ارتقا بدن ios مثل زندان ميمونه فقط با همون محيط کاربري بايد کار کني به نظر من اين خودخواهيه*به قول استيو جابز ما بهتر از مصرف کننده تشخيص ميديم که مصرف کننده چي ميخواد* اما رابط کاربري رو اينقدر ساده طراحي کرده که از بچه کوچيک گرفته تا پيرمرد راحت ميتونه ازش استفاده کنه  در کل دوستاني که تو انتخابشون بين ايفون5 با گلکسي نوت2 گير کردن و دو دل هستن موقعي به آرامش ميرسن که هر دوتاشو با هم داشته باشن,2,Positive
نسبت به پولي که ميدين پردازندش خوبه ولي چون پردازنده گرافيکي نداره براي بازي اصلا خوب نيست صفحه ي کوچيکش هم براي وب گردي مناسب نيست خودم يک سال اين گوشيو داشتم,-1,Negative
تمامه سريالامو با فيلمام توش ميبينم کيفيت تصويرشم که فوق‌العادست.,2,Positive
"با سلام 

من حدودا دو ماهه که خريدمش و گوشي خيلي خوبيه و دوستي که گفته بودن صداي اهنگش در محيط باز کمه برن هر گوشي ديگه اي رو ميخوان امتحان کنن امکان نداره کيفيت صداش به پاي ايون برسه .",1,Positive
در کل گوشي‌هاي سري NOTE و S سامسونگ محشرن و قابليت‌هاي فوق‌العاده‌اي دارند.,2,Positive
کوچک.,1,Positive
در کل  بي شک  one x plus ميتونه يه گوشيه جالب و جذابي براي کاربرا باشه.,1,Positive
اين درايو نوري از کارايي بالاتر و نويز کمتري نسبت به نسخه قبلي برخوردار است.,1,Positive
پس حتی اگر کلاه ورزشی خاصی هم به سر نداشتید می توانید دوربین را به این سربند کشی و سپس به سر خود وصل کنید تا دوربین بر روی پیشانی شما قرار بگیرد.,1,Positive
واقعیت جدید را با تصاویر وضوح بالای کامل تجربه کنید.,1,Positive
جمع بندی همان‌طور که گفتیم،  سامسونگ برای در دست داشتن بازار به تولید مدل ارزان‌تر گوشی موفق خود یعنی گلکسی نوت دست زد و با تولید گلکسی گرند،  آرزوی بسیاری برای داشتن یک گوشی بزرگ با قیمتی کمتر را بر آورده نمود.,1,Positive
گوشي واقعاً استثنايي هستش.,2,Positive
ولي خوب دوربين اينفينيتي يه مقدار بهتر بود.,1,Positive
البته وبکمش واقعا HD نيست.,-1,Negative
البته با اين مقدار بودجه اي که براي خريد اين گوشي اختصاص مي دهيد امکانات ايده آلي دريافت خواهيد کرد.,1,Positive
در کل من ازش راضيم,1,Positive
رنگ هاي متنوع !,1,Positive
نظر خودم اينه که به مارک سوني اعتقاد کامل دارم و محصولاتش و با اطمينان مي خرم حتي اگه گارانتي نباشه که در مورد اين گوسي هم منو راضي کرده.,1,Positive
دوربين خوبيه.,1,Positive
اي کاش نوکيا از اندرويد استفاده ميکرد و اين سقوط بزرگ را تجربه نميکرد.,-1,Negative
برای عکاسی هم دیگر نیازی نیست که نگران تنظیمات دوربین باشید،  کافیست که آن را بر روی مود عکاسی Intelligent Auto یا اتوماتیک هوشمند قرار دهید،  دوربین را به سوی سوژه نشانه بروید،  دکمه‌ی شاتر را بفشارید تا سپس دوربین خود همه‌ی تنظیمات نوردهی و دیگر پارامترها را بر روی بهترین مقادیر تنظیم کند تا با کیفیت ترین عکس بدست آید.,1,Positive
طراحي هم که هيچ تغييري نکرده!,-1,Negative
دوربين 8مگاپيکسلي اين گوشي منهاي، افزوده شدن قابليت عکسبرداري در محيط کم نور با کمترين نويز تصوير، مي توان گفت همان دوربين مدل قبلي يعني 4sاست که طليعه دار 8 مگاپيکسلي هاي موجود تا به امروز است.,1,Positive
اکس باکس قابليت اجراي بازي هاي نسل جديد با گرافيک چشم گير و کيفيت HD را ارائه مي دهد که از اين لحاظ واقعا کامل است.,1,Positive
من يک هفتست که اين تبلت رو از ديجي کالا خريدم از نظر کيفيت ساخت بدنه و اجزا خيلي خوبه و عالي نيست چون دکمه هاي ولوم و قفل صفحه گاهي سهوا فشرده ميشن هنگام کارکردن البته با کمي عادت کردن ديگه مشکلي پيش نمياد صفحه نمايش هم کيفيت بالايي داره و رنگ ها بسيار طبيعي ظاهر ميشن و از کار کردن با اون لذت مي بريد براي فيلم ديدن و کتاب خوندن واقعا کارايي داره و جزئيات به خوبي نمايش داده ميشن اما انتظار معجزه هم نداشته باشيد و صفحه نمايشش در ميان رقبا کيفيت متوسطي داره از نظر وزن جزء سبک وزن ها محسوب ميشه ولي بازم با يک دست نگه داشتن طولاني باعث اذيت شدنتون ميشه پس اگر قصد مطالعه و فيلم ديدن به مدت طولاني داريد حتما به وزن تبلت توجه داشته باشيد (از نظر من بهترين سايز 7 اينچ براي کتاب خوندن )کيفيت صدا بدون تعصب يکي از بالاترين کيفيت صداها بوده که در بين دستگاه ها ديدم از نظر بلندي هم مطمئن باشيد که نااميدتون نميکنه .,1,Positive
از مشخصاتش معلومه که گوشيه خوبيه .,1,Positive
لوميا ۶۲۰ اگر چه ارزون ترين لوميا در ميان سري جديد گوشي هاي نوکيا با ويندوز فون ۸ به حساب مياد اما تعداد زيادي از سايت ها اين گوشي رو با توجه به قيمت و امکاناتش متوازن ترين لوميا و بهترين خريد در ميان گوشي هاي هوشمند ارزون قيمت به حساب ميارن.,1,Positive
همین مدل،  در تست تماشای ویدئو توانست نزدیک به سه ساعت و نیم شارژدهی کند که کاملا رضایت بخش است.,2,Positive
• نرم افزار شاید اصلی‌ترین دلیل کم شدن فروش محصولات نوکیا در چند سال اخیر به عدم پیشرفت نرم افزاری گوشی‌های آن برگردد.,-1,Negative
در صداهای متوسط،  کیفیت صدای تولید شده بسیار شفاف و دقیق است.,2,Positive
"ترکیب بیشینه‌ی گشودگی دهانه‌ی f/2.8،  لرزش گیر تصویر اپتیکال و بیشینه‌ی حساسیت سنسور یا ایزو 12,800 این دوربین را کاملاً مناسب عکاسی در شرایط نوری ضعیف کرده است.",1,Positive
با آمدن ميان‌افزارهاي جديد به راحتي مي‌توان آن‌ها را آپديت کرده،  ارتقا داد.,1,Positive
سبک و زيبا فقط 100 گرم3.,1,Positive
سلام دوستان در مورد دکمه هاي لمسي پايين ion بايد بگم اصلا يک ضعف نيست اگر به مقدار تحقيق کنيد متوجه ميشيد.,1,Positive
و با قرار گیری یک لایه از جنس یاقوت بر روی لنز دوربین،  هم محافظت بهتری از آن به عمل می‌آید و هم عکس‌ها شفافیت بیشتری پیدا خواهند نمود.,1,Positive
موفق و پيروز باشيد,1,Positive
من که خيلي دوستش دارم.,2,Positive
باطريش بي نظيره و اصلا نيازي به تعويض باطري ندارين .,1,Positive
سيستم عامل اين گوشي از سري 40 نوکيا هست که قابل مقايسه با سري 60 نوکيا نيست و برخي کمبودهايي در مقايسه با سري 60 داره.,-1,Negative
در تبليغات اين تبلت از مقاومت بالاي صفحه در برابر خش صحبت شده بود که از نظر من واقعيت ندارد.,-1,Negative
در نهایت اگر به دنبال بهترین تبلت اندرویدی موجود در بازار هستید،  بدون هیچ شک و تردیدی ASUS Transformer Pad Infinity بهترین و به عبارتی تنها انتخاب شما خواهد بود.,2,Positive
با وجود سيم کارت اين تبلت تمامي امکانات اينترنتي  رو که شما احتياج داريد بطور پيش فرض داره و يقين کنيد اين امکانات بهترين در نوع خودشون هست چون گوگل خودش اينا رو بهينه کرده و پشتيباني ميکنه .,1,Positive
شما با داشتن اين گوشي هيچوقت احساس پشيماني نخواهيد کرد و از خريدش کاملاً راضي خواهيد بود چرا که اين گوشي در آينده نيز حرفهاي بسياري براي گفتن خواهد داشت.,1,Positive
باتري مناسب و خوب براي تبلت 12.,1,Positive
در خريدش شک نکنيد ,1,Positive
مرورگر اینترنت همان مرورگر استاندارد اندروید است که کارایی مناسبی دارد.,1,Positive
از فلش به طور کامل پشتیبانی می‌شود و حتی صفحات اینترنتی سنگین به راحتی و به سرعت باز شده و همه چیز بسیار روان است.,2,Positive
"ميخوام بگم تو خريدش اصلا شک نکنيد 

 گوشي فوق العاده ايه از هرنظر !",2,Positive
سنسور BSI-CMOS در شرایط نوری ضعیف عملکرد خیلی بهتری را نسبت به سنسورهای CMOS معمولی ارائه می‌دهد.,2,Positive
کيفيت ساخت خيلي خوبي داره.,2,Positive
بر طبق اعلام این سایت،  فرکانس پردازنده آیفون 5 حداکثر 1.2GHz می‌باشد که به همراه 1 گیگابایت حافظه رم و یک پردازشگر گرافیکی بسیار قدرتمند از نوع PowerVR SGX 543MP و سه هسته ای تولید گشته است.,1,Positive
و از نظر بلندگو هاش که خيلي خوب و در عين حال خيلي با کيفيت هست و کيبردش که ديگه حرف نداره نسبت به لپ تاباي ديگه خيلي بهتره کار کردن باهاش خيلي لذت بخشه و صفحه ي تاچش هم بزرگ و هم حساسه و ..,2,Positive
توي قيمت بهترين گوشي هست.,1,Positive
به طور کلی می‌توان گفت که کیفیت ساخت دستگاه بسیار بهتر از مالتی مدیا پلیرهای رده بالای دیگر مانند Samsung Galaxy Player می‌باشد.,2,Positive
فکر ميکنم دوربين خيلي خوبي باشه با اين امکانات!,2,Positive
همچنین می‌توان گفت که کار کردن با این دوربین،  در حالی که دستکش به دست دارید نسبتا مشکل است.,-1,Negative
این دوربین از نظر کنترل ها هم کاملاً غنی می باشد.,1,Positive
به نظر من چيزي که در اين تبلت خود نمايي ميکنه صفحه نمايشfull HD  است و سرعت بالاتر پردازنده.,1,Positive
از نظر کیفیت عکس های گرفته شده، دوربین این گوشی یکی از بهترین دوربین‌هایی است که بر روی گوشی های تلفن همراه مشاهده کرده ایم.,2,Positive
بسیار خوب،  همانطور که گفتیم،  P520 دوربینیست که در بالاترین سطح دوربین های شبه SLR نیکون قرار می گیرد.,1,Positive
اين موضوع براي محصولات ديگه اين کمپاني هم صادقه که با ظاهر سازي جلب نظر ميکنه تا چشم شما رو به يک سري واقعيات ببنده و نمونه ي بارزش هم ميشه به استفاده از پردازنده ي گرافيکي PowerVr SGX535 روي يک گوشي با سي پي يو 800مگا هرتزي(iPhone 3GS)اشاره کرد که بتونه با توان گرافيکي بالاي خودش بازي هاي پر گرافيک و محيط پر زرق و برق iOS رو به راحتي اجرا کنه و هم چنين آي پد جديد که ميشه گفت  غير از  رزولوشن و پردازنده ي گرافيکي که مجبور به ساپورت و رندر اين رزولوشن بالاست هيچ چيزي نداره.,-1,Negative
حتي در زوم هاي بالا هم کيفيت عکس ها کاملا حفظ ميشن.,1,Positive
حتی سنگین‌ترین بازی‌های HD نظیر Infinity Blade نیز کاملا روان و بی نقص اجرا شدند.,2,Positive
این دوربین توانایی ضبط ویدیویی 1080p Full HD را نیز دارد.,1,Positive
رابط کاربری دستگاه اما بسیار شبیه به رابط کاربری موجود بر روی گوشی‌ها و تبلت های سطح بالای سامسونگ است که یکی از بهترین رابط کاربری‌های موجود بر روی گجت هاست.,1,Positive
در نقد و بررسی HX100v عنوان کرده بودیم که نداشتن کفشک فلاش اکسترنال برای آن یک نقطه‌ی ضعف محسوب می‌شود.,-1,Negative
من مدل i9100g دارم و اصلا داغ نميکنه.,1,Positive
اما تا آنجا که از تجربیات شخصی بر می آید؛ حداقل استفاده از Kinect در Xbox 360 Slim راحت تر و مناسب تر است نسبت به Move PS3 یا  دستگاه Wii.,1,Positive
قابليت جالبي که در اين نوع گيم پد وجود دارد،  هماهنگي آن با تمام دستگاه‌هاي مجهز به USB و سيستم عامل ويندوز XPاست که اين موضوع امکان استفاده از آن را روي کامپيوتر امکان پذير مي‌‌سازد.,1,Positive
به دلیل وجود پنل IPS بر روی این صفحه نمایش،  عملکرد آن در زوایای مختلف نیز بسیار مناسب و قابل قبول است.,2,Positive
همان طور که گفتیم کیفیت دید از زاویه‌ی آن فوق‌العاده است و با چرخاندن و نگاه کردن از زوایای تند تر هم کیفیت رنگ‌ها تغییر نمی‌کند.,2,Positive
• طراحی و ساخت همان‌طور که گفتیم،  ASUS X کیفیت ساختی بسیار بالا دارد.,2,Positive
به هر ورزشی که قصد دارید بپردازید کافی است که بوسیله ی استقرار مناسب،  دوربین را به بدن یا وسیله ی خود متصل کنید و سپس فیلم برداری را شروع کنید تا تصاویر با کیفیت بسیار عالی Full HD بر روی کارت حافظه ی دوربین ثبت شوند و سپس بتوانید یا برای لذت بردن و یا بررسی علمی،  عملیات ورزشی خود را مشاهده کنید.,2,Positive
شفافيت صفحه نمايش .,1,Positive
راستش بايد اعتراف کرد که اگر من هم مثل خيلي ها One X خريده بودم،  از ورود اين گوشي به بازار ناراحت مي شدم.,-1,Negative
اما یکی از بهترین قابلیت‌های این گوشی،  وجود NFC بر روی آن است.,2,Positive
• طراحی اکثر بخش‌های بدنه دستگاه از پلاستیک مات ساخته شده و به همین دلیل بازتاب نور کمی دارد و در مجموع ظاهر نوت‌بوک بسیار مناسب است.,1,Positive
خيلي عاليه.,2,Positive
تنها ضعفي که اين پرينتر دارد عدم وجود يک نمايشگر ديجيتالي براي تنظيم و نيز آگاهي از ميزان ذخيره پودر در درون آن است ,-1,Negative
دوربين هاي سري V سوني قابليت Geotag هم دارند البته دقت کنيد هنوز استانداردي براي اين قابليت وجود ندارد و بايد از نرم افزار نه چندان قوي سوني استفاده کنيد.,-1,Negative
همچنین به دلیل طراحی مناسب و بافت دار قاب پلاستیکی پشت این دستگاه،  امکان لیز خوردن آن از دست بسیار کم است و احساس امنیت خوبی را در حین کار کردن به شما خواهد داد.,1,Positive
من 3ماهه اين گوشي رو خريدم و از خيلي نظرها بي‌نظيره ولي خيلي زياد هنگ ميکنه و حتي خاموش هم نميشه و تازگيا زياد شده که صداش قطع شه و حتي اس ام اس ها يا زنگ ها و آهنگ هام هم صدا ندارن و اين خيلي اذيت مي‌کنه و من مجبورم مدام خاموش و روشنش کنم.,-1,Negative
آفرين به سامسونگ همون چيزي که مشترى ميخاد ميده بازار .,1,Positive
")

4.قيمت کمتر (براي رقابت با سايرين)

اما با اين حال گوشي فوق العاده اي هستش.",2,Positive
این کیبورد علاوه بر تایپ کردن سریع،  به کاربران این امکان را می‌دهد که به یک سری از قابلیت‌های دستگاه مانند بلوتوث و Wi-Fi نیز به سرعت دسترسی پیدا کنند.,1,Positive
شارژ آسان کاتريج با هزينه ناچيز 10 هزار تومان براي گرفتن 1500 برگ گافي است .,1,Positive
تنها ايرادش زود تمام شدن جوهر است.,-1,Negative
علاوه بر این،  پورت‌های شبکه Ethernet و FireWire نیز حذف شده‌اند ولی در عوض پورت‌های پرسرعت USB 3.0 و Thunderbolt وجود دارند.,1,Positive
درسته که المينيوم دورش مقاومت کمتري داره ولي با يه کاور حل ميشه و جاي هيچ مشکلي نيست و اينو بگم واقعا در طراحي بي رقيب و بي نظير و..,1,Positive
اصلانم نگران آويزون شدن جيبتون نباشيد چون سبکه.,1,Positive
تبلت بسيار خوبيه با اينکه دوربينش ضعيف تره اما کارايي زيادي داره.,1,Positive
زوم بسيار عالي داره فلشش خيلي کاربرد داره کيفيت عکس و فيلم‌برداري در سطح مطلوبيه صدا برداري خوبي داره.,2,Positive
فقط اگه لوازم جانبي بتونين براش بيارين واقعا عالي ميشه,1,Positive
براي اين منظور در صورت اتصال دسته به کنسول XBOX360،  در اطراف دکمه‌ي پاور دستگاه،  چراغي روشن مي‌شود که به وسيله‌ي آن کاربر قادر خواهد بود از ارتباط ميان کنسول و دسته آگاه شود.,1,Positive
گوشي خوبي نسبت به قيمتش.,1,Positive
تاچ‌پد N43SM با سایزی استاندارد ساخته شده و از نظر طراحی و عملکرد مشکل خاصی در آن به نظر نمی‌رسد.,1,Positive
تلویزیون هوشمند سامسونگ شما به دلیل دارا بودن دقت تصویری دو برابر تلویزیون های اچ دی معمولی،  تجربه دیداری شگرفی می آفریند که شما را از مرز صفحه تلویزیون فراتر برده و در تصاویر نفس گیر خود غوطه‌ور خواهد ساخت.,1,Positive
چنان‌چه درايو کنسول شما Samsung باشد و از آخرين ورژن ميان‌افزار درايو استفاده نماييد،  به راحتي مي‌توانيد بازي‌هاي XBOX را برروي يک dvd کپي کرده و آن‌را اجرا نماييد.,1,Positive
من سه ماهي ميشه که اين لپ تاپ رو خريدم ميشه گفت لپ تاپ کم نقصيه.,1,Positive
اما وقتی متوجه شوید که رزولوشن این صفحه نمایش 800×480 پیکسل است نا امید خواهید شد.,-1,Negative
به محض قرار دادن این دو در کنار یکدیگر نخستین چیزی که متوجه آن می شوید،  فقدان پنجره ی چشمی اپتیکال در مدل جدیدتر است.,-1,Negative
ولي خيلي راحت ميتونين از بازار و جاهاي ديگه هم اين تبلت رو قيمت بگيرين و متوجه بشين توي اين سايت از همه جا ارزونتر ميتونيد بخريدش.,1,Positive
ضبط ویدیوها در کامپرشن AVCHD 2.0 صورت می گیرد که کیفیت فوق العاده بالایی را ارائه می کند.,2,Positive
نوت2 تنها رقيبشه اما الجي بر خلاف مدل قبلي گوشيهاش مثل 4x که خودم خريدمش يا نکسوس که واقعاً فوق العاده هستن ضعيف عمل کرده من با اين گوشي کار کردم مکالمه باهاش خيلي سخته.,-1,Negative
من گوشي رو تا روشن کردم پيام آپديت داد که نشون ميده ساپورت نرم افزاري خوبي هم داره .,1,Positive
• جمع بندی Acer Aspire E1-531 با توجه به قیمتی که دارد،  یک لپ‌تاپ بسیار خوب و یک خرید مقرون به صرفه محسوب می‌شود.,2,Positive
همچنین،  تعدادی ویجت کاربردی مانند باتری،  ایمیل و یا ساعت نیز بر روی این گوشی قرار دارد که ویجت آب و هوا بر روی این گوشی با طراحی بسیار خوب،  خود نمایی می‌کند.,1,Positive
اما به نظر من که هميشه نوکيا داشته م و الان هم نوکيا 500 دارم ، اين گوشي زياد کارايي نداره.,-1,Negative
"خودم از ديجي کالا خريدمش بسيار با کيفيت به دستم رسيد

",2,Positive
صفحه لمسيش هم به نظر من از ايفون خيلي بهتره .,1,Positive
وداراي اندرويد 4.1 است وداراي gpu mail400 است ولي مقدار کارکرد ان نسبت به مدل قبلي ضعيف تر شده است .,-1,Negative
من هنوز نخريدم ولي اين طور که گفتند اگر رايتل يا ايرانسل در اسلايد 2 قرار بگيره آنتن نخواهي داشت فايده اي نداره و اکثرا نميتونند از همراه بانک استفاده کنند .,-1,Negative
گوشي فوق العاده سريع.,2,Positive
من که خيلي راضيم.,2,Positive
سلام دوستان عزيز اين گوشي 2ماه هست که به بازار دنيا اومده-درجه 1 هست,1,Positive
‎صفحه نمايش عالي.,2,Positive
به علاوه این تبلت می‌تواند با کیفیت Full HD 1080p فیلم‌برداری کند.,1,Positive
فکر مي کنم بهترين تبلت تو دنيا باشه.,1,Positive
بدياش اينه که فلشش خودکار نيست.,-1,Negative
يه حسني که داره نور محيطو جذب ميکنه بازتاب نميکنه برنامه‌هاي متنوعي داره مثل کيدز که براي سرگرمي بچه هاست به نسبت قيمتش و سه بعدي بودنش و کنتراست بالايي که داره فوق‌العاده قيمتش مناسبه رزولوشن عالي داره ميشه گفت هيچ جاي سياهي هم اطراف تصوير نمي داره من نسخه فيلم هاي فول اچ دي رو روش تست کردم واقعاً عاليه .,2,Positive
روشنایی نمایشگر به وسیله‌ی سنسور سنجش نور محیطی می‌تواند به صورت خودکار تنظیم شود و این کار تا جایی که ما دیدیم کاملاً درست انجام می‌گیرد.,1,Positive
متأسفانه ما انسانها خيلي زود با تبليغات گول ميخوريم و هنوز کالايي را نخريده در باره ان نظر ميدهيم .,-1,Negative
اول به لنز دستگاه شک کردم ولي مشکل از لنز نبود کم کم متوجه شدم که دستگاه حتي بازي اصلي رو هم نميخونه.,-1,Negative
واقعا شگفت انگيزه ولي واقعا قابليت شخصي سازيش پايينتر از رقيب خود اندرويده به علاوه محدوديت هايي همچون :نصب انلاين نرم افزار ها بدون راديوبلوتوث غير فعال براي خيلي چيزا و.,-1,Negative
این گوشی،  با سخت افزار مناسب،  صفحه نمایش بسیار خوب و طراحی زیبای خود،  هر کاربر علاقمند به سیستم عامل ویندوز فون را وسوسه می‌نماید که یکی از آن خریداری کند.,2,Positive
این تراکم پیکسلی برای نشان دادن جزئیات دقیق و متون صفحات اینترنتی بسیار مناسب است.,2,Positive
بدنه ي اين دوربين بسيار کوچک و زيباست که همين باعث شده دوربين فشرده با کارايي بالا داشته باشيم.,2,Positive
شاید تنها نکته ای که در مورد جنس بدنه iPhone 5 می‌توان گفت،  خش پذیری نسبتاً زیاد آن است.,-1,Negative
اما وقتي ميخواد هارد 500 گيگ رو بخونه ، حداقل بايد 3 الي 4 دقيقه صبر کنيد.,-1,Negative
لمسش بهتر از هم رده هاي خود است.,1,Positive
در حقیقت می‌توان به جرات گفت که کمتر تبلتی در بازار وجود که دوربینی به خوبی دوربینStylistic    داشته باشد.,1,Positive
"سلام

xbox واقعا حرف نداره گرافيک سه بعدي،  پخش فيلم و بازي HD ، داشبورد هاي قشنگ ، کينکت، طراحي دسته که حرف نداره واقعا خوش دست هستند ، ذخيره بازي در هارد ، َبازي هاي انلاين و بازي کردن با افراد بصورت انلاين .",2,Positive
این تاچ پد از نوع مالتی تاچ می‌باشد و عملکردی کاملا استاندارد و صحیح را از خود به نمایش می‌گذارد.,2,Positive
اين دومين ايراد مهمي بود که برطرف شد.,1,Positive
صفحه نمايش بزرگي داره و لمسي بودن صفحه اش هم خيلي به کار مياد بخصوص وقتي که بخواهيد روي هر نقطه از تصوير فوکوس کنيد با لمس اون نقطه فوکوس انجام ميشه.,1,Positive
من خريدمش واقعاً راضي هستم امکاناتش واقعاً عالي هست.,2,Positive
در خصوص کيفيت نمايش و روشنايي صفحه نمايش بايد بگويم خيلي عالي و بسيار بالاتر از ipad 4 است.,2,Positive
دقیقا همان سنسوری که بر روی HX100v هم استفاده شده بود،  ولی با 2 مگاپیکسل رزولوشن بیشتر.,1,Positive
زوایای دید این صفحه نمایش واقعا عالیست به طوری که حتی اگر از بالا یا پایین به صفحه نمایش نگاه کنید،  هیچ‌گونه تغییر خاصی در کیفیت صفحه نمایش مشاهده نخواهید کرد.,2,Positive
این بسیار بهتر از آن است که برای شروع فیلم برداری نخست مجبور شوید بر روی مود Movie بروید.,1,Positive
با فشار دادن کليد پاور اولين ويبره گوشي دست رو ميلرزونه و مارک LG در بين صفحه نمايش 5 اينچي اين فبلت زيبا ظاهر ميشه و در عرض حدود 20 ثانيه اولين Startup گوشي تموم ميشه و صفحه تنظيمات سيستم عامل اندرويد ظاهر ميشه.,1,Positive
دوربين واقعا عالي اي هست.,2,Positive
صفحات روان باز شده، حرکت دادن و زوم کردن در صفحات بدون کوچک‌ترین مشکل یا کاهش سرعتی بوده و بطور کامل از فلش پشتیبانی می‌شود.,1,Positive
"انصافا گوشي غوليههههههه

",1,Positive
نه خیلی سنگین و نه خیلی سبک.,1,Positive
جایی که سنسور تصویر 16 مگاپیکسلی APS-C Xtrans ساخت خود فوجی فیلم قرار گرفته و این بار فیلترهای سنتی Bayer برای تولید عکس رنگی با فیلتری کاملا پیچیده تر تعویض شده اند که طبق ادعای فوجی فیلم کیفیت رنگ را به طور چشمگیری افزایش داده است و دیگر به Low Pass Filter احتیاجی نیست.,1,Positive
فقط نميشه بازيهاي HD روش نصب کرد من خودم نصب کردم سرعتش کم مياره.,-1,Negative
اصلا راضي نيستم،  حتي نمي تونم ويندوز توش بريزم.,-1,Negative
یکی از مهمترین و بهترین امکانات اضافه شده در GALAXY Tab 2 7.0 سیستم عامل آن است.,2,Positive
دو کلید هم به صورت مجزا در پایین تاچ پد قرار دارند و بسیار خوب ساخته شده‌اند.,1,Positive
این پیشرفت خیلی خوبیست و باعث می شود که عملکرد این دوربین در شرایط ضعیف نوری کاملا برتر باشد و بتوان با سرعت های شاتر بالاتری عکاسی کرد.,2,Positive
در عين حال به تازگي شاهد ارائه سيستمهاي دربازکن تصويري هوشمند و قفلهاي درب منازل در ايران از سوي سامسونگ بوديم که شما ميتونيد با تکنولوژي NFC ارائه شده در گوشيهاي سامسونگ با بالاترين امنيت تمام منزل رو تحت کنترل داشته باشيد.,1,Positive
دوستان از روي تصوير نمي توانيد به زيباييش پي ببريد بايد ببينيدش,1,Positive
از هر نظر 100 درصد عاليست.,2,Positive
"يکي از دلايلي که صفحه نمايش تمام آيفون‌ها ""3.5 بود اينه که با يکدست به راحتي ميشه با اونها کار کرد.",1,Positive
با این حال کیفیت عکس‌ها معمولی هستند.,-1,Negative
بي‌نظير و عالي باورم نشده يه گوشي ميتونه با اين قيمت اين کيفيت رو داشته باشه فقط لوازم جانبيش گير نمياد مثل قاب از هر نظر عالي ,1,Positive
همانطور که گفتیم،  S3200 دوربین بریجی در سطح متوسط است.,-1,Negative
زیرا گوگل معتقد است که عکاسی و فیلم برداری با تبلت چندان مورد توجه و استقبال کاربران قرار نگرفته است و بیشتر آن‌ها تمایل به استفاده از تبلت خود برای برقراری تماس‌های ویدیویی دارند به همین دلیل یک دوربین 1.2 مگاپیکسلی در قسمت جلوی این دستگاه قرار گرفته است که برای این منظور کافی به نظر می‌رسد.,1,Positive
به هر صورت نمی‌توانیم خوشحالی خود را از این موضوع پنهان کنیم.,1,Positive
خيلي بهتر از ps3 و wii بهتره.,2,Positive
حدود 3 ساعت به طور مداوم کار گرافيکي و مونتاژ سنگين باهاش انجام داديم و به خوبي از پس پردازش اون بر اومد.,1,Positive
سلام من 15 روزه خريدمش از نظر ظاهري دکمه پاورش جاي خوبي نيست و اون روکش روي يو اس بي اگه نبود بهتر بود از نظر سخت افزاري مشکلي تا الان نداشته در کل گوشي عالي هست از نظر کيفيت يک مقدار از اس پايين تره خيلي کم در ضمن در دو نوع است که مدل 3g در ايران عرضه ميشه اندرويدشم 4.0.4 مي باشد گوشي به هيچ عنوان هنگ نمي کند حتي اگر چند روز مدام با گوشي کار کنيد.,1,Positive
در مقابل رقبایی مانند iPad mini یا Nexus 7 و یا حتی FonePad،  از نظر کیفیت ساخت باید Note 8 را در آخرین رده قرار دهیم.,-1,Negative
من واقعا ازش راضي هستم .,2,Positive
بدنه خارجی فلزی آن،  کیفیت ساخت فوق العاده بالای آن را مشخص می کند و حتی با وجود بزرگ بودن گوشی،  به لطف منحنی موجود در پشت آن و وزن مناسب آن،  به راحتی در دست جای میگیرد و حس خوبی را به شما القا می کند.,2,Positive
موزیک پلیر و ویدئو پلیر این دستگاه نیز پلیر استاندارد سامسونگ است که کیفیت متوسطی را داراست و عملکرد قابل قبولی دارد.,1,Positive
این تبلت در کنار سه تبلت دیگر 7 و 10 اینچی هواوی،  همگی نمایندگانی شایسته برای هواوی در بازار هستند که از اعتبار این کمپانی چینی دفاع می‌نمایند.,1,Positive
البته نمی‌توان گفت که سیستم خنک کننده کاملا بی صدا است ولی مسلما صدای آزار دهنده ای تولید نمی‌کند.,1,Positive
با این حال این سیستم عامل کلیه نیاز های اولیه کاربران را پاسخگو می‌باشد.,1,Positive
مرورگر اینترنت این تبلت نیز همانند سایر تبلت های هانی کامبی بسیار عالیست.,2,Positive
وزن کم و ضخامت 7.6ميليمتري اين گوشي با طراحي زيبا از ديگر موارد کاربر پسندي هستند که ميتوان به آنها نيز اشاره کرد.,1,Positive
پشت گوشي فوق‌العاده من و جذب خودش کرد و تصميم گرفتم اين گوشي رو داشته باشم.,2,Positive
برخلاف دوربین X100،  این دوربین از شاتر سنتی Focal Plane بهره می‌برد که اصولا شاتر پر سر و صداتری است.,-1,Negative
حسگر	تبلت GSP-X7 دارای تکنولوژی حسگر جاذبه (Gravity) می‌باشد که با قابلیت چرخش در چهار جهت هنگام چرخش دستگاه،  جذابیت بالایی هنگام کار با تبلت را ایجاد می‌کند.,1,Positive
"با بيمه و گارانتي هماهنگ

متاسفانه!",-1,Negative
تنها مشکلي که من در اين مدل ديدم  اينه که وقتي به برق وصله در بدنه لپ تاب يه احساس ضعيف شوک برق گرفتگي وجود داره که اينطور که من تحقيق کردم طبيعيه!,-1,Negative
در واقع زمان خیلی کمی برای گرفتن یک عکس و سپس عکس بعدی،  ورود و خروج به برنامه‌ی دوربین و سویچ بین مود دوربین عکاسی و دوربین فیلم برداری لازم است.,1,Positive
به هر صورت همانطور که گفتیم،  Hp Laser Jet Pro M1132 MFP پرینتر لیزری سیاه و سفیدی (تک رنگ) است که سرعت و کیفیت بسیار بالایی را در عمل چاپ ارایه می‌دهد.,2,Positive
در ضمن سامسونگ در ليست محصولات آپديت به اندرويد4.1.1 قرار داده و اين مشکل به کلي حل ميشه ضمنا با قابليت هاي تازه افزوده شده گوگل به اندرويد تازه و همچنين بهينه شدن تاچ ويز ديگه هنگام روشن کردن اين گوشي بايد انتظار سرعت فوق‌العاده اي ازش داشته باشيد.,1,Positive
من يک هفته است اين گوشي را دارم گوشي بسيار عالي است.,2,Positive
مرسي ديجي کالا,1,Positive
همچنین کمینه‌ی نسبت کانونی آن نیز f/2.7-5.9 می‌باشد که دست کم در حالت واید لنز بسیار سریعی می‌باشد تا در شرایط نوری ضعیف بتوانید با سرعت‌های شاتر بالاتری عکاسی کنید.,1,Positive
این باعث شده که احساس خیلی بهتری در هنگام کار کردن با نمایشگر داشته باشید.,2,Positive
صفحه نمايش با کيفيت با پنل IPS و رزولوشن HD7.,1,Positive
بهترين وسيله براي نگه داشتن بکاپ با امنيت بالا با استفاده از نرم افزاري که تو خودش داره.,2,Positive
دوربین جلویی که صرفا جهت مکالمات تصویری تعبیه شده و چندان مناسب عکاسی نمی‌باشد.,-1,Negative
وزن آن نیز 338  گرم است که در مقایسه با بدنه پلاستیکی آن،  به نسبت دیگر تبلت های سری Galaxy مقداری سنگین نیز به نظر می‌رسد.,-1,Negative
cpu  هم که نسل سومه و در تستي که من کردم  واقعا از لحاظ پروسس متحير شدم ،  به هيچ عنوان  داغ نميکنه و من اصلا با اين مشکل تا به حال برخورد نکردم حتي در اجراي سنگين ترين بازيهاي گرافيکي.,2,Positive
در ضمن با ورود تکنولوژي هاي جديد عمر اين کنسول ها خيلي زودتر به پايان مي رسد منظور من اين است که بلوراي پر هزينه و بي مصرف براي نسل هاي کنسول هاي جديد بکار ميرود چون گيم هاي جديد در سال هاي اتي به حجم بيشتري و  سخت افزار هاي گرافيکي و پردازشي جديدتري احتياج دارد يعني عملاً کل سيستم اين کنسول ها بايد تعويض گردد !,-1,Negative
طراحيش هم حرفه‌ايه .,1,Positive
Event Selection نیز کارآیی جالبی دارد.,1,Positive
جذابیت‌های فراوان آن باعث گردیده که به یک تبلت جالب تبدیل گردد،  اما به هر حال باید بپذیریم که تجربه اول مایکروسافت،  بدون نقص نیست و باید منتظر انتشار تبلت های بعدی این کمپانی ( یا حداقل Surface Pro ) باشیم تا بتوانیم لذت داشتن یک تبلت-لپ تاپ را نیز تجربه نماییم.,-1,Negative
به همین دلیل سطح آن همواره تمیز باقی می‌ماند.,1,Positive
تصور کنید که دیدن یک فیلم را بر روی گوشی PadFone آغاز کرده‌اید،  پس از چند دقیقه احساس می‌کنید که دیدن آن فیلم در صفحه‌ی نمایش 10.1 اینچی لذتی مضاعف دارد،  فقط کافیست گوشی را در داک آن قرار دهید تا بقیه‌ی فیلم را بر روی تبلت مشاهده نمایید.,1,Positive
عملکرد مرورگر اینترنت موجود بر روی این دستگاه از نظر سرعت بسیار عالیست.,2,Positive
حافظه داخلی Stylistic به میزان 32 گیگابایت است که با توجه به قابلیت این دستگاه مبنی بر پشتیبانی از کارت حافظه جانبی،  می‌توان با کارت‌های microSD آن‌را افزایش داد.,1,Positive
البته اگر اين گوشي قيمت به مراتب پايين تري داشت حتما به عنوان گوشي دوم  آن را خريداري ميکردم به اين دليل که 1 وزن آن بسيار کم است 2 حافظه داخلي قابل قبولي دارد                                                                                                                                                                   ,1,Positive
من فقط از نداشتن امکان اتصال سيم کارت و استفاده از GPRS ناراحت بودم که خدارو شکر اين مشکل در اين مدل حل شده و واقعا اين تبلت حرف نداره .,1,Positive
کار کردن با اینترفیس سیستم عامل سیمبین بسیار ساده است و امکانات بسیار خوب و اپلیکیشن‌هایی متنوع را هم ارایه می‌دهد.,2,Positive
حتي دوستم که اينو داره به خاطره ابعادش ازش ناراضي بود.,-1,Negative
دوربین اين گوشي مجهز به تشخيص چهره است و فوکوس ثابت داره سيستم عاملش هم به گفته نوکيا تا سال 2012 به سيستم عامل بل آپديت ميشه .,1,Positive
بدنه Sony S مانند گُوه،  یک حالت شیب داری دارد به همین دلیل وقتی آنرا روی میز قرار میدهید،  به راحتی قابل استفاده است.,1,Positive
در حقیقت می‌توان به جرات گفت که کمتر تبلتی در بازار وجود که دوربینی به خوبی دوربینMediaPad 10 FHD  داشته باشد.,1,Positive
تنها ايرادي که به اين تبلت وارد است نبود قابليت نصب سيم کارت است ولي به نظر مي رسد که اين ايراد با تعريف کاربريه تبلت و گوشي همراه از بين خواهد رفت!,1,Positive
محیط سیستم عامل کاملا روان است و کاربران کوچک‌ترین کاهش سرعتی هنگام کار کردن و سوئیچ کردن بین برنامه های مختلف مشاهده نخواهند کرد.,1,Positive
ما منتظر بوديم که ببينيم اپل بهترين گوشيو توليد کنه ،  اصلا به صرفه نيست و به پاي S III هم نميرسه اپل ديگه فقط رو ظاهر گوشيهاش کار ميکنه تا سخت افزار .,-1,Negative
و در بين اين دو ورودي کابل Micro USB / شارژر قرارداده شده که داراي درب کشويي بسيار شکيل و جذابي هستش.,2,Positive
اما برای اینکه لرزش دست شما منجر به تارشدگی تصویر نشود،  همانند هر دوربین امروزی پیشرفته‌ی دیگری،  DV300F هم مجهز به لرزش گیر اپتیکال تصویر می‌باشد تا همواره بتوانید عکس‌هایی شارپ بگیرید.,1,Positive
به هر حال برای طرفداران گوشی‌های سری Galaxy S سامسونگ،  ورود این گوشی به بازار می‌تواند یک خبر خوشحال کننده باشد.,1,Positive
شاید بتوان گفت بزرگترین نقطه قوت و مزیت این دوربین به دیگر دوربین های رایج ورزشی و غیر ورزشی،  بهره گیری از یک لنز بسیار واید 170 درجه است که تصاویری بسیار عریض و خیره کننده ضبط می کند،  قابلیتی که نقش موثری در خلق تصاویر مهیج و زیبا در فعالیت های ورزشی و ماجرا جویانه دارد.,2,Positive
"کيفيت صفحه نمايش تو عمل واقعا راضي کنندست اصلا به چشم نمياد نسبت به امکانات واقعا محشره من الان دو هفته اي ميشه که دارمش به جرات ميشه گفت از media pad fhd و asus transformers مناسبتره، مخصوصا gamingش عاليه، shadowgun,blade slinger,real boxing , ..",2,Positive
من سري G دارم که نسبت به نسخه معمولي گرافيک قوي‌تري هم داره و هر بازي بخواين بدون مشکل مياره.,1,Positive
• نرم افزار نسل پنجم iPod Touch از آخرین و جدیدترین نسخه سیستم عامل iOS یعنی iOS 6 استفاده می‌کند.,2,Positive
این هم دقیقا به دلیل بهره گیری از لنزی کوچکتر می‌باشد.,1,Positive
طراحی و ساخت از نظر طراحی و کیفیت ساخت،  می‌توان گفت که هواوی در مورد این تبلت سنگ تمام گذاشته است.,1,Positive
"اينبار اپل ترکوند  واقعا خيلي گوشيه زيباييه ولي از لحاظ سخت افزاري هنوز يکمي مونده تا به S3 برسه

",1,Positive
من SII  داشتم و با ضرر زياد ردش کردم رفت.,-1,Negative
"بازي ها و فيلم هاي قابل دانلود از XboxLive

نقاط ضعف: احتمال خرابي کنسول در ورژن هاي قديمي ( در دستگاه هاي جديد خيلي کم شده) .",-1,Negative
خيلي عاليه.,2,Positive
اصلا از سامسونگ خوشم نمياد.,-1,Negative
به دلیل رزولوشن بالایی که این سنسور ارائه می‌دهد،  جزئیات می‌توانند با تفکیکی بسیار عالی ثبت شوند.,2,Positive
تبلت جديد اسوس واقعا سخت افزاره خوبي داره ولي آيا واقعا اين سخت افزار به درد همچين تبلتي ميخوره.,1,Positive
این کارت گرافیک،  قدرتی همانند کارت‌های گرافیک رده بالای GeForce GTX 460M و GeForce GTX 560M دارد و به راحتی جوابگوی سنگین‌ترین وظایف گرافیکی حتی اجرای بازی‌های کامپیوتری نیز خواهد بود.,1,Positive
هرچند که بسیار جمع و جور می باشد و نگهداری آن آسان می باشد.,2,Positive
اکنون شاید بتوان Xbox 360 Slim را برترین کنسول بازی موجود دانست مخصوصا با وجود Kinect Microsoft  اکنون لذت استفاده از بازیهای Xbox چند برابر شده است.,1,Positive
اگه حوصلهُ تنظيم منوالُ ندارين اصلا پيشنهاد نميکنم.,-2,Negative
.در ضمن قيمت مناسبش و خوشدستي و زيباييش هم جاي خودشو داره فقط هنوز براش ضد خش و کيف نيومده که ايشالله اونم مي ياد ,1,Positive
"من از اين سايت دوربينو خريداري کردم 

اين دوربين زوم بسيار بالا و قوي داره ولي متاسفانه تراکم پيکسليش پايينه",-1,Negative
رزولوشن تصاویر 2448×3264 پیکسل می‌باشد و تصاویر گرفته شده با دوربین این گوشی کیفیت فوق‌العاده بالایی دارند.,2,Positive
"از همه جالب تر اینکه شما می توانید به راحتی و به طور کامل بین استفاده از چشمی اپتیکال و الکترونیکی سویچ کنید تا به طور کامل تصویر یک چشمی الکترونیکی با رزولوشن 1,440,000 پیکسل برای شما به نمایش در آید.",1,Positive
نرم افزار یکی از نقاط قوت این گوشی دو سیم کارته،  بهره گیری آن از نسخه 4 یا Ice Cream Sandwich سیستم عامل اندروید است.,1,Positive
ظاهرا دوربين خوبي است  اگه بشه براي مراسمات ازش استفاده کرد که عالي ميشد,1,Positive
يک مقدار هم فضاي زيادي را اشغال ميکند.,-1,Negative
البته هر کسی که آشنایی با دوربین های ضد آب دارد می داند که تحمل فشار آب تا این عمق بسیار تحسین برانگیز است.,2,Positive
هنگامی که یک ویدئوی Full HD را بر روی این دو تبلت اجرا کنید،  برتری‌های Infinity به راحتی قابل رویت است.,1,Positive
حسگر شناسايي انگشت روي اين بخش نسبتاً مناسب عمل مي‌کند اما در مواردي،  مجبور بوديم بيش از يک بار آن‌ها را لمس کنيم.,-1,Negative
برخی کمپانی ها با تولید اسکنرهای بسیار کوچک که تحت عنوان اسکنرهای دستی به بازار معرفی شدند توانستند کمک بسیار شایانی به افراد مختلف بکنند.,2,Positive
مثلا به راحتی می توانید بوسیله ی تجهیزات استقرار مختلف؛ دوربین را به دسته ی دوچرخه ی خود،  به سطح جلویی یک اسکیت برد،  به یک تخته ی موج سواری،  میله های کایت و یا حتی مچ و یا سینه ی خود متصل کنید.,1,Positive
این گوشی،  دارای گواهی PlayStation است که مسلما توجه علاقه مندان به بازی ها را به خود جلب خواهد کرد و همچنین سخت افزاری که این گوشی را تغذیه می کند به قدری عالیست که کاربران را متحیر خواهد کرد.,1,Positive
در مجموع نسبت به قيمت خوب است.,1,Positive
به عنوان یک گوشی تلفن همراه با چنین ویژگی‌ها و فن آوری های خیره کننده ای،  Galaxy S II Plus  گوشی آسانی برای جمع بندی و اظهار نظر است.,1,Positive
سامسونگ در این گوشی قابلیت‌های بسیار جالب و جدیدی قرار داده است که آن را از رقبای خود مجزا کرده است.,2,Positive
خيلي خوب بود,2,Positive
رنگ‌های تولید شده بسیار جذاب و روشنایی صفحه نمایش نیز بسیار عالیست.,2,Positive
فقط فوجیتسو قالب آن‌را منطبق بر طراحی بدنه تغییر داده است که انصافا تغییر بسیار زیبا و مفیدی بوده است.,2,Positive
من خودم خيلي رو خريد گوشي حساس هستم اما واقعا s2 هيچ چي کم نداره .,1,Positive
واقعا حيف که دوربين نداره ولي نسبت به قيمش خيلي خوبه,1,Positive
داک کیبورد نیز،  این تبلت را به یک نت بوک ایده آل تبدیل می‌کند.,1,Positive
اين دوربين از يک هندي کم سوني با قيمت خيلي بالاتر چيزي کم نداره هم عکس خوبي ميگيره و هم فيلم عالي حتي زوم اپتيکالش هم از هندي کم ها بيشتره,2,Positive
به هر صورت همانطور که گفتیم،  W630 مدل دیگری از دوربین‌های کامپکت ارزان قیمت سونی می‌باشد که امکانات و کیفیتی بسیار عالی را ارائه می‌دهد و عملکرد لنز آن در شرایط نوری ضعیف نیز فوق العاده است.,2,Positive
این لپ‌تاپ‌ها در سال 2010 به نسل اول پردازنده های Intel Core و همچنین بدنه ای آلومینیومی به روز شدند و این بار در سال 2012 نسل سوم این لپ‌تاپ‌ها وارد بازار شده است که نه تنها به طراحی آلومینیومی جدیدی دارند،  بلکه از پردازنده های به روزتر و سریع‌تری نیز بهره می‌برند.,1,Positive
واقعا هيچ حرفي واسه گفتن در برابر ديگر رقبا مثل گلکسي نوت 2 نداره.,-1,Negative
اما بوسیله ی پایه ای که در زیر دوربین قرار می گیرد و توانایی چرخش دارد،  می توانید جهت فیلم برداری دوربین را تغییر دهید و حتی به جای مناظر روبرو از چهره ی خود فیلم برداری کنید.,1,Positive
رنگ‌های تولید شده بسیار زنده و طبیعی بوده و نویز تصاویر نیز کم است.,1,Positive
همه چيزش عاليه.,2,Positive
این دوربین با وزن تنها 167 گرم،  آن قدر کوچک و سبک است که می توان آن را برای پژوهش های علمی رفتار حیوانات بر روی بدن یک حیوان و یا برای فیلم برداری هوایی بر روی یک هلیکوپتر کنترل از راه دور و یا یک بالون هم نصب کرد!,1,Positive
هر از چند گاهي مثلن وقتي که برق قطع ميشود کاغذ که وسط دستگاه گير کرده براي در آوردنش ريسک بايد بکني بکشي در بياد يا نه مونده به شانس شما از روشهاي مختلف امتحان کردم خودش نميتونه در بياره.,-1,Negative
سلام ،  حدود يکسال هست که دارم،  بعد از اولين شارژ کيفيتش خيلي اومد پايين،   ,-2,Negative
کارتریج های این پرینتر نسبتا گران قیمت هستند.,-1,Negative
به نظر مياد کيفيت صفحه نمايشش بقيه مزاياي اين تبلت تحت الشعاع قرار ميده به نظر من کيفيت صفحه نمايش خيلي مهمه اين عرض از من که تجربه کار با تبلت هاي گوناگون دارم بپذيريد کيفيت پايين صفحه نمايش در تبلتها غير قابل اغماض است.,-1,Negative
"سرعت عالي پردازنده فوق العاده قدرتمند, ولي کيفيت دوربين جلو نسبت به کيفيت خود تبلت يه کم پايينه و تو ذوق ميزنه.",1,Positive
در کل ميشه گفت لپ تاپي خوب و با طراحي بي نظير .,2,Positive
خصوصا اينکه کيفيت هندزفريش واقعاً مثال‌زدنيه و بيس بالايي هم داره.,2,Positive
تبلت Nexus 7 خيلي از اين تبلت بهتره هم پردازنده 4 هسته ايش و هم صفحه ي نمايش با کيفيت تري داره.,1,Positive
پس در کل می‌توان گفت با اینکه از نظر اندازه صفحه نمایش،  این گوشی به رقبای خود نمی‌رسد،  اما از نظر کیفیت هیچ چیزی از آن‌ها کمتر ندارد و با دیدن کیفیت تصاویر در آن،  مسحور آن خواهید شد.,1,Positive
باطري خوب ..,1,Positive
اما رم اصلا خوب نيست اگه براي خودم ۴۵۴۰ بخرم حتما رمشو به ۸ ارتقا خواهم داد !,-1,Negative
"به نظر خود من که هيچ گوشي بهش نميرسه

در حال حاضر

و اينکه مثل هميشه يه سر و گردن از بقيه ي گوشيها بالا تره.",1,Positive
در مجموع همانند پرینتر این دستگاه،  اسکنر آن نیز تقریبا کمبودی ندارد و از نظر عملکرد خوب ارزیابی می‌شود.,1,Positive
اگه کسي ميخواد گلکسي تب 2 بخره به نظر من توي عالي بودن اين تبلت شک نکنه.,2,Positive
24 میلی متر خیلی خوب است و می تواند در یک کادر میدان دیدی کاملاً گسترده را در بر گیرد.,2,Positive
سطح تاچ پد کمی دانه دانه است و به راحتی می‌توان بدون نگاه کردن،  آن را در بین استراحتگاه دست پیدا کرد.,1,Positive
در ضمن از نظر ابعاد،  X-Pro1 کاملا از X100 بزرگتر و سنگین تر است و ظاهری کاملا جدی و حرفه ای تر دارد.,1,Positive
اگر به دنبال بهترین تجربه کاری با سیستم عامل اندروید هستید،  HTC One X Plus یکی از بهترین انتخاب‌های شماست.,1,Positive
گوشي خوبي به نظر ميرسه .,1,Positive
مخصوصا تبلتاش فوق العادن !,2,Positive
خيلي لپ تاپ خوبيه بهتون پيشنهاد مي کنم که بخريد من ازش دارم و راضي هستم,2,Positive
در مورد زوایای دید نیز همان‌طور که انتظار می‌رفت،  اگر کمی از بالا یا پایین به صفحه نمایش نگاه کنید،  تغییر بسیاری در کیفیت تصویر مشاهده خواهید کرد ولی زاویه دید افقی بسیار خوب است.,1,Positive
بعد از بازکردن بسته اين گوشي،  اولين چيزي که جلب توجه کرد،  کيفيت ساخت اين گوشي بود که بسيار فراتر از حد انتظار بود.,2,Positive
اين لپتاپ از طراحي و ارگنومي بسيار خوبي برخوردار هست !,2,Positive
نوع بي‌سيم اين دسته بازي نيز،  فاصله‌ي ۹ متر را با باتري AAاز نوع NimH پشتيباني مي‌کند که اين فاصله براي يک دسته بازي بي‌سيم فاصله‌ي مناسبي است.,1,Positive
محاسن:ـ استفاده از ويندوز فون هشت يک تجربه عالي و لذت بخش است و به نظر مي رسد که باعث خلاص شدن از دست بسياري از مشکلات آندرويد است.,1,Positive
روي هم رفته خوبه خوبه.,1,Positive
به نظر من اين  تبلت با صفحه بزرگ قيمت پايين مي تونه رقيب بزرگي براي ايسوز  eee pad transformer tf 300 tg   باشه و اين دو واقعا از اپل با قيمت بالا و سيستم عاملي با عناوين کم (نرم افزار و بازي ) محدود بهترن ,1,Positive
دوستان کي ميگه فقط سفيد هست رنگ تمام سياه هم وجود داره و فکر نکنم با صرف باشه چون قيمت دلار رو مي دونيد وگرنه بهترين هست اين به وضوح معلومه,1,Positive
پر کار .,1,Positive
من فارق التحصيل گرافيکم امروز بعد از سالهاي سال حس عکاسي بهم دست داد فوق العاده ست هم کيفيتش هم شکلش هم قيمتش پرفکت نامبروان ديجي کالا متشکريم.,2,Positive
اما مودهای عکاسی HX200v هم بسیار متنوع هستند.,1,Positive
اما گوشي بايد بگم معرکه است من قبلش تصميم داشتم sony xperia arco s  بگيرم که دوستم داشت و خيلي تعريف مي کرد اما وقتي مقايسه کرديم با هم خيلي جاها کم مي ياره سوني و از همه مهمترش در اسکرينشه از نظر کيفيت و شفافيت تصوير عالي هست فقط شايد در پخش فيلم ضعف گرافيکش معلوم مي شه و الا در بقيه جهات چه سرعت چه امکانات چه نرم افزارها واقعا رضايت بخشه و به نسبت تفاوت قيمتش با گلگسي اس 3 مخصوصا در پيشنهاد شگفت انگيزش واقعا مي ارزه و خيلي خيلي دوست داشتني هست.,2,Positive
صداي اسپيکرشم کمه ولي هدفن صداش فوق‌العادست.,1,Positive
تنها عيبش به نظر من اين بود که باطريش دير شارژ شد.,-1,Negative
یکی از بهترین تغییراتی که سونی روی این تبلت انجام داده است،  موزیک پلیر آن است که یکی از زیباترین موزیک پلیرهایی است که تا به امروز مشاهده کرده ایم.,2,Positive
دوما :نورگيري ان بسيار کم است ودر شرايط نور کم تصوير بسيار بي کيفيت ميشود.,-2,Negative
سرعت کپی در حالت ADF ( تغذیه خودکار ) در این دستگاه 3.4 برگ در دقیقه می‌باشد که سرعت بالایی نیست.,-1,Negative
اما برخلاف لنز Ixus 510 HS که توانایی زوم 12 برابر را داشت،  لنز 24-120 میلی متر Ixus 240 HS توانایی زوم 5 برابر را دارد.,-1,Negative
در ارتباطات هم گوشي خوبيه فقط حواستون باشه آپديتش نکنيد که وايفايش مرخص ميشه 7.کليد هاي پايين رو يکم بايد تحمل کنيد تا واستون روون بشه .,1,Positive
"مزايا :

- دوربين فوق العاده .",2,Positive
آقا جدا اين هارد فوق العادست من امروز (9 بهمن 91) خريدمش در حالي که رقيبش يعني My Passport شرکت وسترن ديجيتال ارزونتر بود و الان هم اصلا پشيمون نيستم.,2,Positive
پشت این لنز،  سنسور تصویر 14 مگاپیکسلی CCD قرار گرفته است که هرچند از انواع پیشرفته تر CMOS نیست ولی رزولوشن مناسبی را ارائه می دهد تا بتوانید در شرایط نوری بهتر عکس های خوبی بگیرید.,1,Positive
با فن‌آوری ابری می‌توانید در مواقعی که خانه نیستید نیز بیشترین بهره را از فایل‌ها و محتواهای خویش ببرید.,1,Positive
من اين ايفون را از دجي کالا خريدم اسپيکر ايفون 5 خيلي با کيفيت بالا هست که از مدلهاي قبلي ايفون يه سر و گردن بالاتر هست در ضمن جالبه که بدونيد که ايفون 5  يک اسپيکر دارد سمت راست اسپيکر و سمت چپ فقط ميکروفون هست.,1,Positive
"سلام من اين دوربين رو چند وقت پيش خريدم صفحه نمايش لمسي اون بزرگ و خوبه، تاچش هم مشکلي نداره

عکس برداري و فيلم برداريش هم عاليه(باتوجه به قيمت)تنها مشکلش نداشتن افکت هاي عکس برداري و تشخيص لبخنده، که فکر نکنم زياد مهم باشه

لازم به ذکره اين دوربين حسگر ژيروسکوپ هم داره

درکل در اين محدوده قيمت بهترين گزينه است.",1,Positive
به طور کلي،  سه هسته موجود در اين پردازنده به صورت موازي و در فرکانس ۲/۳ گيگاهرتز فعاليت مي‌کنند که اين عامل باعث افزايش کارآيي اين واحد پردازشي در محاسبات پيچيده مي‌شود.,1,Positive
این چیپ از پردازنده ARM Cortex-A9 استفاده کرده و به راحتی جوابگوی تمامی برنامه‌ها و بازی‌های سیستم عامل iOS می‌باشد.,1,Positive
به علاوه صدای بیس تولید شده نیز کاملا رضایت بخش می‌باشد و مسلما دوست داران گوش کردن به موسیقی و تماشای فیلم از کیفیت صوتی این تبلت راضی خواهند بود.,1,Positive
به روز رسانی: در تست هایی که انجام دادیم،  کیفیت عکس های گرفته شده توسط این دوربین با توجه به سنسور تصویر نسبتا کوچکی که دارد واقعا عالیست.,2,Positive
در قلب Galaxy S II یک پردازنده‌ی بسیار قدرتمند دو هسته ای با سرعت 1.2 گیگاهرتز قرار گرفته که در زمان ورود Galaxy S II به بازار در سال 2011 فوق‌العاده بود،  اما در حال حاضر و در بین دنیای چهار هسته ایها حرف خاصی برای گفتن ندارد.,-1,Negative
ولي در کل ارزش خريدشو داره.,1,Positive
این دو بلندگو،  کیفیتی فراتر از سطح انتظار ما از یک تبلت را ارائه می‌دهند.,2,Positive
فبلت خوبي همه چيزش کامل .,1,Positive
اپل ادعا کرده است که پره های این فن‌ها به صورت نامنظم طراحی شده‌اند تا صدای کمتری نسبت به فن‌های عادی ایجاد کنند و در عمل نیز به نظر ما تا حد زیادی در این کار موفق بوده‌اند.,1,Positive
قيمتش قطعا نسبت به ايفون 5 خيلي کمتره ولي تمام کارهاي ايفون 5 رو انجام ميده جز مکالمه.,1,Positive
از همه نظر هارد خوبيه.,1,Positive
از لحاظ نرم افزاري در اين قيمت بدون رقيب هست بنده اين نظر را با همين تبلت درج کردم ولي نبايد انکار کرد که اين تبلت عيب بزرگي دارد آنهم پشتيباني نکردن از حافظه ي جانبي هست ولي از لحاظ سرعت و قدرت نرم افزاري از تبلت هاي گران قيمتي مانند 7plus بسيار بالاتر است صفحه ى نمايش آن هم با اينکه سوپر امولد نيست کيفيت بالا و نور دهي بسيار مناسبي دارد و رنگ ها بسيار زنده اند و در آخر بدنه ى پشتي آن مورد برسي قرار مي گيرد که موقع کار کردم حس بسيار خوبي را منتقل مي کند و از عرق دست هم جلو گيري مي کند درمورد حافظه هم مي توان گفت که با وجود کمي حافظه ي ان راه حل هايي مانند استفاده از حافظه هايي که با استفاده از يو اس بي به تبلت وصل مي شوند استفاده کرد مثل فلش ها يا هارد هاي اکستر نال و يا استفاده از حافظه هاي مجازي مانند گوگل درايو يا دراپ باکس پس براي خريد يک تبلت لزومي به توجه به حافظه ي آن نيست زيرا که مي توان آن اطلاعات را در جاي ديگري ذخيره کرد ,1,Positive
با AllShare Play می‌توانید فیلم،  عکس و موسیقی و سایر فایل‌های چندرسانه‌ای را مستقیماً در تلویزیون خود پخش کرده و از آنها روی صفحه نمایش بزرگ لذت ببرید.,1,Positive
لپ تاپ فوق العاده ايه و به نسبت قيمتش در مقايسه با مدل هاي مشابه مارک اي سوس به صرفه تره.,2,Positive
در کل، از نظر نرم افزاری نیز مشکل خاصی با این گوشی نخواهید داشت.,1,Positive
بنابراین اگر به دنبال همچین ویژگی هایی هستید،  A3400 IS برای شما گزینه‌ی مناسبی است.,1,Positive
و همگي محصولات اپل در زمان معرفي يک سورپرايز براي عاشقان تکنولوژي محسوب ميشد و هر کدام در نسل بعديشان امضاي مخصوص خودشون رو داشتن براي مثال siri در 4s و يا retina در  New Ipadاين نوآوري ها هميشه اپل رو يک سر و گردن از رقباش بالاتر نگه ميداشت.,1,Positive
بايد بگم جواب تست هام رو فقط مي تونم با Apple 4G مقايسه کنم چون اين تبلت يه سر و گردن از بقيه تبلت هاي اندرويدي قويتره.,1,Positive
اين لپ تاپ بسيار خوب رو امروز تست کردم نسبت به مدل قبلي يعني ۴۵۳۰ کاملا برتري داره و اگه قصد خريد ۴۵۳۰ داريد به شما پيشنهاد مي کنم حتما اين مدل رو بگيريد !,2,Positive
M1132 نیز پرینتری است که به نظر یکی از بهترین‌ها برای ایفای این نقش می‌باشد.,1,Positive
سلام دوستان صفحه نمايش اين گوشي مثل ساير گوشي هاي 720p سوني فوق‌العادست و از همشون جز اکسپريا تي و اکسپريا تي ايکس بهتره دليلشم اينه که صفحه ي بزرگش واقعا قشنگه و با ديدنش ديگه دلتون نميخواد از يه صفحه ي 4.3 استفاده کنين مثل من.,2,Positive
فقط تنها مشکلي که داره اينه که داغ ميکنه !,-1,Negative
آخری به خصوص برای گرفتن عکس‌های ماکرو که به فوکوس دقیق احتیاج دارند بسیار عالیست چرا که وسط نمایشگر هم بزرگنمایی ایجاد می‌شود.,2,Positive
هدف از نام‌گذاري اين کنسول به نام XBOX 360 اين است که اين کنسول نه تنها نيازهاي مربوط به بازي را براي کاربر مرتفع مي‌سازد،  بلکه اين توانايي را دارد که به عنوان يک مرکز چند رسانه‌اي يا Multimedia Center در خانه مورد استفاده قرار گيرد و به صورت ۳۶۰ درجه (جامع) نيازهاي ديجيتال کاربر را مورد پوشش خود قرار دهد.,1,Positive
با وجود چنین تکنولوژی و سخت افزار پیشرفته ای که در این لپ‌تاپ به کار گرفته شده است،  Retina Macbook Pro بسیار باریک و سبک بوده و طول عمر باتری آن بسیار بالاست.,2,Positive
من خودم  شخصا به همه دوستام ديجي کالا رو پيشنهاد ميکنم چون کارش حرف نداره.,2,Positive
"من تازه اين دوربينو خريدم 

فقط ميتونم بگم محشره",2,Positive
سوني هم مارک خوبيه بنظرم خودم سوني دارم و ازش راضيم از نظر زيبايي هم منحصر به فرده .,1,Positive
در سمت چپ رابط کاربری نیز یک منو وجود دارد که با استفاده از آن می‌توان به راحتی به تعدادی از برنامه‌ها دسترسی داشت.,1,Positive
بنده خودم از نزديک اين تلويزيون را مشاهده نکردم ولي در حالت کلي تلويزيون هاي پلاسما با اينکه مصرف برق بالاتري دارند اما وضوح بيشتري داشته و جزييات در آنها بهتر نمايش داده مي شود از طرفي تلويزيون هايي مانند ال سي دي و ال اي دي پس از چندين دقيقه مشاهده مداوم چشم را خسته ميکنند اما تلويزيون هاي پلاسما اين گونه نيستند و خستگي چشم در آنها بسيار کمتر است از طرفي سرعت تصاوير در پلاسما بيشتر از مدل هاي ديگر است براي مثال در مشاهده يک بازي فوتبال حرکت توپ در تلويزيون ها ي ال سي دي چندان واضح نيست اما در تلويزيون هاي پلاسما کاملا مشهود است,1,Positive
پردازنده نوت2 چهار هسته اي هست ولي تو همه جا ثابت شده که پردازنده ايفون5 از همه پرسرعت تره.,1,Positive
زيبا و شيک.,1,Positive
اگر مکالمه با تبلت 8 اینچی برای شما یک مزیت محسوب می‌گردد،  و یا اگر به دنبال تبلتی برای انجام کارهای گرافیکی می‌گردید،  Samsung Galaxy Note 8 یک انتخاب بسیار خوب برای شماست که مسلما از خرید آن پشیمان نخواهید شد.,1,Positive
بدنه این تبلت به طور کامل از پلاستیک با کیفیت ساخته شده است.,1,Positive
شاید چنین آرایش دکمه‌ی فیزیکی در کنار دکمه‌ی لمسی در نگاه اول کمی عجیب به نظر برسد ولی پس از مدتی کار کردن با آن متوجه لذت بخشی چنین طراحی می‌شوید.,1,Positive
به نظر من هوآوي يه انقلابه تو گوشي ها، به نظر من اين گوشي با توجه به گارانتي يک سالش بيشتر از اينا مي‌ارزه.,1,Positive
البته خبری از پورت HDMI نیست ولی به هر صورت وجود چنین امکان فیلم برداری برای دوربینی در این رده‌ی قیمت واقعا خوب است.,1,Positive
اپل بهترين سخت افزارو داره در صورتي که يکي از ساده ترين گوشي هاست.,2,Positive
این دوربین به خوبی از پس نویز بر می آید و تا ایزو 800 نمی توان نویز زیادی را در عکس ها مشاهده کرد.,1,Positive
در نقد و بررسی HX100v اشاره کرده بودیم که کیفیت عکس‌های گرفته شده فوق‌العاده هستند.,2,Positive
xbox 360 تازه واردي بود که با همه حرف و حديث ها و تمام شايعات تا به امروز به حيات مقتدرانه خود ادامه داده و به گفته مايکروسافت با آمدن مدل باريک تر آن،  تا سال 2015 به حيات خود ادامه خواهد داد!,1,Positive
باتری 4000 میلی آمپری این تبلت می‌تواند با مصارف روزمره سبک تا سه روز کامل شارژ دهی کند که برای یک تبلت هفت اینچی با پردازنده ای دو هسته ای،  میزان بسیار خوبیست.,2,Positive
به شما قول می دهیم GO Pro Hero فقط یک دوربین نیست،  این وسیله همه آنچه را که برای ثبت لحظات ماجراجویانه و ورزشی به آن نیاز دارید فراهم می کند.,1,Positive
"حالا ميخوام چندتا از بهترين مزيتاشو واستون بگم:

1-از سرعت بسيار عالي برخوردار(به دليل استفاده از usb3) 

2-موقع عدم انتقال داده هارد به صورت standbye درمياد که ميشه گفت تنها هارديه که اين مزيتو داره

3-به دليل نرم افزاري که روش نصبه امکان رمزگذاري فراهمه

4-درسته که اين هارد ضد ضربه نيست ولي من تا الان بيشتر از7تا8 بار روي زمين سخت افتاده وتا الان هيچ مشکلي براش پيش نيومده

بطور کل بايد بگم که اگه دنبال يه هارد کامل و خوب ميگرديد بدون شک همين رو انتخاب کنيد",2,Positive
همچنین اگر یک عکس Raw+JPEG بگیرید ذخیره ی آن بر روی کارت حافظه حدود 8 ثانیه به طول می انجامد که زیاد است.,-1,Negative
نخستین تغییر را می توان مقداری در ظاهر و ابعاد مشاهده کرد که به نظر ما خوب بوده و اکنون P520 دوربین خوش‌دست‌تری شده،  دوم اینکه اکنون P520 دارای نمایشگر چرخنده‌ی کارآمدتری است که می تواند به هر سو چرخش کند.,1,Positive
بالاخره سوني تصميم گرفت در جشن 25 سالگي دوربين هاي هندي کم خود يکي از بهترين محصولات ساخته شده خود را وارد بازار کند يعني دوربين SONY NEX VG10 دوربيني که مخصوص خلق شاهکارهاي سينمايي مي باشد و در سپتامبر امسال با قيمت 2000 به بازار جهاني عرضه مي شود.,1,Positive
عکاسی پیاپی با سرعت 11 فریم بر ثانیه هم می‌تواند انجام گیرد ولی رزولوشن به 8 مگاپیکسل کاهش می‌یابد.,-1,Negative
کيفيت دوربين عالي.,2,Positive
به لطف تراکم پیکسلی بسیار بالای صفحه نمایش و پردازنده قوی یک گیگا هرتزی آن،  مرورگری اینترنت با این گوشی بسیار لذت بخش است.,2,Positive
پشتيباني ديجي‌کالا خيلي خوب در مورد خريد راهنماييم کرد و اين هارد رو خريدم.,1,Positive
بدین صورت که تا به حال چنین صفحه‌کلید خوبی را بر روی هیچ تلفن همراهی مشاهده نکرده بودیم.,1,Positive
سرعت انتقال اطلاعات هم تو اين هارد نسبت به هارد هاي ضدضربه و حتي بسياري از هارد هاي عادي هم خيلي بهتره من خودم با USB 3 کمتر از 100 مگابايت نميشه البته يه چيز تو سرعت انتقال از هارد کامپيوتر به اين هارد تاثير گذاره سرعت هارد کامپيوتره پس اگه هارد رو خريديد و داشتيد کپي ميکرديد رو اين هارد و سرعت کم بود اصلا غصه نخوريد چون مشکل از هارد نيست با USB 2 خيلي سرعت کپي پايين مياد مثلا اگه 100 باشه مياد حدود 30 تا 40 مگ بر ثانيه در کل بگم که اگه USB 3 داريد و دنبال هارد ميگرديد اين هارد رو حتما نسبت به بقيه هارد ها تو اولويت اول قرار بديد .,1,Positive
بهترين چيز در مورد ۳۶۰ اين است که الان داراي بهترين و بيشترين بازي در بين رقباي خود است.,2,Positive
از آن جایی که برخلاف بسیاری از مدل‌های سطح بالاتر موتور Bravia نیز بر روی آن وجود ندارد،  بنابراین در تماشای فیلم و عکس‌ها هم نمی‌توانید از آن شفافیت خیره کننده لذت ببرید.,-1,Negative
به نظرم فوجي مارکي هست که واقعا ارزش خريد و داره,2,Positive
من قبل از اين که اين گوشي را بخرم بيشتر به دنبال galaxy s3 بودم ولي الان واقعا نظرم تغيير کرد و واقعا عاشق اين گوشي شدم !,1,Positive
معايب نوکيا 500 خيلي آزاردهنده است.,-2,Negative
بدون شک بايد بگم يکي از بهترين کنسولي است که تا به حال در عمر خود ديدم و بايد بگم يکي از بهترين بازي هاي ايکس باکس متور اسپرت فورزا است که بي نظير است,2,Positive
واسط کاربري زيبا .,1,Positive
بسيار فوق العاده،  انقلابي ديگر از اپل که مدت هاست منتظر آن هستيم,2,Positive
چون در اثر استفاده ناصحيح پين هاي mini usb خود کابل دچار مشکل ميشه و باعث قطع و وصل مکرر و آسيب هارد ميشه و مجبوريم کابل ديگه اي تهيه کنيم.,-1,Negative
به لطف پردازنده چهار هسته ای 1.7 گیگا هرتزی One X Plus،  محیط رابط کاربری بی نهایت روان است و کوچک‌ترین کاهش سرعتی در حین کار کردن با گوشی احساس نخواهید کرد.,2,Positive
"با اين امکاناتي که اين گوشي داره، اين قيمت خيلي مناسبه

بنچ مارکي که با نرم افزار antutu benchmark گرفتم رو براتون مينويسم.",1,Positive
وسيله اي کوچک خوب و کارآمد که چون شرکت سازنده اپل هست بايد دوام و کيفيت بالايي داشته باشه.,2,Positive
"سلام من يک ماهي ميشه که اين دوربين رو خريدم کارايي بالايي در برابر قيمتش داره 

کيفيت عکساش فوق العاده است سوني واقعا سنگ تموم گذاشته.",2,Positive
رابط کاربری دوربین نیز بسیار ساده و کاربردی است.,2,Positive
کیفیت این صفحه‌ی نمایش در مقایسه با SuperAMOLED ها،  چندان چشم گیر نیست اما با این قیمت،  عملکرد آن کاملا مناسب ارزیابی می‌گردد.,1,Positive
اما HX200v با توجه به بهبودهایی که داشته،  می‌تواند جایگاه مدل پیشین خود را در سال 2012 حفظ کند و تقریبا بهترین در کلاس خود باشد.,1,Positive
در ضبط ویدیویی Full HD نیز میدان دید 127 درجه پوشش داده می شود که فوق العاده است.,2,Positive
در کل به راحتی میتوان گفت که تبلت Sony S یکی از زیباترین تبلت های موجود در بازار است.,2,Positive
البته بايد بگم وقتي‌ قلقش دستتون بياد درسته که مساله آزاردهنده‌اي نيست، اما به راحتي‌ و لذت بخشي گوشي‌هايي‌ که دکمه‌هاي لمسي بزرگتر و حساستري (مثل Galaxy Note) دارند نمي‌شه.,-1,Negative
اگر جزو کسانی هستید که با تبلت خود زیاد موسیقی گوش کرده،  ویدئو تماشا می‌کنید و یا بازی می‌کنید،  GALAXY Tab 2 10.1 با داشتن بلندگوهای با کیفیت،  صفحه نمایش بسیار خوب و پردازنده قدرتمند،  یک انتخاب بسیار خوب برای شماست و شما را نا امید نخواهد کرد.,2,Positive
تو خريدش شک نکنيد.,1,Positive
"نسبت به قيمتش دستگاه خوبي هست

و در شبکه هم جواب خوبي داده کارتريج هم اگر اصل استفاده بشه نسبت به کاتريج هاي تقلبي که قيمت پايين تري دارن .",1,Positive
"

دوربين خوب و فوق العاده اقتصادي",2,Positive
در استفاده های معمولی تا دو روز می‌توانید با یک بار شارژ باتری از آن استفاده کنید.,1,Positive
با باتری لیتیومی قابل شارژ آیپاد شافل؛ می توانید تا 15 ساعت موسیقی گوش کنید.,1,Positive
در کل، از نظر کیفیت ساخت عملکرد ال جی در مورد این گوشی رضایت‌بخش بوده است و از لحاظ طراحی نیز، به نظر ما طراحی Optimus VU زیبا و شکیل است،  با این حال نظر در مورد زیبا بودن یا نبودن این گوشی را به شما می‌سپاریم.,1,Positive
"صفحه نمايش با کيفيت 

آنتن‌دهي بالا

نرم‌افزار‌هاي بسيار عالي که در خود گوشي نصب هستن.",2,Positive
پس از اینکه کوچک و سبک بودن،  آسانی نحوه ی اتصال،  حمل و نقل،   خاصیت ضد آب و ضد ضربه ی این دوربین بوسیله ی محافظ پلی کربناتی برای ما ثابت شد،  به سراغ ویژگی های فیلم برداری و کیفیت آن می رویم.,1,Positive
در ضمن در صورت برخورد دوربین با مکان های مختلف؛ که اصلا هم بعید نیست سالم می ماند.,1,Positive
صفحه نمايش فوق العاده٣.,2,Positive
بعد از آشنا شدن با تنظيمات دوربين و عکسهايي که گرفتم ميتونم بگم با کمي دقت و يادگيري فنون عکاسي ميشه عکسهاي فوق العاده اي انداخت کيفيت فيلمش هم عالي بود برخلاف انتظار باطريش هم خوب بود دو ساعت باهاش کار کردم ولي باطريش هنوز تموم نشده دوربين جمع و جوريه و هيچ ايرادي نداره و پيشنهاد ميکنم در خريدش شک نکنيد.,2,Positive
"در نوع خودش تبلت خوبيه

",1,Positive
در پایین آن نیز درگاه اتصال و شارژ تبلت به علاوه دو بلندگوی استریوی آن قرار دارند و در نهایت در پشت تبلت دوربین 3.2 مگاپیکسلی آن قرار دارد که متأسفانه به فلاش مجهز نیست.,-1,Negative
به همین دلیل همچنان بسیار خوش دست است و به راحتی در دست و در جیب جای می‌گیرد.,2,Positive
"به نظر من فوق العادست

من به شخصه از اپل 4اس و 4 بدم ميومد اما کار کردن با اپل5 عاليه

اپل يه phone کامله

",2,Positive
"داشته باشي اصلا خوب نيست بخصوص براي ما اندرويدي ها اما اگه فقط اسم

گوشي براتون مهمه توصيه ميکنم بگيريد !",-1,Negative
"يک ماهه اين گوشي رو دارم

صفحه نمايشش از اس 3 سامسونگ بهتره با  قيمت پايين تر

هيچ ايرادي نمي تونم بهش بگيرم

تمام نيازهاي من رو برطرف کرده

يک دوربين با کيفيت - کامپيوتر - اسکنر - جي پي اس  و ..",1,Positive
خيلي خوبه.,2,Positive
چون خيلي زياد ازش استفاده نکردم و در حد مصرف خونگي برام واقعا بصرفه بود.,1,Positive
با فارسي هم مشکل نداره.,1,Positive
تو اين چند روزي که به دستم رسيده و باهاش کار کردم ( تصميم گرفتم قبل از اينکه به ايشون بدم تعدادي نرم افزار و فايل براي ايشون روي گوشي بريزم ) متوجه شدم که اين گوشي تو رنج تلفن هاي همراه تو اين رنج قيمت بهترين انتخاب هست .,1,Positive
اما متأسفانه با همون رزولوشن 800*480 که چون بزرگتر شده تراکم پيکسلي متوسط 217ppi رو ايجاد ميکنه،  که البته اين تنزل با چشم قابل درک نيست!,-1,Negative
رنگ‌ها شما را مسحور خود می‌کنند.,1,Positive
"من اين هارد رو دارم عاليه حرف نداره وقتي به کامپيوتر وصل ميشه انگار فلش وصل کردي سه سوت مياد بالا اصلاهم سرعت کامپيوتر کم نمي شه بقيه هارد هايي که ديدم فقط يه ساعت طول مي کشه بياد بالا

",2,Positive
حتی می‌توان گفت که در مقابل قطرات باران نیز مقاوم است و می‌توان در مواقع لزوم در زیر بارش باران نیز با آن کار کرد.,1,Positive
دراخر بايد بگم ايفون5 گوشي که تو دنيا حرف اولو ميزنه.,1,Positive
تنها برتري xbox قيمت بازيهاشه.,1,Positive
هنگ نميکنه.,1,Positive
بعد از شش ماه کار کردن با اين مدل مي‌تونم بگم که حرف نداره.,2,Positive
ولي مي توان گفت که ظاهر زيبا و اندازه قابل قبولي دارد اما کابل اتصال به کامپيوتر ندارد.,1,Positive
LCD4.56 و بدنه يک پارچه فلزي مشکل لقيه درب پشت SONY S را حل و زيبايي دو چنداني رو به ION هديه داد کيفيت LCD نسبت به SONY S ميشه گفت گرم تر هست.,1,Positive
پلاستيکي بودن جنس بدنه و کيفيت پايين صفحه نمايش براي من قابل چشم پوشي نيست هر قدر هم که ارزون باشه تاثيري در نظر من نداره .,-1,Negative
دوربين 8 مگاپيکسلي با عملکرد خوب XPERIA Ray به يک دوربين هشت مگاپيکسلي که يک فلاش LED منفرد را يدک مي کشد ،  مجهز است.,1,Positive
با توجه به اختلاف قيمت با آيفون ارزش خريد رو دارد..,1,Positive
همچنین توسط بسیاری از موسسات و نشریات معتبر به عنوان برترین دوربین ورزشی موجود انتخاب و تحسین شده است.,2,Positive
اپل در نسل جدید iPod Touch نیز،  همانند گوشی iPhone 5،  به جای استفاده از درگاه 30 پینی قدیمی،  از درگاه 8 پینی Lightning یا آذرخش استفاده کرده که باعث شده تا ضخامت iPod Touch نیز همانند iPhone 5 بسیار باریک گردد.,1,Positive
من اين گوشي رو يه هفته اي ميشه خريدم  از digikala و روش آندروئيد 4.0.4 به صورت پيش فرض نصب بود ،  کيفيت صفحه نمايشش حرف نداره و واقعا عاليه ،  دوربينش هم که معلومه و باطريش هم دوام خوبي داره،  به نظر من گوشي کامليه ،  رم ميخوره و عکس و فيلم ها رو  عالي نشون ميده با صفحه بزرگي که داره و تکنولوژي پيشرفته sony bravia ,2,Positive
امکانات عالي + صفحه براويا4.,2,Positive
هرچند که ابعاد آن کمی بزرگ‌تر از Ixus 510 HS است ولی وزنی کمتر دارد.,1,Positive
به طوری که ماونت لنزی کاملا جدید و همچنین لنزهایی متفاوت برای آن ساخته شده اند.,1,Positive
بنابراین طراحان،  این دوربین را با یک محافظ پلی کربناتی همراه کرده اند که ضد ضربه و ضد آب می باشد.,1,Positive
با توجه به لنز واید 25 میلی متری که بر روی این دوربین ها قرار گرفته،  می توانید مطمئن باشید که در هر کادر می توان میدان دید گسترده ای را ثبت کرد تا بنابراین این دوربین کاملا مناسب عکاسی از منظره هم باشد.,2,Positive
بدین صورت که کافی است دوربین را بر روی مود عکاسی Smart Auto قرار دهید و دکمه‌ی شاتر را بفشارید تا دوربین به طور خودکار بهترین و با کیفیت‌ترین عکس را تهیه کند.,2,Positive
جنس بدنه این تبلت با وجود اینکه پلاستیکیست،  از پلاستیک براق بسیار با کیفیت ساخته شده است ولی متاسفانه اثر انگشت را به خوبی جذب کرده و نشان میدهد.,-1,Negative
علي الخصوص قابليت اين دوربينها همراه با اندازه کوچکي که دارند عکاسي در شرايط دشوار را بسيار راحت کرده اند.,1,Positive
سرعت به صورت چشمگيري پايين مياد,-1,Negative
"(اما فعلا رام هاي رسمي و روتش موجوده)

9- قلمش جالبه و قابليت‌هاي تاچش مناسبه، ولي اگه مثل S pen يه دکمه هم روش داشت، خيلي بهتر ميشد.",1,Positive
به عنوان یک گوشی تلفن همراه با چنین ویژگی‌ها و فناوری‌های خیره‌کننده‌ای،  Galaxy S II گوشی آسانی برای جمع بندی و اظهار نظر است.,1,Positive
"سلام دوستان ,  من از اين دوربين استفاده کردم و فوق العاده هست.",2,Positive
من گالاکسي نوت داشتم بسياري از امکاناتش برام غير قابل استفاده بود همچنين بزرگي اون براي گوشي مناسب نبود الان اين گوشي رو خريدم در همون حد بسيار راضي کننده است و قيمت معقولي دارد,2,Positive
البته با ویدئوهای 720p هیچ مشکلی ندارد.,1,Positive
نمایشگر این دوربین بسیار عالیست به طوری که از نوع 3 اینچی با رزولوشن فوق العاده ی 921000 پیکسل می باشد.,2,Positive
همين اما با اين همه احتمال اينکه اين گوشيو بخرم زياده چون از صفحه ي بزرگش خيلي خوشم اومد.,1,Positive
حتی صدای اسپیکرهای این نوت‌بوک نیز ما را تحت تاثیر خود قرار داد.,1,Positive
شگفت زده خواهید شد وقتی که بدانید برای اتصال آن‌ها به هم،  حتی به نگاه کردن هم نیازی نیست،  فقط کافیست آن‌ها را به هم نزدیک نمایید تا جاذبه مغناطیسی آن‌ها،  باعث اتصال سریع آن‌ها و آمادگیشان برای کار شود.,1,Positive
۴٫ درايوهاي Samsung در مدل‌هاي جديد که بعد از نيمه دوم سال ۲۰۰۷ توليد شده‌اند وجود ندارد.,-1,Negative
در Galaxy S II و اینک Galaxy S II Plus برنامه‌ای وجود دارد که از طریق آن می‌توانید غلظت رنگ نمایشگر را به صورت دلخواه تنظیم کنید.,1,Positive
لرزش دست رو به بهترين حالت ميگيره,2,Positive
فقط کافيه که يه سرعت 256 داشته باشين تا بتونين به جمعيت جهاني وصل بشين و با اين کار تازه دنياي xbox واستون باز ميشه.,1,Positive
طراحی و ساخت HTC در طراحی مدل جدید خود،  تا حدودی تحول ایجاد نموده.,1,Positive
واقعا عالي و بي رقيب در اين قيمت,2,Positive
"کمپاني asus با توليد سري هاي prime, nexus و infinity نقش زيادي در توليد تبلت هاي چهار هسته اي داشته است.",1,Positive
همان لبه های منحنی و همان کلید دایره ای Home در قسمت پایین و البته نهایتا همان صفحه نمایش رتینای دوست داشتنی،  البته کمی بزرگ‌تر.,1,Positive
با توجه به کمینه‌ی سرعت شاتر 15 ثانیه‌ای نیز این دوربین کاملا مناسب عکاسی در شب می‌باشد.,1,Positive
من يه هفتست ipod 5 خريدم،  من قبلش ايپاد ٤ داشتم که توي بعضي بازيها هنگ ميکرد و ميپريد بيرون، دوربين ضعيفي داشت و حجمش پايين بود ولي توي اين يکي ديوايس اپل عالي کار کرده، صفحه ي بزرگ تر،  دوربين ٥ و از همه مهم تر پردازشگر A5 که همونيه که تو iphone 4s وجود داره اما با يه تفاوت کوچيک که پردازشگر 4s 800mh هست ولي آيپاد 1GH هست که فوق العادست.,1,Positive
طراحي خوب بدنه دوربين موقع دست گرفتن دوربين واقعا حس خوبي به ادم ميده روي هم رفته نسبت به قيمتش خيلي عاليه نقطه ضعفش فقط اينه که مقدار باتري رو نشون نميده فقط وقتي باطري خالي ميشه آلارم ميده و اينکه بايد هميشه نسبت به محيط روشن يا تاريک تنظيماتش رو عوض کني.,1,Positive
"شيره PS3

همه دروغ ميگن!",-1,Negative
با اطمينان ميگم اين بهترينه.,1,Positive
این پورت سرعت انتقال داده‌ها‌ی به مراتب بالاتری را نسبت به پورت‌ها‌ی USB 2.0 فراهم می‌آورد.,1,Positive
کمینه ی فاصله ی کانونی لنز این دوربین 24 میلی متر است که باعث می شود در یک کادر بتوانید میدان دیدی کاملا گسترده را ثبت کنید.,2,Positive
به هر صورت معمولا چیزی که بیشتر کاربران از پرینتری پر کار در این سطح قیمت برای خانه و یا دفتر کار انتظار دارند،  تولید پرینت های با کیفیت بالا،  با سرعت زیاد و البته هزینه‌ی نگهداری پایین است.,2,Positive
ميخواستم بگم که در تمام سايت ها نوشته اند که نسخه 4.0.3 اندرويد فارسي اس 2 منتشر نشده ولي من آپديت کردم نسخه آخرين ورژن اومد و کاملا فارسي هستش بسيار هم عاليه .,2,Positive
من هم سه ماهي هست خريدم راضي هستم.,1,Positive
همچنین توانایی زوم 5 برابر هم برای انجام عکاسی های روزانه مناسب است.,1,Positive
تکليفم روشن شد که بالاخره بعنوان بهترين انتخاب بخرمش.,2,Positive
کارت حافظه (Memory Card) در هيچ يک از مدل‌ها (به جز Arcade Pack ) موجود نيست و در صورت نياز بايد آنرا به صورت جداگانه تهيه کرد.,-1,Negative
درضمن ما عاشق دي جي کالا هستيم چون هميشه بهترين ها رو به ما معرفي ميکنه.,2,Positive
قاب دور صفحه نمایش بسیار نازک بوده و بر روی صفحه نمایش یک روکش مات قرار دارد که به کار کردن با لپ‌تاپ در فضاهای پر نور کمک بسیاری می‌کند.,1,Positive
ايول دقيقا اون چيزيه که مد نظر منه!,1,Positive
من اين گوشي رو چند روز پيش خريدم فوق العاده است تو اين رنج قيمت اين امکانات تو هيچ گوشي پيدا نميشه فقط يه مشکلي که داره کاور و قاب ژله اي براش پيدا نکردم,1,Positive
سرعت چاپ خوبي دارد - کيفيت چاپ خوب است - تنها ايرادي که دارد بسيار زود جوهر تمام مي کند ,1,Positive
مثل اپل اصلا تو اجراي برنامه هاي سنگين هنگ نمي کنه.,1,Positive
البته متاسفانه این پایه قابل تنظیم نیست و فقط در همین زاویه تبلت را ایستاده نگاه می‌دارد که شاید در بعضی مواقع احتیاج به تغییر زاویه آن احساس گردد.,-1,Negative
يکي از موارد لازم به ذکر در رابطه با برتري P7700 به G1X ميتواند لنزِ اين دوربين باشد،  که در بازترين حد کانوني به f/2.0 ميرسد،  نيکون با لنز هاي پيشرفته ي نيکور هميشه در صنعت لنز پيشتاز بوده است.,2,Positive
شما می توانید به صورت دستی به رزولوشن های بالاتر نیز برسید،  البته این خیلی توصیه نمی شود و بیشتر برای اسکن عکس هایی با کیفیت بالا و استفاده در قطع بزرگ به کار می آید.,-1,Negative
فقط ميتونم بگم فوق العاده ست.,2,Positive
اما صفحه کلید لمسی یا همان صفحه کلید مجازی روی نمایشگر Galaxy S II فوق‌العاده است.,2,Positive
همه ي برنامه ها رو هم به راحتي اجرا ميکنه .,1,Positive
دوستان اين مدل علاوه بر زيبايي منحصر بفرد و مات بودن صفحش که خيلي مناسب براي کار زير نور آفتابه ،  واقعا قدرت بالايي تو پردازش نرم افزارهاي مهندسي داره ،  واسه گيم هم که عاليه فقط توصيم اينه که براي مواقعي که ميخواين گيم بازي کنين حتما از يه کول پد مناسب استفاده کنين ؛ اگه ميخوايد عمر لپ تاپتون هم زياد باشه بيشتر از 2 ساعت مداوم از گرافيکش کار نکشيد .,2,Positive
برخلاف خيلي ها که ميگفتن يه روز بيشتر دوام نداره من با حدود2 ساعت استفاده gps و wifi و تماس معمولي و sms و يه مقداري هم کار با نرم افزارهاي مختلف حدود 2 روز و نيم باتري دووم داشت که به نظرم خيلي عاليه.,1,Positive
به همین دلیل می‌توان گفت که این تبلت بسیار مناسب علاقه‌مندان به موسیقی است.,2,Positive
"من رنگ قرمز اين لپ تاپ رو از ديجي کالا خريدم  نسبت به قيمتش و همرده هاش توي برند هاي ديگه واقعا مي ارزه  نقاط قوت يو اس بي 3 و تاچ پد مولتي تاچ و فن بي صدا ،  باطري خيلي خوب ،  صفحه نمايش و کيبورد با کيفيت ،  کيفيت بسيار خوب اسپيکر ها و بلندي صدا عالي که  با لپ هاي رده بالاتر برابري ميکنه

نقاط ضعفش با اينکه بدنه و کيبورد و رنگ بسيار با کيفيتي داره اما در بعضي قسمت ها زياد جالب نيست مثلا شيار دي وي دي درايو خيلي خوب با بدنه هماهنگ نيست مشکل بعدي که داشت با اينکه به همراه لپ تاپ يک سي دي شامل درايور هاي دستگاه بود اما کارت واي فاي دستگاه به هيچ عنواني راه نميفتاد تا اينکه بعد از دست چرخيدن بين چند متخصص نرم افزار راه اندازي شد حتي درايور موجود در سايت لنوو هم مفيد نبود و پيشنهاد ميکنم از بسته خدمات نصب ويندوز توسط ديجي کالا استفاده شود تا هزينه رفت و امد و هدر شدن وقت رو مثل من پرداخت نکنيد

در کل با اين سي پي يو و رم  لپ تاپ فوق العاده مناسب و پر سرعت براي مولتي مديا ،  اينترنت و آفيس و نرم افزار هاي سبک مي باشد و نسبت به امکانات و همرده هاش امتياز کلي 9 بسيار مناسبش هست",1,Positive
در کل،  سرعت عمل سیستم عامل با کمک سخت افزار قوی،  خوب و حرکت در منوها روان صورت می‌پذیرد.,1,Positive
این نسخه یکی از جدیدترین نسخ این سیستم عامل است که سامسونگ برای Note 8 انتخاب نموده.,1,Positive
کيفيت عکساش هم بي نظيره و اصلا نبايد با کا 750 مقايسه بشه .,1,Positive
مهم گرافيک هست، که xbox ‎360 ‏ بهتر از ps ‎3‎‏ هست.,1,Positive
نسبت به قيمتش گوشيه خوبيه گوشي اوليم واي 200 بود بعد از اون ميخوام اينو بگيرم,1,Positive
اولين گوشي با اندرويد 4.1 (لوبيا ژله اي) 6.,1,Positive
سرعت هارد خيلي خوبه و توي کپي و برداشتن از هارد همه چيز عاليه.,2,Positive
اين گوشي ظاهر خوبي داره ولي متاسفانه دکمه برگشت به صفحه قبل ان مشکل داره و ظاهرا گوشي هنگ ميکنه و باعث ميشه سرعت عمل ان کم بشه.,-1,Negative
خوشبختانه جای باتری این دوربین از نوع باز است و بدین ترتیب می‌توانید از باتری های بزرگتر و پرظرفیت تر چون FV70 و FV100 هم بر روی آن استفاده کنید.,1,Positive
سرعت تاچش هم خيلي خوبه و خيلي روونه.,2,Positive
"سلام  دوستان عزيز

واقعا گوشي فوق‌العاده‌اي هستش حتي الان توي قيمت خودش يه‌دونست

ولي لطفا با گارانتي بخريد 

دوست من همين گوشي رو شب تا صبح به شارژ زد تاچ ال سي ديش سوخت 

خلاصه دقت کنيد توي خريد سامسونگ 

با اين حال من هنوز عاشق سامسونگم ولي اگه بخوام بخرم حتما با گارانتي معتبر ميخرم",1,Positive
تلويزيون خوبيه نسبت به قيمتش.,1,Positive
يه تبلت عالي با قيمت فوق العاده,2,Positive
اما در کل باید بگوییم که از دیدن کیفیت صفحه نمایش این گوشی هیجان زده خواهید شد.,1,Positive
صفحه ي نمايشي که در اين گوشي استفاده کردند از نوع LED-Backlit lcd هست که اين صفحه با رزولوشن اچ دي روي  اين صفحه قرار گرفته که بنظر من مناسب ترين سايز صفحه و بهترين تناسب بين سايز و رزولوشن هست رنگهاي مشاهده شده از نمايشگر اين گوشي هم زنده و لذت بخش هستن با توجه به اينکه اسمارت فون قبليم گلکسي اس 2 بود و جز بهترين صفحه ها بود فکر ميکردم صفحه ي اين گوشي خيلي بد باشه ولي اينطور نبود واقعا کم نداشت از گلکسي به جز چند مورد نا محسوس .,1,Positive
به تازگي اندرويد 4.0.4 که براي خود ايران هم منتشر شده رو روش نصب کردم که ماندگاري شارژ باتري افزايش چشمگيري پيدا کرده و سرعت گوشي هم به نسبت اندرويد 2.3.6 نيز بهتر شده.,1,Positive
تو بازار جهاني هارد وسترن ديجيتال و سيگيت جزو بهترين ها هستند و با هم رقابت دارند خدمات گارانتي شرکت ها نشون ميده تعداد هاردهاي وسترن ديجيتال که به بخش گارانتي ميان خيلي کمتر از ديگر هاردهايي نظير adata مي باشد adata فقط توي ايران اين همه طرفدار داره شايد به خاطر چيني بودنشه از نظر کيفيت و دوام و سرعت انتقال داده بهترين انتخاب وسترن ديجيتال است بدون تعصب به مارک و .,1,Positive
با تشکر از ديجي کالا,1,Positive
رو  به راحتي باز مي کنه.,1,Positive
این لنز مجهز به لرزش گیر تصویر اپتیکال و سیستم فوکوس خودکار بسیار کم صدا می باشد.,2,Positive
ظاهرش چنگي به دل نميزنه برخلاف p880 که با امکانات فوق‌العاده اش قيمت استثنايي داره.,-1,Negative
بعداز 2ماه تحقيق به اين نتيجه رسيدم که تارنج 450 تومن اين گوشي بهترين انتخابه به دلايل زير:داراي دومين صفحه نمايش از نظر تراکم پيکسل بعد از آيفون.,1,Positive
با این حال با توجه به ساختار پلاستیکی آن،  نباید استحکامی فوق‌العاده را از آن انتظار داشته باشیم.,-1,Negative
"حتي ميشه گفت از سامسونگ و اچ تي سي هم گذشته

از همه لحاظ عالي ساخته شده

هم ديزاينش و هم سخت افزارش!",2,Positive
تمام نوت‌بوک‌های سری X مجهز به بلندگوهای قدرتمند ساخت کمپانی Altec Lansing می‌باشند تا صدایی قدرتمند را تولید کنند.,2,Positive
• کنترل چند رسانه جهاني ـ اين وسيله در شنيدن موسيقي و پخش DVD کاربرد فراواني دارد.,1,Positive
با این حال از نرم افزار OCR کاملا شگفت زده شدیم به صورتی که با موفقیت توانست یک سند A4 را به فایل متنی تبدیل کند.,1,Positive
سرعت گوشي هم واقعا رفته بالا .,1,Positive
بالاخره معجزه اپل رونمايي شد اما جاي استيو جابز خالي.,1,Positive
من که به شدت به خانواده نکسوس علاقه دارم .,1,Positive
هنگامی که داک کیبورد را به دستگاه متصل کردیم،  این میزان به بیش از 13 ساعت افزایش داد که نه تنها میزان بی نظیریست،  بلکه Infinity را در صدر جدول بهترین شارژ دهی قرار داد.,1,Positive
طي 6 ماهي که اين اسکنرو خريدم حدود 1000 تا 1200 قطعه سند باهاش اسکن و PDF کردم قابليت 1---- مشخصهء خوب اين اسکنر، جدا سازيه عکسهاي کوچيکه (به اين منظور که اگه شما 3 تا 8 قطعه عکس کوچيک داشته باشين و بخواين همرو يکجا اسکن کنين، هر کدوم 1 فايل جدا ميشه) قابليت 2---- بدون برق و با استفاده از پورت USB راه اندازي ميشه قابليت 3---- کيفيت و شفافيت اسکنش عاليه قابليت 4---- امکان PDF کردن متون و عکس رو همزمان داره قابليت 5---- بسيار باريک و سبک و کم حجمه و در کل بسيار کار آمد و براي کاربران خانگي يه اسکنر با قيمتي مناسبه,2,Positive
به نظرم xbox خيلي خيلي بهتره!,2,Positive
در مجموع من به اين دوربين بيشتر از 3 امتياز از 10 نميدهم و به نظر من اصلا ارزش اين قيمت را ندارد و با اين قيمت شما دوربينهاي بهتري ميتوانيد بخريد.,-1,Negative
در کل،  با اینکه عکاسی با تبلت را همواره جزو موارد غیر ضروری نامیده‌ایم،  ولی در مورد این دستگاه برای کسانی که علاقه‌مند به عکاسی نیز هستند،  فوجیتسو شرایطی را فراهم نموده است که کاملا آن‌ها را راضی خواهد نمود.,1,Positive
"من امروز گوشي دستم رسيد فوري اپديتش کردم خيلي با حاله

",1,Positive
این گوشی همانند اکثر گوشی‌های رده بالای این کمپانی،  دارای بدنه یک پارچه پلی کربناتی است که کیفیت فوق‌العاده بالایی داشته و به کاهش وزن دستگاه کمک فراوانی کرده است.,2,Positive
لازم به ذکر است که همانند دیگر گوشی‌های مبتنی بر اندروید 4،  گلکسی اس3 نیز از زبان فارسی بطور کامل پشتیبانی می‌کند.,1,Positive
سرعت عکس‌برداری و فیلم‌برداری هم فوق‌العاده است.,2,Positive
این باتری تا حدود 7 ساعت کار ممتد با دستگاه را پشتیبانی می‌نماید.,1,Positive
"درود

اين محصول سامسونگ از جهات بسياري مطلوب و قابل قبول است اما بنده بعد از خريد اين محصول متوجه شدم که اولا فاقد امکان تصوير در تصوير ميباشد و همينطور بعد از استفاده از عينک سه بعدي آن توسط خودم و اعضا خانواده همگي دچار سردرد و تهوع شديم که در مقايسه با محصولات مشابه ال جي که داراي عينک پسيو هستند اين معضل بزرگيست.",-1,Negative
11- دوربين 8 مگا پيکسلش، ميشه گفت خيلي خوبه و قابليت‌هاي متنوعي داره، اما باز هم به دوربين هاي سوني نميرسه.,1,Positive
در نهایت Sony Xperia Ion یک غول اندرویدی تمام عیار است که چه در اجرای بازی و چه برای گرفتن عکس و ویدئو،  تمام رقیبان خود به هراس واداشته است.,1,Positive
بنابراين اجراي بازي‌هاي xbox1 را راحت‌‌تر مي‌کند.,1,Positive
عملکرد فوق‌العاده‌ی پردازنده،  این گوشی را در بین برترین‌ها قرار داد،  اما پردازشگر گرافیکی این دستگاه،  عملکردی خوب و البته  نه چندان فوق‌العاده دارد.,1,Positive
"من اين دوربينو تازه خريدم  

تو اين تايم کمي که دارمش فقط ميتونم بگم 

محشره",2,Positive
اگه دنبال تبلت جمع و جور و با کيفيت قطعات بالا ميگردين بهتون اين تبلتو پيشنهاد ميکنم من يه 5 ماهي ميشه که خريدمش.,1,Positive
اين تبلت خيلي عاليه و رقباش ايپد و نوت ١٠ و البته تو بيشتر موارد از نوت بهتره و کاملا ارزش خريدنو داره .,2,Positive
از نظر ضبط ویدیویی، فیلم‌های ضبط شده بسیار شارپ و با‌کیفیت هستند.,2,Positive
متاسفانه هنگامی که تبلت را در حالت افقی قرار دهید ممکن است ناخودآگاه،  دست شما جلوی بلندگو را بپوشاند.,-1,Negative
من خريدم خيلي هم راضيم.,2,Positive
من واقعا ازش راضي هستم و عاليه.,2,Positive
این در حالیست که توانایی زوم 5 برابر می‌تواند برای گرفتن عکس‌های پرتره هم مناسب باشد.,1,Positive
خوشبختانه این گوشی نیز از 4 گیگابایت حافظه‌ی داخلی بهره می‌برد که البته حدود نیمی از آن برای کاربر قابل استفاده می‌باشد.,1,Positive
اين گوشي را مي توان از نظر کيفيت تصوير و کيفيت عکاسي تحسين کرد.,1,Positive
به نظر من يکم قيمتش نسبت به کارايي هاش هنوز بالاست ,-1,Negative
بعلاوه نمایشگر 3 اینچی آن نیز از نوع لمسی Resistive است.,1,Positive
ابعاد این گوشی 77×143 و قطر آن نیز مقداری کمتر از 1 سانتی متر است که ابعاد نسبتا بزرگی محسوب می‌گردد که برای کار با یک دست یا آن قطعا مشکل خواهید داشت.,-1,Negative
البته این باعث می‌شود که در هنگام استفاده از گوشی نگرانی کمتری برای مراقبت از آن داشته باشید و به هر صورت از سنت همیشگی محکم و قابل اعتماد بودن گوشی‌های نوکیا در این گوشی هم استفاده شده.,1,Positive
در صورتي که گوشي در يک جاي ثابت قرار بگيره و هيچ لرزشي نداشته باشه فيلهايي با روزولوشن 480×640 را مي تونيد ثبت کنيد که آدم رو ياد گوشهاي 2 مگاپيکسلي مي اندازد ولي اگر در حال حرکت فيلم برداري کنيد اونوقت اوضاع تغيير مي کند و فيلهاي گرفته شده تار مي شوند که قابل ديدن نيست.,-1,Negative
اندازه اين گوشي زيادي بزرگه.,-1,Negative
نقاط قوت : قابليت هاي تنظيم بالا براي ويديو .,1,Positive
صفحه نمايش اين گوشي کيفيت بسيار خوب و راضي کننده اي داره که هيچ مشکلي حتي در زير نور افتاب احساس نمي کنيد.,2,Positive
اما نکته‌ی ویژه‌ی دیگر این دوربین، به جز نمایشگر دوم که البته فعلا نمی‌دانیم چه رزولوشنی را ارائه می‌دهد،  رادیو Wi-Fi داخلی است.,1,Positive
کلیدها فضای کافی برای فشار دادن داشته و بازخورد بسیار خوبی دارند.,2,Positive
از نظر سرعت سي پي يو ،  حافظه رم ،  سيستم عامل و دو سيم کارته همزمان بودن بسيار عاليه (نسبت به قيمت) ولي يک ايراد بزرگ داره که اصلا قابل چشم پوشي نيست و اون هم باتري ضعيفشه.,-1,Negative
هر چند با مقایسه دو دستگاه Xbox 360 Slim و Xbox 360 خواهید دید که این کنسول خیلی هم باریک تر نشده است (یا حداقل این باریک شدن خیلی به چشم نمی آید).,-1,Negative
ايزو و سنسور داخلي،  تکنولوژي آي فاي و بيسيم که بهش اضافه شده ارزش محصول رو بالاتر از مدل قبلي ميکنه.,1,Positive
برنامه خوريش هم عاليه.,2,Positive
این دوربین توانایی ضبط ویدیویی 720p HD را دارد که خیلی خوب است.,2,Positive
و شاید بتوان یکی از دلایل اصلی وزن کم این گوشی را نیز همین جنس بدنه آن به شمار برد.,1,Positive
دوستان سلام راستش من هم در اوايل معرفي ايفون ٥ نسبت بهش بدبين بودم و همش با ٤ اس خودم مقايسه مي کردم اما زماني که گوشي رو خريدم و بعد از چند روز که بهش عادت کردم فهميدم واقعا محشره شايد علت اينکه بسياري از دوستان بهش انتقاد دارن قيمت بالاي اونه که براي من که حداقل دو سال گوشي را نگه مي دارم قيمت در اوليت نيست مزاياي اين گوشي١.,1,Positive
نقد ديگري که به آيفون 5وارد است عدم وجود NFC است، (البته اپل گفته است که اين مشکل را با نرم افزار Passbookحل کرده و کاربران براي دريافت و پرداخت پول مشکلي نخواهند داشت؛)و اما سيستم عامل آيفون 5، اين گوشي ازiOS6 استفاده مي کند که بسيار فراتر از نسخه قبلي خود ميباشد مانند استفاده از نقشه هاي سه بعدي وافزودن زبان  به Siriوبسياري قابليت جالب ديگر.,1,Positive
پردازنده عالي اي که تقريبا جوابگوي تمامي نياز هاي شماست5.,2,Positive
"برخي از افراد ترجيح ميدن يک گوشي با امکانات روز در ابعاد کوچک در عين حال زيبا براي استفاده روز مره داشته باشند به نظر من اکسپريا ري به دلايل زير يک پيشنهاد ايده آل ميتونه باشه:1- قابليت ارتقا به جديد ترين ورژن از اندرويد 42- صفحه نمايش بسيار با کيفيت با نمايش 300 پيکسل در يک اينچ که با ديد انسان برابري  مي کند ( لازم به بيان هست که چشم ما 325 پيکسل در اينچ هست و اين يعني تکنولوژي سوني)3- کيفيت  دوربين 8 مگاپيکسل با سنسور exmor r cmos  که در دوربين هاي حرفه اي مورد استفاده قرار ميگيره قابليت تصوير برداري سه بعدي و نمايش آن و همچنين تصوير برداري  پانوراما با همراهي فلش قوي led که پيشنهاد ميشه در هنگام فلش زدن به دليل قدرت بالا بهش نگاه نکنين که کوري زماني مياره4- دوربين دوم با کيفيت 2 مگاپيکسل براي مکالمه تصويري5- کيفيت فيلم برداري hd 6- بدنه باريک و زيبا با ضخامت 9.4 mm و وزن 100g7- بالا ترين رزولوشن 845*480 به همراه موتور براويا سوني8- پردازنده قوي9- صفحه نمايش مولتي تاچ و کنترل لمسي حساس و حسگر شتاب سنج و مجاورت سنج،  10- صفحه نمايش ۳٫۳ اينچ لمسي با وضوح بسيار بالا و تفکيک ۱۶ ميليون رنگ11- مسير ياب جي پي اس،  ثبت موقعيت جغرافيايي به همراه تصوير، 12- ۳۰۰ مگابايت حافظه داخلي 13- شبکه بيسيم،  راديوي اف ام استريو،  بلوتوث استريو14- پشتيباني از گيم هاي hd و سنگين15- صفحه ضدخش،  نسل ۳٫۵،  پردازنده يک گيگاهرتز،  قابليت افزايش کارت حافظه16- پخش موسيقي MP4 (AAC), MP3, M4A, 3GPP, AMR, AMR-WB, WAV, RealAudio, iMelody, XMF, WMA 917- پخش فيلم MP4, 3GPP (H.",2,Positive
با سلام من 2 روزه خريدم خيلي عاليه,2,Positive
گوشي خوبيه،  الان دو هفته ميشه که خريدم و تا الان راضيم ازش.,1,Positive
"خدايي بگم , قيمتشم هر چي باشه ارزش داره ديگه محصول اپل و کلاس کاري خودش ..",1,Positive
دوربین TF700 نیز نسبت به مدل‌های پیشین بهبود فراوانی یافته و در کل می‌توان گفت که یکی از بهترین دوربین هاییست که تا به امروز بر روی تبلت ها دیده بودیم.,2,Positive
با وجود این نسبت تصویر، در هنگام خواندن متون و مرورگری اینترنت لذت فراوانی خواهید برد.,1,Positive
ابعاد این پرینتر خیلی جمع و جور می‌باشد.,2,Positive
تعامل هوشمندانه با کنترل صدا و حرکت فن‌آوری جدید و پیشرفته تعامل هوشمند به شما اجازه می‌دهد تا بدون نیاز به فشار دادن دکمه با تلویزیون خود کار کنید.,1,Positive
این یک رکورد شگفت انگیز است.,1,Positive
"اگه شما کامپيوتر خودتون رو براي بازي ارتقا ميديد اشتباه ميکنيد چون ميتونيد با  قيمت کمتر يه xbox بخريد و همون بازيهارو با گرافيک بهتر بازي کنيد 

من حتما يه xbox ميخرم",1,Positive
بسيار شيک و قدرتمنده و نسبت به قيمتش از نوت2 بهتره.,2,Positive
رزولوشن صفحه اش پايينه در حالي که تبلت هاي 7 اينچي خوب مانند Ainol novo 7 venus و يا nexus 7 و .,-1,Negative
با توجه به جاي نصب فلاش عکسهايي که با فلاش گرفته ميشود  سايه دارند,-1,Negative
بزرگترين مزيت اين گوشي دوربين 8 مگا پيکسلي اون هست که تصاوير و فيلم هاي با کيفيتي رو ضبط ميکنه.,1,Positive
اين لپ تاپ  اصلا براي کسايي که گيمر يا به اصطلاح خوره ي بازي هستند توصيه نمي کنم !,-1,Negative
"قابليت تنظيم نور دهي در محيط هاي کم نور

باتري فوق‌العاده 

اجراي روان بازي هاي اچ دي

قابليت بک آپ گيري توسط خود گوشي از مخاطبين،  پيامها و برنامه ها ..",2,Positive
تجربه ي شخصي ام نشان مي دهد که اگر چه گالکسي اس تري گوشي محبوب و خوبي هست ولي آيفون واقعا چيز ديگري است و از لحاظ سهولت کاربري نرم افزار ios و گستره بي نظير نرم افزارهاي مرتبط و  امکاناتي مانند پيام رساني ،  سرچ در دفترچه تلفن و کليه محتويات  و نوت هاي ايجاد شده  و کتب الکترونيکي ،  سهولت  تماس،  قابليت بسيار آسان  در وبگردي و کپي برداري از صفحات وب ،  آيفون برنده ي بي رقيب ميدان است.,2,Positive
فوق العادس.,2,Positive
این لنز در فاصله‌ی کانونی 25 میلی متر حالت واید بسیار خوبی را ارائه می‌دهد تا بتوانید در یک عکس،  میدان دید بزرگی از یک چشم انداز گسترده‌ی طبیعی را ثبت کنید.,2,Positive
در زمينه‌ي مقايسه ميان‌افزارهاي هر سه درايو مي‌توان گفت که ميان‌افزار درايوهاي Samsung سريعتر آپديت شده و در حال حاضر از ويژگي‌هاي بيشتري برخوردار مي‌باشند،  به طوري که جديدترين ميان‌افزار درايو Samsung ورژن ۵٫۳ است.,1,Positive
اولین قابلیت مهم این نرم‌افزار، شناسایی و پیشگیری از نفوذ ویروس‌های بسیار جدید و ثبت نشده،  از طریق هوش مصنوعی یا سیستم حفاظت پیشگیرانه می‌باشد.,1,Positive
پیچ تنظیم شوتینگ مودها هم مثل مدل‌های پیشین رو به عقب ساخته شده ولی طراحی آن خیلی تمیز تر می‌باشد و احساس نمی‌کنیم که گویی آن قسمت از دوربین بر اثر گرما ذوب شده باشد.,1,Positive
کل رابطش فقط يه کابل USB3 هست و ظاهر بسيار شيک و خوشگلي داره.,2,Positive
اپل تمام تلاش خود را کرده تا iPod Touch را باریک‌تر و سبک‌تر کند و در این کار کاملا موفق بوده!,2,Positive
نظر کلي : از اينکه وايلد فاير رو با ري عوض کردم راضي هستم هرچند که به وايلد فاير عادت کرده بودم.,1,Positive
اما به هر حال، برای کسانی که ابعاد گوشی و امکان کار با یک دست برایشان مهم است،  گوشی‌های بزرگ‌تر از 4.5 اینچ اصولا چندان کاربردی نیستند.,-1,Negative
زيباييش کم نظيره,2,Positive
اندازه اش کوچيکه يکي هم زود هنگ ميکنه اما گوشي با قدرتي هستش,1,Positive
از آن جایی که یک دوربین فیلم برداری آماتوری است،  بنابراین مجهز به مود فیلم برداری اتوماتیک هوشمند یا همان Smart Auto می‌باشد.,1,Positive
صداي فوق‌العاده عالي,2,Positive
مرورگر موجود بر روی این گوشی نیز مرورگر استاندارد گوگل یعنی کروم می‌باشد که در کنار امکانات متنوع ارتباطی و سخت افزار مناسب این گوشی،  گشت و گذار در اینترنت با سرعت بالا را برای کاربر امکان پذیر می‌سازد.,1,Positive
سلام دوستان عزيز من خيلي سرچ کردم تا اين دوربينو خريدم اما واقعا در عکس برداري محيطاي کم نور و تاريک وقتي روي عکس زوم ميکني کيفيتش خيلي پايينه و مثل نقاشي آبرنگ ميمونه !,-2,Negative
سپس تنها کاری که برای عکاسی لازم است انجام دهید این است که آن را به سوی سوژه نشانه بروید و دکمه‌ی شاتر را بفشارید تا بهترین و با کیفیت ترین عکس گرفته شود.,1,Positive
زاویه دید صفحه نمایش Infinity نیز همانند مدل پیشین یعنی Prime،  بسیار بالا بوده و تقریبا هیچ‌گونه کاهش کیفیتی در هیچ زاویه دیدی مشاهده نکردیم.,2,Positive
این گوشی در رنگ‌های بسیار متنوعی طراحی شده و در جعبه‌ی آن دو قاب رنگی قابل تعویض هم وجود دارند تا به راحتی بر این تنوع بیفزایید.,1,Positive
یک دستگاه خوش ساخت،  شکیل و بسیار با کیفیت که از این نظر حتی می‌توان گفت در مواردی از تبلت های سامسونگ نیز با کیفیت‌تر به نظر می‌رسد.,2,Positive
"به نظر من اين مدل بهتره Motorola Digital Photo Frame MF810

",1,Positive
باتريشم خوبه,1,Positive
نکته جالب در مورد اين گوشي اينه که سوراخي براي ورودي صداي شما در حين مکالمه (ميکروفن) قابل مشاهده نيست بلکه ميکروفن گوشي در بين صفحه کليد آن پنهان و مخفي است.,1,Positive
"اما هدف اصلي از خريد اين کنسول براي اکثر کابران استفاده از بازي‌هاي سه بعدي فوق العاده با کيفيت بر روي اين کنسول است

اين کنسول بازي از زمان انتشار از سه نوع پک بازي برخوردار بود به نام هاي XBOX 360 Premium ،  XBOX 360Core System و XBOX 360 Elite عرضه مي‌شد.",2,Positive
بزرگترين عيبي که من پس از خريد اين تبلت با آن مواجه شدم عدم مقاومت صفحه نمايش در برابر خش است.,-1,Negative
مشکل ديگري که به نظر من اين محصول دارد آن است که در اجراي بعضي بازي ها در مقابل ps3 کم مي آورد اما در اين ميان کاري که مايکروسافت براي محصولش انجام داده اين بوده که بازي ها را بسيار سريع بالا مي آورد درحاليکه در ps3 اين مدت زمان کمي طولاني تر مي شود.,1,Positive
رم نميخوره!,-1,Negative
جنس بدنه (ضامن عمر مفيد،  احساس کالاي لوکس داشتن،  کار کردن راحت تر بدون ترس از لغزيدن) هميشه اين امکان وجود داره که گوشي ضربه بخوره،  بدنه فلزي و پلي کربناتي گرماي پردازنده رو به بيرون منتقل ميکنن و اين عمر مفيد پردازنده رو زياد ميکنه و همچنين به سرد شدن زودتر آن نيز کمک ميکنه ( حتما خبرهاي منفجر شدن گوشي هاي SIII  رو شنيدين).,1,Positive
ضمن اینکه موزیک پلیر این گوشی با امکان پخش بیش از 50 ساعت موسیقی با هر بار شارژ،  یکی دیگر از مزیت‌های بسیار مثبت گوشی محسوب می‌گردد.,1,Positive
تي ويه خوبيه اما عدم وجود بلوتوث و واي-فاي و سرعت و کيفيت ساخت پايين تي وي هاي سامسونگ باعث ميشه نظر من بيشتر به سمت اسمارت تي وي هاي ال جي گرايش پيدا کنه.,-1,Negative
همچنین یک پردازشگر گرافیکی Adreno 225 به همراه یک گیگابایت حافظه‌ی رم باعث می‌گردند که این گوشی جزو قوی‌ترین گوشی‌ها قرار گیرد.,1,Positive
"باطري هم بستگي به استفاده داره من خودم 2 روز 1بار شارژ ميکنم و بنظرم باطريش مناسبه

در ضمن کيفيت صفحه هم عاليه و عملکردش زير نور آفتاب فوق‌العاده است برعکس خيلي از گوشي هاي ديگه",2,Positive
همانگونه که ميدانيد شرکت مايکرو سافت از همان فناوري HD DVD براي کنسول x box360 خود استفاده ميکند که معمولا 9 GB ظرفيت دارد و اين در مقابل کنسول رقيب ps3 که از فناوري نوين بلو-ري بهره ميبرد و ظرفيت بسيار بالايي دارد يک نقطه ضعف به شمار ميرود.,-1,Negative
کيفيت صفحه نمايشش واقعاً عاليه اما چيزي که برام خيلي جالب‌تر بود اينه که لمس خيلي حساس و رواني داره  از ايفون 3gs خيلي لمس بهتري داره لود کردن صفحات وب خيلي سريع روش انجام ميشه  سنگيني گوشي کلاس خاصي بهش ميده  به نظر من از گالاکسي نوت چيزي کم نداره قيمتش عاليه در سايت هاي انگليسي زبان همه ازش تعريف کردند در کل يک فون تبلت واقعيه  رنگ سفيدش خيلي زيباست دوسال گارانتي هم خيالتون را راحت مي‌کنه ,2,Positive
من حدود يک سال پيش اين تب دوست داشتني رو خريدم .,1,Positive
اصلا طرح هاشون متنوع نيست!,-1,Negative
مدل هاي قبلي همين سري 12x اپتيکال زوم داشتند اما اين مدل که جاگزين XR-520 هست فقط 10X اپتيکال زوم داره که خودش يه مشخصه مهم تو انتخاب دوربينه,-1,Negative
نکته منفی در مورد درگاه های این تبلت،  عدم وجود درگاه HDMI است که ترجیح می‌دادیم این تبلت دارای این درگاه نیز بود.,-1,Negative
يکي از ويژگي هاي جالب آن سيني جلوي کاغذ است که با داشتن فضاي باز استفاده از سايزهاي مختلف کاغذ را فراهم مياورد .,1,Positive
من تازه اين دوربين رو گرفتم در نوع خودش دوربين خوبيه تفاوت چنداني با مدل قبل خودش hx100 نداره.,1,Positive
من يک سال پيش خريدمش فقط به خاطر داغ‌کردنش فروختمش,-1,Negative
به نظر من خيلي عاليه.,2,Positive
از نقاط ضعف اصلی دوربین این گوشی می‌توان به فلاش LED آن اشاره کرد که متاسفانه به صورت خودکار فعال نمی‌شود و کاربران باید آن را به صورت دستی قبل از شروع عکس‌برداری فعال کنند.,-1,Negative
تنها نکته‌ی منفی دوربین این گوشی،  ثبت نسبتا با تاخیر عکس‌ها می‌باشد.,-1,Negative
این پردازنده نسبت به نسل اولشان بسیار قدرتمندتر بوده و مصرف انرژی کمتری نیز دارند.,2,Positive
به دلیل موجود بودن در کانفیگ‌های گوناگون،  لپ‌تاپ‌های سری 3 می‌توانند هر نوع کاربری را راضی نگاه دارند.,1,Positive
به نظر من يک انتخاب برتر در گوشي هاي با اين قيمت مي باشد.,1,Positive
ظاهر واقعا زيبايي داره اگه پردازندشم 2هسته اي بود ديگه حرف نداشت طراحي واقعا زيبايي داره.,2,Positive
چنین سخت افزارهایی باعث شده که ذره‌ای مکث و تاخیر در عملکردهای گوشی دیده نشود.,1,Positive
شرکت مايکروسافت براي آگاهي کاربر از فعال بودن دسته‌ي بي‌سيم،  قابليت جالبي را در کنسول ۳۶۰XBOX تعبيه کرده است.,1,Positive
به علاوه این تبلت می‌تواند با کیفیت Full HD 1080p فیلم‌برداری کند.,1,Positive
از معايبش، صداي کم بلندگوي خارجي و کيفيت پايين صفحه نمايش زير نور آفتابه.,-1,Negative
• ورودی‌ها و خروجی‌ها خوشبختانه از نظر پورت‌ها و اتصالات،  شاهد یک پورت بسیار دوست داشتنی بر روی سری X هستیم و آن پورت USB 3.0 است.,2,Positive
چون يه بار به علت يک لحظه اشتباه همۀ اطلاعاتي که فقط براي من با ارزش بود رو از دست دادم.,-1,Negative
کیفیت ساخت نیز بسیار بالاست.,2,Positive
رابط کاربری استاندارد اندروید نیز به شما کمک می‌کند تا به راحتی با آن کار کنید.,1,Positive
مدل‌های گران‌تر به خروجی تصویری HDMI نیز مجهز هستند که به کمک آن می‌توانید نوت‌بوک خود را به HDTV متصل کنید.,1,Positive
يعني از ويندوزفون نوکيا يعني لوميا 920 هم که تراکم پيکسلي 332ppi داشت بهتره.,1,Positive
"خيلي سرعتش از رقباي اندرويدي بيشتره

اين گوشي از معماري بهينه شده krait  استفاده ميکنه که خيلي در مصرف و سرعت  cpu موثره ",2,Positive
همانند عکس‌های گرفته شده،  کیفیت فیلم‌برداری این تبلت نیز بسیار خوب و رضایت بخش است.,2,Positive
البته هر کسی که آشنایی با دوربین های ضد آب دارد می داند که تحمل فشار آب تا این عمق بسیار تحسین برانگیز است.,1,Positive
در حقیقت بسته بندی این گوشی هم خیلی صرفه جویانه بوده است.,-1,Negative
درسته که ال جي ادعا کرده صفحه نمايش اپتيموس بلک درخشان ترين صفحه نمايش جهانه و بسيار باريکه اما خوبه بدونيد که همين صفحه نمايش Nova اصلا رنگ مشکي و رنگ هاي تيره رو با کيفيت نشون نميده و همين مورد روي وضوح تصاوير و زواياي صفحه نمايش تاثير بسيار بدي ميذاره.,-1,Negative
همانند دوربین های DSLR،  سنسور این دوربین فیلم برداری نیز از امکانات ضد گرد و غبار بهره می‌برد.,1,Positive
.اما مهمترين فاکتور در اين سيستم عامل سازگاري آن با CPUگوشي ميباشد که اپل اين موضوع را در 4s ثابت کرده است، چرا که تمامي اپليکيشن هاي iOS را به خوبي و با سرعتي بس dار بالا و بدون وقفه اجرا ميکرد حال آيفون 5 دو برابر سرعتش در پردازش و گرافيک بالاتر رفته است.,1,Positive
با تشکر از سايت بسيار عالي ديجي کالا که خيلي کمک به انتخاب بهترين‌ها مي کنه,1,Positive
تمام مشکلاتي که گفتم رو از ذهن خودتون پاک کنيد و با يک دستگاه اسمارت واقعي کار کنيد و لذت ببريد.,1,Positive
7- قابليت Quick memo اش واقعاً جالبه و با دکمه اي که بالاي فبلت هست، واقعاً کاربردي ميشه.,2,Positive
کيفيت دسکتاپ چنگي به دل نميزنه.,-1,Negative
ظاهرا دستگاه به درستي کپي خور نشده بود.,-1,Negative
چيزايي که منو براي خريدش ترغيب کرد اينا بود:1.,1,Positive
به روز رسانی: در تست‌هایی که انجام دادیم،  کیفیت عکس‌های گرفته شده توسط DV300F در سطح خوبی است.,1,Positive
در کل می‌توان گفت که رابط کاربری کمی ساده تر شده و به رابط استاندارد اندروید 4.0 بسیار نزدیک است.,1,Positive
طراحی منحصر به فرد Tegra 3 شامل یک پردازنده چهار هسته ای به علاوه یک هسته مجزای کم مصرف است.,1,Positive
اما علاوه بر کوچک و سبک وزن بودن باید بتوان به راحتی آن را به همراه داشت.,1,Positive
به نظر من که پديده ي فوق العاده اي هستش  و از Ps3 خيلي بهتره.,2,Positive
گوشي خوبي براي کسايي هست که انتظار يک گوشي معمولي با سيستم عامل خوب رو دارن.,1,Positive
من حدود پنچ ماهي ميشه که اين گوشي فوق العاده رو دارم.,1,Positive
عجيبه که برخي از دوستان برخلاف نظر کاربران عملکرد اين گوشي رو با آندرويد 4 همراه با هنگ و مشکل بيان ميکنند و اطلاعات نادرستي رو در اختيار علاقمندان قرار مي دهند.,-1,Negative
درون جعبه ای که ما به نقد و بررسی آن پرداختیم حتی هندزفری هم وجود نداشت.,-1,Negative
همانگونه که ميدانيد شرکت مايکرو سافت از همان فناوري HD DVD براي کنسول x box360 خود استفاده ميکند که معمولا 9 GB ظرفيت دارد و اين در مقابل کنسول رقيب ps3 که از فناوري نوين بلو-ري بهره ميبرد و ظرفيت بسيار بالايي دارد يک نقطه ضعف به شمار ميرود.,-1,Negative
این استاندارد بدین معناست که این دستگاه در برابر رطوبت،  ضربه،  شوک الکتریکی و ارتعاشات از دیگر تبلت های اندرویدی مقاومت بیشتری دارد.,1,Positive
عدم وجود قابليت full HD .,-1,Negative
از نظر برند هم اگر قصد خريد يک پلاسما رو دارين مي تونيد با پاناسونيک شروع کنيد اگر هم قيمت مناسبتر مي خواين ال جي برند خيلي قويتري در زمينه ساخت تلويزيون حساب ميشه تازه خدمات فوق‌العاده پس از فروشش باعث ميشه از خريدتون راضي‌تر باشين,2,Positive
" اگه بخواهيد اين گوشي رو بخريد به نظر من ارزش نداره که اين همه پول بابت اين گوشي بپردازيد در کنارش 

مشکلاتي هم داره.",-1,Negative
این زمان ها نسبت به مدل LiDE 200 بسیار کوتاه تر می باشد.,2,Positive
این بند به کاربر احساس امنیت بیشتری هنگام کار کردن با دستگاه به خصوص هنگام عکس‌برداری منتقل می‌کند.,1,Positive
"اگر از جمله ی کاربران تازه کار هستید می توانید مود اتوماتیک را انتخاب کنید و مودهای P,A,S,M نیز برای عکاسی خلاقانه تر به کار می روند.",1,Positive
اگر در روز باشد عکسها تا حدي واضح است ولي در شب اصلا خوب نيست.,-1,Negative
"من اين گوشي رو يک هفته است گرفتم محشره

صفحه بزرگ با کيفيت 

سي پي يو قوي 

بدون هنگ و گير کاملاً روان

فقط صداش کمه

والا بقيه امکاناتش عاليه

نسخه اندرويدشم 4.1.1

و .",2,Positive
"جناب اقاي abozar ameri تمام ضعف هايي که گفتين به غير از يکيشون تا حالا واسه من پيش نيومده:

باطري اين گوشي واقعا فوق العاده هست که من تا 2 روز مي تونم کارام رو انجام بدم!",1,Positive
تنها نقطه ضعف تو ذوق زنش حافظه کمشه.,-1,Negative
اما با اینکه صفحه نمایش این تبلت از آیپد جدید بزرگ‌تر است،  رزولوشن آن بسیار کمتر یعنی 768×1366 است که در مقایسه با رزولوشن 1536×2048 آیپد،  حرفی برای گفتن ندارد.,-1,Negative
قيمت ارزان اين تبلت با توجه به امکانات فوق العاده من هيچکدوم از اين ها رو ندارم فقط طبق تحقيقاتم ميگم و قصد دارم نکسوس 7 بگيرم ..,2,Positive
سرعت بالاي يو اس بي 3 2.ضد ضربه بودن 3.زيباييش 4.قيمتش(البته با توجه به اينکه ميخواستم ضد ضربه و ضد آب باشه)5.گارانتيه پاسخگو و مسئول از خريدم بسيار راضي هستم چون فکر ميکنم آخه آدم مگه چند بار ميخواد تو زندگيش هارد يه ترا بايت بخره؟,2,Positive
البته يه بدي هم داره.,-1,Negative
همچنین یک مستطیل نشان دهنده ی اختلاف منظر هم وجود دارد که می تواند حدود عکس واقعی که توسط سنسور تصویر ثبت می شود را با دقتی نسبتا خوب به شما نشان دهد.,1,Positive
وقتی که فوجی فیلم در نمایشگاه فوتوکینا سال 2010 دوربین مدل X100 خود را معرفی کرد،  با ظاهر قدیمی و کیفیت عالی عکس های خود توانست نظر عکاسان حرفه ای را کاملا به خود جلب کند.,1,Positive
الان هم ازش راضيم کيفيت عکساش خيلي خوبه ولي به نظرم اينکه يه حداقل دانشي از اصول عکاسي داشته باشي خيلي کمک ميکنه که عکساي با کيفيت و زيبايي بتوني بگيري .,2,Positive
اين دوربين مهم‌ترين امکانش همين لنز خيلي خوب و قوي هست.,2,Positive
با اینکه صفحه نمایش Note 8 در مقایسه با بسیاری از رقبایش خیلی فوق‌العاده نیست و حتی از Note 10.1 نیز ضعیف‌تر است،  اما در کل عملکرد آن بسیار خوب و مناسب است که رضایت کاربر را جلب می‌نماید.,1,Positive
سري گوشي‌هاي جديد هواوي واقعاً خوب و جالب‌اند صفحه نمايش بزرگ،  امکانات خوب،  باتري خوب،  طراحي بهتر،  قيمت مناسب و آندرويد 4.1 مثل همين گوشي يا اسند جي 350.,2,Positive
دوربين خيلي خيلي خوبي هست.,2,Positive
این دوربین نیز همانند مدل پیشین توانایی فیلم برداری Full HD باسرعت 60 فریم بر ثانیه در فرمت AVCHD را دارد که البته می‌توانید کنترل کاملی را نیز بر روی پارامترهای نوردهی در هنگام فیلم برداری داشته باشید.,1,Positive
از نقاط قوت اصلی صفحه نمایش این لپ‌تاپ‌ها می‌توان به روکش ضد بازتاب آن اشاره آن کرد که به کاربران این امکان را می‌دهد که بتوانند با لپ‌تاپ خود به راحتی در فضاهای پر نور و یا در زیر تابش مستقیم نور آفتاب کار کنند.,1,Positive
یکی از نقاط قوت این دوربین توانایی ضبط صدای Dolby digital بسیار با کیفیت با کمک چهار میکروفون است.,2,Positive
بله براي من هم صدا کمه که براي من مهم نيست.,-1,Negative
متاسفانه این دستگاه امکان چاپ بر روی CD را ندارد که اگر این ویژگی را نیز داشت می‌توان گفت دیگر چیزی کم نداشت ولی با این حال باز هم یکی چاپگر بسیار مناسب از لحاظ کارکرد و همچنین قیمت است.,1,Positive
واقعا از نظر ارسال سريع و کيفيت عالي بسته بندي بايد از ديجي کالا تشکر ويژه کرد.,2,Positive
اين دوست عزيزمون که تو نقد نوشته با روزي سه ساعت بازي تو مدت 4 ماه اين کنسول ميزه ، بايد بگم من يک سال که elite دارم و متوسط روزي 6.5 ساعت بازي مي کنم و بزنم به تخته تا الان آخ نگفته تازه باهاش فيلم دي وي دي ام نگاه مي کنم.,1,Positive
گوشي بسيار عالي هستش .,2,Positive
من با hx100 کار کرده ام دوستاني که مي گويند اين دوربين با hx100 تفاوت چنداني ندارد بايد به عرض شون برسانم که اين دوربين يعني hx200v از لحاظ کيفيت عکس داراي dpi 350 است که در نوع خود و در کلاس  کامپکت ها عملکرد بسيار عالي به حساب مي آيد .,2,Positive
در ضمن،  با انتخاب حالت Outdoor،  کار کردن با آن در زیر نور آفتاب نیز به راحتی و بدون مشکل خاصی صورت می‌پذیرد.,1,Positive
در حالت واید 28 میلی متر به راحتی می‌توانید میدان دیدی کاملا گسترده داشته باشید و عکس یک چشم انداز طبیعی بزرگ را ثبت کنید.,1,Positive
تجربه چندرسانه ای کامل در منزل تلویزیون سامسونگ با ورودی های واسط چندرسانه ای وضوح بالا (HDMI) نشیمن خانه شما را به یک مرکز سرگرمی های چندرسانه ای تبدیل خواهد کرد.,1,Positive
"سلام خدمت دوستان گل

من 3 روزه دارمش، همه چيزش عاليه فقط دوربين با اينکه 12 هست ولي زياد در حد 12 نيست همين وگرنه هيچ عيبي نداره

",1,Positive
این وضوح در اسکن خوب بوده و نسخه ای که در اختیار شما قرار می‌دهد از کیفیت مناسبی برخوردار بوده و می‌تواند جزئیات زیادی از متن و یا عکس اسکن شده به شما بدهد.,1,Positive
HP به همراه این پرینتر درایورهای 32 و 64 بیت برای سازگاری با ویندوز XP،  Vista،  7 و OS X 10.4 را نیز فراهم کرده است.,1,Positive
همچنین با داشتن این دستگاه،  یک موزیک و ویدئو پلیر بسیار با کیفیت نیز خواهید داشت.,2,Positive
عاليه فقط خدا کنه مثل بقيه محصولات ايسوس قيمتش خيلي بالا نباشه,1,Positive
صد در صد اين گوشي تولد يک نسل آيفون نميتواند باشد اگر جابز بود اجازه معرفي آن را به عنوان يک نسل جديد به اسم نسل پنجم نمي داد البته نمي توان از پديده طراحي و گرافيک بي نظير آن چشم پوشي کرد اما شاهد آن بوديم که هميشه اپل با معرفي مدل جديد مشتريان را شگفت زده مي کرد که در نسخه پنجم زياد پيشرفتي را نسبت به نسخه قبلي (4s) شاهد نيستيم,-1,Negative
•	قدرت دریافت بالای سیگنال با آنتنیکی از امکاناتی که گیرنده دیجیتال در اختیار کاربر قرار می‌دهد امکان گیرندگی شبکه‌های دیجیتال با بهترین کیفیت تنها با استفاده از آنتن رومیزی می‌باشد و دیگر نیازی به آنتن‌های قدیمی در پشت بام نیست .,1,Positive
از قابلیت‌های کاربردی این سیستم عامل می‌توان به منوی مالتی تسکینگ اشاره کرد که کاربر می‌تواند با نگه داشتن کلید Back بر روی گوشی وارد این منو شود.,1,Positive
این را نیز بگوییم که SZ-14 توانایی عکاسی 3D یا سه بعدی را دارد.,1,Positive
تنها تغییری که مشاهده می شود جای گیری نوین دکمه ی فعال کننده ی فلاش بالا جهنده است.,1,Positive
براي کساني که چاق هستند خوب است!,1,Positive
گوشي خوبيه(قوي و شکيل و زيبا و بي رقيب)البته تو تيپ وگروه خودش عاليه!,1,Positive
ولي اينطور که ادعا شده بدنه ي الومينيومي ضد خش داره نيست چون راحت با استفاده ي روزمره اگه مواظب نباشي روش خش ميفته.,-1,Negative
خوب، Hero به طرز شگفت انگیزی کوچک و سبک وزن است.,1,Positive
این دوربین با ابعادی کاملا مستطیلی شکل ساخته شده و همانند دیگر دوربین‌های سری Ixus بسیار استایلیش و زیبا می‌باشد.,2,Positive
همانطور که از آمار هم پيدا است تا اين لحظه برترين گوشي هوشمند بازار حال حاضر در جهان است .,1,Positive
در حالت کلي واسه دانشجوهاي رشته هاي مهندسي انتخاب عالي هستش .,2,Positive
به نظر من تنها مشکلش وايد کم اونه که بايد يه لنز وايد بخريد اما يه کم گرونه .,-1,Negative
اگر به دنبال فیلم برداری با سرعت بالاتری هستید می توانید رزولوشن 720p HD را هم انتخاب کنید که بدین ترتیب عمل ضبط ویدیویی با سرعت 60 فریم بر ثانیه انجام می شود تا جزئیات در حرکت های سریع؛ خیلی دقیق تر ثبت بشوند.,1,Positive
پردازنده‌هایی ذاتا 2 هسته‌ای و 4 هسته‌ای که با انجام عمل Hyper Threading توانایی دو برابر کردن هسته‌ها‌ی خود از طریق ساختن هسته‌ها‌ی مجازی را دارند.,1,Positive
تمام مشخصاتي که داره واقعا همان گونه هستش.,1,Positive
نداشتن رابط يو اس بي هست .,-1,Negative
نسبت به قيمتش نمي ارزه.,-1,Negative
سلام دوستان من اين تبلتو يک هفته اي هست که از ديجي کالا خريدم اولا بايد تشکر ويژه اي داشته باشم از اين مرکز خريد بعدشم بايد در مورد اين تبلت بگم که معرکه هست عاليه,2,Positive
فضاي کمي اشغال ميکند و به دليل سه کاره بودن خيلي از دست آن راضي خواهيد بود و سرعت خوبي هم دارد براي نصب هم نياز به سي دي نداريد و در مدت زمان کمي نصب ميشه.,2,Positive
رمش پايينه.,-1,Negative
"به نظرم sony xperia s بهتره :برتريهاي xperia s را ميتوان به دلايل زير ربط داد:

دوربيم 12 مگاپيکسلي _ زواياي ديد بالا _ رزولوشن صفحه خيلي بالا-بالا بودن حافظه داخلي _ سرعت فرکانس بيشتر و ..",2,Positive
پس بهتره ايرادات اين مدل رو هم مرور کنيم:1-هيچ توجه کردين اين لپ تاپ CD و DVD درايو نداره !,-1,Negative
این بدین معنیست که این تبلت مانند گوشی Xperia Play توانایی اجرای بازی های PlayStation را توسط برنامهء شبیه ساز خود،  دارد.,1,Positive
رابط کاربری استاندارد اندروید بر روی این گوشی با پوشش زیبای ایسوس،  ترکیب بسیار زیبایی را تشکیل داده‌اند.,2,Positive
"بهترين به نظر من ASUS TF700 هست



",1,Positive
چند سالی است که بازار دوربین‌های دیجیتال کامپکت؛ تنوع بسیار زیادی را به خود دیده است.,2,Positive
تاچ عالي نسبت به بقيه حتي htc.,2,Positive
به نظر من که با توجه امکاناتش قيمتش خيلي مناسبه.,2,Positive
این گوشی 16 گیگابایت حافظه داخلی دارد که متاسفانه بدلیل عدم پشتیبانی آن از کارت حافظه جانبی،  باید به همین مقدار حافظه قناعت نمود.,-1,Negative
اسکنر Canon LiDE 100 توانایی اسکن کردن نگاتیو 35mm را ندارد.,-1,Negative
همچنین اینکه برای اسکن یک عکس 6X4 به بیش از یک دقیقه زمان احتیاج دارد که یکی از کند ترین اسکنرهایی می‌باشد که تا به حال دیده ایم.,-2,Negative
يه دوربين خوب و کامل و مناسب براي ثبت لحظات خاطره انگيز زندگي..,1,Positive
وقتی این گوشی را برای اولین بار در دست می‌گیرید،  انتظار وزنی بیشتر و ساختاری فلزی و مستحکم‌تر را دارید،  و ممکن است در وهله اول کمی شما را مایوس کند.,-1,Negative
هدفونش خيلي خوب از پس صداي بلندش بر مياد اصلا صداش با بالا رفتن کيفيتش کم نميشه.,2,Positive
cpu چهار هسته اي با 1.4 گيگاهرتز و رم 2 گيگا بايت خيلي عالي هيچ ضعفي در اون نديدم ,2,Positive
امکاناتش در اندازه ي قيمتش خوبه ولي اگه سيستم عامل آندرويد بود بهتر مي شد,1,Positive
بنابراین از P7700 انتظار تولید عکس هایی در حد G1x نمی رود.,-1,Negative
من اين محصول رو توي تخفيف خريدم خيلي عالي و ظريفه.,2,Positive
در کل بلافاصله بعد از بازکردن بسته ي اين گوشي احساس يک خريد متفاوت و لذت بخش را تجربه خواهيد کرد.,1,Positive
خيلي عاليه بزودي از همين سايت مي خرمش.,2,Positive
رنگ‌های تولید شده بسیار زنده و طبیعی بوده و نویز تصاویر نیز کم است.,2,Positive
وزن 680 گرمی آن نیز وزنی تقریبا زیاد برای یک تبلت محسوب می‌گردد.,-1,Negative
• صفحه نمایش و بلندگوها صفحات نمایشی که بر روی این لپ‌تاپ‌ها قرار دارد،  واقعا خوب است.,1,Positive
البته به نظر می‌آید که اگر آن را محکم به جایی بکوبید و یا در استفاده های نا ملایم ورزشی حتما جای ضربات وارده بر روی آن بماند،  ولی هیچ گاه خراب نمی‌شود.,1,Positive
طبق ادعای فوجی فیلم این دوربین می‌تواند در مدت زمان 0.16 ثانیه بر روی سوژه فوکوس کند تا یکی از سریع‌ترین مکانیسم‌های فوکوس خودکار را هم به خود اختصاص داده باشد.,1,Positive
پیشرفت بعدی iOS 6 در مورد برنامه Siri است که با معرفی در iPhone 4S شگفتی همگان را برانگیخت و حالا با بهبود آن،  کاربرد های بیشتری نیز پیدا نموده است.,1,Positive
دوربین فیلم‌برداری GZ-MG555 از دیگر مدل‌های JVC است که کیفیت تصویری بسیار خوبی دارد.,2,Positive
اولین نکته اعجاب انگیز قلم جدید،  قابلیت تشخیص میزان فشار بر آن می‌باشد.,1,Positive
و اين قدرت را دارد که عمق تصوير فوق العاده اي را به فيلم بردار ارايه دهد.,2,Positive
HTC One X Plus شیار مموری کارت ندارد ولی حافظه داخلی 64 گیگابایتی آن،  این کاستی را جبران کرده است.,1,Positive
عالي بود,2,Positive
HX100v دوربینی فوق‌العاده پیشرفته و خوب،  و یکی از گران قیمت‌ترین دوربین‌های رده‌ی خود در سال 2011 بود.,2,Positive
از هر جهت خوب است اما کلا کارتريج به شماره 35A که در اين پرينتر و در مدل هاي  P1005 و P1006 وجود دارند قدري کمرنگ تر از مدل هاي کنون در همين رده ي قيمتي چاپ مي کنند .,-1,Negative
"عليرغم تمام توانايي‌هاي خيلي خوب اين گوشي  که واقعاً حرف نداره و از بکارگيري اون لذت تمام خواهيد برد ،  اما متأسفانه  :

1- محل بلندگو بسيار بد انتخاب شده ( يعني در پشت گوشي) که باعث مي شود زمانيکه گوشي را در دست مي گيريد احتمال اينکه کف دست جلوي بلندگو را بگيرد زياد‌تر شده  و گاها صداي بلندگو به اصطلاح توسط کف دست خفه شود.",-1,Negative
به نظر من يکي از برترين و زيباترين گوشي هاييه که تا به حال منتشر شده!,2,Positive
اما ویژگی بسیار عالی این لنز،  کمینه‌ی نسبت کانونی f/2.5 آن در حالت واید است.,2,Positive
سرعت خيلي خوبه.,2,Positive
این دستگاه در سه ظرفیت 8،  16 و 32 گیگابایتی تولید گردیده که با وجود قابلیت پشتیبانی آن از کارت حافظه جانبی،  می‌توان تا 32 گیگابایت دیگر نیز به آن افزود.,1,Positive
اما با پشتیبانی این گوشی از Wi-Fi،  GPRS، GPS و Edge کاربر می‌تواند با روش‌های مختلف،  لذت مرورگری اینترنت با گوشی موبایل را نیز تجربه نماید.,1,Positive
در این طراحی از نمای منحنی گون جذاب و یک پایه نوآورانه استفاده شده است که در کنار هم یک شاهکار کامل هنری محسوب می‌شوند.,2,Positive
من الان 1هفته ميشه از ديجي خريدم خيلي راضيم دوربين خوبيه به نسبت قيمتش امکانات زيادي داره مثل نمايشگر لمسي و کيفيت فيلم برداري HD  و لرزشگير تصوير وتشخيص چهره و.,2,Positive
از دیگر موارد لازم به ذکر،  وجود یک نوار شبیه به نوارNotification در سمت راست پایین صفحه نمایش است که می‌توان از داخل آن به راحتی به بلوتوث و دیگر ملزومات تبلت دسترسی داشت.,1,Positive
واقعاً عاليه.,2,Positive
سرعت اسکن نیز نسبتا بالا می باشد و اسکن یک صفحه ی سیاه و سفید را در 5.6 ثانیه و یک صفحه ی رنگی را در16.9  ثانیه اسکن می کند.,1,Positive
انحناهای ایجاد شده روی این کنسول نیز به جلوه ظاهری آن افزوده است.,1,Positive
"دوربين: 

اصلا بهش دل نبندين که اصلا نميشه بهش گفت دوربين يعني از يک جهت خوب و از يک جهت بد 

در بخش عکسبرداري:

در اين بخش ميشه گفت که y300 مسئوليتي که بر دوشش بوده را به خوبي انجام داده ولي از نظر حرفه اي ها همچنين چيزي نيست.",-1,Negative
از تنها نقاط ضعف جزئی این دستگاه می‌توان به عدم وجود درایو نوری و پورت شبکه اشاره کرد.,-1,Negative
"با خيلي ها مقايسه کردم بهتر بود

",1,Positive
ارتباط مولتي مديا عالي با ويندوز مديا سنتر و ويندوز ۷ .,2,Positive
و تو ps3 واقعا قدرت خريد بازي هاشو نداشتم و الان راحت هر بازي که دلم بخواد مي خرم و بازي مي کنم.,1,Positive
بدنه از ماده ای لاستیک اندود شده ساخته شده که در هنگام لمس احساس خیلی خوبی را منتقل می‌کند.,2,Positive
بر خلاف سامسونگ و یا HTC،  سونی تغییرات ظاهری خاصی بر روی رابط کاربری اندروید 3 ایجاد نکرده است و شما تقریبا با محیط استاندارد اندروید هانی کامب کار میکنید.,1,Positive
ـ برخي برنامه هاي پيش فرض روي گوشي کارا نيستند و بايد دنبال جايگزين براي آنها بگرديد.,-1,Negative
اما این صفحه نمایش در iPhone 5 مجددا پیشرفت نموده و بهتر شده است.,1,Positive
من اين گوشي رو 1 ماهه دارم قرمزش رو و خيلي قشنگه 1.,1,Positive
به اين نتيجه رسيدم چون اين دوربين کامل شده نوع هاي قبلي خود است و نقص هاي دوربين هاي قبلي را در حد خيلي خوبي از بين برده و قيمتش هم بسيار مناسب و خوب است.,1,Positive
اکنون مانند گلکسي اس پلاس که در سال گذشته معرفي شد و نسخه بهبود يافته اولين نسل گلکسي بود،  امروز سامسونگ گوشي گلکسي اس 2 پلاس را که نسخه بهبود داده شده گلکسي اس 2 است و سيستم عامل جديد به همراه پردازشگر جديدي را بر روي خود دارد معرفي کرد.,1,Positive
فيلم برداري تعريفي نداره!,-1,Negative
"به نظر من گوشي خيلي عالي هستش

",2,Positive
گرافيکش که ديگه حرف نداره .,2,Positive
با يک اندازه با يک مشخصات سخت افزاري و البته مقدار زيادي پول بعد از آن هم کلي محدوديت.,-1,Negative
بدون اشکال!,1,Positive
این بلندگوها برای مصارف اولیه،  کیفیت و بلندی صدای قابل قبولی را ارائه می‌دهند ولی علاقه‌مندان به گوش کردن به موسیقی و یا تماشای فیلم،  بهتر است از بلندگوهای خارجی و یا هدفون استفاده کنند.,1,Positive
قبل اين دوربين canon 210 is داشتم فکر ميکردم اين دوربين يک سر و گردن از دوربين قبلم بالاتر خواهد بود ولي اين چنين نبود عکس هايي که با اين دوربين گرفتم در شرايط نوري مختلف متفاوت بود مثلا در جايي که نور خورشيد به حد کافي بود و انتظار ميرفت عکس خوبي بگيره عکسها شفافيت نداشتن ولي در تاريکي مطلق و يا در هواي تاريک با استفاده از فلش قوي اين دوربين عکس هايي به مراتب بهتر از روز گرفتم با شفافيت بالا.,-1,Negative
"از نظر من همه چيش عاليه طراحي فوق العاده بدنه ظريف و جالب نسبت به اندازش کارايي فوق العاده است فقطه ضعف از نظر من کم بودن تعداد فرمت براي پخش فيلم که با يک برنامه پلير حل ميشه 

کاراييش هم فوق العاده",2,Positive
اجراي بازي عالي اجراي برنامه عالي آنتن دهي عالي از همه لحاظ راضيتون مي کنه .,2,Positive
بازي مکس پين رو با اون گرافيک بالاش به راحتي اجرا کرد .,1,Positive
در کل همانطور که گفتیم،  S3200 دوربین Bridge ارزان قیمتی از فوجی فیلم است که قیمت مناسب را در ازای امکانات مناسب ارائه می کند.,1,Positive
رنگ‌های تولید شده توسط صفحه نمایش بسیار زنده و طبیعی بوده و زاویه دید آن نیز رضایت بخش است.,2,Positive
کيفيت تا 20%درصد بهبود داشته و مشکل لقي تيکه پاييني نوار اکريليکي  که بعد از يک يا دو بار زمين خوردن ممکن بود خراب بشه هم حل شده  از همه مهم تر اينه که شما ميتوني مموري کارت بهش وصل کني گوشي بازها ميدونن 16گيگ براي اين گوشي ها چيزي نيست  باطري هم 200 مگا هرتز تقويت شده که به نظر خودم خيلي حالت اماده باش گوشي زياد شده استند باي که هر 10ساعت 3 يا 4 درصد کم  ميکنه سوني با به کار گيري نصل جديد باطري و شارژر 850 مگا امپري به جنگ زمان زياد براي شارژ رفته اين گوشي با رکورد يک ساعت چهل و  هفت دقيقه فول شارژ ميشه که يه مزيت فوق العادست دوربين هم تفاوتي نداره کيفيت صداي مکالمه عالي صداي موسيقي دو گوشي با هم برابره.,1,Positive
صفحه نمايش 7 اينچي اون ممکنه براي بعضي ها کوچک باشه ولي اکثرا اين اندازه صفحه نمايش رو مناسب ترين اندازه ارزيابي کرده اند.,1,Positive
"واقعا عاليه

",2,Positive
کمپاني HTC يکي از بهترين و معتبر ترين کمپاني هاي مطرح در عرصه اسمارت فون هستش.,2,Positive
"عالي عالي عالي

از همه نظر",2,Positive
همچنین در زیر نور مستقیم آفتاب نیز عملکرد آن بسیار مناسب است.,2,Positive
HTC اين کار رو چند بار ديگه هم انجام داده و اين سياست اين شرکت شايد از نظر بازاريابها خوب باشه ولي خيلي ها رو هم ناراحت ميکنه.,-1,Negative
این گوشی از فرمت DivX پشتیبانی نمی‌کند و برای اجرای فیلم‌های با فرمت DivX،  کاربر باید از برنامه های پخش کننده استفاده نماید.,-1,Negative
و ديگر مردم هم اين گوشي ها رو خريد نميکنن .,-1,Negative
در روزگاری که اکثر کمپانی‌ها در تولید گوشی‌های هوشمند خود فقط به فکر بزرگ‌تر کردن صفحه نمایش بدون توجه به افزایش وزن گوشی هستند،  اپل دست به یک شگفتی زد و گوشی جدید خود را بزرگ‌تر ولی سبک‌تر تولید نمود.,1,Positive
 اگه درايور وبکم رو نصب کنين از کيفيت اچ دي وبکم لذت خواهيد برد..,1,Positive
متاسفانه عکس‌های گرفته شده با دوربین این تبلت از کیفیت رضایت بخشی برخوردار نیستند.,-1,Negative
اپل هميشه عالي بوده،  ولي نسبت به قيمتش نمي ارزه,-1,Negative
"(نميدونم براي چيه)

در کل گوشي خيلي خوبيه و ميشه گفت توي اين بازاري که همه چيز شبيه هم شده،  يه تجربه‌ي متفاوته!",2,Positive
"از نظر ظاهر قشنگه من سفارشش دادم تا 2 روز ديگه دستمه

اميدوارم خوب باشه.",1,Positive
من از اين تبلت خريدم مهمترين نکته اينکه از نظر من باطريش ضعيف است بعد يک ماه استفاده از اين تبلت و مقايسه آن با تبلت رفقا پيشنهاد ميکنم اين تبلت نخريد cpu آن فقط اسمش چهار هسته اي و به نسبت ايسوس و سامسونگ واقعا ضعيف است عرايض بنده را فقط وقتي متوجه ميشويد که در عمل کارايي اين تبلت با يکي دو برند معتبر مقايسه کنيد به هر حال انتخاب با خودتونه شايد بهتر باشه کمي صبر کنيد و يه تبلت بهتر بخريد.,-2,Negative
در کل اگه کسي يه پرينتر متوسط و بي دردسر براي مصرف خانگي ميخواد مي تونم بگم عاليه و تا سالها ميتونه نياز کاربر رو برطرف کنه.,2,Positive
"سخت افزار معرکه‌اي داشت که معرکه‌تر شده 

با وجود رم 2 گيگ ديگر آيفون از رقابت خط خورد ",2,Positive
اين هم که قلمش داخل گوشي نميره، ميتونه يه نکته منفي باشه.,-1,Negative
اولين باري که يه آي ديوايس رو ديدم و صفحه اش رو لمس کردم حسي به من داد که تو کل عمرم تجربش نکرده بودم وقتي تو منوش چرخ زدم محيطش شگفت زدم کرد به طراحيش(آي فون4) که دقت کردم متحير شدم داخل يکي از بازياش که رفتم گرافيکش رو روي هيچ گوشي نديده بودم تا دو هفته فقط به آي فون فکر ميکردم و احساس ميکردم گوشي خودم(اون موقع نوکيا 6220) در مقابلش مثل اسباب بازيه اما وقتي احساساتم فرو کش کرد و عقلم اومد سرجاش و فکر کردم ديدم اين گوشي تا وقتي که دستته نميذاره هيچ کمبودي توش حس کني اما بعد از اين که بزاريش کنار کم کم نسبت بهش دلسرد تر ميشي و من اون موقع بود که تازه فهميدم گوشي خودم چقدر نسبت بهش برتري داره.,-1,Negative
بهتر از اين نميتونيد پيدا کنيد,1,Positive
اما هرچي سعي کردم از يه شئ متحرک يه عکس درست و حسابي بگيرم نتونستم و در تمامي عکسها بصورت تار ثبت ميشد.,-1,Negative
ديگه حتي نيازي به مقايسه اين گوشي با گوشياي ديگه نيست چون هم رده اي هم نداره.,1,Positive
زيبا و کوچيک و 1TB جا و امکانات امنيتي و بک‌آپش.,1,Positive
به نظر می‌رسد در این مدل با توجه به ارتقای سخت افزاری آن،  همه چیز سریع‌تر و بهتر نیز انجام گردد.,1,Positive
حرکت دادن صفحات بسیار روان بوده و در ضمن به طور کامل از Adobe Flash پشتیبانی می‌شود.,2,Positive
به همه این‌ها،  پشتیبانی آن از سیم کارت را نیز بی افزایید تا متوجه ارزشمندی این تبلت شوید.,1,Positive
به نظر ميرسه باتري نسبتاً خوبي داشته باشه.,1,Positive
"سلام من هم چند روزي هست که يکي خريدم,مشکلش در شناسايي wifiو نصبgprs",-1,Negative
من اين گوشي رو يک هفته اي ميشه خريدم قبلش هم وايلد فاير داشتم مقايسه با HTC Wildfire1- ري گاهي داغ مي کنه ،  وايلد فاير داغ نمي کرد.,-1,Negative
مدیریت بر دو سیم کارت در نسخه دو سیم کارته این گوشی نیز به خوبی صورت می‌پذیرد که امکانات بسیار خوبی را به کاربر می‌دهد.,2,Positive
اما از نظر قابلیت عکاسی،  ال‌جی برای این مدل چیزی کم نگذاشته است.,1,Positive
پردازش فلز به کار رفته در این محصول با بخار منیزیم باعث مقاومت بیشتر آن گردیده و در کمال استحکام،  لطافت بسیاری دارد که به کاربر حس خوبی را از در دست گرفتن آن می‌دهد و لذت کار با آن را نیز بیشتر می‌نماید.,2,Positive
از این جمله می‌توان به طراحی و ساخت بسیار با کیفیت و ارگونومیک،  مودهای عکاسی حرفه ای،  توانایی ضبط ویدیویی 1080p Full HD،  سنسور بسیار پیشرفته و با کیفیت،  نمایشگر خیلی خوب و از همه بهتر لنز با توانایی زوم 15 برابر اشاره کرد.,2,Positive
علاوه بر روش های مختلف اتصال دوربین به بدن ورزشکار که منجر به ثبت تصاویر از زوایای دید بسیار جذاب و طبیعی می شوند،  این دوربین باید از ویژگی های محافظتی خوبی هم بهره ببرد تا در صورت مواجه با خطرات مختلف از قبیل ورود ضربه یا خیس شدن دوام بیاورد.,1,Positive
دوربین اما از نظر قابلیت عکاسی،  ال‌جی برای این مدل چیزی کم نگذاشته است.,1,Positive
5- عدم وجود يک قلم کاربردي .,-1,Negative
نسبت به قيمتش خوب است.,1,Positive
N43SM در کانفیگ‌هایی با ظرفیت‌ها‌ی هارد دیسک مختلف نیز ساخته شده است و از حافظه‌ها‌ی SSD نیز پشتیبانی می‌کند.,1,Positive
به هر حال،  قیمت بالای لومیا 920 و 820 مانعی برای بسیاری از افراد جهت خرید آن‌ها ایجاد می‌نماید که با تولید و عرضه لومیا 620،  امکان داشتن مدل ارزان قیمت آن‌ها نیز برای آن‌ها فراهم گشته است.,1,Positive
چهارما:بزرگ شدن سنسور سيموس هيچ چيز برتري را در کيفيت تصوير به جز کمي تاثير در عمق ميدان به جا نگذاشته که انچنان محسوس نيست و ان چه شما در تصور خود ناشي از تبليقات داريد نيست.,-1,Negative
من ديروز با پدرم رفته بودم دبي براي خريد کنسول بازي wii برترين کنسول دنياست همتون عاشقش ميشيد.,1,Positive
سرعت این نسخه از اندروید به نسبت نسخه های پیشین بسیار بیشتر شده و در واقع،  اصلی‌ترین تفاوت این گوشی با مدل پیشین نیز در وجود همین نسخه از اندروید به صورت پیش فرض بر روی آن است.,1,Positive
من اين گوشي رو در تاريخ 91/9/2 خريدم بعد از کلي تحقيق و الان تقريبا دو ماه هست که دارم با اين گوشي کار مي کنم تا حالا دوبار اين گوشي رو اپديت کردم از طريق برنامه سوني که روي کامپيوتر نصب کردم قبل از اينکه اپديتي بکنم و بعد از دوبار اپديت گوشي نه هنگ کرد و واي فاي هم بدون مشکل الان کار ميکند به نظر من بعد از دوبار اپديت دکمه هاي زير گوشي بهتر کار مي کنن و حساس تر شدن و باطري کمتر مصرف ميکند من روي گوشي بازي هاي سنگيني نصب کردم که به راحتي اين بازي ها را اجرا ميکند من روزي تقريبا يک ساعت با اين گوشي بازي مي کنم و حدودا روزي نيم ساعت هم تو اينترنت هستم و برنامه هاي زيادي هم روش نصب کردم و اس ام اس باهاش زياد مي فرستم و روزي حداقل سه بار تماس مي گيرم ولي با اين حال سه روز اين گوشي بعد از يک بار شارژ کار مي کند و به طور پيشفرض اندرويد 4 روش نصب بود ولي اگر نسخه بلوتوث به جاي دو از نسخه هاي  سه يا چهار استفاده مي کرد بهتر بود,1,Positive
قيمت بالاي اين گوشي بخاطر صفحه نمايش فوق العاده اين گوشيه،  ميشه پشت گوشي رو از داخل صفحه نمايش ديد!,1,Positive
نسبت به پولش واقعا کارايي داره.,1,Positive
این لنز مجهز به لرزش گیر تصویر اپتیکال هوشمند است که توانایی جبران لرزش دست شما تا 3.5 استپ را دارد تا منجر به تارشدگی تصویر نشود و همواره عکس هایی شارپ بگیرید.,1,Positive
لازم به ذکر است که داخل این کیبورد،  یک باتری بسیار قدرتمند نیز وجود دارد و هنگامی که Infinity را به کیبورد متصل می‌کنید،  طول عمر باتری دستگاه به دو برابر افزایش می‌یابد که در ادامه بیشتر در این رابطه توضیح خواهیم داد.,2,Positive
اين کنترل از نسخه‌ي اوليه‌ي آن که در کنسول XBOX 360 نسخه‌ي Premium وجود داشت،  بزرگ‌تر است و از لحاظ امکانات و قابليت‌ها،  از نسخه‌ي قبلي خود کامل‌تر است و اين مساله استفاده‌ي آن را در کاربردهاي مختلف افزايش مي‌دهد.,1,Positive
شاید تنها نقطه ضعف این تبلت،  کیفیت عکاسی ضعیف آن باشد ولی باید این موضوع را هم در نظر بگیرید که در کل دوربین های عکاسی بر روی تبلت ها،  کاربرد فراوانی ندارند.,-1,Negative
صرف نظر از عملکرد این گوشی-تبلت،  باید بگوییم که ایده‌ی ایسوس بسیار خلاقانه و قابل احترام است.,1,Positive
در کل کیفیت نمایشگرها نسبت به رده‌ای که نوت‌بوک‌ها در آن قرار دارند بسیار عالیست.,2,Positive
فوق العادست..,2,Positive
این برنامه پیش از این فقط با اتصال Wi-Fi کار می‌کرد که هم اکنون 3G و 4G را نیز پشتیبانی می‌نماید.,1,Positive
و در آخر؛ من عاشقش شدم!,2,Positive
"دوستان به اين نکته دقت کنيد

که اين مدل گوشي خدمات پس از فروش خيلي ضعيفي داره 

و قطعات اين برندها هنوز وارد بازار نشده 

به همين علت ارزونتر از مدل هاي مشابه مثل سامسونگ و نوکيا و غيره  هست",-2,Negative
داراي رام Miui و Cyanogenو کاستوم رام هاي ديگه بصورت بدون باگ.,1,Positive
به نظر من بهترين گوشي دنيا هست,2,Positive
کلا بسيار گوشي جمع و جور و خوش دستي هست!,1,Positive
لرزشگير تصويرش واقعا عاليه به خوبي جلوي لرزش رو ميگيره ,2,Positive
اگر در قسمت دريچه ي ديافراگم مدت رو روي 8 ثانيه بزاريد و مخصوصا وقتي که روي سه پايه نصب باشه با کيفيت بسيار عالي ميتونيد جزيياتو ببينيد.,2,Positive
رزولوشن آن 960×540 و تراکم پیکسلی آن نیز 256ppi می‌باشد که کاملا مناسب است.,1,Positive
دوستان شک نکنيد عاليه مخصوصا وقتي آندرويد جيلي بين 4.1.2 روش بريزيد فوق‌العاده ميشه.,2,Positive
اين گوشي در کنسول XBOX 360 به کانکتوري که در زير دسته‌ي بازي قرار دارد،  وصل مي‌شود و اين مساله امکان استفاده‌ي سريع از اين وسيله را فراهم مي‌کند.,1,Positive
• صفحه نمایش و بلندگوها اپل بر روی نسل پنجم iPod Touch،  همان صفحه 4 اینچی IPS فوق‌العاده iPhone 5 را قرار داده است.,2,Positive
خيلي خوشگل و جذابه,2,Positive
دوربين خوب .,1,Positive
به هر صورت همانطور که گفتیم،  Nokia 500 مناسب کاربرانی است که اولا علاقه‌مند به گوشی‌های نوکیا و سیستم عامل سیمبین هستند،  دوما اینکه یک گوشی هوشمند پر سرعت لمسی با بدنه‌ی مستحکم و نه چندان باریک می‌خواهند و در ضمن می‌خواهند قیمت معقولی را هم بپردازند.,1,Positive
شرکت مايکروسافت براي آگاهي کاربر از فعال بودن دسته‌ي بي‌سيم،  قابليت جالبي را در کنسول ۳۶۰XBOX تعبيه کرده است.,1,Positive
.پلاس هم که مشکلي نداره.,1,Positive
اصولا همه ی پارامترها از جمله نوردهی،  فوکوس،  تراز سفیدی و غیره به صورت خودکار انجام می شود.,1,Positive
سامسونگ و ال‌جي هميشه بهترينن.,2,Positive
به طور خلاصه،  بلندی صدای بلندگوی iPod Touch نسل پنجم رضایت بخش است ولی کیفیت صدا و همچنین میزان صدای بیس کمی پایین‌تر از حد انتظار ما بود.,-1,Negative
چون فوکوس دوربين ثابت هست و اکثر عکسها رو تار و بي‌کيفيت مي اندازه و همچنين نداشتن فلاش باعث شده که عملا شبها و در محيطهاي داخلي، شما دوربين نداشته باشيد و اين خيلي خنده داره.,-1,Negative
در زیر قاب پشتی گوشی،  شیار سیم کارت micro،  شیار مموری کارت micro SD (که قابلیت پشتیبانی از کارت‌های حافظه تا ظرفیت 64 گیگابایت را دارد) و باتری بسیار قدرتمند 2100 میلی آمپری قرار دارد که طبق ادعای سامسونگ می‌تواند 10 ساعت بطور مداوم ویدئو پخش کند.,1,Positive
قسمت دوم اين چيپ‌ست نيز حافظه‌ي پر سرعتي به نام eDRam است که در سمت چپ واحد پردازش گرافيکي قرار دارد.,1,Positive
البته لازم به ذکر است که کیفیت مکالمه با قلم به خوبی کیفیت مکالمه با گوشی نیست،  اما در چنین شرایطی مسلما بسیار کاربردی و رضایت بخش خواهد بود.,1,Positive
خب البته يکي از مسايل مهم براي هر کاربري مثل خودم قيمت گوشيمه که متاسفانه اپل در اين زمينه بصورت نجومي کار ميکنه.,-1,Negative
"سلام و با تشکر از ديجي کالا به خاطر ارسال سريع کالا

امروز اين گوشي بدستم رسيد فوق‌العاده برازنده اين گوشي هست",2,Positive
عملکرد ايزوش فوق العادست اگه fujifilm به اين کارش ادامه بده و يه فول فريم 14 مگاپيکسلي بزنه شاهکار در عملکرد ايزو ميشه .,2,Positive
به صرفه نيست و تنوع رنگ هم نداره.,-1,Negative
من اين گوشي را چند روز پيش خريدم و برعکس بعضي اظهار نظر ها هيچ مشکلي با صفحه نمايش اين گوشي ندارم و به نظر من تصاوير در آن بسيار شفاف و با کيفيت هستند و پيشنهاد ميکنم اگر کسي قصد خريد دارد شک نکنه.,2,Positive
این دوربین مجهز به لنز 25-600 میلی متری با توانایی زوم 24 میلی متر می باشد که هم حالت واید بسیار عالی را ارائه می کند و هم توانایی زوم آن در سطح بسیار بالا و خوبی قرار می گیرد.,2,Positive
در کل می‌توان این‌گونه استنباط نمود که این صفحه نمایش برای این مدل با این قیمت چیزی بیشتر از حد انتظار محسوب می‌شود.,1,Positive
دوربین بدون آینه با لنز قابل تعویض X-Pro1،  که به جرئت نخستین دوربین در کلاس خود می‌باشد که کاملا برای حرفه ای‌ها ساخته شده است.,1,Positive
شاید این ویژگی در هنگام اسکن متن چندان به چشم نیاید ولی در هنگام اسکن عکس می‌توان عملکرد مناسب این اسکنر را مشاهده کرد.,1,Positive
این دوربین فیلم برداری به راحتی تقریبا در هر مکانی نصب شود تا لحظات پر هیجان ورزشی از زاویه ی دید ورزشکار ثبت شوند.,1,Positive
گوشي مناسب، خوب و کارايي است.,1,Positive
بیشتر قسمت‌های بدنه‌ی آن هم از مواد قابل بازیافت بسیار عالی ساخته شده‌اند.,2,Positive
این مرورگر از Adobe Flash هم پشتیبانی می‌کند و محتوای آن از قبیل ویدیو و گرافیک نیز کاملاً عالی اجرا می‌شود.,2,Positive
باتريش که زود شارژ ميشه و حداقل 4 روز کار ميکنه که با اون ابعاد واقعا فوق العاده است.,2,Positive
"با سلام 

درانتخاب برند آيفون به عنوان برند برتر شکي نيست ولي اکثر امکانات اين گوشي بالقوه خواهد ماند زمانيکه ما از اينترنت پرسرعت برخوردار نيستيم يکي از امکاناتي که تاکنون فعال نشده قابليت مکالمه رايگان آيفون به آيفون هست .",-1,Negative
طراحی جذاب و زیبای منحصر به فرد سامسونگ از حاشیه باریک بدنه استفاده می‌کند تا تجربه فراگیرتر و گسترده‌تری داشته باشید.,2,Positive
به دلیل رزولوشن بسیار بالایی که این سنسور ارائه می‌دهد،  اگر در شرایط نوری خوب با آن عکاسی کنید،  کیفیت و تفکیک جزئیاتی بسیار عالی را به شما ارائه می‌دهد.,2,Positive
به نظر من گوشي جي4 جي ال ايکس بهتر از اينه با قيمت پايينتر با رزوليشن 540*960,1,Positive
در کل،  با قیمت پایین‌تر نسبت به مدل‌های مشابه،  این گوشی یک گوشی مقرون به صرفه با ارزش خرید بالا به شمار می‌آید.,2,Positive
اين بدان معنا است که قيمت آن شما را متعجب خواهد ساخت.,1,Positive
از اينکه راحت هر برنامه اي را بخواهيد ميتوانيد دانلود کنيد و استفاده کنيد لذت ميبريد.,1,Positive
رنگ مشکی کاملا عمیق است.,1,Positive
همچنین برنامه های متنوعی از قبل بر روی این گوشی نصب شده‌اند که از جمله آن‌ها می‌توان به برنامه نقشه گوگل،  Dropbox،  ایمیل،  نمایشگر فایل‌های آفیس و .,1,Positive
 اين يک دستگاه ضبط کننده است که قابليت پخش ام پي تري هم داره,1,Positive
کلیدها بسیار بزرگ بوده و با وجود اینکه کیبورد از نوع جزیره ای نیست،  تایپ کردن با آن بسیار لذت بخش است.,2,Positive
به دلیل توانایی تولید چنین بزرگنمایی زیادی،  لرزش دست می‌تواند در عکس گرفته شده تاثیر زیادی داشته باشد و به راحتی مقدار کمی از آن باعث به طور کلی تار شدگی عکس شود.,-1,Negative
همه این‌ها باعث شده که این گوشی در عین زیبایی،  به یک گوشی بسیار خوش دست و راحت نیز تبدیل گردد که کار کردن با آن حتی برای افرادی که دست‌های کوچکی نیز دارند بسیار راحت خواهد بود.,2,Positive
رنگ بندی زیبا و درخشان آن به راستی کاربر را هیجان زده می‌نماید.,1,Positive
گرافيک خوب .,1,Positive
همچنين به مراتب شارژ باطري آيفون از ديگر گوشي هاي خوب بازار بهتر است.,1,Positive
همانطور که اشاره کردیم،  چشمی این دوربین یک چشمی اپتیکال معمولی نیست بلکه یک چشمی هیبریدی اپتیکال/الکترونیکی است.,1,Positive
در کل،  ایسوس برای این تبلت سفارش گوگل،  در طراحی و ساخت چیزی کم نگذاشته و با توجه به قیمت بسیار مناسب آن،  می‌توان مشخصات ظاهری آن را بسیار فراتر از انتظار دانست.,1,Positive
این دوربین GPS داخلی هم دارد که بدین ترتیب وقتی که آن را روشن می‌کنید موقعیت دقیق مکانی عکس گرفته شده به همراه دیگر اطلاعات عکس ثبت می‌شود.,1,Positive
مطمئن باشيد از خريد اين ipod پشيمون نميشيد,1,Positive
سنسور تصویر 16 مگا پیکسلی به شما کمک می‌کند که جزئیات را خیلی دقیق ثبت کنید و لنز فوق‌العاده‌ی 25 میلی متری آن که کمینه‌ی نسبت کانونی f/2.5 را ارائه می‌دهد نیز بسیار عالیست.,2,Positive
این برنامه بسیار کامل و مجهز است و امکانات بسیار زیادی دارد.,2,Positive
در کل اين گوشي کاملاً ايده‌آله واسه کسايي که خيلي براشون مهمه که گوشي از هر لحاظي نمره قابل قبولي بگيره.,1,Positive
تصويرش عاليه,2,Positive
گوشي به هيچ عنوان هنگ نمي کند حتي اگر چند روز مدام با گوشي کار کنيد.,1,Positive
فيلم و ضبط صداشم فوق‌العاده است.,2,Positive
تنها مشکلي که شايد بشه اشاره کرد يکم کوچيک بودن اسکرينش هست!,-1,Negative
کارش بيسته,2,Positive
13- طراحي گوشي خيلي خيلي ظريفه، واقعاً تا از نزديک نبينيد نميتونيد به اين موضوع برسيد.,2,Positive
من يه فيلمبردار هستم با دوربين هاي حرفه اي کار کردم اين دوربين بااين کوچيکيش ميتوونه با حرفه اي ها مقابله کنه حرف نداره اگه يه پايه حرفه اي داشته باشيد  واسه خودش غوليه,2,Positive
با این تراکم پیکسلی بالا،  تصاویر تولید شده توسط صفحه نمایش ray از دقت بسیار بالایی برخوردار خواهند بود.,1,Positive
با سلام نسبت به دو مدله قبلي عاليه به دوستان پيشنهاد ميدم از سايت ديجي کالا خريد کنن چون قيمتا خوب ميفروشن و مطمئنه,2,Positive
تبلت خوبيه همون موقع که وارد بازار شد گرفتمش از نظر کيفيت تصوير عاليه full hd حرف نداره از نظر سخت افزاري هم خوبه مشکل ندارم در کل تبلت خوبيه.,1,Positive
کيفيت کار اين پرينتر عاليست .,2,Positive
گلکسي اس 2 از نظر شيک بودن حرف نداره ولي cpu اون مقداري ضعيفه و با توجه به آمدن cpu هاي 2 هسته اي 1.7 و 4 هسته اي حرفي چنداني نميتواند بزند از نظر دوربين هم بد نيست يکم نويز داره ولي نسبت به گوشي هاي هم قيمت ميشه گفت ميتونه جا باز کنه ولي از نظر اپديت:چون ميدونيد اين گوشي اندرويد 2.3 داره و خيلي ها مايل به اپديتش هستن در اين مورد بايد بگم که وقتي اپديت ميکنيد گوشي مقداري در انجام برنامه ها هنگ داره و همينطور وقتي کار هاي گرافيکي با گوشي انجام ميدهيد پرش صفحه کاملاً محسوسه ولي در کل بگم اگه ميخوايد اين گوشي رو بخريد بهتره يه سري هم به xperia sl و xperia acro s  بزنيد و خودتون مقايسه کنيد.,-1,Negative
همه چيش خوبه.,1,Positive
گوشي خيلي شيک و خوش‌دستي هست و از کار کردن باهاش لذت ميبريد.,2,Positive
این دوربین توانایی فیلم برداری 720p HD با سرعت 30 فریم بر ثانیه را هم دارد.,1,Positive
با استفاده از پورت و کابل HDMI نیز می‌توانید دوربین را به تلویزیون‌های دیجیتال وصل کنید تا با کیفیت خیلی بالا تصاویر را شاهد باشید.,2,Positive
مود Adv (Advanced) قابلیت‌های خیلی خوبی مثل اینکه چند عکس در کنار هم برای عکاسی پانوراما تهیه کنید را به شما می‌دهد.,1,Positive
اما عجیب است که این صفحه نمایش با وجود بهره بردن از پنل IPS،  عملکرد متوسطی را در زوایای مختلف به نمایش می‌گذارد.,-1,Negative
"سلام

من هم از طريق همين سايت با اين دوربين اشنا شدم دوربين در مقايسه با قيمتش واقعا عاليه

1-طراحي خوب بدنه دوربين موقع دست گرفتن دوربين واقعا حس خوبي به ادم ميده

2-زوم دوربين واقعا عاليه لرزشگير دوربين هم خيلي کارش رو خوب انجام ميده من قبلا فوجي تي 300 داشتم

موقع عکس گرفتن از ماه عکسهاي خوبي ميگرفت ولي حتما با استفاده از سه پايه

ولي اين دوربين نميدونم به خاطر شکل ارگونومي خوب که داره هست يا لرزشگيرش نسبت به t300 بهتره بدون استفاده از سه پايه عکسهاي خوبي ميگيره بدون کمترين نويز زومش هم بقدري هست که چاله هاي روي ماه رو ميشه ديد

3-داشتن مودهاي m,s,a,p اين دوربين رو تبديل به يک دوربين نيمه حرفه عالي کرده

4-فلش با برد 7متر تو اين رده قيمت فکر نکنم تو برند ديگه اي اصلا پيدا بشه

5- داشتن چشمي جدا از حس داشتن يک دوربين حرفه اي در کاهش مصرف باطري واقعا عاليه

6-عکس برداري پي در پي خوبي داره دوربين قبليم فقط تا سه عکس پشت سر هم ميگرفت اما موقعي که اين دوربين رو روي عکسبرداري پي در پي تنظيم کردم واقعا لذت بردم از خريدي که انجام دادم 

دوستان يکي از مشکلاتش رو نداشتن نشانگر باطري عنوان کردن که به نظر من زياد مهم نيست چون شما ميتونين با اولين شارژ باطري هاي دوربين تعداد عکسهاي گرفته شده رو ببينيد و در شارژهاي بعدي روي تقريبا همين تعداد عکس و زمان فيلمبرداري حساب کنيد

با تشکر از سايت خوب ديجي کالا که با معرفي و نقد خوب محصولات توسط کارشناسان و مصرف کنندگان در انتخاب محصول خوب به من کمک کرده اند



",2,Positive
لپ تاپ بسيار عالي و کارآمدي ميباشد و هم به درد خونه و هم محل کار ميخوره .,2,Positive
البته این میزان بسیار ناچیز است و GALAXY Tab 2 10.1 همچنان به عنوان یک تبلت بسیار باریک و زیبا شناخته شده است و در دست نگه داشتن آن بسیار راحت و لذت بخش است.,2,Positive
تازه FULL HD رو هم با MXplayer بدون تيک پخش ميکنه که هر گوشي تک هسته اي قادر به اين کار نيست.,1,Positive
به نظر من xperia ها مخصوصا SONY از اينا بهتره مخصوصا sony xperia S.,1,Positive
در قسمت سمت راست آن دستگیره‌ی نصفه و نیمه ای ساخته شده که باعث می‌شود در دست گرفتن دوربین خیلی فراتر از حد انتظار آسان شود.,1,Positive
لنز ZS6 خیلی لنز خوبی است به طوری که کمینه ی فاصله ی کانونی آن 26 میلی متر می باشد که در این حال میدان دید خیلی گسترده ای را می تواند در یک میدان دید پوشش دهد.,2,Positive
که من اصلا انتظارشو نداشتم خيلي بد و ضعيف آنتن ميده و براي يک محيط خونگي شايد اينترنتش خوب باشه نه بيشتر.,-1,Negative
دکمه های آیپاد شافل به نوعی طراحی شده اند که شما بعد از مدتی استفاده دیگر نیاز ندارید که به دکمه ها نگاه کنید تا از آنها استفاده کنید.,1,Positive
اپل هميشه به ايده هاي نو و به نوآوري شهرت داشته.,1,Positive
در بدو ورود اولين xbox هاي 360 به بازار ايران همگام و هم زمان با سراسر دنيا و در غياب رقيبي چون ps3 براي آن چشمهاي زيادي محو تازگي و نو آوري هاي بکار رفته در آن بويژه دسته هاي بيسيم آن بود بدون اينکه صحبتي از اصطلاح سه چراغه و سرعت لود درايو دستگاه مطرح باشد تا اينکه کم کم چشم کاربر ايراني دستگاه به سه چراغ قرمز رنگ بجاي چراغ سبز پاور دستگاه روشن شد و همه چيزي که براي کاربر باقي مي ماند جعبه اي سفيد رنگ بود با نشان xbox که کار خاصي را انجام نمي داد!,1,Positive
مخصوصا که این تبلت ویندوزی که همانند یک لپ تاپ کارایی‌های متنوعی دارد،  اولین محصول در این نوع است.,1,Positive
گوشي Galexy S II گوشي هست که شما با داشتن اون ميتونيد يکي از بهترين تجربه‌هاي يک گوشي اندرويدي رو داشته باشيد.,1,Positive
"نمایشگر 3 اینچی بسیار با کیفیت XtraFine TruBlack نیز کیفیت 921,000 نقطه را ارایه می کند.",2,Positive
از لحاظ کيفيت هم همه ميدونن(مخصوصا سامسونگيها) اپل حرف اول رو تو دنيا ميزنه نوت2 رم 2 گيگ داره و ميتونه صفحه رو دو قسمت کنه و دو تا برنامه رو باهم اجرا کنه که واقعا اين يکي از چيزاي استثناييشه.,1,Positive
و در آخر، برای مکالمات تصویری شما یک دوربین 1.3 مگاپیکسلی در جلوی دوربین تعبیه شده که بسیار کاربردی است.,2,Positive
در آخر مي خوام بگم با توجه به نکات بيان شده فوق ،  و با توجه به فيلم هاي موجود در همين سايت ،  اپل آيفون 5 برتري محسوسي نسبت به گوشي هاي اندرويدي ديگر دارد که از خريد آن پشيمان نخواهيد شد.,1,Positive
فارسي هم هيچ مشکلي نداره.,1,Positive
طراحی این کیبورد به صورت شیب دار و گوه ای بوده و کیفیت ساخت آن همانند خود تبلت،  فوق‌العاده بالاست.,2,Positive
سلام خيلي خوبه بخرين.,2,Positive
در سمت راست تبلت،  کلید پاور و کلیدهای کم و زیاد کردن صدا قرار دارند که به زیبایی بر روی لبه تبلت قرار گرفته اند و به همین دلیل وقتی تبلت را در حالت افقی قرار میدهید،  امکان فشار دادن این کلیدها بطور تصادفی وجود نداد.,1,Positive
2- قاب آن از لحاظ استحکام کمي ضعيف است.,-1,Negative
XBOX 360 از هر نظر از ps3 بهتره من هر دوتاشونم دارم.,1,Positive
"با اينترنت محدود ايران و تحريم ها اپل تو کشور ما کارايي اش جالب نيست 

اندرويد از نظر من حرف اول رو ميزنه تو ايران",-1,Negative
"من 1 هفته قبل عيد اين هارد رو از digikala خريدم



قبل خريد از هر فروشنده اي سوال کردم , گفتن : اول وسترن نشد سيگيت ( البته از نظر سرعت )

بعد با بخش مشاوره براي فروش digikala تماس گرفتم ايشون هم گفتن از نظر سرعت وسترن عاليه

 حالا که من حدود 1 ماهه دارمش از نظر خودم عاليه ( سرعت ( فوق العاده ) اندازه و کيفيت  و وزن ( مناسب) امنيت و زيبايي ( عالي ) 



فقط ضد آب نيست.",2,Positive
همه چیز بسیار روان بوده و کوچک‌ترین کاهش سرعتی در حین کار کردن با گوشی احساس نخواهید کرد.,1,Positive
در کل این دوربین را به افرادی که به فیلم برداری جدی و فیلم سازی آماتوری علاقه دارند پیشنهاد می کنیم.,1,Positive
"من تبلت 8 رو خريدم و 7 اينچ را هم دوستم براي پسرش خريده

با توجه به قيمت و امکاناتش از تبلت راضيه",1,Positive
کمینه ی نسبت کانونی f/3.0 نیز خیلی خوب است و باعث می شود که برای نوردهی نسبتاً سریع باشد.,2,Positive
يه گوشيه تمام عيار,2,Positive
در ضمن کمینه ی فاصله ی کانونی این لنز در مود ماکرو 2 سانتی متر است که فوق العاده می باشد.,2,Positive
طراحي و ارگونومي عالي .,2,Positive
واقعاً با زياد شدن رم اين گوشي يکي از بهترين گوشيهاي هوشمند در حال حاضر جهانه.,2,Positive
با سلام خدمت دوستان اين دوربين رو به تازگي خريدم البته قبلش ميخواستم g12 کنون رو بخرم اما در واقع موقع خريد فروشنده لطف کرد و يک تست از هردو دوربين گرفتم عکس کنون بد نبود اما در بزرگنمايي خيلي بهم ريخته شد اما سوني وضوح خوبي داشت و زوم اون هم غيرقابل تصور بود و مهمترين قسمتش لرزش دست بود که عالي عمل ميکرد و خلاصه نقاط قوت : مگاپيکسل بالا با اين اندازه سنسور در  دوربين هاي هم قيمت .,1,Positive
اول از همه بايد از ديجي کالا تشکر کنم به خاطر اين همه نظم و اين همه خلاقيت و سرعت بالا،  کمتر از 3 ساعت برام به بهترين نحو ارسال کردن.,2,Positive
باطري بهتر از ٤ اساما نکته منفي همين زود خش برداشتنه که گوشي من بعد يه هفته هنوز بدون خشه در هر صورت چون من با گالاکسي اس ٣ و وان ايکس هم کار کردم هر دو اين گوشي ها هم قابل احترام هستند و بسته به بودجه مي تونيد انتخاب کنيد البته اين گوشي ها از نظر خوش دستي به ايفون ٥ نمي رسند در کل اين گوشي براي ايفون بازها مي تونه دلگرم کننده باشه و مطمئن باشيد با داشتنش بعد از يک هفته وابسته اش خواهيد شد,1,Positive
تصاویر گرفته شده با دوربین این تبلت کیفیت فوق‌العاده بالایی دارند.,2,Positive
اما اگر به صورت کلی یک گوشی می‌خواهید که در همه زمینه‌ها شما را راضی نگاه دارد و همواره از کار کردن با آن لذت ببرید،  آیفون 5 هیچ کمبودی که بخواهد شما را از خرید آن پشیمان نماید ندارد و می‌تواند به یک انتخاب خوب برای شما تبدیل گردد.,1,Positive
شاسی آن در هیچ جا تحت فشار خم نمی‌شود و خود کلیدها نیز آستانه و عمق عملکرد خوبی دارند.,1,Positive
بخصوص که نياز به پاور برق شهر نداره.,1,Positive
خيلي راضيم تقريبا 1ساله خريدم پيشنهاد من اينه که اگر اينو مي خرين سفيد و سياه رنگ خوبي براي اين گوشيه و براي اين کيف لپ تاپي از موبايل فروشي ها بخرين,1,Positive
اين روزها که همه از گوشي و لپ تاپ  تبلت استفاده مي کنن پرينتر بدون واي فاي نمي تونه جذابيت چنداني داشته باشه ،  خصوصا با اين قيمت در حالي که اچ پي پرينترهاي بسيار با کيفيت و ارزوني رو ارائه مي کنه که هم صفحه ي لمسي و هم واي فاي دارن .,-1,Negative
با برنامه‌های کاربردی برای تندرستی - Fitness سامسونگ می‌توانید برنامه‌های ورزشی و تمرینی خود را در منزل اجرا کنید و با قابلیت برنامه‌های کاربردی برای خانواده - Family Story سامسونگ می‌توانید مطمئن باشید که لحظات و خاطرات ارزشمند خانوادگی نه تنها ذخیره می‌شوند بلکه توسط تلویزیون هوشمند شما به اشتراک گذاشته خواهند شد.,1,Positive
البته خوب با وجود گرافيک قوي ميشه گفت حيفه !,1,Positive
اگر windos phone 8 قابل پيشرفت باشه اين گوشي يکي از بهترين انتخاب هاست .,1,Positive
گوشيه فوق العاده ايه،  نرم افزارهاي متنوع و درخور هر نوع سليقه اي ،  قدرت تاچ و لمسگر فوق العاده بالا،  عينشو نديدم،  کيفيت صفحه بسيار بالا،  خلاصه ميشه گفت آخرشه!,2,Positive
هرچند که این دوربین از داشتن لنز با توانایی زوم 20 برابر F770 محروم است،  اما توانایی زوم 15 برابر آن نیز باعث می‌شود تا بتوانید سوژه‌هایی کاملا دوردست را هم با کیفیتی کاملا بالا ثبت کنید.,1,Positive
حرف آخر اينکه اگه اهل بازي و اينترنت با گوشي هستيد اس 2 يا وان اس (البته دوربين 8 وان اس رو هم من از 10بهش 6 ميدم،  ولي بقيه ي امکاناتش در حد عالين!,1,Positive
اولین بهبود iOS 6 در همگام سازی مطالب با Facebook می‌باشد.,1,Positive
"من اين هارد رو با پيشنهاد ويژه خريدم

هارد خوب و مناسبيه ولي سوکتش اصلا خوب نيس و به نظر ميرسه ممکنه کنده بشه",-1,Negative
بلوتوث اين لپ تاپ عالي عمل ميکنه,2,Positive
از خوبيش هرچي بگم کمه.,1,Positive
"نسبت به قيمتش کارايي هاي خوبي هم داره

",1,Positive
فقط دو تا عيب داره:1هيچ شکافي براي قلم نداره 2شارژدهي خوبي هم نداره.,-1,Negative
این بسیار خوب است هرچند که ترجیح می‌دادیم به طرفین هم چرخش می‌کرد.,1,Positive
"واقعا بي نظيره،  من اگر بازم بخواهم دوباره هارد اکسترنال بگيرم انتخابم همين مارک و مدل هست،  واقعا سرعت بالا آمدنش عاليه مثل فلش مموري،  امنيتش که خيلي برام مهم بود يکي ديگر از مزيتاشه با يک پسورد مطمئن تمام اطلاعات شما حفظ ميشه و در کل الان 6 ماهه که گرفتم و ازش راضي هستم

ممنون از سايت خوب ديجي کالا",2,Positive
مرورگر موجود بر روی این دستگاه مرورگر استاندارد گوگل است که قابلیت پشتیبانی از فایل‌های فلش را نیز داراست.,1,Positive
اولين بار است که مارک وسترن ديجيتال رو خريدم و منو کاملا راضي کرد .,2,Positive
عاليه!,2,Positive
بعلاوه به کمک پردازشگر تصویر DIGIC 5 باز هم کیفیت عکس‌های گرفته شده افزایش می‌یابد.,1,Positive
چرا که با وجود مدیریت حافظه بسیار خوب ویندوز که عملکرد فوق‌العاده ای را ارائه می‌نماید،  گوشی‌های ویندوزی حتی با رم پایین‌تر نیز نسبت به گوشی‌های اندرویدی،  ضعفی احساس نخواهند کرد.,1,Positive
من دو سه روزه خريدمش فعلا که خوب کار ميکنه و من ازش خيلي راضيم طراحي شيکي داره و فضاي نسبتا کمي رو اشغال کرده و در ضمن سرعت بالايي هم داره .,2,Positive
به روز رسانی: از نظر مقدار نویز،  در حساسیت‌های پایین عکس‌های این دوربین وضعیت خیلی خوبی دارند.,2,Positive
سلام به همگي اين گوشي رو من 2 روزه گرفتم نسبت به امکانات و مشخصاتي که داره گوشي خوبيه با اين قيمت و امکانات يک گوشي از LG  هستش که گرونتره .,1,Positive
بابا الايت به درد نمي خوره فقط اسم رد کرده.,-1,Negative
"من 3 ماهه که الايت دارم خيلي حال کردم با اين کنسول ساعت زيادي هم باهاش بازي ميکنم و خدارو شکر هيچ مشکلي نداشتم  هم گرافيک راضي کننده  اي داره هم دسته هاش خوش دست ترند در بازي فوتبالش از بازي گرزش هم که هر چي بگيم کمه اونم به صورت شبکه تاز ه شماره 3 اونم اومده 

",2,Positive
سلام دوستان به جاي بحث اگه سخت افزار رو مقايسه کنید متوجه ميشيد که xbox از ps3 خيلي بهتره  GPU قوي تري داره ps3 Cpu قوي تري داره و خيلي داستان هاي ديگه هستن من هر دو تا رو دارم ولي واقعا xbox خيلي از ps3 سر تره شما رو يه LCD  دو تا کنسول رو با HDMI  وصل کنيد و تفاوت رو ببينيد با تشکر از همه دوستان ,1,Positive
در نقد و بررسی P510 لنز آن را فوق‌العاده خواندیم.,2,Positive
این ستاپ باکس قابلیت پخش تمامی کانال‌های دیجیتال صدا و سیما را دارد و می‌تواند برنامه‌ها را بر روی فلش و هارد اکسترنال ضبط و فایل‌های رایج موسیقی،  عکس و فیلم را پخش نماید.,1,Positive
مشکلش اينه که زود شارژش تموم ميشه ولي بقيه امکاناتش خيلي عالي هست و  قيمتشم مناسبه.,1,Positive
"2- کوچک بودن صفحه نمايش در هنگام مرور صفحات اينترنتي و کتاب PDF

3- قلم نوت برداري ندارد .",-1,Negative
نکته منفی دیگری که در مورد طراحی این گوشی یافتیم،  دوربین خارج از بدنه آن است.,-1,Negative
و يه مشکل ديگه که من بهش برخوردم اينه که وقتي ميخواي با جي پي اس تبلت اب و هوا رو لود کني و محلي که هستم رو به صورت خودکار همراه با اب و هوا مثل ساير گوشيها يا تبلت ها نشون بده متاسفانه لود نميکنه و انجام نميشه.,-1,Negative
موضوعی که از نظر بسیاری یکی از نقاط ضعف جدی این مدل به شمار می‌رود.,-1,Negative
توانایی عملیات اسکن و کپی هم باعث می‌شوند که بتوانید دست کم در سه مورد از این پرینتر استفاده کنید.,1,Positive
در موضوع اجرا بازي هاي سنگين بايد بگم که در هردو به رواني اجرا مي شوند در ايپد هيچ وقت هنگ نکرده در ايسوس هم بخاطر سخت افزار قدرتمند هنگ نخواهد کرد اما اگر به دنبال تنوع در بازي ها هستيد من به شما  ايسوس را پيشنهاد ميکنم اما اگه به دنبال بهترين تبلت دنيا هستي بي شک Asus Transformer Pad Infinity شما را ناراحت نخواهد کرد,1,Positive
لپ تاپي بسيار خوب !,2,Positive
تا به اینجا همه چیز خوب است.,1,Positive
همچنین کمینه‌ی سرعت شاتر آن نیز تا 30 ثانیه می‌باشد که دلیلی بر توانایی‌های این دوربین برای عکاسی در شب است.,1,Positive
صفحه نمایش اما می‌رسیم به مزیت اصلی این تبلت بر دیگر تبلت های موجود در بازار یعنی صفحه نمایش آن .,1,Positive
کنترل گرمای این سخت افزار نیز به خوبی انجام شده است و لپ‌تاپ در هنگام کار کردن در بازه های زمانی طولانی،  زیاد گرم نمی‌شود.,1,Positive
به طور کلي و درنهايت ميشه گفت که اين گوشي در مقايسه با قيمتش ،  امکانات خوبي براي کاربر فراهم کرده و مي تونه گزينه مناسبي براي خريد باشه.,1,Positive
وزن داک 540 گرم وزن است و هنگامی که آن را به دستگاه متصل می‌کنید،  دستگاه به یک نت بوک تبدیل شده و وزن کلی آن به 1.1 کیلوگرم می‌رسد که باز هم بسیار سبک محسوب می‌شود و به راحتی می‌توان آن را جابجا کرد.,1,Positive
و از لحاظ گرافيک iPhone طي اين 7 سال امتحان خودشو پس داده و ثابت کرده که گرافيکش از هر گوشي android ي بيشتر است .2.,1,Positive
برخلاف دوستان بايد بگم اين مدل داغ نميکنه و بازي هاي سنگيني که باهاش اجرا کردم مثل بتلفيلد يا  کرايسيس 2 رو هم خوب جواب داد و هم داغ نميکنه (برخي مدلاي HP داغ ميکنن).,1,Positive
صفحه ي روشن اين گوشي شما را شگفت زده خواهد کرد3.پردازنده و سرعت :در مورد سرعت اين اسمارت فون بگم که فوق العاده ست  و بي نظيره!,2,Positive
به نظر من واقعا کار شرکت اپل متفاوت هست و بسيار کارامد!,1,Positive
علاوه بر تجهیزات استقراری که به هنگام خرید دستگاه،  درون جعبه وجود دارند،  به صورت جداگانه نیز می توانید تجهیزات جانبی را تهیه کنید تا بتوانید به طرق مختلف دوربین را به هرجایی که خواستید متصل نمایید.,1,Positive
از نظر من خوش دست ترين و کاملترين گوشيه که ديدم ولي با لمس ضعيف دکمه هاي پايينش با دوستان موافقم .,1,Positive
طراحی شده برای حداکثر جذابیت طراحی منحصر به فرد سامسونگ لذت مشاهده را به حداکثر ممکن ارتقا داده و نیز فضای داخلی خانه شما را زیباتر می سازد.,2,Positive
به نظر من صفحه نمايش super amoled plus گلکسي اس 2 البته i9100 هيچ چيزي از صفحه نمايش galaxy s3 و galaxy note کمتر نداره.,1,Positive
احتمالا من اولين مشتريش باشم،  چون خريد از بازار علاوه بر وجود قيمت هاي غير واقعي احتمال دستکاري تو جعبه رو داره.,-1,Negative
البته در نظر داشته باشید که این موضوع به ایسوس کمک می‌کند که خیلی سریع‌تر از کمپانی‌های دیگر محصولات خود را آپدیت نرم افزاری کند.,1,Positive
این دوربین همچنان بسیار خوش‌دست است و در هنگام در دست گیری احساس خوبی را به شما منتقل می کند.,2,Positive
برنامه های Find My iPhone و Find My Friends همان‌طور که از نامشان پیداست به شما برای یافتن دوستان قدیمی و البته گوشیتان در صورت مفقود شدن کمک می‌نمایند.,1,Positive
شکيل ساده با امکانات زياد و مقرون به صرفه.,2,Positive
CyberLink’s PowerCinema NE برای مرور محتویات دوربین و فعال کردن کارکردهای Direct DVD/Direct Back-Up،  برنامه PowerProducer 3 NE برای ثبت آسان اطلاعات بر روی DVD و PowerDirector 5 NE Express نیز برای ویرایش تصاویر به کار می‌روند.,1,Positive
Sense 4 Plus نسبت به نسخه های پیشین بسیار ساده تر ولی در عین حال کاربردی‌تر شده است.,1,Positive
فقط بدنه اش خش پذير است,-1,Negative
به همین دلیل نیز F660 از لرزش گیر ترکیبی تصویر مکانیکی پیشرفته و الکترونیکی بهره می‌برد تا بتوانید با خیال آسوده و حتی در سرعت‌های شاتر پایین و بزرگنمایی های بالا نیز عکس‌های خیلی شارپ و با کیفیتی تولید کنید.,2,Positive
۲٫ واحد منطقي ـ اين واحد پردازشي توسط شرکت NEC در ساختار eDRam طراحي شده و وظيفه‌ي آن پردازش قابليت‌هايي مانند رنگ تصاوير،  آميختن پرتوهاي نوري براي افزايش کيفيت و دقت تصاوير و تصحيح سطوح ناصاف مي‌باشد.,1,Positive
GPU ( گرافيک ) قدرتمند 12 هسته ULP GeForce10.,1,Positive
تاچ پد نیز به خوبی طراحی شده و از حساسیت و کیفیت بسیار بالایی برخوردار است.,2,Positive
با سلام خدمت تمام دوستاني که گوشي رو نخريدن و بين چند مدل گوشي شک دارند و بنده مدت يک هفته هست که اين گوشي را از همين سايت پر طرفدار و کاملا مشتري مدار تهيه کردم و خيلي راضي هستم و وظيفه خود مي دانم يه چند موردي که به نظر شخصي من مزيت و عيب هست را ذکر ميکنم و اميدوارم که به درد دوستاني که هنوز موفق به خريد اين گوشي نشدند بخورد.,1,Positive
اما اين بار با چالشي بزرگ تر براي انتخاب بين اين دو ( آيپاد تاچ - آيفون ) مواجهيم !,-1,Negative
اما با وجود استفاده مایکروسافت از پنل Touch و LCD در یک لایه،  دید در زاویه و همچنین عملکرد این صفحه نمایش در زیر نور آفتاب،  بسیار عالی و راضی کننده خواهد بود.,2,Positive
تعطيله ..,-1,Negative
این صفحه نمایش قادر است 16 میلیون رنگ را تولید نماید و  همانند لومیا 920 مجهز به تکنولوژی ClearBlack می‌باشد که  باعث می‌گردد متون در آن بسیار خوانا تر باشند و عملکرد آن زیر نور آفتاب بسیار خوب باشد.,2,Positive
کاور پشتی گوشی دارای طرح برجسته‌ای می‌باشد و در هنگام لمس کردن احساس خوبی به شما می‌دهد.,1,Positive
و نبايد هيچ انتظاري از ان داشت.,-1,Negative
اما معايبش که کمم نيستن اول کيفيت صداشه که بايد بگم خيلي بده و اين گوشي تقريبا فايل هاي صوتي رو به صورت مونو پخش ميکنه.,-2,Negative
با وجود قابلیت پشتیبانی صفحه نمایش این تبلت از دستورات چند لمسی نیز،  برای انجام چندین لمس همزمان با تاخیری مواجه نخواهید شد.,1,Positive
اين حافظه متعلق به شرکت سامسونگ مي‌باشد و قادر به تامين اطلاعات مورد نياز پردازنده‌ي گرافيکي با حداقل تاخير است.,1,Positive
تایپ کردن با کیبرد این تبلت در حالت عمودی با دو دست بسیار راحت است ولی در حالت افقی نیاز به کمی تمرین دارید تا به آن عادت کنید.,1,Positive
پرينتر خوبي است و کيفيت خوبي دارد و عالي چاپ ميکند اگر پرينتري کارا و عالي مي خواهيد شک  نکنيد  من از ديجي کالا خريدم ,2,Positive
این دوربین توانایی ضبط ویدیویی بسیار با کیفیت Full HD با سرعت 30 فریم بر ثانیه و  HD با سرعت 60 فریم بر ثانیه را دارد.,2,Positive
بازي هاي HD رو موقع بازي گير ميکنه.,-1,Negative
قاب پشتی آن نیز که از جنس پلاستیک بسیار با کیفیت می‌باشد،  با وجود بافت ریز موجود بر روی آن،  بسیار زیبا و مطمئن است،  طوری که احساس امنیت بسیار خوبی را به کاربر در حین کار با آن منتقل می‌نماید.,2,Positive
سرعت چاپ یکی از مهم‌ترین ویژگی‌ها در این دستگاه‌ها است.,1,Positive
فقط مقداری خطای رنگی بنفش در مناطق پر کنتراست و گوشه‌های تصویر مشاهده می‌شود.,-1,Negative
از نظر حافظه‌ی RAM و هارد دیسک نیز،  ASUS X در تنوع خیلی خوبی موجود می‌باشد.,2,Positive
بهترين نسخه آندرويد .,2,Positive
"به خصوص اینکه مجهز به مودهای عکاسی حرفه ای تر P,A,S,M هم می‌باشد.",1,Positive
صفحه نمايش خوبي هم داره.,1,Positive
"من اين دوربين رو يه هفته اي هست که از سايت ديجي کالا خريدم و ضمن رضايت کامل از ديجي کالا و نحوه دريافت کالا،  اندر مزاياي اين دوربين بگم که:

کيفيت عکسبرداريش خيلي خوبه و خودم به شخصه انتظار چنين کيفيت بالايي رو با توجه به قيمتش نداشتم.",2,Positive
گوشي خوبي هستش ولي‌ ۲ نکته داره.,1,Positive
اما در هنگام زوم کامل با f/6.3 چندان لنز سریعی نمی‌باشد.,-1,Negative
این برای پرینت تک رنگ گرافیک ها کاملا مفید می‌باشد.,2,Positive
GPS کاری می‌کند که به همراه هر عکسی که می‌گیرید،  اطلاعات مکانی عکس همانند عرض و طول جغرافیایی و نام آن محل به همراه عکس ثبت شود و در ضمن بعدا برای آپلود آن‌ها بر روی مکان‌های خاصی مثل Google Earth و Google Maps راحت‌تر خواهید بود.,1,Positive
تصاویر گرفته شده با این وب کم از کیفیت رضایت بخشی برخوردارند.,1,Positive
رم قابل‌قبول و ديگر امکاناتش .,1,Positive
البته این دوربین امکانات متنوع و خوبی را در اختیار کاربر قرار می‌دهد.,1,Positive
البته پیشنهاد می‌کنیم که برای این کار،  از هدفون استفاده نمایید،  چرا که کیفیت بلند گو ها چندان رضایت‌بخش نیستند.,-1,Negative
چون خاص‌تره.,1,Positive
اين يعني صرفه جويي اساسي در هزينه !,2,Positive
"پردازنده چهار هسته اي قدرتمند و سخت افزار بسيار خوب

در تبلتي ارزون..",2,Positive
آيفون 5 من داشتم عالي بود بنظر من  بهترين گوشي هست,2,Positive
خوبي اپل اينه که تکه و هيچ چي مثل اون نيست,1,Positive
قابلیت هایی مانند USB Host،  گواهی PlayStation و همچنین قابلیت های مالتی مدیای خاص آن،  این تبلت را به یکی از بهترین تبلت های هانی کامبی موجود در بازار تبدیل کرده است.,2,Positive
سرعت عکاسی پیاپی هم با 6 فریم بر ثانیه تا 40 عکس JPEG و 10 عکس RAW خیلی عالیست و بیشتر از دوربین های DSLR سطح مبتدی است.,2,Positive
دوربين فلاش اتوماتيک نداره حتي آپديت 4 هم نداشت.,-1,Negative
این پردازشگر به قدری قدرتمند است که هیچ‌گونه کاهش سرعتی حتی هنگام اجرای بازی‌های سه بعدی و یا انجام محاسبات سنگین،  مشاهده نخواهید کرد.,1,Positive
من اين هاردو نخريدم اما دوستم داره و خيلي ازش راضي هستيم.,2,Positive
عکس ها و آهنگ هاتون رو استريم کنيد روي تلويزيون بدون نياز به اينکه فايل هاتون رو بريزيد روي فلش مستقيم از روي سيستم تون ميخونه البته يکم افت کيفيت داره ولي به نظرم عاليه اين امکان چون واقعا سخته آدم بخواد فلش رو خالي و پر کنه3.,1,Positive
"من تازه اين دوربين رو از ديجي کالا خريدم

با تشکر از سايت خوب ديجي کالا بايد بگم اين دوربين خيلي نسبت به مبلغ خريدش با ارزش است و کيفيت عکس خيلي خوبي داره",2,Positive
مسلما همکاری سامسونگ با کمپانی معتبر Wacom در زمینه ساخت قلم باعث گردیده که قلم‌های ساخت سامسونگ عملکرد فوق‌العاده خوبی داشته باشند که در مورد این قلم نیز این‌چنین است.,2,Positive
عملکرد عالي کينکت بدون نياز به وسيله اي که خيلي عالي حرکات شما رو شناسايي ميکنه.,2,Positive
این برنامه به لیست کاملی از اکولایزرهای مختلف مجهز شده است.,1,Positive
اپل با وجود سيستم عامل عالي اش هميشه خوب بوده نه عالي ،  پردازنده جديدش بحث برانگيزه ،  اما اپل در اين مدل جديد نو آوري چنداني نداشته و به وضوح سير نزولي اين شرکت پس از مدلهاي 4 اس و  5 را ميشه ديد و مي توان اين نزول را از نبود استيو جابز افسانه اي دانست .,-1,Negative
"من تو پيشنهاد قبلي اين هارد رو خريدم، 

حرف نداره،  عــالـيـــه، 

هر شب پيشنهاد ويژه رو چک ميکنم",2,Positive
اين آيتم يعني جي پي آر اس در شرايطي وجود داره که تبلت سيمکارت بخوره و تبلت GSPAD X7 قابليت نصب سيم کارت رو نداره.,-1,Negative
دوربين 1.2 مگاپيکسلي جلو که اگه رايتل داشته باشي بازم مجبوري با کيفيت پايين تر استفادش کني.,-1,Negative
يکي ديگه از ايراداشم جاي دست (اثر انگشت روي بدنش ميمونه!,-1,Negative
اگر قصد خريد هارد اکسترنال داريد وسترن ديجيتال و در مرحله بعد سيگيت بهترين گزينه هستند,2,Positive
ولي درکل اين دوربين از همه جهت عالي هستش,2,Positive
حساسیت لمسی خود نمایشگر هم کاملاً عالیست.,2,Positive
در قسمت پشتی دوربین نمایشگر 3 اینچی 460000 پیکسلی قرار گرفته که کیفیت خیلی خوبی را ارائه می کند.,2,Positive
ولي سري G که گرفتم اصلا تا حالا داغ نکرده..,1,Positive
معايب:ـ کيفيت دوربين آن،  اگر چه نسبت به اکثر دوربينهاي 5 مگا پيکسلي،  بهتر است اما در کل به نظر چندان رضايت بخش نمي آيد و داراي کيفيت متوسط است.,-1,Negative
جواب این سوال مثبت است.,1,Positive
من مدت هاست4sدارم،  واقعا اينکه ميگن مشتريان اپل بهش وفادارند راسته، من ديگه هرکاري ميکنم نميتونم از آيفونم جدا بشم، قدرت، کيفيت ساخت بدنه، صفحه نمايش بي نظير، سيستم عامل بي رقيب، هيجان اپليکيشنهاي فوق العاده و.,2,Positive
خاصيت ضد ضربه بودن آن باعث دريافت شوک و خنثي کردن آثار ناشي از آن است.,1,Positive
مدت زمان اسکن رنگی با وضوح 900DPI حدود 12 ثانیه مدت زمان اسکن ساده و سفید  با وضوح 900DPI حدود 10 ثانیه مدت زمان اسکن رنگی با وضوح 600DPI حدود 8 ثانیه مدت زمان اسکن ساده و سفید  با وضوح 600DPI حدود 6 ثانیه مدت زمان اسکن رنگی با وضوح 300DPI حدود 3 ثانیه مدت زمان اسکن ساده و سفید  با وضوح 300DPI حدود 2 ثانیه این اسکنر با توجه به اطلاعاتی که بیان شد می توان برای کارهای معمولی و حتی تا حدودی حرفه ای مناسب باشد.,1,Positive
این بار نیز این کمپانی طراحی و تولید تبلت خود را به شرکت Asus سپرد که خود در حال حاضر یکی از بزرگ‌ترین و پر طرفدارترین کمپانی‌های تولیدکننده تبلت و لپ تاپ است.,1,Positive
يه مسئله ديگه اي هم که منو در مورد اين دستگاه آزار ميده همون رزولوشن پائين نمايش اونه که واقعا قابل حس هست .,-1,Negative
در حد گوشي هاي سامسونگ با قيمت بالاتر، قابليت داره.,1,Positive
از دیگر تفاوت های این دوربین با مدل پیشین می توان به توانایی پشتیبانی P7700 از فیلترهای پیچی 40.5 میلی متری،  توانایی عکاسی 1080p Full HD نسبت به 720p HD،  توانایی کنترل فلاش های وایرلس اکسترنال و سازگاری با یونیت های جی پی اس GP-1 اشاره کرد.,1,Positive
متون در فونت های معمولی و استاندارد 10 تا 12 کاملا شارپ و با رنگ مشکی عمیق هستند.,2,Positive
"مزايا

پردازنده ي دوهسته اي 1.5 گيگاهرتزي

دوربين 12 مگاپيکسلي

شارژدهي بلند مدت

16گيگابايت حافظه ي داخلي

طراحي زيبا و بدنه ي با کيفيت

صفحه نمايش بزرگ

بازي هاي سه بعدي

وزن کم

معايب

بهتر بود اندرويد4 مي بود

نسخه ي بولوتوث 2.1

فرمت موسيقي کم است



",1,Positive
با در نظر گرفتن تجهیزات سخت افزاری قدرتمندی که درون بدنه جای گرفته،  بدنه‌ی باریک Galaxy S II در نوع خود یک شاهکار مهندسی محسوب می‌شد.,1,Positive
من در يک جمع بندي کلي اينو مي تونم بهتون بگم که با توجه به پولي که بابت خريد اين گوشي پرداخت مي کنيد اصلا پشيمون نخواهيد شد و کلا گوشي با ارزشيه.,1,Positive
تقريبا 2 سال هست که از اين اسکنر استفاده ميکنم و کاملا  از آن راضيم,2,Positive
باريکه.,1,Positive
"معايب از نظر من:

کيفيت پايين تصوير+کيفيت ساخت نا مناسب+رابط کاربري نا مناسب",-1,Negative
در ضمن،  با وجود پشتیبانی این تبلت از سیم کارت،  می‌توانید با آن مکالمه و ارسال SMS را نیز انجام دهید که مزیت بسیار بزرگیست.,1,Positive
کیفیت نمایشگر خیلی خوب است و به دلیل لمسی بودن،  باعث شده که بیشتر دکمه‌های فیزیکی از روی بدنه‌ی دوربین حذف شوند.,2,Positive
clear zoom باعث مي شود که در زوم120X عکس کاملاً واضح گرفته شود يعني دوربين به طورخودکار 6 عکس ميگيرد و از ترکيب آنها يک عکس کاملاً واضح ارايه مي دهد.,1,Positive
همچنین با بهره گیری از فناوری Wi-Fi امکان اتصال به اینترنت با سرعت بالا بر روی این تبلت وجود دارد.,1,Positive
عالي ,2,Positive
همان طور که گفتیم بر خلاف SuperAMOLED های موجود بر روی گوشی‌های سطح بالای سامسونگ،  این صفحه نمایش پنل LCD دارد که البته با این حال در زوایای مختلف عملکرد خوبی را از خود به جای می‌گذارد.,1,Positive
صفحه نمايش کم نظير ( از نوت 10 بهتره )4.,1,Positive
(چون يون مرورگرهاش چنگي به دل نميزنن و تعريفي ندارن و همينطور بازي ها رو با کيفيت خوبي نشون نميده!,-1,Negative
در مدل‌های پیشین هم به این مسئله اعتراض داشتیم ولی ظاهرا که پاناسونیک اقدامی برای حل آن نکرده است.,-1,Negative
"من اين دوربينو چند روز پيش از دي جي کالا سفارش دادم اولش چون مبلغ کمي بابتش پرداخت کرده بودم اميد زيادي بهش نداشتم اما بعد از چند روز تست کردن نظرم کاملا عوض شد مخصوصا وقتي باهاش يه عکس از ماه گرفتم خيلي بهتر از اوني که فکر ميکردم بود البته با اين قيمت 

",1,Positive
اما تنها ايرادي که به اين تبلت وارد است مربوط به گوگل مي شود که به بهانه دلايل امنيتي طوري سيستم عامل اين تبلت را طراحي کرده است که در کشور ما با گذاشتن سيم کارت به منظور استفاده از 3g واي فاي قطع مي شود و تا زماني که باز يابي کارخانه نکنيد واي فاي آن وصل نمي شود.,-1,Negative
این پرینتر مناسب استفاده های اداری و شرکتی می‌باشد و به راحتی می‌توان آن را در شبکه به اشتراک گذاشت.,1,Positive
از مزاياي آن هم مي توان به فتوکپي مستقيم با دکمه ي تعبيه شده در جلوي بدنه ان اشاره کرد که من انتظار آن را نداشتم ,1,Positive
در نهایت دیجی کالا GOPro HD Hero را بهترین دوربین ورزشی تجاری ارزیابی میکند و آن را به کلیه علاقه مندان و ورزشکاران پیشنهاد می کند.,2,Positive
در خريد اين تبلت اندکي شک نکنيد .,1,Positive
امکانات سخت‌افزاري و نرم‌افزاري عالي.,2,Positive
• کیبورد و تاچ پدبه لطف بدنه عریض لپ‌تاپ،  Acer یک کیبورد بزرگ به همراه بخش عددی جداگانه را بر روی سری E1-531 قرار داده است.,1,Positive
"عاليه اما اگر دوربينش بالاتر بود بهتر مي شد

",1,Positive
در اکتبر 2007 به طور انبوه عرضه شد.,1,Positive
تو این وضعيت نابسماني بازار من اين لپ تاپ رو انتخاب کردم و از خريدم راضي هستم.,1,Positive
طراحي بسيار جالبي داره ،  داراي سرعت انتقال عالي ،  نرم افزارهاي کارامد و پشتيباني از يو اس بي 3 هست و اين امکانات در کنار گارانتي سازگار مي تونه تضمين کننده کيفيت اين هارد باشه ..,2,Positive
به صرفه ميشه ,1,Positive
با این وجود اگر خیلی کیفیت دوربین گوشی برای شما اهمیت ندارد،  Xperia ray یکی از بهترین،  زیباترین و با کیفیت‌ترین گوشی‌های رده متوسط موجود در بازار است.,1,Positive
کافی است که آن را به سوی سوژه نشانه بروید و دکمه‌ی شاتر را بفشارید تا به صورت خودکار همه‌ی تنظیمات بر روی بهترین حالت قرار گیرد و با کیفیت ترین عکس گرفته شود.,1,Positive
طراحی فوق‌العاده با روکش فلزی،  امکانات امنیتی بسیار بالا و پورت‌های فراوان،  مدل 15.6 اینچی HP 4540s را به یک لپ‌تاپ ایده آل برای مدیران،  مهندسین و در مجموع کاربران اداری تبدیل کرده است.,2,Positive
البته این بدان معنا نیست که با دیدن این گوشی شگفت زده می‌شوید،  ولی به هر حال نمی‌توان زیبایی این مدل در عین سادگی آن را کتمان نمود.,1,Positive
دليلي که اين گوشي با پردازنده دو هسته ايش در تست ها بهتر از SIII و one X عمل کرده يکي سيستم عامل IOS هست که خيلي با اين گوشي خوانايي داره و فقط براي چند دستگاه عرضه ميشه و يکي ديگه هم اين که رزولوشنش نسبت به گوشي هاي روز بازار مثل SIII و xperia sl و one x پايين تره که به پردازنده اجازه رندر کردن با سرعت بالاتر رو ميده.,1,Positive
این ویژگی Voice to Speech در جاهای دیگر گوشی مثل جستجو در گوگل یا در مرورگر برای نوشتن آدرس‌های اینترنتی هم کاربرد دارد.,1,Positive
خيلي خفيفه.,1,Positive
با رد تماس امکان ارسال SMS اتوماتيک وجود ندارد.,-1,Negative
چهارما:بزرگ شدن سنسور سيموس هيچ چيز برتري را در کيفيت تصوير به جز کمي تاثير در عمق ميدان به جا نگذاشته که انچنان محسوس نيست و ان چه شما در تصور خود ناشي از تبليقات داريد نيست.,-1,Negative
بزرگنمایی 16 برابر نیز کاملا برای ثبت سوژه‌های دوردست مناسب می‌باشد.,1,Positive
امکان باز کردن چندین تب و پشتیبانی از فناوری‌های Flash و HTML5 و قابلیت استفاده از حرکات مالتی تاچ،  مرور وب را بر روی صفحه 4 اینچی این دستگاه به تجربه ای لذت بخش بدل خواهد کرد.,1,Positive
حيف که سيم کارت نميخوره,-1,Negative
• ورودی‌ها و خروجی‌ها از لحاظ تعداد و نوع پورت‌ها،  سری G580 بسیار کامل است.,2,Positive
واقعاً شاهکاره،  امکان فوکوس مشابه دوربين هاي عکاسي SLR ،  سنسور CMOS بزرگ،  رزولوشن بسيار بالا و ضبط تا 60 فريم بر ثانيه،  حجم و وزن کم يعني يک دوربين تقريبا حرفه اي در دست همه.,2,Positive
ال سي ديش کاملا مشکييه و اين باعث ميشه که جلويه گوشي کاملا يکدست بنظر برسه و زيبايي خاصي به گوشي ميده آپديت 2.3.3 اين گوشي چند روز پيش اومد و من آپديتش کردم و گرفتن تصاوير سه بعدي و پانورما بهش اضافه شد و همچنين ميتونين هنگام فيلمبرداري زوم کنيد(تو ورژن قبلي همچين امکاني وجود نداشت)سوني اريکسون داره ورژن 4 اندرويد يا همون ساندويچ يستني  رو هم واسه اين گوشي بيرون ميده که ديگه عالي ميشه در کل چند چيز منو قانع کرد که اين گوشي رو بخرم : ظاهر شيکش ،  قيمت خوبش ،  دوربين 8 ش ،  و جديديش (2011)با تشکر،  حسن ابراهيمي,1,Positive
این دوربین فیلم برداری با باتری لیتیوم-یونی قابل تعویض همراه شده است.,1,Positive
بر روی این صفحه کلید یک کلید جدید Voice input وجود دارد که به محض فشردن آن می‌توانید صحبت کنید تا گوشی صحبت‌های شما را به صورت نوشته درآورد.,1,Positive
يکي از بهترين هاي سامسونگه,2,Positive
هرچند که ممکن است هزینه‌ی نگهداری و کارتریج آن کمی بیشتر از رقبا باشد.,-1,Negative
هميشه وقتي صحبت از تلفن همراه ميشد يکه تازه اين عرصه اپل بود.,1,Positive
((اصلا در موردش شک نکنيد))از گوشي هاي گلکسي يانگ - ايکس 10 و حتي سوني ايکس پريا يو خيلي برتره.,1,Positive
فقط مواظب باشين از بازار علادين تهران نخريد، براتون خيلي گرونتر درمياد.,-1,Negative
دوسيم کارته عاليه.,2,Positive
با استفاده از Wi-Fi به راحتی و بدون اینکه نیاز باشد دوربین را با کابل به کامپیوتر یا لپ تاپ وصل کنید،  می‌توانید عکس‌ها و فیلم‌ها را به صورت بی‌سیم منتقل کنید.,1,Positive
و  فوق العاده از آن راضيم .,2,Positive
همچنین تغییر جهت نمایشگر به حالت عمودی و افقی در یک چشم به هم زدن انجام می‌گیرد.,1,Positive
نخست اینکه رزولوشن آن فوق العاده زیاد است و به خوبی می‌تواند تفکیک جزئیاتی بسیار عالی را از خود به نمایش بگذارد.,2,Positive
اصولا همه ی پارامترها از جمله نوردهی،  فوکوس،  تراز سفیدی و غیره به صورت خودکار انجام می شود.,1,Positive
اما با وجود امکانات مختلف ارتباطی بر روی این تبلت مانند4G،  Wi-Fi،  3G و GPRS،  به راحتی و با حداکثر سرعت می‌توان به مرورگری اینترنت پرداخت.,1,Positive
البته نبود فلاش واسه دوربينش ضعفه.,-1,Negative
نکته بسیار مفید این برنامه قابلیت به روز رسانی آن با تقویم فیسبوکتان است که خیلی از مواردی که خودتان هم یادتان نباشد را به شما یاد آوری می‌کند.,1,Positive
در تست‌های انجام شده،  عملکرد این تبلت از نظر سرعت اجرای مرورگر و باز کردن صفحات وب،  کاملا مشابه آیپد جدید و در واقع جزو برترین‌ها قرار گرفت.,1,Positive
به نظر من بهترين گوشيه فقط يه عيب داره اونم بلوتوثشه,1,Positive
همين امروز خيلي ناجور از دستم افتاد،  ولي مثل روز اول کار مي کنه!,1,Positive
متاسفانه يکي از برند هاي معروف جهان که نوکيا بود در حال سقوط است.,-1,Negative
پردازنده‌ی Core i7 که قدرتمندترین آن‌هاست،  پردازنده ای ذاتا چهار هسته ای با توان تولید چهار هسته‌ی مجازی و کارکرد با مجموع هشت هسته است (تکنولوژی Hyper-Threading) که عملکردی کم نظیر را ارایه می‌دهد.,2,Positive
رنگ بندی و جنس بدنه‌ی مدل‌های مختلف کمی متفاوت بوده ولی در کل حتی ارزان‌ترین مدل نیز از کیفیت بسیار بالایی برخوردار است.,1,Positive
در مورد بدنه هم اصلا جاي اثر انگشت روش نميمونه فقط خش پذيريش زياده!,1,Positive
در کل ۳۶۰ کنسول بسيار خوبي براي بازي کردن و فيلم ديدن (نه از روي بلوري) با کيفيت HD است و با دستگاه جديد همراه ۳۶۰ (Kinect) که در E3 امسال معرفي شدند و کابرد هاي بسياري را در اختيار مي گذارد انتخاب خوبي براي خريد است.,2,Positive
اما به هيچ وجه مخاطب رو متحير نميکنه و زود تکراري ميشه.,-1,Negative
اين گوشي در کنسول XBOX 360 به کانکتوري که در زير دسته‌ي بازي قرار دارد،  وصل مي‌شود و اين مساله امکان استفاده‌ي سريع از اين وسيله را فراهم مي‌کند.,1,Positive
"من الان 1 هفتست اين گوشي رو خريدم

خوب شايد نوت 2 بهتر باشه اما بايد تفاوت قيمت رو هم در نظر بگيريم

کلا گوشي خيلي خوبيه با اينکه بزرگه اما بر خلاف نظر دوستان صحبت کردن باهاش راحته، کيفيت صداي مکالمش عاليه، دوربينش خوبه، کيفيت ال سيديش هم خوبه

اما عيب‌هاش اينه:

عدم وجود شکاف براي قرار گيري قلم، پشتيباني ضعيف ال جي، باطري ضعيف

اما کلا گوشي خوبيه فوق‌العاده روان و سريع هستش و تمام بازي هارو بدون لگ بالا مياره، البته طراحي زيباشو نبايد ناديده گرفت

من که ازش راضيم",1,Positive
هيچ تلوزيوني مثل پلاسما نميشه.,1,Positive
فاقد زوم اپتيکال در حين فيلم برداري مي باشد  که در مواقع فيلم برداري از فواصل دور کيفيت تصوير بشدت پايين مي آيد همچنين جنس بدنه فاقد کيفيت لازم مي باشد به طوري که با مشاهده دوربين در بعضي نقاط بدنه کامل به هم جفت نشده  همچنين در موقع زوم در عکاسي خيلي با سر و صدا همراه است به طوري که احساس خشکي قطعات و نامرغوب بودن آن به چشم مي آيد  ضمنا تصوير نمايشگر فاقد کيفيت لازم و شفافيت مطلوب مي باشد و نمايشگر لمسي فقط در بعضي مواقع کاربرد دارد و کامل نيست,-1,Negative
با هزاران برنامه موجود و مجاني خيلي از نيازهاتون براورده ميشه.,1,Positive
"ولي متأسفانه امروز موقع مشاهده تصويري 

ناگهان تصوير خاموش شد ولي صدا ماند.",-1,Negative
به نظر من حتي به galaxy s2 هم نميرسه!,-1,Negative
البته تراکم پیکسلی 189ppi آن در مقایسه با تبلت های برتر دنیا مقداری پایین‌تر است و جزو بهترین‌ها نیست.,-1,Negative
این میزان تراکم پیکسلی بر روی تبلت های 10.1 اینچی مقدار استانداردی است و برای انجام کارهای مختلف،  بسیار مناسب است.,1,Positive
در مورد طراحيش بايد بگم که خيلي عالي و قشنگه.,2,Positive
تو اين 2 هفته که داشتم ازش راضي هستم.,1,Positive
ظاهر آن با آن پیچ‌های کاملا واضح در گوشه‌ها کاملا صنعتی می‌باشد و پنل جلویی و پشتی از فلز برس شده ساخته شده است.,-1,Negative
تبلت GS-Pad مدل GSP-X7 با صفحه نمایش 7 اینچ و رزولوشن 480 × 800 پیکسل،  دارای تصویری شفاف و واقعی می‌باشد.,1,Positive
اميدوارم زودتر وارد عرصه رقابت بشه من ميخواستم tipo dual از شرکت سوني رو خريداري کنم حالا صبر مي کنم اين شاهکار رو دستم بگيرم,1,Positive
به مشکل آقاي يزداني فرجام برخوردم يعني يک خط نازک مشکي وسط نمايشگر افتاده ، زنگ زدم هماهنگ گفتند بفرستيد،  کالاتون بيمه است عوض ميکنيم ولي اين پروسه يکماه طول ميکشه .,-1,Negative
این دوربین توانایی عکاسی پیاپی با سرعت 10 فریم بر ثانیه را نیز دارد که باز هم فوق العاده است.,2,Positive
نهایتا دوربین دوم یا جلویی آن نیز ارتقا یافته و دارای سنسور 1.2 مگاپیکسلی گشته است که می‌تواند با کیفیت HD فیلم برداری نماید.,1,Positive
همين که اسم اپل روي اين گوشي هست خودش خيليه.,1,Positive
این صفحه کلید بسیار باریک که بصورت جداگانه به آن متصل می‌گردد،  یکی دیگر از جذابیت‌های آن محسوب می‌گردد.,1,Positive
ابعاد این گوشی خیلی جمع و جور است که این نیز بر سادگی حمل و نقل آن می‌افزاید.,1,Positive
من که خيلي ازش راضي بودم,2,Positive
10- رابط ال جي با اينکه روي ICS سوار شده، خيلي خوب کار ميکنه و کاملاً روونه.,2,Positive
ولي اگر از سايت هاي ديگه قيمت گرفته باشيد، به اين واقعيت ميرسيد که اگر بخوايد يه تبلت که همه جوره بتونه نيازهاتون رو برطرف کنه و قيمت خوبي هم داشته باشه فقط و فقط همين ميتونه باشه.,1,Positive
که از پس همه کاري بر مي آيد !,1,Positive
من تازه اين هاردو خريدم واقعا پرسرعته و حرف نداره.,2,Positive
البته اين موضوع رو بگم که تمام بازي ها رو راحت بالا آورد و بدون لگ و هنگ اجرا کرد.,1,Positive
"سلام 

من الان 1سال هست xbox360 خريداري کردم کاملا از اون راضي هستم 

يکي از برتريهاي اين کنسول نسبت به ps3 اين هست که کپي خور شده قيمت بازيهاي اين کنسول نهايت 4000 تومان هست ولي بازيهاي ps3 رو شما بايد 70000 تومان بخريد يعني 6 تا بازي ps3 مساوي ميشه با يک کنسول xbox360",1,Positive
این دوربین ایده آل برای ورزشهای از قبیل پرواز، دوچرخه سواری،  اسکی و اسکیت،  سنگ نوردی،  کوه نوردی،  غار نوردی،  بانجی جامپینگ،  قایق رانی و دیگر ورزشهای از این دست می باشد. 2- مدل HD MotorSports HERO که مناسب برای علاقه مندان اتومبیل رانی،  موتور سواری،  دوچرخه سواری،  کارتینگ و جت اسکی می باشد.,1,Positive
عکسش تعريفي نيست.,-1,Negative
3- ارتقاء فلاش LED دوربين (LED Flash) به فلاش LED هوشمند (Smart LED Flash) با قابليت تنظيم نور تا 5 سطح مختلف با استفاده از فاصله دوربين تا سوژه.4- صفحه نمايش از نوع Super LCD 2 (که امتحانش رو در One X پس داد) و سايز 4.3 اينچ؛ که هم نوع صفحه نمايش يک ورژن بهتر شده و هم سايزش 0.3 اينچ افزايش داشته.,1,Positive
يک ويژگي خوبي که اين تبلت داره اينه که داراي صداي فوق العاده بالا با کيفيت استريو هست،  که اين ويژگيش واقعا براي من جالب و خوشآيند بود،  چون من ساعات زيادي رو آهنگ گوش ميدم.,2,Positive
در حالی که FT1 توانایی تحمل فشار آب،  فقط تا عمق 3 متری را داشت،  FT3 می‌تواند فشار آب تا عمق 12 متری را تحمل آورد،  تا حتی اگر یک غواص و یا علاقه‌مند به عکاسی زیر آب هستید،  بدون هیچ مشکلی بتوانید صحنه های بسیار زیبای بستر نزدیک به ساحل یک خلیج را عکاسی کنید.,2,Positive
همانطور که گفتیم،  W630 دوربینی کاملا کوچک،  سبک،  جیبی و خوش ساخت است که از امکاناتی بسیار خوب را ارائه می‌دهد.,2,Positive
در آخر بايد بگم Samsung Galexy S II يک گوشي ماندگار و قدرتمند هست و يکي از بهترين گوشي‌هاي اندرويد حال حاضر موجود در بازار.,2,Positive
البته Sony Cyber-Shot DSC-HX10V موقعيت ياب و GPS هم داره که زياد کاربردي نيست .,-1,Negative
کيفيت بدنش متوسط رو به خوب.,1,Positive
واقعا نسبت به قيمتش خيلي ارزش خريد داره.,1,Positive
پیش روی شما دریایی از انواع بازی هایی قرار خواهد داشت که در بین آن‌ها بازی‌های 3D و کاملاً مهیج و گرافیکی هم وجود دارد.,1,Positive
این دوربین ایده آل برای ورزشهای از قبیل پرواز،  دوچرخه سواری،  اسکی و اسکیت،  سنگ نوردی،  کوه نوردی،  غار نوردی،  بانجی جامپینگ،  قایق رانی و دیگر ورزشهای از این دست می باشد.2- مدل HD MotorSports HERO که مناسب برای علاقه مندان اتومبیل رانی،  موتور سواری،  دوچرخه سواری،  کارتینگ و جت اسکی می باشد.,1,Positive
واقعا از نظر ارسال سريع و کيفيت عالي بسته بندي بايد از ديجي کالا تشکر ويژه کرد.,2,Positive
در مورد الباقي قابليتهاي ان نظير دوربين و فيلمبرداري و اين حرفها هم همين بس که بگويم تا به امروز امکان نداشته دوستي فيلمها و عکسهاي من را ديده باشد و برايش باورکردني باشد چنين کيفيتي.,1,Positive
از نظر cpu نيز فرق خاصي نکرده که داراي cpu دو هسته اي 1.2 GHz است  و اين که رم ان تا64 ساپورت مي کنه که S2 تا 32 ساپورت ميکنه و پيشرفت ديگر اين که S2  plus  داراي NFCنيز است.,1,Positive
يک دوربين عالي براي خانواده ها که هيچ کمبودي در اون احساس نميشه عکس خوب، فيلم خوب، باطري خوب، فلاش خوب، امکانات خوب و ..,2,Positive
اما نه به طور کامل!,-1,Negative
اغراق رنگ نسبت به مدل پيشين به طرز کاملا مشخصي کاهش پيدا کرده است.,1,Positive
در مجموع می‌توان گفت که با توجه به قیمت دستگاه،  G580 از کیفیت ساخت بسیار رضایت بخشی برخوردار است.,2,Positive
لولایی که نمایشگر را نگه می‌دارد کاملا مستحکم است و دکمه‌ها نیز بازخورد خیلی خوبی دارند.,2,Positive
خيلي دوربين خوبيه کيفيت عکساش عاليه .,2,Positive
"من اين هارد رو سه روز پيش سفارش دادم امروز رسيد دستم سرعتش عاليه, نرم افزاري که روي خودش هست خيلي به کار مياد اگر به دنبال يه هارد همه چي تموم ميگردين اين عاليه شک نکنين.",2,Positive
در آخر از خواننده عزيز کمال تشکر رو دارم و همچنين از ديجي کالا به خاطر محيطي که ايجاد کرده.,1,Positive
اما بعد از اینکه مدتی با آن کار می‌کنید، می‌بینید که آن طور هم که قبلا به نظر می‌آمد نیست و حس خوبی با آن خواهید داشت.,1,Positive
بسيار زيبا بايد از نزديک ببينيد زيبايشو.,2,Positive
اپل در واقع يک سر و گردن از شرکت هاي مقابل خود بالاتر است.,1,Positive
مایکروسافت طراحی ویندوز فون 8 را به بهترین نحو انجام داده است.,1,Positive
از مزيت‌هاي اين درايو نسبت به دو مدل ديگر مي‌توان به صداي نسبتا کمتر و کيفيت بهتر ساخت اشاره کرد؛ اما دو مدل قبلي يعني Samsung / Toshiba و LG / Hitachi در کل کيفيت ساخت يکساني دارند.,1,Positive
• کنترل چند رسانه جهاني ـ اين وسيله در شنيدن موسيقي و پخش DVD کاربرد فراواني دارد.,1,Positive
"سلام به همه دوستان و دوستداران تکنولوژي

اين گوشي از نظر من بهترين محصول سامسونگ هستش",2,Positive
کيفيت بدنه فلزي تبلت خيلي خوب است.,2,Positive
***** آپديت ***** سي و يک شهريور : پردازنده ي آيفون 5 از نوع دوهسته اي ARMv7 1.2 GHz به همراه يک گيگابايت رم هستش که طبق بنچ مارک هاي اوليه،  سريع تر از تمامي گوشي هاي هوشمند فعلي مي باشد.,1,Positive
امکاناتش نسبت به قيمتش فوق العادست!,2,Positive
کيفيت صفحه نمايش در حد باور نکردني و غير عادي بالاست و  از نوعيست که اثر  انگشت روي آن نمي ماند.,2,Positive
چون از يه اسپيکر استفاده ميکنن ولي مقدار کمي صداي SONY S بيشتر از ION هست به اين دليل که Sجلويه اسپيکرش هيچ محافظي نيست ولي ION با رو کش يک تکه درب پشتي از اسپيکر محافظت ميکنه ولي با هندزفري هاي جديد  SONY که رويه ION قرار داده شده لذت موسيقي براي کسايي که عاشق موسيقي با بيس بالا  هستن رو 100% تضمين ميکنه  چهار  دکمه لمسي پايين که متخصصين سوني با کلي زحمت با ساختار شناور ساختند که فوق العادست.,1,Positive
من اول ميخواستم ايسوس ترانسفر بگيرم اما با پيشنهاد دوستان اين مدلو گرفتم خيليم راضيم ازش.,2,Positive
فیلم برداری دوربین Asha 302  با کیفیت QVGA و سرعت 15 فریم بر ثانیه صورت می‌پذیرد که چندان قابل تعریف نیست.,-1,Negative
یکی دیگر از قابلیت های کلیدی این مدل سرعت تصویر برداری 60 فریم بر ثانیه آن است،  به این معنا که می توان فیلمهای ورزشی و مهیج را به صورت کاملا نرم و آهسته و با سرعت 2/1 پخش کرد.,1,Positive
تنها ايرادش دوربين ضعيفش هست که با اينکه 8 مگاپيکسله و سنسور exmor داره اما کيفيت عکسش درحد همون کا750 بيشتر نيست!,-1,Negative
حرکت تصاویر با قابلیت 960Hz Clear Motion Rate بسیار نرم‌تر خواهد بود تا صحنه‌های پر تحرک و هیجانی را با نهایت وضوح تماشا کنید.,2,Positive
این دوربین با ظاهری نامتعارف،  اما کاملا حرفه ای،  شما را به دنیای ورزش و ماجراجویی دعوت می کند.,1,Positive
اما اگه به اين محصول تنها از ديد تحسين نگاه کنيم مسير را به اشتباه رفته ايم،  چرا که معمولا آنچنان که از سابقه اپل به خاطر داريم اين شرکت نقاط ضعف محصولات خودش رو در سايه تبليغات پر زرق و برقش پنهان مي کنه.,-1,Negative
) مشکل گرفتن که آخر هم هارد رو بهم ندادن و گفتن زنگ مي‌زنن.,-1,Negative
صفحه نمایش موجود بر روی MediaPad 10 یک صفحه نمایش 10.1 اینچی از نوع IPS می‌باشد که قابلیت نمایش 16 میلیون رنگ را داراست و در کمال شگفتی،  رزولوشن 1200×1920 را ارائه می‌نماید که تا به این تاریخ در بین تبلت های اندرویدی بی رقیب است.,1,Positive
به کمک این فن‌آوری، کیفیت به FullHD 1080p با سرعت 72 فریم بر ثانیه افزایش پیدا می‌کند و شفافیت رنگ‌ها نیز بیشتر می‌شود.,1,Positive
نرم افزار سیستم عامل موجود بر روی تبلت جدید فوجیتسو همان طور که گفتیم سیستم عامل محبوب و قدرتمند اندروید می‌باشد.,1,Positive
اين دوربين در مقايسه با دوربين هاي مثل خودش خيلي با کيفيت تر و مناسبتر است.,2,Positive
گوشي ظريفيه موقع خريدش کاور فراموش نشه.,1,Positive
مشخصات سخت افزاريش مناسبه و کاراييش هم عاليه.,2,Positive
از جمله امکانات پرکاربرد می‌توان به موارد ذیل اشاره نمود :قابلیت پشتیبانی 3G و درنتیجه استفاده از اینترنت همراه،  مکالمه تلفنی،  GPS و GPRS حافظه حافظه داخلی 512 کیلوبایت و رم 8 گیگابایت با قابلیت ارتقا تا 32 گیگابایت،  فضای کاربردی بالایی را در اختیار کاربران تبلت GSP-X7 قرار می‌دهد.,1,Positive
موفق باشيد,1,Positive
سلام من قبلا p1000 داشتم از اون خيلي راضي بودم نسبت به زمان توليدش کارايي خوبي داشتاين p3100 چند وقتي هست خريدم اگه از سيم کارت رايتل استفاده بکنيد اينترنتش حرف نداره و همچنين پخش تصويرش خيلي کيفيت بالايي داره مخصوصا کليپ هاي HD سرعت بالايي داره فقط موقعي که ازش استفاده نميکنيد بخاطر مصرف باطري برنامه هاي باز رو ببنديد دوربينش فقط تو شب کارايي نداره ولي تو روز عکسهاي خوبي ميتونيد بگيريد يه مشکله ديگه اي که ميتونيد باهاش پيدا کنيد کيف ضربه گيرشه که امکان داره خوب جفت و جورش نباشه ولي يه مدل که من اين آخري گرفتم فيت تبلت مارکش OZAKI هست.,1,Positive
در ضمن، با وجود راه های ارتباطی متنوع مانند 3G،  Wi-Fi،  GPRS و Edge به راحتی می‌توان با دنیای اینترنت در ارتباط بود.,1,Positive
جزئیات بسیار دقیق هستند،  رنگ‌های تولید شده بسیار طبیعی بوده و نویز عکس‌ها کم است.,2,Positive
فلاش LED این دوربین فوق‌العاده قدرتمند است.,2,Positive
این روشنایی فوق‌العاده به کاربران کمک خواهد کرد که حتی با وجود سطح براق صفحه نمایش،  به راحتی با تبلت خود در فضاهای بیرونی و یا در زیر تابش مستقیم نور آفتاب کار کنند.,2,Positive
واقعاً معرکه هستش.,2,Positive
بسته بندي خيلي عالي از ديجي کالا شده بود.,2,Positive
تنها سايت مطمئن و مردمي فقط **دي جي کالا**,1,Positive
چرا که این ایده کاملا به سود مصرف کننده است که با خرید یک دستگاه،  صاحب دو دستگاه می‌شود و ایسوس با تولید این گوشی ثابت نمود که فقط به دنبال منافع اقتصادی نبوده است.,1,Positive
"سلام 

من بعد از چند روزي جستجوي جدي براي پيدا کردن يه لپ تاپ 2 هفته قبل به صورت اينترنتي اين لپ تاپ رو  خريدم واقعا عالي پيشنهاد من به شما هم خريدن اين لپ تاپ.",2,Positive
در کل پرينتر خوبيه!,1,Positive
سرعت شاتر این دوربین نیز نسبتا خوب است.,1,Positive
4- قاب آن خش پذير است و لکه اثر دست باقي مي ماند .,-1,Negative
فعلا که ازش راضيم .,1,Positive
به کمک موتور براويا رنگ ها رو طبيعي تر نشون ميده.,1,Positive
اما یکی دیگر از مواردی که برای ما بسیار جذاب بود،  ابعاد و وزن این تبلت است.,1,Positive
GPS داخلی ویژگی بسیار خوبی است که بر روی FT3 وجود دارد.,2,Positive
با رنگ مشکي که در اوج سادگي،  فوق العاده زيباست.,2,Positive
به هر حال من فکر مي کنم کمپاني اپل از تمام کمپاني هاي حال حاظر جهان به شخصيت کاربرانش بيشتر اهميت مي ده.,1,Positive
به علاوه این گرد بودن لبه‌های گوشی باعث می‌شود که در دست راحت‌تر جای گیرد و کار کردن با آن راحت‌تر شود.,1,Positive
این لنز در حالت واید 24 میلی متر به راحتی می‌تواند میدان دیدی کاملا گسترده را پوشش دهد تا در یک عکس بتوانید تصویر یک چشم انداز طبیعی پهناور را ثبت کنید.,1,Positive
عاليه ولي به نظرم يه گوشي بزرگ هست تا يه تبلت,1,Positive
که بسيار قوي و هر نرم‌افزاري قادر اجراست.,2,Positive
داشتن gps يکي از عواملي بود که باعث شد از بين مدل مشابه canon اين دوربينو بخرم ولي بايد بگم که در بيشتر مناطق سيگنال نميده که علتشو نميدونم در صورتي که gps معمولي درست تو همون نقطه مختصات ميده در کل نسبت به هزينه اي که واسش کردم راضي نيستم کيفيتش در حد دوربين کامپکته نه ي دوربين اولترازوم با اون همه تعريفو تمجيد .,-1,Negative
بزرگترین مزیت دوربین‌های سوپرزوم این چنینی،  قابلیت‌های فراوانی است که به شما در عکاسی از چشم اندازهای گسترده تا مناظر بسیار دوردست می‌دهند.,1,Positive
دقت زوم مناسب است و ميتوان به نرمي زوم کرد.,1,Positive
بسيار عاليه ،  اين مشکلاتي که دوستان گفتن خيلي کم پيش مياد و در صورت وقوع نهايتا با 10.000 تومان هزينه و عوض کردن قطعه (مگنت يا درام) مثل روز اولش مي شه.,2,Positive
اپل هر سال يک گوشي و تبلت ميده بازار ولي هر سال بهتر از سال ديگه,1,Positive
صفحه نمايش Super AMOLED Plus فوق‌العاده با‌کيفيت..,2,Positive
و همچنین با کابل USB و اتصال به کامپیوتر آن را شارژ نمایید.,1,Positive
من که واقعا پشيمون شدم.,-1,Negative
"نمایشگر 3 اینچی هم رزولوشن 460,000 پیکسل را ارایه می‌دهد که رزولوشن بسیار بالا و خوبیست.",2,Positive
در کل مرسي ديجي کالا,1,Positive
"واقعا هارد خوبيه توي جيب عقب هم ميشه بذاريش و خيلي هم سبکه 

ايني که من خريدم ساخت مالزيه ولي جنس روش اونقدرا که فکر ميکردم براق نيست",1,Positive
عاليه.,2,Positive
قدرت بلندگوی این گوشی بسیار زیاد است به همین حتی در فضاهای شلوغ به راحتی می‌توانید صدای زنگ خوردن گوشی خود را بشنوید.,1,Positive
بهترين گوشي حال حاضر دنياست.,2,Positive
قيمت عاليه .,2,Positive
"سلام به همه دوستان

من 2 ماه اس2 دارم واقعاً حرف نداره

سري G به نظر من خيلي خيلي بهتره.",1,Positive
صفحه نمايشش فوق‌العادست.,2,Positive
من اين گوشي رو به عنوان پيشنهاد شگفت انگيز ديجي کالا قبول کردم و به نظرم واقعا شگفت انگيز هست.,2,Positive
کاملاً ازش راضي هستم .,2,Positive
واقعا ممنونم ازت ديجي کالا ،  دوستان ديجي کالا يک e bay  در سطح مليه که رو دستش نيومده و نخواهد آمد.,2,Positive
سلام، اول از هم درپاسخ به رضاي عزيز بايد بگم غير از محصولات اپل بعضي از محصولات ديگه هم از نانو سيم استفاده ميکنند که مشکل نيست و حل ميشه، اما آيفون..,1,Positive
از لحاظ ارگونومي و شکل ظاهري بسيار شکيل و زيباست .,2,Positive
اندازش خيلي کوچيک و شيکه به راحتي تو جيب جا ميشه.,1,Positive
"فقط يه خورده نميتونه فيلماي اچ دي رو پخش کنه

5.صداش عاليه هم با هندزفري هم بدون هندزفري(داخل جعبه اش هندزفري نداره)

و.",1,Positive
عالي.,2,Positive
تقریبا همه ی این عملکرد خوب در فیلم برداری شرایط ضعیف محقق شده است.,1,Positive
جلو و پشت این تبلت کاملا صاف طراحی شده و لبه های منحنی آن باعث می‌گردد که نگهداری آن در دست بسیار راحت‌تر صورت پذیرد و اطمینان خوبی را به کاربر بابت لیز خوردن از دست خواهد داد.,2,Positive
لازم به ذکر است که صفحه کلید 4540s در برابر نفوذ مایعات مقاوم است.,1,Positive
"سلام 

من الان  دارم با اين گوشي متن رو مي‌نويسم 

امروز دستم رسيد رنگ مشکي از ديجي کالا خريدم

فوق العادست 

صفحه نمايش عالي اندازه بزرگو باريک و عالي 

تاج منو هاش با نيم ساعت کار کردن ياد ميگيري و مشکلي نداره.",2,Positive
کلا دستگاه خيلي ضعيفيه از نظر تکنولوژي و سخت افزاري و زياد خرج داره.,-2,Negative
فقط يه عيبي ديدم تو اين گوشي.,-1,Negative
هنگامی که حالت Super IPS+ صفحه نمایش فعال شود،  روشنایی آن به طرز چشمگیری افزایش می‌یابد بطوریکه به مراتب صفحه نمایش روشن‌تری از تبلت های Transformer Prime و یا Samsung Galaxy Tab 2 و حتی iPad 3 مشاهده خواهید کرد.,1,Positive
تنها عيبي که داره،  بهتر بود صفحه کليدش نور پس زمينه ميداشت.,-1,Negative
تعداد زیادی از پیغام‌ها و هشدارها به صورت بسیار کامل و جامع در این صفحه نمایش داده می‌شوند که کاربر می‌تواند نوع پیغام‌های نشان داده شده در این صفحه را بنا به نیاز و سلیقه‌ی خود،  از منوی تنظیمات دستگاه تغییر دهد.,2,Positive
اونا يکم تو کيفيت بهترن.,1,Positive
من که خيلي خوشم اومد..,2,Positive
این مدل نیز همانند مدل سال گذشته تنها 344 گرم وزن دارد که آن را به یکی از سبکترین تبلت های موجود در بازار تبدیل کرده است.,1,Positive
نسبت به انتظار طرفداران اپل،  پيشرفت قابل توجهي نسبت به 4s  نداشت.,-1,Negative
در نهایت،  با پشتیبانی این نسخه از Nexus 7 از سیم کارت،  امکان اتصال به اینترنت از طریق 3G نیز امکان پذیر خواهد بود.,1,Positive
عمل Pinch too Zoom که با دو انگشت صورت می‌گیرد،  کاملاً بدون خطاست.,1,Positive
این دوربین در ضمن نمایشگر بسیار با کیفیت تری نیز دارد.,2,Positive
طراحی زیبا،  ابعاد مناسب،  وزن کم،  جدیدترین نسخه سیستم عامل اندروید و پردازنده قدرتمند این تبلت را به انتخابی شایسته برای طرفداران تبلت های اندرویدی تبدیل می‌کند.,2,Positive
بعدشم همه ميدونن که htc تو دوربين و صدا کم نمي ذاره يکي از نمونه هاش هم همين گوشي که بهترين دوربين جلو رو در بين گوشيها داره که با کيفيت Full HD فيلمبرداري ميکنه،  در مورد صدا هم که اسم Beats Audio همه چيز رو ميگه.,1,Positive
این نوع نمایشگرهای چرخنده خیلی کارآمدتر از مدل هایی هستند که فقط به بالا و پایین چرخش می نمایند.,2,Positive
"گرافيکش يکم از قبلي بهتره - سرعتش يک ثانيه بهتره -دوربينش هيچ فرقي با 4s نداره و دوربين جلوش واقعا HD هست- صفحه نمايش با حالي داره - خوش دست تر از مدل قبليه-سبک تره (وقتي بيوفته آسيب اون چناني نميبينه)                

 

معايب :  خيلي روش خط ميوفته.",1,Positive
من اين لپ تاپ رو خريدم و ازش هم راضيم.,1,Positive
یکی از بهبودهای انجام گرفته در این دوربین نسبت به مدل پیشین، در سنسور تصویر دیده می شود.,1,Positive
لب تابهاي کلاس پروبوک  اچ پي واقعا زيباست مخصوصا 4530s البته نسبت به قيمتي که دارن.,2,Positive
- البته کاملا بي نقص کار مي کنه حتي تاچش.,1,Positive
سلام دوستان من اين تبلتو امروز خريدم فعلا نظري ندارم فقط از ديجي کالا ممنونم چون خيلي سريع يعني 1 روزه رسوندش اراک,1,Positive
اما ارزش اين در مقابل قيمتش واقعا بالاتره.,2,Positive
کيفيت تصاويرش خيلي خوبه.,2,Positive
بر اساس اعلام کمپانی اپل،  Siri به حدی هوشمند شده که می‌تواند بر اساس محلی که شما در آن قرار دارید،  مکان‌های تفریحی نیز به شما پیشنهاد دهد!,1,Positive
و با قيمت پايين‌تر از سري نوت به نظر من بهتر از اوناست.,1,Positive
به لطف پردازنده قدرتمند دو هسته ای و یک گیگابایت حافظه RAM،  پخش فایل های ویدئویی Full HD 1080p برای GALAXY Tab 2 هیچ مشکلی نیست.,1,Positive
سبکه و فوق العاده اس,2,Positive
کیفیت دید از زاویه هم بهترین است.,2,Positive
چنین نسبتی به معنی ثبت روشن تر تصاویر در شرایط نوری تاریک می باشد تا باز هم بر کیفیت فیلم های گرفته شده افزوده شود.,1,Positive
و صفحه ي لمسش عکس و العمل پاييني داره به طوري که گوشي قبليم (nokia c7) در سرعت صفحه لمسش هيچ تاخيري نداشت.,-1,Negative
به نظر من که معرکه هستش هيچ جاي حرفي باقي نذاشته,1,Positive
"حسگر CMOS  کيفيت خيلي بهتري داره و از نظر باطري خيلي کم مصرف تر هست 

به نظر من که کيفيت عکس و فيلمش فوق العاده هست .",2,Positive
کيفيت صفحه نمايشش هم خوبه البته اونقدر که توي تبليغاتش مينويسن خوب نيست.,1,Positive
مشخصات کلی کمپانی کانن که شهرت خود را بیشتر بابت دوربین‌هایش دارد،  در زمینه تولید دستگاه های اداری نیز فعال بوده و جزو برترین کمپانی‌ها در این زمینه می‌باشد.,1,Positive
محیط کاربری دوربین Xperia ray دقیقا مشابه مدل Xperia arc است و به قابلیت‌ها و امکانات نسبتا زیادی مجهز است.,1,Positive
پرينتر خوبيه,1,Positive
سرعت عکس برداری و فیلم برداری هم فوق‌العاده است.,2,Positive
اما ویندوز Pro تمامی برنامه‌هایی که تا به حال برای ویندوز نوشته شده است را پشتیبانی و اجرا می‌نماید،  چرا که بر مبنای پردازنده های 32 و 64 بیتی ( Intel و AMD ) ساخته شده است.,1,Positive
براي خريدش شک نکنيد.,1,Positive
"راستش با چيزايي که شنيده بودم داشتم منصرف ميشدم از خريدنش

اما حالا که خريدم واقعا بيش از اندازه راضي هستم

دوستاني که ميگن کيفيت خوبي نداره بايد بگم که بهتره اين انتقاد رو از هدفونش کنيد !",1,Positive
"به نظر من در ايران اصلا به قيمتش نمي‌ارزه

با هزينه اي که براي اين صرف ميشه،  ميشه 3 تا گوشي قدرتمند تر و بهتر از آي فون 5 خريد 

",-1,Negative
وقتی دوربین را با یک دست نگه داشته‌اید،  انگشت شست دست راست شما به راحتی می‌تواند به بیشتر کنترل‌های مهم دسترسی پیدا کند.,1,Positive
واقعا از کارم راضي هستم نميگم htc sensation  بده ولي galaxy SII از نظر سرعت، دوربين، کيفيت تصوير و باريکي اين گوشي واقعاً سره.,1,Positive
TF700 تنها 599 گرم وزن دارد که آن را به یکی از سبک‌ترین تبلت های 10.1 اینچی تا به امروز تبدیل کرده است.,1,Positive
موضوعی که از نظر بسیاری یکی از نقاط ضعف جدی این مدل به شمار می‌رود.,-1,Negative
رنگ‌های تولید شده بسیار زنده و طبیعی بوده و نویز تصاویر نیز کم است.,2,Positive
"بنظرم با توجه به امکانات و داشتن لنز سري G و برند معتبرش واقعا"" ارزش خريدو داره .",1,Positive
قيمت عالي براي اين سطح امکانات لذت اسمارت فون رو درک ميکنيد,2,Positive
عدم حضور این دو،  نه تنها باعث باریک‌تر شدن لپ‌تاپ شده است،  بلکه به اپل کمک کرده که باتری بزرگ‌تر و قوی‌تری را در دستگاه جای دهد.,1,Positive
اين گوشي رو يک هفته پيش خريدم صفحه نمايشش هيچ مشکلي نداره در ضمن همگي امکانات نوت 2 رو داره و به نظر من غول گوشي هاي دو سيم کارته واقعا فوق العاده هستش البته همه جا حافظه داخلي اين گوشي رو 8 گيگ زده ولي در دسترس کاربر 4 گيگ بيشتر نيست و هنوز نتونستم براش يه کيف مناسب پيدا کنم ولي در کل گوشي فوق العاده اي هستش بي نظيره            ,2,Positive
از لحاظ سخت افزاري از اکسپريا اس و گالاسي اس 2 ضعيفتره.,-1,Negative
از نظر پورت‌ها و اتصالات،  N43SM در سطحی متوسط است و تنها پورت خیلی عالی و غیر منتظره‌ای که بر روی آن می‌بینیم پورت USB 3.0 است.,1,Positive
خيلي بده که آدم خودش رو به اختيار محدود کنه .,-1,Negative
در نهايت بايد بگم ديجي کالا کارش درسته و ميدونه چي معرفي کنه,1,Positive
رنگ‌های تولید شده و روشنایی صفحه نمایش دستگاه بسیار بالاست و در مجموع می‌توان گفت که کیفیت صفحه نمایش iPod Touch بسیار بهتر از رقبای اصلی مانند Samsung Galaxy Player 5.0 است.,2,Positive
بدین ترتیب که با توانایی زوم 24 برابر این لنز در رده ی پایین تر سوپرزوم ها قرار می گیرد.,-1,Negative
با وجود این مشخصات،  تمامی دستورات در MediaPad 10 به سرعت و بسیار روان اجرا می‌گردند.,2,Positive
من هم حدود 5ماه هست که دارم براي کاربرد خانگي عالي هست,2,Positive
خيلي حيفه,-1,Negative
من الان  چند روز اين گوشي رو خريدم از ديجي کالا واقعا به نسبت قيمت و مشخصات مي ارزيد گوشي خوب و خوش دستيه من قبل از اين مدل دو سيم 6102 يانگ رو داشتم که الان از ايني که تازه گرفتم راضيم و به دوستان پيشنهادش ميکنم ، مرسي از ديجي کالا به خاطر سرعت ارسال کالا.,1,Positive
اين دستگاه براي استفاده در فروشگاهها و موئسسات خصوصي و ادارات گزينه مناسبي بنظر ميرسد .,1,Positive
گوشه های Miro نسبتا تیز ساخته شده‌اند و سعی شده که طراحی آن خیلی مستطیلی شکل باشد.,-1,Negative
کمینه‌ی فاصله‌ی فوکوس این لنز در مود ماکرو 5 سانتی متر است که عالیست.,2,Positive
قيمت مناسب، اندازه ي کوچک، طراحي شيک و جمع و جور، کيفيت ساخت خوب,2,Positive
ولی در عین حال با آن خیلی راحت تر می‌توان به سرعت های شاتر بالاتر دسترسی پیدا کرد.,1,Positive
ولي خوشبختانه هارد سالمه ولي با اين کلک از گارانتي خارج ميکنن پس مواظب باشيد هنگام خريد هاردو باز کنيد حتي اگر توي پکشون باشه.,1,Positive
خوبي اپل اينه که تکه و هيچ چي مثل اون نيست,1,Positive
با توجه به مشکلات notofications ويندوز8 و تخليه باتري و مشکل calendar اندرويد جديد،  iOS 6 بهترين سيستم عامل است.,1,Positive
تو اين چند مدتي که دارمش فقط باتريش اذيتم کرده که شايد به خاطر عکس و فيلم‌هاي عاليه که باهاش ميگيرم و واقعاً ميشه گفت که با امکاناتي که اپراتورها تو ايران ارائه ميدن چيزي کم نداره.,1,Positive
ولي فيلمبرداريش براي يک آماتور خيلي عاليه .,2,Positive
در کانفیگ‌ها‌ی مختلف آن،  سخت افزارهای قدرتمندی قرار گرفته است تا بدین ترتیب با یک نوت‌بوک کاملاً سریع و کارآمد مواجه باشید.,2,Positive
همچنین رنگ‌ها بسیار زنده و طبیعی هستند و به سختی می‌توان پیکسل‌های تصویر را از یکدیگر تشخیص داد.,2,Positive
اين تبلت آخرين نسخه سيستم عامل اندرويد رو داره و بسياري از کاستي هاي نسخه هاي قبلي اين نسخه مرتفع شده.,1,Positive
احساس ضعيف شوک برق روي بدنه رو هم منم تاييد مي کنم.,-1,Negative
فایل‌ها و برنامه‌های خود را به اشتراک گذاشته، ذخیره ساخته و از آن‌ها لذت ببرید – راحت‌تر از همیشه به یمن وجود قابلیت‌های ارتباطی هوشمند می‌توانید تجربه مشاهده لذت‌بخش‌تر و هوشمندانه‌تری داشته باشید.,1,Positive
بر روی قاب پشتی گوشی هم دوربین به همراه فلاش LED محصور در یک قسمت فلزی به همراه بلندگو و یک لوگوی LG به چشم می‌خورند که منظره خوبی را برای قاب پشتی گوشی به وجود آورده‌اند.,1,Positive
مرورگر موجود بر روی این دستگاه،  مرورگر استاندارد سامسونگ است که عملکرد مناسبی دارد.,1,Positive
سيستم فوکوس اتوماتيک سوني واقعا از ديگر دوربين ها بهتر است و حتي سوني آن را نسبت به مدل هاي قبلي بهتر کرده است.,1,Positive
خوبه.,1,Positive
شک نکنيد.,1,Positive
"من به شخصه از اين کنسول راضي هستم بسيار عالي هستش ظاهر بسيار زيبايي داره از ps3 که در اين مورد سره در مورد گرافيک هم بايد بگم قبول دارم ps3 بهتره ولي شما به هزينه هاي ايکس باکس نگاه کنيد چقدر به صرفه تره ولي اصلا تفاوت زيادي با هم ندارن اگر واقعا ميخوايد اين کنسول روبگيريد بهترين انتخاب رو داشتيد شک نکنيد عاليه من که راضي هستم

باز هم ممنون ديجي کالا",2,Positive
حدود دو هفته بعد از خريد بود که متوجه شدم دستگاه در خواندن بازي هاي کپي مشکل داره و بعضي را اصلا نميخونه و برخي هم در حين بازي هنگ ميکنه.,-1,Negative
همه این کارها در Galaxy Note 8  به لطف قلم تعبیه شده بسیار راحت‌تر و لذت بخش تر از گذشته مقدور می‌باشند.,2,Positive
بعلاوه این دوربین مجهز به لرزش گیر تصویر هم می باشد که تکان های ناشی از حرکات تند را تا حد ممکن کاهش دهد.,1,Positive
بسته بندي زيبايي داشت و يکعدد فلش مموري با آرم کمپاني با روکش فلزي هم بعنوان اشانتيون تو بسته بود .,1,Positive
"سلام

من هشت ماه است که خريدم ، واقعا بهترين گوشي تو کلاس قيمت خودش هست

",2,Positive
البته متاسفانه این عمل در همه‌ی برنامه‌ها صورت نمی‌گیرد و فقط در تعدادی از برنامه‌ها مانند مرورگر اینترنت،  تماس‌ها،  دفترچه تلفن و یا ایمیل صورت می‌پذیرد.,-1,Negative
رنگ‌های زنده‌تر برای تصاویری بهتر قابلیت بهبود دهنده گسترده رنگ ها - Wide Color Enhancer Plus سامسونگ با بهره گیری از یک الگوریتم پیشرفته ارتقای کیفیت تصویر، می‌تواند کیفیت هر تصویری را بهتر ساخته و جزییات پنهان را آشکار سازد.,1,Positive
بهترين تجربه رو با ايفون5داشته باشين.,1,Positive
عاليه.,2,Positive
بدین ترتیب که میزان فشاری که شما با قلم بر روی صفحه نمایش ایجاد می‌نمایید کاملا توسط دستگاه درک می‌شود و در موارد مختلف مزیت‌های بسیاری را برایتان ایجاد می‌نماید.,1,Positive
البته پيشنهادم به همه دوستان اينکه حتماً گوشي رو با سيم کارت رايتل تست کنن تا لذت واقعيه کارکردن با اين گوشي رو بچشن.,1,Positive
این حافظه‌ی RAM،  جزو بالاترین  مقادیری است که تا کنون بر روی یک گوشی هوشمند قرار گرفته و پردازشگر گرافیکی هم توان تولید قدرت فراوانی دارد.,1,Positive
اگه پول دستم بياد حتما ميخرمش .,1,Positive
این دوربین فیلم برداری به راحتی تقریبا در هر مکانی نصب شود تا لحظات پر هیجان ورزشی از زاویه ی دید ورزشکار ثبت شوند.,1,Positive
با این دو دکمه و نمایشگر LCD کوچکی که جلوی دوربین قرار دارد می توانید میان آپشن های مختلف و منوی دوربین حرکت کنید.,1,Positive
بي صداست.,1,Positive
در ضمن ميتونين به عنوان هارد ديسک اينترنال هم ازش استفاده کنين!,1,Positive
يکي از مشکلاتي که من رو پس از خريد اين دستگاه خيلي آزار داد مربوط بود به کپي خور کردن اين دستگاه.,-1,Negative
یا اینکه بین مودهای لرزش گیری Standard Steady Shot یا Active Mode انتخاب کنید که تا 10 برابر بدون هیچ گونه عارضه‌ی جانبی مؤثر تر است.,1,Positive
ممنون digikala,1,Positive
در ضمن از لحاظ لمس هم بسيار عالي عمل ميکنه و اصلا قابل مقايسه با C7 دوستم نيست.,2,Positive
با این میزان حافظه می‌توان تعداد مناسبی فایل نظیر عکس،  موسیقی و ویدیو را بر روی این گوشی ذخیره کرد.,1,Positive
"سلام

گوشي خوب و مناسبي است اما هندزفري نداره.",1,Positive
"خدا کنه حداقل با گارانتي اين ضعف ايسوس پوشش داده بشه وگرنه با اينکه تبلتي بسيار بسيار فوق العاده است توصيه ميکنم براي خريدنش عجله نکنيد از همين سايت نحوه پوشش گارانتي رو اطلاع ميدم

",-1,Negative
شاید تنها نقطه ضعف صفحه نمایش را بتوان زاویه‌ی دید عمودی محدود آن دانست به طوری که اگر کمی از بالا یا پایین به صفحه نگاه کنید،  افت چشمگیری در کیفیت تصویر مشاهده خواهید کرد.,-2,Negative
مصطفي فولادي: اپل هميشه پر قدرت ظاهر شده و بسيار شور رو هيجان در دل طرفدارانش بر مي انگيزد و بسيار خوب است که يک کمپاني يکه تاز در دنيا باشد.,2,Positive
"من اين دوربين  خريدم 

کيفيت تصوير واقعا عاليه لرزشگير دست اش هم در حالت حرکت هم عکس هاي خوبي مي گيره

با يک بار شارژ کامل 463 تا عکس با بالاترين کيفيت مي گيره  البته  فيلم برداريش هم مانند ديگر دوربين هاي کامپکت صداي زوم رو ضبط مي کنه 

با رم 2 گيگ 281 عکس ميگيره

",1,Positive
اين گوشي با توجه به سخن متخصصين سايت ديجي کالا و همچنين کاربراي عزيزي که اين گوشي رو در اختيار دارند و از عملکرد اون آگاهند به واقع يک اَبَر گوشي در بين گوشي هاي هوشمنده و يکي از محبوبترين گوشي‌هاي همراه در دنيا.,2,Positive
قابلیتی منحصر به فرد در هرچه مهیج تر کردن فیلمهای ورزشی.,1,Positive
اما باید بگوییم که این دستگاه در مورد انجام وظایف خود بعنوان تبلت و لپ تاپ،  تقریبا در هیچ کدام کامل نیست و از هر یک شاید نیمی را با موفقیت پشت سر می‌گذارد.,-1,Negative
دوام باتري تا 300 دقيقه به صورت آماده به کار افزايش پيدا کرده است.,1,Positive
با وجود پردازنده دو هسته اي که داره قيمتش مناسبه فقط بايد امتحانشا تو ايران پس بده  چون گوشي جديده,1,Positive
دوربين بي کيفيت.,-2,Negative
به راحتي مي تونيد با تعويض يک درام مشکل کم رنگي دستگاه رو حل کنيد.,1,Positive
،  واي فاي ،  آي او اس 6 ،  و ديگر برابري هايي که واقعا اين دستگاه رو به يک جايگزين خوب براي تمام گوشي هاي هوشمند غير آيفوني بدل مي کنه.,1,Positive
صداش به نسبت  لبتاب هاي رديف خودش بالاست .,1,Positive
سوني هم مارک خوبيه بنظرم خودم سوني دارم و ازش راضيم از نظر زيبايي هم منحصر به فرده .,1,Positive
• جمع بندی به هر صورت همان‌طور که گفتیم،  ASUS X سری نوت‌بوکی در رده‌ی کاربری عام،  با مشتری‌های متنوع با نیازهای متفاوت و قیمت مناسب است.,1,Positive
فوق العاده بود.,2,Positive
XR550 در ميان رقبا جايگاه مناسبي دارد اگرچه ويديو ها ميتوانست کمي شفاف تر و رابط کاربري بهتر باشد .,1,Positive
همراه بانکهاي نصب شده به طور پيش فرض از سيم 1 براي ارسال و دريافت داخلي استفاده ميکنند که اگر سيم 1 ثبت بانک نباشه کاري از پيش نميره.,-1,Negative
دوربينش در مقابل نوکيا c6 حرفي براي گفتن نداره.,-1,Negative
و اپل هميشه برترين کيفيت رو داشته.,1,Positive
اگه در مورد Update شدنه گوشي به Android 4.1 شک دارين اصلا نگران نباشين چون Update  هاي ايسوز مرتب و سر وقته.,1,Positive
من به دوستاني که دنبال يه تبلت خوب با مشخصات فوق العاده ميگردن Nexus 7 رو پيشنهاد ميکنم چون هم ارزون تر و با صرفه تره هم خوش دست و زيبا تر ,2,Positive
خوشدسته!,1,Positive
نمایشگر بسیار با کیفیت می‌باشد و کادر بندی و تماشای عکس‌ها از طریق آن بسیار لذت بخش است.,2,Positive
به نظر خيلي کارا مي آيد نميشه ازش گذشت ،  من سفارش مي دهم بعد از يک هفته مي آيم نظرم را مي گم,2,Positive
اما با همه این اوصاف،  بجز وجود برنامه های محدود برای نسخه RT از سیستم عامل ویندوز،  نمی‌توان ایراد عمده دیگری به این دستگاه وارد نمود و پیش بینی ما این است که تبلت Surface Pro با وجود پشتیبانی ویندوز 8 پرو از تمامی برنامه های ویندوز های پیشین،  توفیق زیادی را عاید مایکروسافت نماید.,1,Positive
گوشي واقعاً خوش‌دست و سريعيه.,2,Positive
پلاستیک ماتی که ما Xbox 360 را با آن می شناختیم؛ اکنون دیگر وجود ندارد و به جای آن پلاستیکی با جلای بالا و براق را مشاهده می کنیم که یک پیشرفت خیلی مهم از لحاظ ظاهری و زیبایی برای Xbox 360 Slim را باعث شده.,1,Positive
دمای صفحه کلید و قسمت استراحت مچ همواره پایین‌تر از قسمت‌های دیگر بدنه است.,1,Positive
ولی مسئله بیشتر کیفیت نمایشگر است که کیفیت خیلی خوبی نیست.,-1,Negative
•	دارای ورودی پرسرعت USB یکی از امکانات منحصر به فرد گیرنده‌های دیجیتال امکان پخش آن‌ها می‌باشد که شما می‌توانید با اتصال فلش و هارد اکسترنال تا حجم 500 گیگابایت به گوش دادن موسیقی،  نمایش عکس و همچنین پخش فایل‌های فیلم با فرمت‌های گوناگون و با کیفیت فول اچ دی بپردازید.,1,Positive
به هر صورت همانطور که گفتیم،  دوربین ورزشی GoPro HD Hero یک وسیله ی ایده آل برای ثبت لحظات پر هیجان و خاطره انگیز ورزشکاران است.,1,Positive
یک ویژگی بسیار خوب دیگر در مورد این دوربین،  شارژدهی باتری آن می‌باشد که از مدل پیشین بیشتر است.,2,Positive
باتری باتری موجود بر روی این گوشی یک باتری لیتیوم یونی 2100 میلی آمپر-ساعتی است که برای یک گوشی در این سطح باتری نسبتا مناسبی است.,1,Positive
اما لازمه که بگم اين لپ تاپ کاري نيست که نتونه براتون انجام بده !,1,Positive
"HX200v مجهز به نمایشگر 3 اینچی 921,000 پیکسلی نیز می‌باشد که کیفیتی بسیار بالا را ارائه می‌دهد و یکی از با کیفیت‌ترین نمایشگرهای موجود بر روی دوربین‌های دیجیتال می‌باشد.",2,Positive
در همان قسمت پشتی، نمایشگر بزرگ و با کیفیت لمسی این دوربین قرار گرفته است.,1,Positive
اصلی‌ترین تغییر ایجاد شده در سیستم عامل ویندوز فون 8 نسبت به نسخه های پیشین،  منوی Start است که قابلیت‌های شخصی سازی جدیدی به آن اضافه شده است.,1,Positive
حالا در کنار مشخصات بينظيرش همچون :* پردازنده خوب* نمايشگر خوب* پشتيباني واقعي* باتري خوب* طراحي عالي* وزن معقول* سايز 7 اينچي ( به نظرم بهترين سايز براي تبلت)* قيمت فوق العاده ( البته تو ايران ميشه سرسام آور )به نوعي ميشه گفت کلکسيون امکانات اين تبلت کامل شد ،  گرچه اگه امکان استفاده از MicroSD  و دوربين پشت دستگاه فراهم ميشد ديگه جاي هيچ بحثي نبود اما تا همين جا هم واقعاً عالي شد .,2,Positive
من چند روزه خريدمش قبلا پلير سوني داشتم اون کيفيتش خوب بود اما اين کيفيت صداش محشره کسايي که به جزئيات آهنگ اهميت ميدن من اين پليرو پيشنهاد ميکنم  فقط تنها عيبي که ميشه گرفت ازش اينه که صفحه نمايش نداره که فکر ميکنم عادت ميکنيد به کار باهاش البته يه دکمه داره که با فشار اون دونه دونه پوشه ها رو اسم ميبره ميتونيد پوشه مورد علاقتونو اين جوري انتخاب کنيد.,1,Positive
من که فروختم و الان sx260 کنن خريدم فوق العادست همه چيزش.,2,Positive
اما براي کساني که موبايل را براي گوش کردن آهنگ مي خواهند نمي تواند انتخاب خوبي باشد.,-1,Negative
برای عکاسی در شرایط نوری ضعیف هم،  گستره‌ی حساسیت سنسور آن از 100 تا 12800 است که کاملاً حرفه‌ای و عالیست.,2,Positive
آندرويد 4.0.4 ريختم روش که نه داغ ميکنه نه هنگ و نه شارژش تا 1و نيم روز تموم ميشه.,1,Positive
همون طور که ميدونيد اين تبلت از پردازنده بسيار قدرتمند NVIDIA Tegra 3 با فرکانس 1.6 گيگاهرتز چهار + يک هسته اي استفاده مي‌کنه که نسبت به سخت افزار ايپد بسيار قوي تره اما ايپد جديد بدليل وجود سيستم عاملش به سخت افزار کمتر نياز داره  و بخاطر همين است که اپل ios 6 رو براي 3gs آفون قرار داده وگرنه گالکسي ايس از پردازنده قدرتمند از اون داره ولي به آندرويد 4 آپديت نميشه دليلش بخاطر همين موضوع است و  قريبا نمي شه گفت که ايپد بهتر از  تبلت تي اف 700 باشه.,1,Positive
در ضمن شما ميتونيد فيلمهاي ضبط شدتون با اين دوربين رو به راحتي به يک هارد اکسترنال بدون نياز به کامپيوتر انتقال بدين .,1,Positive
در هنگام شارژ مجددا آن هم جوهر خوب به سختي يافت مي شود.,-1,Negative
"بزودي بازار برميگرده به سمت نوکيا 

اين گوشي هم از هر نظر عاليه 

هم سخت افزار 

نرم افزار 

زيبايي 

منتظرشم بياد، خيلي دوست دارم بخرمش",2,Positive
در اين 2 سال فقط در 2 مورد دستگاه هنگ کرد که با يک خاموش روشن کردن همه چيز به حالت عادي برگشت.,1,Positive
و سي پي يو ي بسيار قوي اي داره !,2,Positive
البته طبق گزارش‌هاي اعلام شده،  قرار بوده پردازنده‌ي فوق با فن‌آوري ۶۵ نانومتري و براي کنسول XBOX 360 طراحي شود که اين عامل باعث کاهش گرماي توليدي اين پردازنده و افزايش کارايي آن مي‌گردد.,1,Positive
به روز رسانی: در تست هایی که انجام دادیم،  کیفیت عکس های گرفته شده توسط A3400 در حد بسیار خوب قرار داشت.,2,Positive
"باز هم طبق روال،  این دوربین دارای همه ی مودهای عکاسی از مود کاملا اتوماتیک خودکار هوشمند گرفته تا مودهای دستی P,A,S,M را دارا می باشد.",1,Positive
تراکم پیکسلی بسیار بالای این صفحه نمایش،  جزئیات را بسیار شارپ و دقیق نشان می‌دهد بطوریکه حتی اگر از نزدیک به صفحه آن نگاه کنید،  هیچ‌گونه شکستگی در متون نخواهید دید.,2,Positive
همچنین شما در حقیقت یک چشمی اپتیکال بزرگ و روشن خواهید داشت که مساحت بیشتری از آن چه واقعا در هنگام عکاسی در فریم ثبت می شود را با آن می توانید ببینید.,1,Positive
سامسونگم از بس مدلهاي شبيه هم ميزنه آدم خسته ميشه !,-1,Negative
البته شارژدهی نسبتاً خوبی می‌باشد.,1,Positive
در حد انقلابي!,1,Positive
هدف از طراحي اين واحد پردازش،  اجراي روان‌تر تصاوير سه‌بعدي در بالاترين کيفيت و بيش‌ترين ميزان فريم است.,1,Positive
اين مشکل چاره اي هم دارد با خريد دايو اکسترنال اپل که آن هم BlueRay را پشتيباني نميکند تا بتوان سيستم عامل Windows را در اين مدل نصب کرد2-سيستم عامل Windows در MacBook ها آن علکردهاي ميانبر خود را ندارد،  از جمله عملگرهايي که نبودشان را احساس خواهيد کرد دگمه Print Screen ،  Menu و Ctrl+Enter در مرورگرها مي باشد.,-1,Negative
در زیر دستگاه،  دو بلندگوی استریو تعبیه شده‌اند که صدای بسیار خوبی را تولید می‌کنند.,2,Positive
بنابراین طراحان،  این دوربین را با یک محافظ پلی کربناتی همراه کرده اند که ضد ضربه و ضد آب می باشد.,1,Positive
يکي ديگر از شاه کار هاي اپل.,2,Positive
این هم ویژگی جالبی است.,1,Positive
این گوشی،  با وجود یک صفحه‌ی نمایش بسیار خوب،  سخت افزار قدرتمند،  سیستم عامل به روز و دوربین با کیفیت،  به خودی خود یک گوشی قابل اطمینان محسوب می‌گردد.,2,Positive
دوميش اينه که دوربينش عملا به هيچ دردي نميخوره.,-1,Negative
اما واقعيت چيز ديگري است؛ در واقع برتري اپل اول از همه در سيستم عامل منحصر به فرد اوست.,1,Positive
من که اين گوشي رو دستم گرفتم  خوشم نيومد.,-1,Negative
این دوربین در ضمن توانایی فیلم برداری HD با سرعت  30 فریم بر ثانیه را هم دارد که برای دوربینی در این سطح قیمت عالیست.,1,Positive
اين لپ تاپ بر طرف ميکنه.,1,Positive
بنابراین علاوه بر کیفیت خود نمایشگر، این فن‌آوری هم باعث می‌شود که تصاویر را با کیفیت بسیار بیشتری ببینید.,2,Positive
سرعت پرینت به نوعی فوق العاده می‌باشد،  به طوری که در تنظیمات استاندارد با رزولوشن 600،  این پرینتر توانایی چاپ 18 صفحه‌ی A4 در دقیقه را دارد.,2,Positive
"شک نکنيد که با اين وضع بهترينه



3 هفته پيش خريدم



اگر دنبال هارد هستيد زمان رو از دست نديد",2,Positive
رزولوشن اپتیکال این اسکنر،  1200X1200dpi و نسبتا کم می‌باشد.,-1,Negative
)صداي توليدي توسط اين گوشي همچون ديگر مدل هاي xperia در حد خوبيست و با روشن کردن xloud بهتر هم مي شود!,1,Positive
رنگ هاي زنده.,1,Positive
فقط ۲ تا نقطه ضعف داره به نظرم!,-1,Negative
با توجه به مشخصات و قيمت Samsung Galaxy S Duos S7562 خيلي بهتره,2,Positive
آنتی‌ویروس پاندا 2013 تنها یک برنامه ضدویروس و ضدبدافزار نیست بلکه حفاظت کامل و همه‌جانبه‌ای را برای اطلاعات و تجهیزات رایانه‌ای شما فراهم می‌آورد.,1,Positive
• جمع بندی اگرچه Nexus 7 از نظر کارایی و مشخصات به خوبی آی پد نسل سوم نیست،  اما با توجه به قیمت اعجاب انگیز آن و امکانات بسیار مناسبی که دارد،  می‌تواند حتی به عنوان یک رقیب برای آی پد شناخته شود.,1,Positive
از امکانات دوربین می‌توان به عکاسی پانوراما،  قابلیت تشخیص چهره و لبخند،  لرزش گیر دست و ثبت موقعیت مکانی و زمانی اشاره نمود.,1,Positive
دقيقا همين قيمت و واقعا ناراحت شدم که ديجي کالا حتي اسمشم نياورده .,-2,Negative
يک موضوعي را هم بايد در نظر داشت که با اين اندازه از سنسور کيفيت 18 مگاپيکسل توجيه ندارد.,-1,Negative
تو کارهاي معمولي و حتي سنگين چيزي از چهار هسته اي ها کم نداره.,1,Positive
واقعا جاي تاسف داره!,-1,Negative
با خريد کينکت اوج لذت رو از بازي هاي Dance Central و Kinect Sports ميشه به خانه اورد.,1,Positive
با سلام و عرض ارادت و تشکر به خاطر ارسال سريع و درست کالا .,1,Positive
جالب ترين و باحال ترين وسيله اي که من تا حالا داشتم .,2,Positive
نقطه تاريک اين گوشي، نداشتن فلاش براي دوربين است.,-1,Negative
"در نهايت بخاطر کيفيت فيلم‌برداري بهتر دوربين سوني ،  نمايشگر بزرگتر و بسيار با کيفيت‌تر اون و اينکه به روزتر و پيشرفته‌تره و امکانات بيشتري داره و همچنين بخاطر شکل ظاهر بهتر دوربين سوني , اين دوربين رو خريدم.",2,Positive
در مود Program اختیار بیشتری برای انجام تنظیمات نور دهی خواهید داشت.,1,Positive
دوست گرامي کيفيت فيلمبرداري سوني XR550 درحد دوربينهاي فيلمبرداري حرفه اي مي باشد.,1,Positive
چهار دکمه ي لمسي پايين يون واکنش خوبي ندارن!,-1,Negative
برنامه دیگری که به iOS 6  اضافه شده برنامه Passbook نام دارد که یک برنامه Organizer بسیار قوی با امکانات بسیار خوب است که تمامی فعالیت‌های شما را می‌تواند ذخیره،  برنامه ریزی و یاد آوری نماید.,2,Positive
گوشي عالي هست و همه امکانات رو تو سايت نوشته فقط چند تا نکته راجب به نظرات دوستان بدم..,2,Positive
"سلام دوستان

من ۱ماه  هست دارمش

بازي اچدي اجرا نميکنه.",-1,Negative
کيفيت تصوير همه بازيها هم تاحالا عالي بوده.,2,Positive
از بين مدل هايي که تا حالا سوني بيرون داده اين بهترينشه و ارزش خريد زيادي داره.,2,Positive
* سطح امنیت تشخیص چهره به اندازه ورود با شناسه و اسم رمز بالا نیست.,-1,Negative
در ضمن،  با توجه به تجربه موفق iPhone 4S ،  عملکرد iPhone 5 نیز در زیر نور آفتاب و در زوایای مختلف هیچ گونه کاهشی ندارد.,1,Positive
"زود هنگ ميکنه

روشنايي کم و رزولوشن پايين و..",-1,Negative
من تا الان هيچ بدي ازش نديدم که براتون بگم واقعا لپ تاپ عاليه توي خريدش اصلا شک نکنيد مطمئن باشيد که هر نيازي داشته باشيد از يه لپ تاب .,2,Positive
همچنین بر روی این تبلت نسخه 4 از تکنولوژی بلوتوث نیز قرار دارد تا به کمک آن بتوان با سرعت بالا با دیگر گجت ها تبادل اطلاعات نمود.,1,Positive
ايراد ديگه که براي اين دوربين گفته شده بود باطري قلميشه و هزينه تعويض باطريشه که با خريد باطري قابل شارژ و دستگاه شارژر اين مشکل هم حل ميشه.,1,Positive
شما با نصب برنامه اسکچ بوک موبايل و يا اسکچ بوک پرو روي اين تبلت ميتونيد يک سخت افزار 583 گرمي سبک و کارآمد رو در امر طراحي با خودتون هميشه همراه داشته باشيد.,1,Positive
این تبلت مجهز به چیپ NFC نیز می‌باشد و می‌تواند از طریق Android Beam با سایر دستگاه های مجهز به این فناوری تبادل اطلاعات داشته باشد.,1,Positive
واقعا کارشون درسته از همه چيزش که بگذريم نکته جالب وزنشه که نسبت به 4s تقريبا 30 گرم کمتر شده مسلما بهترين گوشي بازار هست اونايي هم که قبول ندارن وقتي يه بار آيفون دستشون بگيرن ديگه هيچ برندي نميتونه راضيشون کنه,2,Positive
"گوشي واقعا زيبا و باريک و سبکي هستش و با اينکه صفحه نمايشش "" 3.3 هست ولي بخاطر اينکه کشيده و باريک ساخته شده در ظاهر صفحه نمايشي بزرگتر نشون ميده.",1,Positive
به همین دلیل نگه داشتن آن حتی با یک دست بسیار راحت و لذت بخش است.,2,Positive
این رزولوشن برای چنین دوربین ارزان قیمتی خیلی خوب است.,2,Positive
با وجود این سخت‌افزار قدرتمند و البته نسخه 4 سیستم عامل اندروید، می‌توان گفت که تقریبا همگی برنامه های موجود برای اندروید را می‌توان به راحتی بر روی Optimus VU نصب و اجرا نمود.,1,Positive
صفحه نمايش باکيفيتي هم داره جالب‌تر از اين ها اين که من بازي اسفالت hd 6 رو ريختم و بدون هيچ مشکلي بازي رواجرا کرد حتي خودم هم باورم نشد.,1,Positive
فقط ايسوس با خودش يه داک قدرتمند داره که آزادي عمل بيشتري به شما براي انجام کاراتون مي ده و اپل هم gprs،  edge،  3G و 4G داره که همون طور که تو پست قبلي بهش اشاره کردم اين مشکل با hotspot به راحتي قابل حله.,1,Positive
.همورو به راحتي اجرا مي کنه.,1,Positive
مود خلاقانه تر Program هم وجود دارد.,1,Positive
من يک سالي شده که اين پرينتر خريدم ولي تا به حال هيچ مشکلي باهاش نداشتم.,1,Positive
"اما در مورد باتري با اين که باتري قلمي ميخوره ولي مدت زمان عکس برداري بالايي داره 

و با اين که براي تست از باتري معمولي (آلکا) استفاده کردم مدت خيلي طولاني جواب داد 

و اين مساله نشان گر اين است که اگر به جاي اين باتري ها از باتري شارژي (براي مثال نيکل 2300) استفاده کنيم خيلي طولاني تر هم ميتونيم باهاش عکاسي کنيم 

در مورد دکمه ها : دکمه هاي خيلي رواني داره 

مخصوصا دکمه روشن خاموشش که من در مورد اون نگران بودم 

ولي يک جاي نگراني هم داره و اون هم در مورد دکمه مربوط به زوم هست : چون زوم دستي نداره اگر خيلي از اين دکمه استفاده بشه و اگر قرار باشه کودکي اون رو استفاده کنه ممکنه زود خراب بشه 

",-1,Negative
طراحي دسته هاي بازي ۳۶۰ بسيار خوب است و به دليل بي سيم بودن آنها هنگام بازي خيلي احساس راحتي داريد دکمه ها در دسترس و نرم هستند بدنه ي دسته ها طراحي جالبي دارد که باعث مي شود دسته ها از دستان شما ليز نخورند معايب دسته ها يکي نداشتن باتري داخلي و شارژي است و ديگري سنگيني آنها.,1,Positive
عالي.,2,Positive
رابط کاربری دوربین نیز بسیار ساده و کاربردی است.,2,Positive
مقايسه اين گوشي با neo v هم يک کار کاملا اشتباهه چون اين 2تا گوشي از يک برنده پس مسلما طوري طراحي نميشن که يکي از ديگري سرتر باشه ولي اختلاف قيمتي کمي داشته باشن.,-1,Negative
متاسفانه ما انسانها خيلي زود با تبليغات گول ميخوريم وهنوز کالايي را نخريده در باره ان نظر ميدهيم .,-1,Negative
البته لازم به ذکر است که خواندن متن در این صفحه نمایش مقداری سخت است و پایین بودن تراکم پیکسلی اینجا مقداری به چشم می‌آید.,-1,Negative
"شفافيت تلويزيون هاي plasma عاليه ولي يه کم مصرفش زياده

",1,Positive
مرورگری اینترنت در مرورگر استاندارد ویندوز یعنی  Internet Explorer با وجود پشتیبانی آن از Wi-Fi با سرعتی مبهوت کننده صورت می‌پذیرد.,1,Positive
همچنين در صورت کاهش توان باتري گيم پد بي سيم،  چراغ اطراف پاور به صورت چشمک‌ زن به کاربر هشدار خواهد داد.,1,Positive
ما که همه جوره راضي هستيم.,1,Positive
از نظر قيافه واقعا شاهکاره .,1,Positive
همچنین همانطور که گفتیم، نمایشگر و اسپیکرهای بسیار عالی نیز دارد.,2,Positive
بعلاوه این دوربین مجهز به لرزش گیر تصویر هم می باشد که تکان های ناشی از حرکات تند را تا حد ممکن کاهش دهد.,1,Positive
وارد منوي Messages شدم و با استفاده از قلم خازني شروع به نوشتن پيغام کردم  و بايد بگم اندازه Screen با 5 اينچ 4:3 لذت تايپ کيبرد اندرويد رو افزايش ميده.,1,Positive
به نظر من تنها عيبي که به اين گوشي ميشه گرفت صفحه نمايش کمي کوچيک اون هست که البته براي همه مشکل ساز نيست.,-1,Negative
شايد به اين دليل که دراين مدل برخلاف مدل قبلي xr-520 فلاش اين دوربين در بالاي ان قرار دارد و فلاش آن کوچکتر از xr-520 شده است. 3-منوها در مقايسه با مدل قبلي کمي پيچيده به نظر مي رسد دوستان مطالب بالا فقط براي آگاهي بيان شد و اين اشکالات به نظر شخص ديگري شايد زياد هم به چشم نيايد.,-1,Negative
واقعا HD710 بايد يکي از برترين هاي سال دونست که ميتونه تقريبا همه رقيباشو بزنه کنار.,2,Positive
اين کنترل از نسخه‌ي اوليه‌ي آن که در کنسول XBOX 360 نسخه‌ي Premium وجود داشت، بزرگ ‌تر است و از لحاظ امکانات و قابليت‌ها، از نسخه‌ي قبلي خود کامل‌ تر است و اين مساله استفاده‌ي آن را در کاربردهاي مختلف افزايش مي‌دهد.,1,Positive
من 2 هفته اي هست که اين تبلت رو گرفتم فقط يه چيز در مورد اين تبلت ميگم و اون هم کلمه عالي منظورم از همه لحاظه اونايي که تبلتي ميخوان که از سامسونگ بهتره باشه و قيمت مناسبتري داشته باشه تو خريد اين تبلت شک نکنن .,2,Positive
تشکر ويژه دارم بابت تحويل کالا در بهترين زمان .,1,Positive
تقریبا هیچ‌گاه هنگام کار کردن با گوشی،  کاهش سرعت یا به اصطلاح Lag مشاهده نکردیم.,1,Positive
در کل ميشه گفت لپ تاپ خيلي خوبيه و آدم رو حداقل واسه دو سه سال ساپورت ميکنه.,2,Positive
از نظر کیفیت ساخت و استحکام نیز به ممد استفاده از محفظه ضد آب و پوشش لاستیکی یا Robber Coat آن؛ واقعا درجه یک است.,1,Positive
"سلام

من اين گوشيو چند وقته که از ديجي کالا گرفتم

فقط در اين حد بهتون بگم که واقعا عاليه و تنها موردي که ميخوام بهتون بگم تا توجه بهش داشته باشين اينه که اين گوشي فايل منيجر نداره و برنامشم وجود نداره که دانلود بشه (البته بصورت رسمي و بدون دستکاري در سيستم(منظورم هک کردن گوشيه)) و براي نصب برنامه و بازي حتما بايد از طريق اينترنت اقدام کنين

ديگه مشکلي نداره

فقط يکم بنظرم مصرف باتريش بالاست

من قبل از اين آيفون 4 داشتم که اونم از ديجي کالا گرفته بودم

خلاصه براي خريدش شک نکنين(با توجه به اون دو مورد بالا)",1,Positive
"با اين حال بنده 6200 رو به خاطر دوربين جلوي 2 مگا پيکسلي - ساپورت رم تا 64 - سي پي يو 1.2  و قابل آپديت بودن به آندرويد 4.1 ، ترجيح داده و خريداري کردم

بايد به عرض برسانم قيمت 6200 خيلي به صرفه تر از 3100 است.",1,Positive
یک پردازشگر گرافیکی ARM Mali-400MP هم به این سخت افزار قدرتمند کمک می‌کند که حتی کارهای گرافیکی و سنگین‌ترین بازی‌ها را هم به راحتی پردازش کند.,1,Positive
قدرت cpu اين لپ تاپ پايينه پيشنهاد من لپ تاپ ACER ASPIRE V3 است,-1,Negative
این میزان قدرت پردازشی،  بستر مناسبی را برای قدرت نمایی رابط کاربری سیستم عامل اندروید فراهم می‌آورد و حرکت بین قسمت‌های مختلف سریع ،  روان و لذت بخش صورت می‌گیرد.,1,Positive
ولی در کل ابعاد 66×132 میلی متری و وزن 130 گرمی آن باعث می‌شود که از کار کردن با آن لذت ببرید و احساس امنیت خوبی را بابت لیز خوردن آن از دست به شما خواهد داد.,1,Positive
با اين که باطريش يه باطري 2100 ميلي آمپر ساعتي جدا نشدنيه، باطري رو خيلي عالي نگه ميداره.,2,Positive
برنامه هاي موجود براي ویندوز فون از تنوع مناسبي برخوردار است.,1,Positive
این پردازنده‌ها قدرت کمتری نسبت به پردازنده های Intel Core دارند،  ولی در عوض،  مصرف انرژی آن‌ها نیز بسیار پایین‌تر است.,1,Positive
نمایشگر لمسی امکانات خیلی خوبی را چون Touch to Focus یا فوکوس لمسی فراهم می‌آورد.,1,Positive
من زياد نمي پسندم البته نظرم شخصيه و ديدگاه تخصصي نداره و اگر بخوام زماني گوشي بخرم اين گوشي اولويت سوم يا چهارم من خواهد بود چون خيلي از امکاناتش به درد من نميخوره  پس براي يه کاربر معمولي گوشي هاي اندرويدي با اين قيمت هست که بسيار کار امد تره.,-1,Negative
تنها مشکلش داغي فنش هست  ,-1,Negative
به این مزایا صفحه نمایش با کیفیت و تراکم پیکسلی بسیار بالا را نیز که اضافه کنید،  تنها نقطه ضعف گوشی دوربین آن خواهد بود.,1,Positive
سوني يه شرکت بزرگ و پيشرفته ست.,1,Positive
"عاشق پيشنهاد هاي ويژه هستم

ممنون",1,Positive
264 را نیز دارد که عالیست.,2,Positive
از لحاظ ظاهري هم بسيار شيک ميباشد و همچنين با نصب يک برنامه که سايت HP وجود داره کيفيت صداي فوق العاده اي پيدا ميکنه ,2,Positive
(البته الان با وجود برنامه سيب اين کار راحتتر شده)کيفيت صفحه نمايش نوت ميگن بهتره ولي کيفيت بازي و برنامه ايفون ديوانه کنندست.,1,Positive
با این حال با توجه به ساختار پلاستیکی آن،  نباید استحکامی فوق‌العاده را از آن انتظار داشته باشیم.,-1,Negative
فقط کسايي که قبلا با رتيناي اپل کار کرده باشن يکم براشون بي کيفيت بنظر مياد که خب طبيعيه.,-1,Negative
و بدون استفاده !,-1,Negative
ظاهرش هم به نظر من از SIII بهتره!,1,Positive
مزيت:1- خيالتون راحته از داشتن يه گوشي ژاپني که کيفيت ساخت بسيار بالايي داره و احساس داشتن يه دوربين با کيفيت رو بهتون القا ميکنه (در حال حاqر اکثر دوربين هاي برندهاي مختلف موجود در بازار مونتاژ چين هستند)2- صفحه نمايش بزرگ و لمسي که خيلي لذت بخشه وقتي ميخواي عکسها و فيلم هاي گرفته شده رو ببيني3- اين دوربين بسيار جمع و جور و باريک و شيک مي باشد.,2,Positive
یک تبلت 10 اینچی با کیفیت ساخت فوق‌العاده خوب،  32 گیگابایت حافظه داخلی،  سخت افزار بسیار قدرتمند،  دوربین‌های جلو و پشت با کیفیت و البته استاندارد مقاومت در برابر آب و ضربه مسلما تبلت ارزشمندی محسوب می‌گردد.,2,Positive
من 5 روزه دوربين به دستم رسيده واقعا راضيم..,2,Positive
به نظر می‌رسد که F660 واقعا فیلم بردار خوبی باشد.,1,Positive
اما در کنار همه این‌ها، حالت فلزی قاب دور بدنه و البته کلید های استیل موجود در قاب، بر زیبایی گوشی افزوده‌اند.,1,Positive
گوشي خوش دستيه و قيمت مناسب داره ولي من اکسپريا تيپو رو پيشنهاد ميکنم,1,Positive
یکی دیگر از تجهیزات عرضه شده برای این دوربین کیت تصویر برداری سه بعدی آن است که این قابلیت را به شما می دهد تا با استفاده از دو دوربین GOPro مجزا تصاویری واقعا سه بعدی خلق کنید.,1,Positive
صداي کم اسپيکر و خروجي هدفون !,-1,Negative
بهترین و قوی‌ترین سخت افزار در این گوشی به کار گرفته شده است از صفحه نمایشی عظیم و با کیفیت فوق‌العاده بالا گرفته تا پردازنده قدرتمند چهار هسته ای.,2,Positive
به صرفه نيست,-1,Negative
مخصوصا که در مدل دو سیم کارته،  تا به این تاریخ این گوشی بی رقیب است.,1,Positive
این را هم بگوییم که سیستم عامل سیمبین از قدیم الایام از Multi Tasking یا اعمال چند وظیفه‌ای و Copy & Paste نیز پشتیبانی می‌کند.,1,Positive
"سلام

من اين گوشي رو 4 روزه که خريدم، در يک کلام بايد بگم با توجه به پولي که ميديد محشره، صفحه نمايش 4 اينچي با کيفيت فوق‌العاده بالا IPS LCD 480*800 ، سي پي يو دو هسته اي يک گيگا هرتزي، اندرويد 4.1 و از همه مهمتر باتري قدرتمند 1730 ميلي آمپري جاي هيچ شکي براي خريد اين گوشي نميذاره.",2,Positive
از همه بهتر باتري فوق‌العاده قوي اين گوشيه .,2,Positive
با اين امکانات نسبت به قيمتش عاليه درسته که nexus7 سخت افزار بالاتري داره ولي همين GPRS که P3100 داره توي ايران که همه جا WiFi نداريم خيلي بدرد بخوره تازه اگه بخوايم از امکان مکالمه و SMS اون چشم پوشي کنيم ,2,Positive
نوار براق و استيل مانندي که دور گوشي کشيده شده ،  زيبايي و جذابيت خاصي به اين گوشي داده که البته نمونه اون رو در گوشي E72 و E6 شاهد هستيم.,1,Positive
با سخت افزار بالا واقعا يه گوشي عالي محسوب ميشه و ميتونه مشتري را راضي کنه.,2,Positive
در این نسخه از اندروید بهینه سازی‌های فراوانی صورت گرفته است و سرعت عملکرد رابط کاربری آن به لطف پروژه کره (Project Butter) نسبت به نسخه های قبلی بسیار بیشتر شده است.,1,Positive
Sony S دارای صفحه نمایش فوق العاده 9.4 اینچی با تکنولوژی True Black و موتور BRAVIA است که رنگ های بی نظیری را تولید میکند.,2,Positive
) مشکل غير فعال شدن واي فاي در زمان ورود سيمکارت خيلي اذيت مي کنه  چون بايد دوباره به تنظيمات کارخانه برگشت.,-2,Negative
چیپ گرافیکی Adreno 203 نیز عملکرد متوسطی در هنگام اجرا و پردازش گرافیک‌ها و بازی‌ها دارد.,-1,Negative
باتری با قرار گرفتن یک باتری 2100 میلی آمپری،  شارژ دهی این گوشی نسبت به مدل پیشین آن،  که از یک باتری 1800 میلی آمپری استفاده می‌نمود،  تا چند ساعت بهتر شده است.,1,Positive
من به تازگي اين هارد رو تهيه کردم واقعاً از نظر کوچک بودن و ظرافت حرف نداره از نظر سرعت و امنيت هم خيلي خوب هست و تا حالا همچين هاردي نخريده بودم که اينقدر منو راضي کنه اونقدر کوچيکه که اگه بزاري تو جيب معلوم نيست خيلي باحاله ممنون دي جي کالا,2,Positive
فیلم‌برداری این گوشی نیز همانند عکس‌برداری آن بسیار عالیست.,2,Positive
در کل xbox خيلي بهتره!,2,Positive
با مشخصات خوبي که داره ،  قيمت مناسبي داره ( البته توي اين گروني !,1,Positive
يک پک خوب و ارزان قيمت.,1,Positive
"و حتي جستجوهاي زيادي که در گوگل انجام دادم متوجه شدم اين مدل مشکل سوختن تصوير دارد که 

مشکل در گاز صفحه نمايش مي باشد.",-1,Negative
موزیک و ویدیو پلیر موجود به خوبی فایل‌های مورد نظر شما را در اکثر فرمت ها پخش خواهد کرد.,1,Positive
واقعا در کيفيت و زيبايي بي نظيره.,2,Positive
البته کابل HDMI برای اتصال به HDTV ندارد.,-1,Negative
به نظر من ايفون 5 با تمامي گوشي ها متفاوت است و اين تفاوت بي نظيريه!,1,Positive
لذت تماشاي فيلم هاي HD رو از دست نديد7- دوربين ري خيلي با کيفيت هست هم تو عکس و هم تو فيلم از وايلد فاير بالاتره ولي تنظيمات منوي دوربين وايلد فاير کاملتر هست8- کيفيت و بلندي صداي بلند گو هاي ري بالا تر هست9-  ري واقعا گوشي خوبي هست،  هم خوش دسته و هم خوش استيل (البته طلايي رو گرفتم) باريک و سبک که به راحتي تو جيب پيراهن جا ميشه10 - نسخه اندرويد 2.3.4 داره که خيلي عاليه و تغييرات جالبي نسبت به 2.3.3 و 2.2.1 کرده11- پردازنده قوي داره و بازي هاي HD رو به خوبي اجرا ميکنه.,1,Positive
با اینکه این محصول یک گوشی از کمپانی ال جی است،  اما به واقع بی شباهت به یک تبلت نیست و با قابلیت‌های خوب سخت افزاری و نرم افزاری خود،  می‌تواند خود را در بین گوشی‌های بازار مطرح نماید.,1,Positive
ولی چیزی که کاملا مشهود است،  اعمال تغییرات مثبتی بوده که بر اثر نظرات کاربران درباره‌ی نقاط ضعف X100 اعمال شده.,1,Positive
از نظر کیفیت عکس‌های گرفته شده باید گفت که،  عکس‌هایی که با FT3 گرفتیم کاملا شارپ هستند و در بیشتر مناطق جزئیات خیلی خوب نمایش داده می‌شود.,2,Positive
اگر کمي حوصله به خرج بدين و برنامه itunes رو به خوبي پياده و اجرا کنين هيچ مشکلي براي نصب APPs در ايران نخواهيد داشت .,1,Positive
علاوه بر اين مورد کمبود WiFi داخلي و سر و صداي زياد درايو نيز مشکلات ديگر است که اميدواريم در ورژن هاي بعدي حل شوند.,-1,Negative
مایکروسافت طراحی ویندوز فون 8 را به بهترین نحو انجام داده است.,1,Positive
برای اسکن عکس نیز چندان دقت رنگی بالایی ندارد و رزولوشن پایین نیز باعث می‌شود که جزئیات را خیلی عالی ثبت نکند ولی به هر صورت اسکنری ارزان قیمت است.,-1,Negative
GT-I9100 يک اَبَر گوشي در بازاره که شما از داشتن اون بسيار حس خوبي خواهيد داشت و کمبودي رو در استفاده از اون حس نخواهيد کرد.,1,Positive
این قابلیت که عملکردی بسیار قابل ستایش دارد بدین صورت است که می‌توانید صفحه نمایش را به 2 تکه تقسیم نمایید و از هر تکه جهت اجرای یک برنامه استفاده کنید.,1,Positive
با وجود این،  رنگ‌های تولید شده توسط صفحه نمایش بسیار زنده و طبیعی هستند و زوایای دید آن نیز به خصوص در حالت افقی،  کاملاً رضایت‌بخش است.,2,Positive
دوستان من اين گوشي رو تقريبا 3.5 ماه هست خريدم به اندرويد4.0.3 هم آپديت کردم به نظر شخصي خودم اين گوشي هم از نظر قدرت سخت‌افزاري و سرعت بالاش بهترين گوشي هوشمند ميباشد با دوربين 8مگا فوق‌العاده عالي با رابط کاربري فوق‌العاده دوست‌داشتني تاچ ويز سامسونگ.,2,Positive
همچنین بطور پیش فرض از Flash پشتیبانی میکند.,1,Positive
"تشخيص نور خيلي خوبي داره 

معايب جزئي: 

کيفيت ضبط صداي خوبي داره ولي مونو هست که در هنگام پخش استريو پخش ميشه

فلش خوبي داره ولي برد نهايي اون 7 متره(جهنده و تاثيرگذار)

قابليت اتصال به Hdmi و usb داره ولي ورودي ميکروفن و خروجي صدا نداره 

نشانگر ميزان استفاده باتري نداره ( در lcd)

 و کمي نسبت به دوربين هاي ديگه ديرتر فوکوس ميکنه 

",-1,Negative
به هر صورت همان‌طور که گفتیم،  DV300F علاوه بر نمایشگر دوم و Wi-Fi داخلی که به آن‌ها مجهز است،  در کل دوربین بسیار کوچک، بسیار باریک، بسیار سبک، مستحکم و خوش ساختی است.,2,Positive
این مدل قادر است که با وضوح 300 و 600 و900 DPI اسکن تهیه کند و با فرمت های PDF و JPG ذخیره نماید.,1,Positive
وضوع تصاوير يکم پايينه.,-1,Negative
به هر صورت Symbian سیستم عاملی کاملاً با سابقه و قدیمی است و در OVI Store که فروشگاه بزرگ محصولات اپلیکیشن و بازی نوکیا است، برنامه‌های مجانی و فروشی زیادی برای دانلود وجود دارند.,1,Positive
کيبوردش عاليه.,2,Positive
این لنز فوق‌العاده سریع است.,2,Positive
پرینت رنگ خاکستری هم خیلی خوب انجام می‌گیرد.,2,Positive
112 گرم برای یک گوشی در این سطح فوق‌العاده است.,2,Positive
یکی از بهبودهای رخ داده در این صفحه نمایش این است که در نمایشگر گوشی های پیشین،  رنگ‌ها غلظتی بیش از حد داشتند.,1,Positive
خيلي عاليه.,2,Positive
من با توجه به تجربه اي که از استفاده از دوربين با باطري قلمي دارم توصيه ميکنم اين دوربينو نخريد چون تا ميايد به خودتون بيايد و يه عکس بگيريد باطريش خالي ميشه ,-1,Negative
- سرعت و گرافيک بسيار عالي .,2,Positive
جزئیات در قسمت های مشکی عکس هم به خوبی دیده می‌شوند.,1,Positive
همانطور که گفتیم،  GoPro HD Hero توانایی ضبط ویدیویی بسیار با کیفیت و با رزولوشن بالای Full HD و رزولوشن 1080p در 30 فریم بر ثانیه را دارد.,2,Positive
اگر در همین رزولوشن آن را بر روی Economic mode قرار دهید،  سرعت به 19 صفحه در دقیقه افزایش می‌یابد.,1,Positive
به هر صورت همانطور که گفتیم،  ZS6 دوربین نسبتا ارزان قیمت خیلی خوبیست که امکانات خوب را در برابر قیمت مناسب ارائه می کند.,2,Positive
مرسي digikala  ,1,Positive
حرف آخر مثل نظر تمامي دوستان ري در اين رنج قيمت بهترين انتخاب هست.,1,Positive
به هر ورزشی که قصد دارید بپردازید کافی است که بوسیله ی استقرار مناسب،  دوربین را به بدن یا وسیله ی خود متصل کنید و سپس فیلم برداری را شروع کنید تا تصاویر با کیفیت بسیار عالی Full HD بر روی کارت حافظه ی دوربین ثبت شوند و سپس بتوانید یا برای لذت بردن و یا بررسی علمی،  عملیات ورزشی خود را مشاهده کنید.,2,Positive
که براي افرادي که ميخوان از عکاسي عادي به سراغ عکاسي نيمه حرفه اي برن مناسبه3- خوش ساخته و واقعا بدنه و ظاهر زيبا و ارگونوميکي داره4- عکسها در روز نسبتا خوب هستن و اگر با حوصله گرفته بشه خيلي خوب از اب در مياد و در شب با وجود فلاش بسيار راضي کننده هستن,2,Positive
صحبت درباره‌ی کیفیت پرینترهای لیزری تک رنگ مدرن کمی سخت است چرا که بسیاری تولید کنندگان در تولیدات خود به کیفیت های خیلی خوب و نظیر هم دست یافته اند.,1,Positive
اپل (و تا حد زيادي نوکيا) هميشه ثابت کرده که چطور بلدن استفاده ي بهينه از سخت افزار داشته باشه.,1,Positive
این قابلیت‌های جدید Smart Hub تلویزیون هوشمند سامسونگ بر غنای زندگی شما افزوده و شریک و مشاور سبک زندگی شما خواهند بود.,1,Positive
کمینه‌ی نسبت کانونی این لنز در حالت واید و زوم،  f/2.8-6.9 است که دست کم در حالت واید لنزی بسیار سریع می‌باشد تا بتوانید در شرایط نوری ضعیف تر هم از سرعت های شاتر بالا استفاده کنید.,1,Positive
واقعا لذت بخشه بازي کردي وقتي عملي بازي کني..,1,Positive
اپل هميشه بهترين کيفيت رو داره,1,Positive
با کليد کپي اگر پرينتر وصل باشه راحت و بدون هيچ عملکرد اضافي کپي شيک و تميز ميگيره.,1,Positive
بسیار ساده‌لوحانه است اگر بخواهیم این کار اپل را یک کار کوچک فرض کنیم،  چرا که در حالی که برای کم کردن ضخامت،  کمپانی‌ها با مشکلات متعددی مواجه هستند،  کمپانی اپل به یکباره نزدیک به دو میلی‌متر گوشی خود را باریک‌تر نموده ،  در حالی که تمام قابلیت‌های آن نیز نسبت به مدل پیشین ارتقا یافته است.,1,Positive
امروز بيست و نهم شهريور نود و يک هستش و نقدي که مي خونين قبل از اومدن اين محصول نوشته ميشه :يک آپديت فوق العاده.,2,Positive
با تشکر از سايت بسيار خوب ديجي کالا که اينقدر سريع وقايع تکنولوژي رو پوشش ميده.,1,Positive
اين يکي از بهترين هاست.,2,Positive
به علاوه آنقدر در مصرف برق صرفه جو می باشد که می توان آن را به راحتی با یک لپ تاپ استفاده کرد.,1,Positive
یکی از بهبودهای رخ داده در این صفحه نمایش این است که در نمایشگر گوشی‌های پیشین،  رنگ‌ها غلظتی بیش از حد داشتند.,-1,Negative
ولي واقعا از ps3 خيلي جلو زده.,1,Positive
طراحی و ساخت باریک‌ترین و سبک‌ترین iPhone تولید شده تا به امروز.,1,Positive
تمامي بازي هاي جديدو توش راحت بازي کردم .,1,Positive
همه چيزش عالي ولي زود داغ مي کنه دير سرد مي شه,-1,Negative
باريکيش حرف نداره.,1,Positive
دیافراگم f/2.2 این گوشی باعث می‌گردد که عملکرد این دوربین در شرایط نوری ضعیف بسیار خوب باشد.,1,Positive
بازي هاي زيادي داره که کرک شده اند و با قيمت مناسب قابل خريداري هستند.,1,Positive
1- وزن 2.02 کيلويي اين مدل در اين سايز بسيار مناسب و سبک محصوب مي شود،  اين در حالي است که اغلب مدل هاي موجود در بازار وزن سيستم خود را بدون احتساب باتري اعلام ميکنند.,1,Positive
در آخر ميگم اگر هارد ديسک اکسترنال نياز دارين،  شک نکنين و بخريدش!,1,Positive
حال با معرفی نوکیا لومیا 620 به بازار،  خیلی از طرفداران ویندوز فون 8 می‌توانند با قیمتی بسیار کمتر،  یک گوشی مبتنی بر سیستم عامل دوست داشتنی ویندوز فون را داشته باشند و از تجربه کار با آن لذت ببرند.,1,Positive
گوشي HTC J ديگه همه رو حيرت زده کرد.,1,Positive
من اين لپ تاپ رو دو هفته است که خريدم قبل از اينکه بخرم راجبش خيلي تحقيق کردم و از بين msi cx61 و asus k45vd  اينو انتخاب کردم :hp 4540-a (از ديجي کالا هم ممنونم خيلي کمکم کرد) .,1,Positive
بله،  اين کنسول هک شده و کپي خور مي‌باشد و بازي‌هاي آن نيز در حال حاضر در بازار يافت مي‌شوند.,-1,Negative
نوکيا ديگه نميتونه با ساير کمپاني ها رقابت کنه چون ديگه دير شده.,-1,Negative
همین‌طور حدود 2 برابر سریع‌تر از Galaxy S III و One X .,1,Positive
سلام  سه چهار روزي ميشه که اين به اصطلاح دوربينو گرفتم اصلا  از کيفيت عکساش راضي نيستم در حد 5 يا 6 مگا پيکسله  فيلمي هم که باهاش ميگيري هي گير ميکنه صداشم قطع و وصل ميشه,-2,Negative
در نهایت GALAXY Tab 2،  یکی از بهترین تبلت های موجود در بازار و برای کسانی به دنبال یک تبلت کوچک با امکانات فوق العاده می گردند، بسیار مناسب است.,2,Positive
"مدتيه که اين دوربين رو از ديجي کالا خريداري کردم

لازم دونستم چندتا نکته رو به اطلاع کساني که قصد خريد اين مدل رو دارند برسونم

اول از هرچيزي توجه داشته باشين که صفحه لمسي اين دوربين مقاومتيه

کابل HDMI  نداره و بايد جداگانه تهيه بشه

با توجه به ژاپني بودن دوربين منوي شروع به زبان ژاپنيه و تمام محتويات دفترچه راهنماي دوربين به زبان ژاپني نوشته شده!",-1,Negative
GPRS نداره.,-1,Negative
چیپ Nvidia Tegra3 به همراه پردازنده چهار هسته ای با فرکانس 1.5 گیگاهرتز و یک پردازشگر گرافیکی ULP GeForce،  اجزای تشکیل دهنده سخت افزار این گوشی می‌باشند که به همراه یک گیگابایت حافظه رم، عملکرد بسیار خوب و روانی را به نمایش می‌گذارند.,2,Positive
زيبا کم حجم سريع مهمتر از همه اينه که مارک hp هست در ضمن ساخت ويتنام هست.,1,Positive
به نظر من سامسونگ اگه کپي برداري هم مي کنه خيلي بهتر از اپله.,2,Positive
اين گوشي سرعت پردازنده ي مناسبي دارد!,1,Positive
این دوربین مقام پرفروش ترین دوربین ورزشی جهان را در اختیار دارد.,2,Positive
گوشي فوق‌العاده‌ايه .,2,Positive
در این گوشی هم ویجت‌های متنوعی وجود دارد.,1,Positive
دوربین 12 مگاپیکسلی با فوکوس خودکار و سنسور Exmor R و قابلیت فیلمبرداری Full HD 1080p،  دوربین مکالمه تلفنی و امکانات ارتباطی متنوع که همه اینها توسط پردازنده قدرتمند دو هسته ای Snapdragon با فرکانس 1.5 گیگاهرتز تغذیه می شوند.,1,Positive
اچ پي تنها مدلي هستش که ماندگاريش بالاست و خرابي هاش  هم قابل حل شدنه .,1,Positive
مرورگر اینترنت آن هم بسیار عالیست و پیشرفت بسیار خوبی نسبت به نسخه‌های پیشین داشته و همچنین از محتوای Flash هم پشتیبانی می‌کند.,2,Positive
براي ريختن آهنگ به دستگاه يه برنامه داره که خيلي راحت نصب ميشه آهنگاي مورد علاقتونو اونجا انتخاب ميکنين و به محظ اينکه دستگاه به رايانه وصل ميکنيد خودکار شروع به انتقال ميکنه خيلي برنامه جالبيه.,2,Positive
تنها موردي که يکم خوشم نيومد اين بود که تمام برنامه هات روي همون صفحه هاي اصلي (home) مياند و مثل بقيه گوشيا نيست که بري تو منو ليست برنامه هات.,-1,Negative
برای توصیف نمایشگر 4.3 اینچی Galaxy S II از هیچ کلمه‌ای کمتر از شگفت‌انگیز نمی‌توانیم استفاده کنیم.,1,Positive
سيستم عامل اندرويد خيلي باگ ها داره که هنوز هم برطرف نشده ،  براي مثال برنامه ي اتصال به اينترنتش يا برنامه ي مپ که بسيار کند و کسل کننده است.,-2,Negative
با سلام بي نظيره دو ماه  باهاش کار کردم از نظر من تنها عيبش نداشتن شيار کارت حافظه است و بس.,1,Positive
من يه 4530 دارم از همه لحاظ عاليه اصلا هم داغ نميکنه 4540 هم ورژن جديد همون هستش فکر نميکنم مشکل داغ کردن داشته باشه،  hp هاي قديمي مشکل داغ کردن داشتن ولي جديدا ندارن.,1,Positive
جزئیات بسیار دقیق هستند،  رنگ‌های تولید شده بسیار طبیعی بوده و نویز عکس‌ها کم است.,2,Positive
کيفيت فيلم‌برداري خيلي بالايي داره و نياز به داشتن يه دوربين فيلم برداري مستقل رو کاملاً برطرف مي کنه .,2,Positive
به هر حال این تبلت اولین تبلت ساخت کمپانی مایکروسافت به شمار می‌رود و مایکروسافت شدیدا امیدوار است که با این محصول و در اولین تجربه،  از صفر به صد در تولید تبلت برسد.,1,Positive
در کل من  به عنوان يه عکاس آماتور کاملا از اين دوربين راضيم.,2,Positive
مشخصا فیلم های این دوربین نویز کمتر،  حساسیت بیشتر به نور و رنگ های غلیظ تری دارند.,1,Positive
یکی دیگر از تجهیزات عرضه شده برای این دوربین کیت تصویر برداری سه بعدی آن است که این قابلیت را به شما می دهد تا با استفاده از دو دوربین GOPro مجزا تصاویری واقعا سه بعدی خلق کنید.,1,Positive
در این میان فقط دکمه‌ی شاتر را می‌توان استثناء دانست چرا که کاملا بزرگ ساخته شده است.,1,Positive
نقاط ضعف : سيستم منو هاي نامناسب .,-1,Negative
ضد ضربه و ضد آب با طراحي بي نظير شيار کابل روي کاورش واقعاً کارآمده.,2,Positive
این جنس پلاستیک،  علاوه بر اینکه مقاومت نسبتا خوبی در برابر ضربه و خش پذیری دارد،  به دلیل اصطکاک زیاد سطح آن،  احساس امنیت خوبی را نیز بابت لیز خوردن از دست به کاربر می‌دهد.,1,Positive
"به نظر من که واقعا عاليست هم کيفيت عکس و هم فيلمبرداري

مطمئن باشيد که از خريدش پشيمان نميشويد",2,Positive
علاوه بر این‌ها مودهای صحنه‌ی خیلی مختلف و متنوعی هم وجود دارند که می‌توانید از بین آن‌ها انتخاب کنید.,2,Positive
اين يعني تنزل.,-1,Negative
نيکون P520 يک دوربين بسيار قدرتمند و عالي است و نظر بنده اينه که اين دوربين ميتونه مانند مدل قبلي (P510) بهترين دوربين سوپر زوم دنيا باشه .,2,Positive
همانطور که گفتیم،  این دوربین از ماونت جدید الکترونیکی بهره می‌برد و از همان اول با یک سری لنز ثابت با نسبت دیافراگم پایین همراه شده است که مکمل خوبی برای لنز 23 میلی متری f/2.0 دوربین X100 هستند.,1,Positive
3.صفحه نمايش فوق العاده است بنده اس 2 هم داشتم اما ion زمين تا آسمون در صفحه نمايش از اس 2 و خيلي گوشي ها بازار بهتره نمره 9 از 10.4.,2,Positive
اين گوشي همانطور که دي جي کالا در نقد خود گفته يکي از باريکترين و سبکترين گوشي هاي هوشمند است!,1,Positive
من به علت عدم رشد ويندوزفون و وزن زياد نوکيا رو خط زدم،  و به علت محدوديتهاي iOS از طرف اپل iphone رو نيز کنار گذاشتم.,-1,Negative
در حالت عادی،  دمای تمام قسمت‌های بدنه نوت‌بوک،  بسیار پایین است اما هنگامی که دستگاه در حال انجام محاسبات سنگین باشد،  دمای بعضی از قسمت‌ها مانند سمت چپ کیبورد،  بسیار گرم می‌شود و ممکن است در دراز مدت کمی آزاردهنده باشد.,-1,Negative
"فوق العاده

",2,Positive
عکسهاي خيلي خوبي ميگيره و فيلمبرداريش درسته که 15 فريمه ولي خوبه.,2,Positive
شاید یک اسکنر مناسب بتواند این نیاز شما را برطرف بکند.,1,Positive
در پشت این لنز نیز سنسور تصویر 14 مگاپیکسلی دوربین قرار گرفته که هرچند از نوع CCD است ولی رزولوشن بالایی را ارائه می دهد و در شرایط نوری خوب می توانید عکس‌هایی بسیار با کیفیت را با آن تهیه کنید.,2,Positive
لپ تاپ خوبيه ,1,Positive
صفحه ي 4.55اينچي آيون رنگ ها رو واقعي و زنده نشون نميده!,-1,Negative
به نظر خودمان تا به حال گوشی آندرویدی با چنین سرعت و روانی را تجربه نکرده ایم.,1,Positive
تاکنون چندين مدل مود چيپ مختلف براي XBOX360 ساخته شده ولي هيچ کدام از اين مود چيپ ها تاکنون نتوانسته اند کنسول را Region-Free کنند و قفل منطقه اي آنرا از بين ببرند.,-1,Negative
این پیشرفت نخست در کیفیت فیلم برداری و سپس لرزش گیر تصویر رخ داده است.,1,Positive
وزن این لپ‌تاپ‌ها بسته به ابعاد مانیتور بین 1.2 تا 2.6 کیلوگرم متغیر است ولی در کل وزن‌ها استاندارد هستند.,1,Positive
تمام بازي هاي اچ دي رو هم به راحتي اجرا ميکنه.,1,Positive
HP يکي از بهترين برند ها در ساخت لپ تاپ است .,2,Positive
تبلت خوبيه  و باهاش مشکلي ندارم ,1,Positive
دليل من داغ شدن اون هست و البته داغ شدن سيستم بعد از حدود يک ساعت و خورده اي بازي !,-1,Negative
این در حالیست که لنز این دوربین حالت واید خیلی بهتری را ارایه می‌دهد و در یک کادر می‌توانید میدان دید خیلی بزرگ‌تری را در یک عکس ثبت کنید.,2,Positive
تنها مشکل اين اسمارتفون فقط رزولوشن پايينش در برابر رقباست شايد از رزولوشون بالاتري استفاده ميشد تراکم پيکسليش بين اکسپريا تي (323ppi) و گلگسي اس3 (316ppi) ميشد پس نميشه گفت بهترين صفحه نمايش رو داره و همچين تراکم پيکسلي هم براي 4 اينچ چيز خارق العاده اي هم نيست.,-1,Negative
این دو دوربین از نظر ظاهری نیز تفاوت هایی با یکدیگر دارند و در کل W630 کمی جمع و جورتر است.,1,Positive
در اينجا ميتونم بگم که لذت صفحه نمايش واقعا متفاوت 5 اينچي 4:3 رو شخصا چشيدم و پيشنهاد ميکنم از اين لذت ساده رد نشيد.,1,Positive
شکل ظاهريش هم که خيلي زيباست .,2,Positive
"""پاسخ این سوال مثبت است.",1,Positive
ببينيد دوستان اپل بهترين گوشي هست تو جهان چون ios رو اختصاري براي خودش داره اين ios که باعث شده اپل بالاتر از همه گوشي ها قرار بگيره ,2,Positive
ديجي کالا همه چيز رو از همه جاي ايران ارزون‌تر ميده .,1,Positive
کانن در طراحی آن خیلی استاندارد عمل کرده است.,2,Positive
عالي.,2,Positive
نسبتا سنگين و بزرگ .,-1,Negative
سرعت کلي گوشي بيشتر به نوع چيپست و سيستم عامل بستگي دارد که چيپست بسيار قدرتمند A6 با بهره گيري از سيستم عامل IOS6 سرعت بسيار زياد را ارائه ميدهد .,2,Positive
من آيفونم رو به قيمت کمتر فروختم و رفتم گالاکسي SIII خريدم چيزي فراتر از گوشي،  يک دوست،  همراه بدون محدوديت،  و در کل بسيار راضي هستم از اين انتخابم,2,Positive
سيستم عامل:سيستم عامل iPhone OS يا همون i OS  بي نظيره در حد ديگر رقبا بي نظيره حالا که ورژن 6 اين سيستم عامل در اين گجت وجود دارد ميتوان گفت واقعا ارزشمند است و رقيب ندارد!,2,Positive
به صرفه نيست,-1,Negative
کاش full HD  بود,-1,Negative
"سلام دوستان من  2روز پيش خريدمش

اندرويد 4.0.4 صفحه عالي طراحي عالي خوشدست اما صفحه ي بزرگ

 تو نمايشگاه بازار موبايل اصفهان کنار z مقايسش کردم صفحش يکم فرق داشت اما رنگاي يون بهتر بود

در ضمن همونوقت هم 4 گيگ نرم افزار ريختم روش همش اچ دي با چند تا فيلم فول اچ دي اصلا هنگ نميکنه

شک نکنيد عاليه",2,Positive
در مورد قيمتش هم ميشه گفت بهترين انتخاب ميتونه باشه در بين هم نوعانش.,2,Positive
"ولي در کل بنظرم با توجه به قيمتش ,  انتخاب مناسبي هست .",1,Positive
با این حال ما هنوز طراحی صفحه کلید به صورت Chiclet را بیشتر دوست داریم.,-1,Negative
اپل در طراحی این گوشی به طراحی ساده و زیبای مدل پیشین خود یعنی iPhone 4S وفادار مانده و تغییر چشم گیری در آن مشاهده نخواهید نمود.,1,Positive
"توصيه ميکنم Canon IXUS 1000 HS بخريد که:

1) کانون هست

2) ژاپنيه

3) بدنه تمام فلز

4)باطري فوق العاده اي داره

از ديجيکالا بخريد چون هم گارانتيش واقعا معتبره هم قيمتش عاليه.",2,Positive
از اين بهتر تو دنيا وجود نداره واقعا !,1,Positive
پردازنده تک هسته اي تقريبا خوب عمل مي کنه ولي نه در حدي که همون کار رو پردازنده اي دو هسته اي اپل انجام مي ده ولي برنامه هايي که باعث مي شن پردازنده اي 4 هسته ايش راه بيفته ديگه جايي رو براي شک باقي نمي زاره که شما بهترين تبلت اندرويدي رو تو دستاتون دارين.,1,Positive
بیشترین بهبودها نسبت به Tipo را می‌توان در نمایشگر بزرگ‌تر،  دوربین با رزولوشن بیشتر و دوربین دوم برای مکالمه‌ی تصویری دانست.,1,Positive
وگرنه اگه f550 رو بگيرين و مدلهاي ديگش مقايسه کنين،  به تغييرات خيلي زيادي نميرسين.,-1,Negative
به هر صورت همانطور که گفتیم SZ-14 از انواع ارزان قیمت‌تر دوربین های کامپکت سوپرزوم المپوس می باشد که دارای لنزی قدرتمند با توانایی زوم بسیار عالی 24 برابر است.,2,Positive
تنها ضعفش که خودتونم ميدونيد دوربينشه که اونم روز که باهاش عکس بگيري کم نمياره و بخاطر نداشتن LED عکس تو شبش کم کيفيت ميوفته.,-1,Negative
واقعا ارزش نداره .,-1,Negative
دوربين 3.2 مگا پيکسلي که روي اين دوربين هست در مقايسه با قيمت گوشي مناسب و خوب است.,1,Positive
اندازه نسبتاً مناسب و وزن خوب 4.,1,Positive
از نظر طراحی و ساخت باید بگوییم که سرفیس مایکروسافت مورد اعجاب انگیزی ندارد.,-1,Negative
دوربین خود با تشخیص نوع صحنه،  شرایط نوری و دیگر پارامترها،  تنظیمات را بر روی بهترین حالت قرار قرار می‌دهد تا بهترین عکس‌ها گرفته شود.,1,Positive
ولي با همه اين حرفها خيلي عاليه و ارزش خريدنش رو حتما داره.,2,Positive
به علاوه، سامسونگ قابلیت‌های بسیار جالبی (مانند Smart Stay،  Direct Call و S Voice) به سیستم عامل اندروید اضافه کرده است که تا به امروز بر روی هیچ گوشی اندرویدی دیگری مشاهده نکرده بودیم.,2,Positive
باطريش هم فوق العاده است راحت 7-6 ساعتو ساپورت ميکنه.,2,Positive
خوب، Hero  به طرز شگفت انگیزی کوچک و سبک وزن است.,1,Positive
ولی برخلاف F770 نمی‌توان در فرمت حرفه ای تر و خام RAW با آن عکاسی کرد.,-1,Negative
بنابراین شما می‌توانید دوربین را هم از طریق نمایشگر،  و هم از طریق دکمه های فیزیکی کنترل کنید.,1,Positive
باطريش راضي کننده نيست.,-1,Negative
در دست گیری آن نیز خیلی راحت می‌باشد و به صورت کاملاً مطمئن در کف دست شما جای می‌گیرد.,2,Positive
این رابط کاربری درست است که به زیبایی و تکامل رابط کاربری Sense کمپانی HTC نیست ولی در کل بسیار روان بوده و کار کردن با آن بسیار راحت است.,1,Positive
حرف نداره,2,Positive
به هر حال،  هم گوشی و هم تبلت جزو وسایلی هستند که  طرفداران بسیاری دارند،  پس اگر خواهان داشتن هر دوی آن‌ها با حداکثر هماهنگی هستید،  پدفون بهترین گزینه برای شما محسوب می‌گردد.,1,Positive
تصاویر آن نیز در مقایسه با دوربین‌های مشابه کیفیت دارند.,1,Positive
حدود يک هفته اي ميشه که اين نت بوک رو از ديجي کالا تهيه کردم و ممنونم به دليل بسته بندي بسيار عالي که نگراني بزرگ من در خريد اينترنتي بود، خدارو شکر که ديجي کالا تو اين مورد سنگ تموم گذاشت.,2,Positive
.ولي واقعيت اينه که اين محصولات هنوز جواب پس نداده اند.,-1,Negative
در کنار اينها مي تواند از لنزهاي G سوني و لنزهاي کارل زايس هم بهره ببرد.,1,Positive
به نظر من تنها مشکلش که به چشم مياد اينه که فلش خودکار نداره،  يعني جاي خاليش حس ميشه.,-1,Negative
بايد بگم نسبت به تست هايي که کردم خيلي خوب جواب داد در مورد فيلم برداريش  بايد گفت بد نيست و قابليت اين رو داره که از يک گردش و يا يک مراسم خانگي فيلم يادگاري برداريد اما در مورد عکس :بايد گفت کيفيت عکسش نسبت به قيمتش خيلي خوبه چون الان اگر بخواي دوربيني با اين کيفيت بخري (در مارک هاي ديگر مثل کنون ) بايد بيشتر خرج کني عکس هايي که به صورت آتليه اي ميگيره خيلي خوبه و رزولوشن بالايي داره عکس هاي طبيعتش هم خوبه و قابل تعريفه ولي مثل تمام دوربين هاي ديجيتال عکس هاي شبانه اش خيلي خوب نيست و يکي از اساسي ترين مشکل هايي که داره لنز ثابتش هست که قابل تعويض نيست ولي لنز خودش کفايت ميکنه چون اولا اصلاح شده است و ثانيا زوم خيلي خوبي داره کيفيت رنگش هم خيلي خوبه و عکس هاي درستي ميگيره و بايد گفت جثه کوچک اون خيلي به نفع عکاسه  چون همه جا جا ميشه ,2,Positive
نسبت به قيمتش عاليه.,2,Positive
و در آخر اين رو هم عرض کنم عکسي که اين دوربين از يه جسم ثابت ميگيره درخوره يه دوربين با لنز 18 مگاپيکسلي نيست.,-1,Negative
و اين يعني دردسر,-1,Negative
واقعا حرف نداره،  و اينو استقبال مردم در پيش خريد،  ثابت کرد.,1,Positive
این مرورگر بسیار روان است و با سرعت بالایی می‌تواند صفحات اینترنتی را نشان دهد.,2,Positive
درکل گوشي خوبيه پيشنهاد ميکنم از دست ندينش.,1,Positive
من که يه 4s داشتم فروختمش اينو گرفتمو واقعا پشيمونم .,-1,Negative
هم تصوير خوب و واضحي داره و هم سرعت جلو عقب کردن خوبه و مکث نميکنه.,1,Positive
این میزان شارژدهی برای چنین نوت‌بوکی،  متوسط بوده و تا حدودی رضایت بخش است.,1,Positive
من اين گوشي و تازه از ديجي کالا گرفتم و خيلي راضيم اندرويد 4.1 و سي پي يو اي که نه انقدر کمه که گوشي هنگ کنه ونه انقدر زياده که باتري بخوره.,1,Positive
و اما خدمت دوستاني که از کارکرد ضعيف باطريش گلايه کردن عرض کنم که من شخصا از شارژدهي باطريش خيلي راضيم و اگه زياد ازش استفاده نکنم و کلا بصورت نرمال ازش کار بکشم برام تا 4روز شارژ داره ولي در غير اين صورت باطريش يک روز مي تونه دوام بياره.,1,Positive
کار با گوشي هاي سامسونگ نيز همين حس را در شما بوجود مي آورد تنها با تفاوتي کم و لذت بخش تر.,1,Positive
از نظر طراحي و صفحه نمايش هم معرکه هست.,1,Positive
قسمت پشت نمایشگر از جنس آلومینیوم خش‌دار و به رنگ نقره‌ای ساخته شده و دیگر قسمت‌ها‌ی بدنه نیز ترکیب رنگی زیبایی از سایه‌ها‌ی مشکی دارند.,1,Positive
حتی می تواند فشار آب تا عمق 60 متری را به راحتی دوام بیاورد.,1,Positive
"واقعا از کار کردن با اون لذت ميبرم از ديجي کالا هم بخاطر تعهد و امانتداري و برخورد خوب پرسنلش سپاسگزارم

راستي الان هم دارم با تبلتم کامنت ميذارم.",1,Positive
بنده غريب به يکساله که اين گوشي رو در اختيار دارم و هيچگونه عملکرد ضعيفي رو شاهد نبودم و با بروزرساني سيستم عامل اون به آندرويد 4 عملکرد اون بسيار بهبود پيدا کرد.,1,Positive
به طور کلی عکس‌های گرفته با گوشی 8X کیفیت بسیار بالایی دارند.,2,Positive
هرچند که در طول زمان شاهد به بازار آمدن گوشی‌های اندرویدی سطح بالا با مشخصات بسیار خوب هستیم،  ولی در سطح مبتدی اندرویدی ها هم به نوبه‌ی خود رقابت جالبی وجود دارد.,1,Positive
این دوربین فاقد هرگونه چشمی الکترونیکی است.,-1,Negative
اما اگر شهر بزرگی را جستجو نمایید،  نقشه 3 بعدی آن شما را بسیار هیجان زده خواهد کرد.,1,Positive
به قسمت جلوی گوشی که نگاه کنیم؛ با نمایشگر 4.3 اینچی فوق‌العاده‌ی Super AMOLED مواجه می‌شویم که سطح آن کاملا توسط شیشه‌ی ضد خش و بسیار مستحکم Gorilla Glass پوشیده شده است.,2,Positive
"سلام بچه ها

آندرويد 4.1.2 جيلي بين نسخه نهايي براي اين گوشي اومده که مي تونيد دانلود کنيد 

در نسخه جيلي بين همه اين مشکلات برطرف شده

يعني عالي شده.",2,Positive
دوستان عزيزي که در مورد آپديت کردن يا نکردن گوشي خود به آندرويد 4 شک دارند خدمت دوستان عرض کنم که آندرويد 4 بر پايه 1 گيگابايت رم پايه ريزي شده و روي گوشهايي با 512 مگابايت رم هم جواب ميدهد اما سرعت به طرز چشم گيري کاهش مي يابد مخصوصا زمانيکه با گوشي خود بازيهاي hd  انجام ميدهيد يا در حال تماشاي فيلمهاي با حجم بالا هستيد.,-1,Negative
در نهایت می‌توان نقطه ضعف اصلی این تبلت را در طراحی و ساخت آن دانست،  جائیکه از یک تبلت با این امکانات و قدرت،  انتظار بیشتری می‌رفت ولی توسط سامسونگ برآورده نشد.,-1,Negative
پاسخ این سوال مثبت است.,1,Positive
شاید تنها نقطه ضعف بدنه را بتوان براق بودن سطح خارجی آن دانست که بسیار مستعد جذب اثر انگشت است و ترجیح می‌دادیم که Acer بدنه خارجی دستگاه را به یک روکش مات مجهز می‌کرد.,-1,Negative
دوربين مکالمه ويديويي نداره.,-1,Negative
"خريدم يکبارم به مشکل نخوردم) هميشه هم از قيمت بازار پايينتره

پس با خيال راحت کالاتون رو خريداري کنيد  ",1,Positive
خيلي خوبه اما حيف که درايو نوري نداره!,1,Positive
گوشي خوبيه با توجه به امکاناتش توانايي اين رو داره با ساير گوشي رقابت کنه,1,Positive
اما از هر نظر گوشيه خوبيه و کار کردن باهاش راحته,1,Positive
حافظه داخلی Galaxy Grand Duos 8 گیگابایت می‌باشد که با وجود پشتیبانی این گوشی از کارت حافظه microSD می‌توان آنرا تا 64 گیگابایت دیگر افزایش داد.,1,Positive
صفحه نمايشش زير نور اصلاً معلوم نيست باتريش هم ضعيفه موقع مرور اينترنت هم يه ذره گير ميکنه صداي اسپيکرهاش هم ضعيف ولي با کيفيته.,-1,Negative
معمولا گوشيهاي HTC هرکدومشون يه مشکل جزئي دارن(ولي بقيه کمپاني چند تا مشکل حاد!,-1,Negative
این رزولوشن،  باعث می‌گردد تراکم پیکسلی این صفحه نمایش 226ppi باشد که بسیار مناسب است.,2,Positive
• شارژ قدرتمند ـ شرکت مايکروسافت يک شارژر پيشرفته را براي شارژ باتري هاي موجود در دسته‌هاي بي‌سيم قرار داده تا کاربر بتواند با استفاده از آن،  در مدتي کوتاه،  باتري دسته‌ي بازي خود را شارژ کند.,1,Positive
"باسلام

من تبلت اپل هم داشته ام اما تبلت سامسونگ با سيستم عامل اندرويد عاليه

چون اين سيستم عامل کارايي سريع و آسان را در اختيار ما گذاشته

ريختن نرم افزارها راحت و سريع بوده

اين تبلت براي مطالعه عاليست",2,Positive
دوربين واقعا خوبيه،  زمان سفارش اين دوربين به خاطر نظر بعضي ازدوستان نسبت به عکسبرداري در حالت اتومات ترديد داشتم.,2,Positive
سرعت عالي.,2,Positive
"کيفيت بسته بندي و زمان ارسال عالي بود

امکانات و انتظارات اوليه(هنوز کار زيادي نکردم باهاش) با اطلاعات ارائه شده مطابقت داشت

در مجموع همه چيز خوب بود.",2,Positive
(به دليل مشکل قطع شدن WIFI بعد از قرار دادن سيم کارت.,-1,Negative
"اگه زياد با گوشي کار کنيد حرارت گوشي ميره بالا به صورتي که واقعا اذيت ميکنه

دوربينش خوبه اما نه به اندازه 12

12 را به صورت 4:3 ميگيره

16:9 را 9 مگا پيکسل ميگيره

و موقع زوم افت کيفيت زيادي داره

ولي در کل دوربينش قابل قبوله

از لحاظ سرعت واقعا کم نمياره و واقعا سريعه

فارسي را کاملا ساپورت ميکنه

 مشکلي که من باهاش دارم اندازه بزرگ اونه

و اينکه گوشي با اين قيمت و امکانات بدون اينترنت به دردم نميخوره

",-1,Negative
از نظر فني ميزان مقاومت تلويزيون پلاسما چندين برابر ال سي دي و ال اي دي ها است.,1,Positive
می‌توان به راحتی گفت که دوربین 8 مگا پیکسلی موجود بر روی این گوشی یکی از بهترین دوربین‌های موجود بر روی گوشی‌های هوشمند تا به این تاریخ است.,2,Positive
اين هارد ديسک در مقايسه با يکسري از هارد ديسک هاي موجود در بازار از نقاط قوت خوبي بهره ميبرد.,1,Positive
من ديروز براي مادرم يک عدد رنگ قرمزش رو خريدم و امکانات خوبي داره مثل CPU 1GHz و آندرويد 4.1 که واقعا با اين قيمت خيلي خوبه ولي يک مشکل داره که دو کليد لمسي اطراف کليد Home چراغ هاش روشن نميشه.,1,Positive
دوربين 8 مگا پيکسلي واقعي ((من واقعا ازش راضيم))3.قدرت پردازشي بسيار عالي در برابر قيمت4.زيبايي بيش از حد آن5.قابليت آپديت به اندرويد((4.0.4)) ازطريق نرم افزار SONY Update Service6.,2,Positive
يکي از بهترين گوشي هاي حال حاضر در چند سال اخير بين گوشي ها هوشمند دنيا مي باشد که به دليل داراي بودن سيستم عامل iOS که برترين سيستم عامل مي باشد که تنها رقيب آن سيستم عامل آندرويد در رقابت تنگاتنگ آن در رتبه دوم قرار دارد و از جمله ويژگي هاي ديگر اين گوشي که آن را از ديگر گوشي هاي هوشمند برتر کرده است وجود پردازنده بسيار قوي که امکان اجرا کردن چندين برنامه همزمان را ايجاد مي سازد و از جمله وجود سنسور هاي سرگرم کننده و جالب که کار با گوشي را مفرح مي سازد و از جمله اصلاحاتي که در اين سري از گوشي خود بکار برده است قوي تر کردن دوربين عکاسي آن مي باشد که عکس هايي با رزولوشن بالا را مي سازد که در سري هاي قبل مخصوص نسل 3 آن عکس برداري ضعيفي دارا بوده است که در نسل پنجم به کيفيت بسيار بالا تري ارتقا يافت و همجنين فيلم برداري کاملا HD که فيلم هاي با کيفيت بالا را مي توانيد با آن بگيريد از ايراد هاي آن نيز مي توان به وجود نداشتن راديو و مايکروسافت آفيس اشاره کرد و از جمله گوشي هاي که با آن گوشي در حال رقابت است مي توان به galaxy s3 اشاره کرد که وزني بيشتر و اندازه اي بزگ تر را دارد .,1,Positive
بر روی قاب پشتی تبلت نیز دوربین به همراه فلاش LED و بلندگوها جاسازی شده‌اند که با وجود قاب سفید رنگ دوربین،  نمای پشتی تبلت نیز بسیار زیبا و شکیل گشته است.,2,Positive
تاچش حرف نداره.,2,Positive
سخت افزار کمي بهبود يافته و جنس بدنه ان براق ميباشد وداراي nfc هم هست.,1,Positive
"عاليه

ديجي کالا کارت حرف نداره",2,Positive
به لطف صفحه نمایش Super AMOLED عظیم و پردازنده چهار هسته‌ای قدرتمند گوشی،  تماشای ویدئو بر روی Galaxy S III بسیار لذت‌بخش است.,2,Positive
قبل از خريد به کيفيت ال سي دي اون خيلي شک داشتم با توجه به مشخصاتش اما وقتي خريدم واقعاً متحير شدم و فهميدم اين مشخصات روي کاغذ با واقعيت کاملاً متفاوت هست .,1,Positive
گوشي عالي‌اي بود ولي با اين قيمت ميتوني يک 4X بخري که ۴ هسته اي تگرا۳ هست.,1,Positive
"عاليه خيلي زيباست

",2,Positive
من يه xr550 خريدم باهاش فيلم گرفتم کارش بيسته ولي يه مشکل کوچولو داره بعد از اينکه فيلم گرفته شده رو روي کامپيوتر کپي ميکنم فيلم به صورت اسلوموشن حرکت ميکنه اگر کسي ميتونه کمک کنه ممنون ميشم,1,Positive
بابت خش پذيري قاب پشتش هم کلي راه حل هست ..,1,Positive
همونطور که مهندسان اپل در کنفرانس ِ معرفي گفتن،  در اين يکي دو سال،  آيپاد تاچ و به تبع ِ اون آيپاد تاچ نسل 4 ،  محبوب ترين دستگاه پخش موزيک و حتي بازي در بين کاربران بوده.,2,Positive
به نظر من به خاطره حجم کوچکش ميتونه مفيد باشه,1,Positive
با این حال باید بگوییم که این گوشی شکیل‌تر نیز شده است.,1,Positive
هم از لحاظ طراحي وهم از لحاظ سخت افزاري و نرم افزاري عاليه ,2,Positive
شیوه کاملاً نوین تعامل با تلویزیون را تجربه کنید.,1,Positive
"سلام به همه ي دوستان 

به نظر من اين دوربين ميتونه واسه ي کسايي که ميخوان شروع به عکاسي کنه يه دوربين ايده‌آلي باشه

من خودم به تازگي اين دوربينو گرفتم و کاملاً ازش راضيم البته نسبت به قيمتش",1,Positive
ديروز اين دوربينو از ديجي کالا خريدم ،   تا شب فقط داشتم باهاش کار ميکردم و همه جوره امتحانش کردم ،  بايد بگم که بسيار از خريدم راضي هستم چون کيفيت اين دوربين فوق العاده است قبلش با دل چرکيني داشتم ميخريدم چون فکر ميکردم به پاي کانن نرسه!,2,Positive
همچنین به نظر ما از نظر مقاومت در برابر خراش و آسیب های احتمالی مقاوم‌تر از کاور پشتی Galaxy S اصلی است.,1,Positive
خيلي هم ازش راضي هستم.,2,Positive
• دوربین یکی از بزرگ‌ترین ضعف‌های نسل چهارم iPod Touch،  دوربین آن بود که دقت آن کمتر از یک مگاپیکسل است.,-2,Negative
اگر نگم از کانن بهتره بايد گفت چيزي هم کم نداره.,1,Positive
من هم قبول دارم که بهترين گوشي هست.,2,Positive
"خدايي بگم , قيمتشم هر چي باشه ارزش داره ديگه محصول اپل و کلاس کاري خودش ..",1,Positive
بنابراین از نظر پورت‌ها و کنترل‌های فیزیکی خیلی خلوت است و حتی دکمه‌ی شاتر دوربین هم وجود ندارد.,-1,Negative
عالي عالي عالي هيچ گوشي جلوي اين حرفي واسه گفتن نداره من تو دبي تست کردم perfect,2,Positive
جمع بندی با یک تبلت بسیار دوست داشتنی آشنا شدیم.,2,Positive
در کل يه محصول ايده آل و خاص براي افراد خاص مي باشد که تا مدت ها شما رو از داشتن يه گوشي هوشمند و پر قدرت بي نياز مي کنه.,1,Positive
ساخت اولين گوشي هوشمند با برند سوني و گذاشتن ويژگي‌ها و امکاناتي خاص در اين مدل مي‌تواند نويد آغاز دوباره‌اي براي شرکتي باشد که تا سال گذشته،  در مقايسه با رقيبانش،  آنقدرها که بايد نتوانست خوب عمل کند.,1,Positive
پردازنده ي خوبي داره و از پس کاراي روزمره برمياد.,1,Positive
خوشم اومد دنبال يکي بهتر از one x بودم که پيدا کردم به احتمال اينو بخرم,1,Positive
من خودم به شخصه از داشتنش راضي هستم خودم هم اين رو داشتم هم پلي استيشن3 ولي به جرات ميتونم بگم تفاوتي بين اين دو نديدم از جهاتي هم برتر بوده بازي ها از لحاظ گرافيکي هيچ فرقي با هم ندارن کافي که فقط کابل hdmiرو وصل کنيد به تلويزيون و از بازي باهاش لذت ببريد امکانات سخت افزاري بالاتري رو نسبت به پلي استيشن داره و از همه مهمتر بازي هاي موجود تو بازارش از پلي استیشن بيشتر هستش و هم ارزون تر به نظرم اگر خواستيد بين اين دو غول کنسول بازي يکي رو انتخاب کنيد ايکس باکس بهتره-فقط بايد از جاي مطمئن خريداري کنيد که ديجي کالا اين امکان رو براتون فراهم ميکنه و خيالتون راحت باشه و دست اخر اينکه هردو کنسول هر از گاهي احتياج به اپديت دارن تا بتونيد با بازي هاي جديدي که مياد بتونيد بازي کنيد  اونم به دليل اينکه بازي هاي جديد با گرافيک بالاتري مياد و اپديت نرم افزاري لازم دارن تا از امکانات اون استفاده کنيد درکل ايکس باکس خيلي بهتره,1,Positive
اين لب تاب از نظر گرافيک خيلي خوبه و همچنين سيستم خنک کنندگي خوبي داره فقط وقتي بازي سنگين با لب تاب ميکنيد کمي از هواکش گرما بيرون ميده که طبيعي هستش و بدنه خيلي خوبي داره.,2,Positive
به کمک این سخت افزار قدرمند، محیط کاربری بسیار روان است،  هیچگونه کاهش سرعت و یا به اصطلاح Lagی در آن مشاهده نکردیم.,2,Positive
ايفون فايو يک سوپر اسمارتفون فوق العاده است تاچ بي نظير صفحه نمايش عالي باتري مناسب سيستم عامل بسيار عالي امکانات فراوان که به زندگي معنايي ديگه مي بخشه از همه مهم تر اعتبارش اما قبول کنيد که حداقل نيمي از کاربرد هاش تو ايران بي فايده است به علاوه الآن تو ايران اندرويد خيلي پيشرفت کرده و جايگزين جاوا شده حالا انتخاب با خودتان است اما به نظر شخصي من اس3 يا نوت 2 براي ما ايراني ها بهتر است يا هر گوشي ديگري *يا نهايت احترام به اپلي ها*سپاس,1,Positive
ولي بازم جاي اميد است که با يک کم دستکاري در تنظيمات گوشي مي‌توانيد عکسهاي بهتري بگيريد مثلا خود من براي اينکه عکسهاي واضح‌تري داشته باشم iso را روي 800 قرار دادم و روشنايي عکسها را يک درجه زياد کردم که اينجوري وضوح عکسها زيادتر شد .,1,Positive
ازش راضيم .,1,Positive
"تلویزيون خوبي است بهترين قابليتي که خودم هم متعجب کرد دوربين واقعاً عالي است که روي هوا دست آدم رو تشخيص ميده و کيفيت خوبي داره که اين واقعا من رو متعجب کرد البته بايد بگم که توي نور زياد عملکرد عالي داره ولي چند نکته اي است که به عزيزاني که مي خواهند اين تلوزيون را بگيرند بگويم:

1.اگر براي قابليت هاي اين تلوزيون مي خواهيد اون را بگيرد بايد بگويم که حتما بايد شبکه بي سيم اينترنت مثل: وايمکس و وايرلس داسته باشيد .",2,Positive
شفافه و تاچشم عاليه.,2,Positive
تمام قسمت پشتی درب و قسمت درونی از پلاستیک ساخته شده ولی قسمت استراحت مچ از فلز آلومینیوم ساخته شده است تا با اینکه لپ‌تاپی در سطح کاربری عام و رده‌ی کاربری عام است،  کیفیتی بالاتر از رقبای هم سطح خود را ارائه دهد.,1,Positive
با توجه به سايز صفحه هاي نمايش چشم انسان قادر به تمييز کيفيت HD و Full HD نيست.,-1,Negative
برنامه S Planner همان‌طور که از اسم آن می‌توان متوجه شد یک برنامه تقویم بسیار کارآمد است که به شما در برنامه ریزی‌هایتان کمک شایانی می‌نماید.,2,Positive
اولين چيزي که خورد تو ذوقم نداشتن امکان ارسال بلوتوث بود چرا؟,-1,Negative
این پردازشگر به قدری قدرتمند است که هیچ‌گونه کاهش سرعتی حتی هنگام اجرای بازی‌های سه بعدی و یا انجام پردازش‌های سنگین،  مشاهده نخواهید کرد.,1,Positive
استحکام و ديزاين آن حتي زماني که به داک مجهز مي شود حيرت آور است و کاربر حس خوبي را درک مي کند!,1,Positive
اما همانطور که گفتیم،  تفاوت اصلی دوربین W630 با W670 در لنز بسیار عالی W630 است.,2,Positive
يه نکته اي رو که فراموش کرددم بگم اين بود که کيفيت صفحش واقعا عاليه.,2,Positive
سخت افزارش هم خيلي خوب شده و سنسوراش خيلي خيلي بهتر عمل ميکنن.,2,Positive
يک مشکل داره اون نم باطريش.,-1,Negative
يکى از بهترين گوشى هاى حال حاضر است.,1,Positive
خوب تقريبا اين لپ تاپ از همه لحاظ عاليه اما هيچ چيز بي عيب و نقصي وجود نداره و من مي خوام ناگفته هاشو بهتون بگم !,1,Positive
خيلي خوب و زيباست.,2,Positive
که P7700 توانايي 8 فريم در ثانيه را دارد يعني 4 برابر سرعت G1X که 2 فريم در ثانيه است،  که اين مربوط به پروسسور قوي تر نيکون ميباشد.,1,Positive
با توجه به موارد ذکر شده و تجربه شخصي ذکر شده اميد مي رود دوستاني که قصد خريداري اين تبلت با توانايي اعجاب انگيز سخت افزاري را دارند با توجه به حجم مورد نياز خود اقدام به خريد نمايند.,1,Positive
به طور کلي، سه هسته موجود در اين پردازنده به صورت موازي و در فرکانس ۲/۳ گيگاهرتز فعاليت مي‌کنند که اين عامل باعث افزايش کارايي اين واحد پردازشي در محاسبات پيچيده مي‌شود.,1,Positive
فيلم برداري 320 فريم بر ثانيه اش فوق العادس!,2,Positive
عملکرد خيلي بيصدا و استفاده از فن قدرتمند که تا پنج ساعت بازي مداوم هيچ مشکلي بوجود نمياد.,2,Positive
سنسورهای BSI یا Backlit illuminated CMOS،  حساسیت خیلی بالاتری نسبت به نور دارند و در شرایط تاریک تر می‌توانند عکس‌های با کیفیت تر و با نویز کمتری را بگیرند.,1,Positive
به خصوص اینکه باعث می‌شود که احتمال لیز خوردن دوربین در دست کمتر گردد و اثری از لکه و اثر انگشت هم بر روی آن باقی نماند.,1,Positive
مودهای عکاسی که از طریق پیچ تنظیم می‌توانند انتخاب شوند واقعا متنوع هستند.,1,Positive
) اما اين بار،  بسته به رنگ پشت آيپاد جديد،  يک بند در جعبه هست که با ظرافت و البته سهولت هميشگي اپل،  به پشت اون متصل ميشه.,1,Positive
همچنين کيفيت نامناسب صفحه نمايش.,-1,Negative
در ایزو 800 اوضاع بدتر می‌گردد.,-1,Negative
به هر حال امکاناتي که سوني به کاربرش ارائه مي‌کنه واقعاً بيشتره و دوربينهاي سوني عملا دوبينهايي عامه پسندتر و خانوادگي و کانن دوربينهايي حرفه‌اي‌تر از لحاظ کيفيت ثبت تصاوير شناخته ميشن.,1,Positive
البته عيب آيفون مشکل حافظه و سيمکارتش نيز هست.,-1,Negative
"عکس هاي پانوراماي خيلي خوبي ميگيره

و اما : در مورد رم بايد سعي کنيد از رم هاي کلاس بالا استفاده کنيد چون اگر از کلاس 4 استفاده بشه فقط تا 4 گيگ رو ساپورت ميکنه و هشت گيگ رو نميشناسه 

در مورد بدنه: بدنه خيلي قوي و محکمي داره 

در مورد منو : بايد گفت تقريبا به تمام زبان هاي زنده دنيا منو داره از جمله فارسي ،  عربي ،  ترکي و ..",2,Positive
کنتراست عکس‌ها نیز به نظرمان بیش از حد بالا است.,-1,Negative
به نظر مي رسه با توجه به امکاناتش قيمتش مناسبه,1,Positive
در کل همانطور که بيشتر دوستان اشاره کردن عکاسي با اين دوربين زيبا و خوش ساخت حس يک عکاس حرفه اي رو به شخص منتقل ميکنه و ميشه گفت در برابر قيمت ارزش خريد رو داره.,1,Positive
ـ برنامه نوکيا مپ روي گوشي موجود است و مي  توانيد به راحتي از خود سايت نوکيا نقشه هاي مورد نياز را دانلود کنيد و به صورت آفلاين استفاده بکنيد.,1,Positive
ولي يکي از مشکلاتش اينه که بايد هر سال آپديت بشه در ضمن همه بازي ها براي کينکت پيدا نميشه براي مثال آپديت xbox360 من مال 2011 و بسياري از بازي هاي جديد رو ساپورت نمي کنه در حالي ps3 فقط وفقط يک بار آپديت مي خواد و از اين نظر ps3 خيلي برتره.,-1,Negative
تاچ پد نیز چندان بزرگ نیست،  ولی حساس ساخته شده است.,1,Positive
فلاش LED این دوربین فوق‌العاده قدرتمند است.,2,Positive
همانند مدل پیشین، نمایشگر این دوربین هم کاملاً چرخنده و لمسی است.,1,Positive
خيلي عالي هست.,2,Positive
در حقیقت Galaxy S II جزو نخستین گوشی‌های هوشمند با پردازنده‌ی دو هسته‌ای بود و که غوغای فراوانی نمود.,1,Positive
ولي در صورت استفاده از آهنگ و موسيقي متأسفانه شارژش زود تمام ميشود.,-1,Negative
دراين نسخه امکانات وسيعي جهت شخصي سازي قسمت هاي مختلف سيستم عامل افزوده شده که با اين آپديت Galaxy S II نشون ميده که هنوز هم يکي از بهترين‌هاست و گفته هايي مبني بر اينکه دوره اين گوشي گذشته را ميتوان  غير قابل قبول دونست.,2,Positive
در مورد دوربين هم بسيار با کيفيت ساخته شده و در بدنه مشکل نيست فقط صفحه نمايش کيفيت پاييني دارد.,1,Positive
سرعتشم خوبه.,1,Positive
چه با آن به تماشای فیلم بنشینید و چه به مرورگری وب بپردازید نمایشگر 4.3 اینچی Galaxy S II شما را به این فکر می‌اندازد که احتمالا بهترین نمایشگر موجود بر روی تلفن‌های همراه در این حد قیمت را در اختیار دارید.,1,Positive
"انصافاً حرف اول رو ميزنه، از هر لحاظ کامله

",1,Positive
در کنار اينکه استفاده از SD عيب خودشو داره (رجوع کنين به بيانيه گوگل براي عدم استفاده از SD در محصولات Nexus)همه اينها به کنار اگر اهل بازي هم باشين ميدونين که يک سري بازيها منحصرا براي چيپ Tegra ساخته ميشوند و اغلب بقيه بازيها نيز براي اين چيپ بهينه ميشوند!,-1,Negative
قاب پشت صفحه نمایش،  یک روکش متالیک دارد و کمی شبیه به فلز برس داده شده به نظر می‌رسد و متاسفانه تا حدودی اثر انگشت را نشان می‌دهد.,-1,Negative
نوع اول که توسط شرکت LG و هيتاچي طراحي شده بود و در هنگام فعاليت کمي نويز قابل شنيدن در محيط ايجاد مي‌کرد.,-1,Negative
من اين گوشي را خريدم ولي از هزينه ام راضيم و ممکن نبود دستگاه ديگري بتواند اينگونه بنده را ارضاء نمايد.,1,Positive
تمامی این قابلیت‌ها در کنار طراحی مناسب و البته کاربرد های فراوان آن،  قلم Note 8  را به بزرگ‌ترین مزیت آن تبدیل نموده است که این محصول را در بازار نسبت به دیگر 7 یا 8 اینچی‌ها متمایز می‌کند.,1,Positive
با رزولوشن 1136x640 پيکسل از صفحه نمايش لذت ببريد !,1,Positive
"سلام دوستان خسته نباشين

من اومدم اينجا تا خيالتون رو در مورد اين گوشي راحت کنم اومدم تا اين گوشي را زير ذره بين بذارم و يک بررسي مختصري از اين گوشي براتون بذارم

قبل از بررسي بگم که اين اطلاعات کاملا از تجربه چند روزه خودم با اين گوشي است يعني اينکه اين اطلاعات از سايتهاي ديگه يا از کسي بازگو نشده پس هر آنچه که مي خوانيد هماني است که اين گوشي است

خوب بريم سراغ بررسي



وسايل جانبي داخل کارتن

يک دونه هدست بي‌کيفيت و شارژر و کابل usb



مشخصات

کلا مشخصات گوشيهاي هواوي توي هر سايتي متفاوت است و هر جا يک چيزي گفتند توي سايتهاي داخلي يک چيز و توي سايتها خارجي يک چيز ديگر .",-1,Negative
"تبلت بسيار عالي و خوش دستيه

من خودم 5 ماهي دارمش از همين سايتم خريدم

کيفيت بسيار بالا تو ساختش استفاده شده

تو اجراي برنامه ها کم نمياره

عکساي خوبي با اينکه دوربينه پایيني داره ميشه باهاش گرفت

هرکي ميخواد بخره شک نکنه دستگاه خوبيه",2,Positive
براي خريد اين پرينتر شک نکنيد.,1,Positive
صفحه نمایش 7 اینچی این تبلت از نوع IPS بوده و قادر است تصاویری را با دقت 800×1280  پیکسل نمایش دهد.,1,Positive
"بسيار تبلت شيک و کارآمدي هستش

من اين رو امروز از ديجي کالا خريدم و بسيار عالي هستش

با تشکر فراوان از ديجي کالا",2,Positive
در شرایط نوری خوب،  این دوربین می‌تواند عکس های با کیفیت خیلی بالا تولید کند و با توجه به رزولوشن بالایی که سنسور دارد،  تفکیک جزئیات خیلی خوب صورت می‌گیرد.,2,Positive
در قلب این گوشی پردازنده تک هسته‌ای یک گیگا هرتزی Scorpion به همراه 512 مگابایت حافظه RAM قرار دارند که محیط کاربری بسیار روانی را به وجود می‌آورد.,1,Positive
من عاشق اين گوشيم نقص نداره,1,Positive
از طرفي،  وجود نشانگر دکمه‌هاي Back،  Home و Menu در پايين نقطه‌هاي قابل لمس باعث مي‌شود تا در ساعات اوليه استفاده از گوشي،  به اشتباه،  قصد فشار دادن آن‌ها را داشته باشيد!,-1,Negative
ضمنا 95 درصد امکانات نرم افزاري SIII و نوت 2 در اين گوشي وجود داره و در اين رنج قيمت عاليه.,2,Positive
همه چيش عاليه .,2,Positive
من اين گوشي را امروز از همين سايت دي جي کالا خريدم ،  گوشي بسيار زيبا و خوش‌دستيه ، جنس کاور پشتش بسيار لطيف و دوست‌داشتنيه ، تاچ بسيار خوب و پشتيباني عالي و کامل از زبان فارسي داره ،  به همه افرادي که دنبال يک گوشي خوب هستند اما هزينه هم براشون مهمه ،  اين گوشي زيبا را توصيه مي کنم ،  تنها موردي که جاي مطرح کردن داره اينه که اثر انگشت خيلي سريع روي صفحش جا مي گذاره ،  که فکر مي کنم اون هم حتماً چاره داره,2,Positive
این دو دوربین توانایی فیلم برداری با رزولوشن HD را نیز دارند که عالیست.,2,Positive
در ضمن، از کارکرد کلي‌ گوشي و دوربين و قدرت پردازش و خصوصا دقت صفحه نمايش و حساسيت بالاي اون خيلي‌ راضي‌ هستم.,1,Positive
کلا اين مدل نوت بوک 2 ماهه اومده، من که دارم هيچ گونه مشکلي نداره.,1,Positive
چینش دکمه‌ها و کنترل‌های دوربین واقعا عالیست.,2,Positive
واقعا از سونی انتظار نداشتیم که بتواند در این مدل نسبت به مدل پیشین این همه افزایش کیفیت فیلم برداری را ایجاد کند.,1,Positive
صرف نظر از عدم پشتيباني سيم کارت در اين مدل که احتمالا با معرفي مدل LTE برطرف خواهد شد اين دستگاه واقعا کم نظير است.,1,Positive
خريد اون خيلي سخته بخاطر قيمتش.,-1,Negative
این مدل دارای تجهیزاتی تکمیلی برای اتصال به فرمان،  داشبورد،  کلاه و بدنه خارجی انواع وسائط نقلیه از قبیل اتوموبیل،  موتورسیکلت،  دوچرخه و جت اسکی است است.,1,Positive
کيفيت عکس‌هاي گرفته شده هم از رقيبش کمتر نيست و حتي بهتره .,1,Positive
پلير گوشي به صورت پيش فرض از زيرنويس فارسي پشتيباني ميکنه فقط بايد اسم فايل تصويري و فايل زير نويس دقيقا يکي باشه.,1,Positive
"بعضي از مزايا و معايبشو ميگم :

مزايا:

قيمت ارزان در مقابل امکاناتي که داره.",1,Positive
فیلم‌های گرفته شده روان بوده و تصاویر بسیار شارپ می‌باشند.,2,Positive
"کلا بگم يک همه فن حريف

                                                                                                                                                                                                                                                                                                                                                                                                                                                                                                                         ",1,Positive
مشکل اصلي اين تلويزونها به نظر من فقط داغ کردنه حالا مصرف برقش انچنان هزينه اي که قابل به چشم امدن باشه به وجود نمياره,-1,Negative
عکسهايي که باهاش ميگيرم فوق‌العادست.,2,Positive
در ضمن وقتی عکس می‌گیرید،  اطلاعات دقیق جغرافیایی محل به همراه عکسی شما به صورت یک فایل Extif ثبت می‌شود که باز هم به نوبه‌ی خود کاملا می‌تواند کاربردی باشد.,1,Positive
• باتری سامسونگ با قرار دادن یک باتری 4600 میلی آمپری بر روی تبلت جدید خود،  خیال کاربران را از جهت شارژ دهی آن تا حدودی راحت نموده است.,1,Positive
بچه هاي Xbox 360 برن Crysis 2 رو اجرا کنن که داره مياد،  متاسفانه به خاطر ضعف پردازنده و حجم پردازش بالا تو اين بازي رو حالت 3D روي 360 اجرا نميشه،  براي ماکروسافت با اين سياست هاي عجولانش واقعا متاسفم که چنين کنسولي آورده،  در ضمن فقط سري جديد اين دستگاه 360 slim مي تونه اينو اجرا کنه چون يکم کمتر داغ ميکنه و سه چراغه نميشه D:,-1,Negative
کمینه ی نسبت کانونی این لنز در حالت واید f/3.1 می باشد که تا لنزی نسبتا سریع به حساب می آید.,1,Positive
دلیل دیگر را هم می توان در لنز بسیار واید دید که نزدیک به 180 درجه را پوشش می دهد و عملا نیازی به کادر بندی دقیق نیست.,1,Positive
"کاش صفحه کليدش کامل بود اونوقت ديگه هيچي کم نداشت 

",-1,Negative
اگه ميخواين بخرينش اصلا شک نکنيد!,2,Positive
قدرت پردازنده عالي٤.,2,Positive
سلام  به همه دوستان به نظر من خوبي هاي اين محصول خيلي چشمگير تر از بدي هاي آن مي باشد.,1,Positive
طراحي :اول از همه طراحي رو بررسي ميکنيم ايفون 5 گوشي خيلي زيبا،  خوش دست،  سبک و نازکه ولي ايا اين طراحي براي شما تکراري نيست ؟,1,Positive
از نظر سرعت اجرا و کيفيت صفحه نمايش و آنتن دهي با اين گوشي هيچ مشکلي نخواهيد داشت.,1,Positive
اين گوشي بسيار عالي هست و من هيچ مشکل بزرگي در اون به چشم نديدم،  شايد بايد گفت که تنها مشکلاتش داغ شدن هست که ميشه با يه قاب ژله اي از شدت گرمايش کاست و مشکل ديگرش نداشتن لرزش گير در دوربينش هست.,1,Positive
من که واقعاً ازش راضيم.,2,Positive
بايد بگم واقعا عاليه،  از نظر CPU که نسل سوم هست و گرافيکش که 2 هست.,2,Positive
با وجود این سخت افزار مناسب و البته سیستم عامل روان ویندوز که همواره با مدیریت خوب بر حافظه رم،  سرعت مناسبی را به کاربر ارائه نموده است،  تمامی کارها در این تبلت با سرعتی بسیار خوب انجام خواهند شد.,2,Positive
در کل باید گفت که N43SM نوت‌بوک بسیار خوب و خوش ساختی است.,2,Positive
این گوشی مجهز به WLAN برای اتصال به شبکه از طریق سرویس‌های وایرلس محلی و GPS داخلی برای استفاده از انواع اپلیکیشن‌های GPS محور هم می‌باشد.,1,Positive
"دوربين عالي طوري 

اين نکته هم که چند وقتيه توسط اکثر کاربرا مطرح شده راجب داغ کردن گوشيها  که بايد بگم اين قضيه يه امر بسيار طبيعي براي گوشيهاي 4هسته است""و اصلا داغ کردن به اين معنيه که هر4هسته گوشيتون به اضافه تک هسته کمکي که در گوشيهاي 4هسته براي انجام کاراي ساده در گوشي هستش سالمنو خوب کار ميکنن-البته بااين حال به نظرم نبايد بيشتر از56درجه سليسيوس باشه.",1,Positive
دوربين 12 يون اصلا با خيلي از 8 مگاپيکسلي هاي موجود قابل مقايسه نيست، چه عکس چه فيلم!,-1,Negative
بر خلاف نوشته ها ضعفي تو دوربينش نديدم تازه باطريش هم فوق العاده هست..,2,Positive
گوشيه مناسب و خوش دستيه و مهمتر اينکه هر دو سيمکارتش همزمان فعال هست.,1,Positive
در ضمن پردازنده قوي تري نيز نسبت به پردازنده هاي 4 هسته اي دارد.,1,Positive
باتري يون چون توسط کاربر قابل تعويض نيست اگه مشکلي پيش بياد بايد پشت گوشي باز بشه و در اين بين مشکلات ديگه اي که در پي باز شدن گوشي هست هم وجود داره!,-1,Negative
درب فلزی پشت بدنه گوشی به زیبایی آن افزوده است.,1,Positive
در کل هرچند که G6 دوربین کوچکی است ولی به لطف دستگیره‌ی بزرگی که دارد همانند مدل پیشینش به خوبی در دست جای می گیرد.,1,Positive
کساني که مي خواهند گوشي بخرند من اين گوشي را معرفي مي کنم گوشي خوبي است.,1,Positive
عاليه,2,Positive
اين ديگه بهترين تبلته .,1,Positive
لازم به ذکر است که Note 8 در دو ظرفیت 16 و 32 گیگابایتی تولید گردیده که البته آن‌ها نیز قابلیت پشتیبانی از کارت حافظه microSD را دارند،  بنابراین هیچ نگرانی بابت حافظه جهت ذخیره اطلاعات نخواهید داشت.,1,Positive
"این دوربین مجهز به نمایشگر 2.7 اینچی با رزولوشن 230,000 پیکسل می‌باشد که هم سایز و هم رزولوشن کاملا استاندارد و خوب هستند.",1,Positive
"راستش من يه 42 اش رو دارم ازش راضي‌ام

اما به قول دوستمون مصرفش بالاست يه کم

و صد البته گرماي روي سطح تلويزيون و پشتش هم زياده بطوريکه در ايام تابستان اگه کولر نباشه و زمستان که بخاري روشنه اين گرما زياد احساس ميشه

ولي کيفيت تصويرش به نظر من خيلي خوبه",1,Positive
تماشای فیلم از طریق USB با قابلیت ConnectShare Movie کافی است که حافظه خارجی خود را به تلویزیون وصل کرده و فوراً از فیلم ها، عکس ها یا آهنگ های دلخواه خود لذت ببرید.,1,Positive
اما صفحه کلید مجازی این تبلت نیز بسیار راحت و کاربردیست که تایپ با آن به راحتی صورت می‌پذیرد.,2,Positive
این دوربین مقام پرفروش ترین دوربین ورزشی جهان را در اختیار دارد.,1,Positive
بعلاوه میدان دید این لنز در حالت واید بسیار گسترده است و کمینه ی فاصله ی کانونی معادل 26 میلی متر را ارائه می دهد که این عالیست.,2,Positive
رام هاي غير رسمي کامل اندرويد 4.1.2 براي اين گوشي اومده که واقعا گوشي رو معرکه ميکنه.,1,Positive
دوربين يک دوربين عکاسي است اما امکانات فيلم‌برداري آن قوي‌تر است که اين هم به ذات سوني باز مي گردد که در دوربينهاي فيلم برداري حرف اول را مي زند.,1,Positive
به نظر مياد سوني هنوز بازار را در بازي با مگا پيکسبل تصور مي کند درحالي که اين بازي تجاري براي مردم شناخته شده و از اين به بعد کارايي ندارد.,-1,Negative
کيفيت عکسش هم خيلي خوب هست و بايد بگم تقريبا با SX200 تفاوتي نداره..,1,Positive
از نظر کیفیت ساخت و استحکام نیز به ممد استفاده از محفظه ضد آب و پوشش لاستیکی یا Robber Coat آن؛ واقعا درجه یک است.,2,Positive
بهترين گوشي بازاره!,2,Positive
در ضمن سي پي يو  و  کارت گرافيک و رم ايکس باکس در ازمايشگاههاي تست سخت افزاري از لحاظ قدرت پيشي گرفته است و به همين علت سري هاي اوليه ايکس باکس ها 360 سه چراغه ميشودند!,1,Positive
با فيلم هاي بسيار جالبي که ديجي کالا از نحوه کار با اين دستگاه تهيه شده، ديگه هيچ شکي باقي نمي مونه که اين تلويزيون يکي از محبوب‌ترين کالاهاي صوتي و تصويري دنياست .,2,Positive
"جالب اينجاس که Beats رو به هر سيستم ديگه اي وصل کرده بودم شاهد همچين کيفيتي نبودم

Volume اين کوچولو معلوم نيست تا چه حدي زياد ميشه اصلا حاضر نيست کم بياره !",1,Positive
"نسبت به قيمتش گوشي خيلي خوبيه ، 

سرعت خيلي خوب 

تاچ عالي داره

جي پي اسش هم خيلي خوب و کارآمده

تنها ضعفش دوربينشه که لنزش ثابته و عکس هاش کيفيت خوبي نداره

باطريش هم خوبه

سبک و خوش‌دسته

در کل ارزش خريدش رو از 10 من 8 ميدم(2نمره رو هم به خاطر دوربينش ازش کم ميکنم)",2,Positive
من خودم اين تبلت رو دارم و هيچ مشکلي نداره رزولوشن عالي هست هيچ فرقي با نوت ۱۰.,2,Positive
تاچش کيفيت خيلي خوبي داره و منوهاش هم خيلي روون و شکيله،  چند تا بازي و برنامه ريختم روش بدون هيچ مشکلي اجراشون کرد.,2,Positive
"در مورد تبلت چند نکته بايد بگم اول کيفيت تصوير واقعا عاليه واضحا از سامسونگ تب بهتره دوم دوربينش هست که بر خلاف گفته بعضي دوستان کيفيت خوبي داره و حتي از دوربين ٨ 

مگا سوني اکسپريا بهتره.",2,Positive
ولي يک چيز را در نظر داشته باشيد SONY در ضبط تصاوير بي‌نظير ويدئويي و خلق تصاوير 3D هميشه ماهرانه و  مثال‌زدني بوده است.,2,Positive
امروز تحويل گرفتم تا حالا عالي بوده.,2,Positive
آنطور که اپل ادعا می کند آیپاد شافل دارای طراحی فوق العاده است،  که البته ادعایی غیر واقعی نیست.,2,Positive
خوشبختانه سنسور تصویر حساسیت بسیار زیادی به نور دارد و کمینه‌ی نوری 0.1 لوکس را می‌تواند ثبت کند.,2,Positive
اگرچه به نظر از نظر سخت افزاري و مشخصات فني تغييرات خاص و محسوسي در اين مدل نسبت به مدل قبلي يعني HX100V اعمال نشده است،  اما به نظر مي رساند تغييرات نرم‌افزاري مطلوبي به آن افزوده شده باشد.,1,Positive
معايبي داره که وقتي‌ به آندرويد ۴ ارتقأش بدين همش رفع ميشه!,1,Positive
نکته جالب این دستگاه این است که به جز سطوح صاف از خیلی چیزها می توان اسکن تهیه کرد به طوری که ما در آزمایش های خود از صورت و دست خود نیز اسکن تهیه کردیم ولی توصیه می کنیم شما این کار را تجربه نکنید.,-1,Negative
با محتواها و قابلیت‌های بهبود یافته تجربه مشاهده هوشمندانه‌تری داشته باشید با سه سرویس انحصاری و جدید سامسونگ – برنامه‌های کاربردی برای سرگرمی کودکان - Kids،  برنامه‌های کاربردی برای تندرستی – Fitness و برنامه‌های کاربردی برای خانواده - Family Story – وارد دنیای سرگرمی‌های آنلاین شده و از محتواهای ارتقا یافته جدید آنها بهره‌مند شوید.,1,Positive
همچنین در زاویه های مختلف عملکرد آن بهتر از حد انتظار است.,1,Positive
روشنایی صفحه نمایش نیز عالیست.,2,Positive
درون این گوشی یک باتری 1110 میلی‌آمپری جای داده شده که توانایی شارژدهی نسبتاً خوبی را به گوشی ارایه می‌دهد به طوری که می‌تواند تا 7 ساعت زمان مکالمه،  500 ساعت زمان انتظار و 35 ساعت زمان پخش موسیقی را پشتیبانی کند.,1,Positive
حرف نداره.,1,Positive
از nokia belle خوشم اومد ,1,Positive
در حقیقت ASUS یک طراحی نوین را در این جا به کار برده که از MotherBoard دو قسمتی استفاده می‌کند و به کمک لوله‌ها و پنجره‌های تهویه گرمای تولید شده را خیلی سریع دفع می‌نماید.,1,Positive
از خريدي که کردم راضيم.,1,Positive
• کیبورد و تاچ پد کیبوردی که سامسونگ بر روی این لپ‌تاپ‌ها قرار داده است واقعا با کیفیت است.,2,Positive
نویز،  کاسته شدن از غلظت رنگ ها و جزئیات وقتی که از ایزو 800 بالاتر می روید بدتر می شود تا در ایزوی 6400 به اوج خود برسد.,-1,Negative
از نظر کیفیت عکس‌های گرفته شده،  دوربین این گوشی یکی از بهترین دوربین‌هایی است که بر روی گوشی‌های تلفن همراه مشاهده کرده‌ایم.,1,Positive
به درستي که دوربين بسيار قدرتمندي شرکت asus بر روي آن تعبيه کرده است ،  فيلم برداري full HD با ترکيب  رنگ هاي بسيار عميق و اغوا کننده (تنها در شرايط نور کم کمي از قدرت اين دوربين حين فيلم برداري کاسته مي شود و فلاش قدرت زيادي ندارد) ،  در مقوله عکس برداري هم شما با اين تبلت کمبودي حس نخواهيد کرد.,1,Positive
دربارۀ سرعت اين هارد بايد بگم که بي ترديد در حدي که در تبليغات اومده نيست ولي سرعتش حتي  از تبليغات خيلي از شرکتهاي ديگه بالاتره.,1,Positive
در کل دوربينه خوبيه با اين قيمت اگه ميخواي بخري شک نکن,1,Positive
سامسونگ در صفحه نمایش این تبلت از پنل Super PLS LCD استفاده کرده است که رنگ های بسیار زنده و طبیعی را تولید کرده و زاویه دید فوق العاده بالایی دارد.,2,Positive
ضخامت دستگاه تنها 18 میلی‌متر است که نسبت به مدل قبلی 25 درصد باریک‌تر شده است.,1,Positive
دوربين عالي .,2,Positive
در ضمن توي شب هم خيلي عالي فيلم مي گيره .,2,Positive
سلام همه مشخصات سخت افزاري و نرم افزاري اين تبلت رو خوندين اما من اين تبلت رو 3 روزه خريدم چند نکته که باهاش مواجه شدم رو ميگم در صورت استفاده از لايو والپيپر روان نيست تمام بازي ها به گرافيکش نمي خوره  گرافيک mali و adreno به هيچ وجه کيفيت دوربين خيلي کم نهايت شارژ که نگه ميداري 8 تا 12 ساعت در صورت وب گردي و بازي و فيلم ديدن حتي کم تر چون مصرف صفحه نمايش خيلي بالاست ميتونين توي تنظيمات باتريش ببينين حدود 70 درصد مصرف صفحه نمايشه هندزفري با صداي متوسط واي فاي فعال نيست بايد جداگانه رام 4.0.4 رو دانلود کنيد يا به مراکز معتبر بديد تا درستش کنن گرافيک کمي در بازي هاي با گرافيک بالا مثلnfs.,-1,Negative
جاییکه SuperAMOLED ها رنگ‌های زنده تری را تولید می‌نمایند ولی SuperLCD ها کنتراست بالاتری دارند.,1,Positive
حافظه رم 1024 مگابايتي تقريبا يکي از نياز هاي اصلي هر گوشي همرده فبلت هست که با وجودش اين نياز رو هم برآورده کرده.,1,Positive
با وجود اینکه دقت بالا،  نقش مهمی در کیفیت صفحه نمایش بازی می‌کند،  تکنولوژی‌های دیگر استفاده شده در صفحه نمایش Retina MacBook Pro باعث شده است که کیفیت صفحه نمایش این لپ‌تاپ،  با اختلاف زیاد از تمام لپ‌تاپ‌های موجود در دنیا تا به این تاریخ بیشتر شود.,1,Positive
"دوربين خيلي خوبيست و دوستان مزاياي او را گفته اند فلذا من به معايب ميپردازم

چندتا مشکل دارد .",1,Positive
بايد اونو بگيريد توي دستتون تا بفهميد چقدر فوق العادست.,2,Positive
در ضمن در صورت برخورد دوربین با مکان های مختلف؛ که اصلا هم بعید نیست سالم می ماند.,1,Positive
در نهایت،  طبق نتایج به دست آمده،  صحت ادعای کمپانی اپل اثبات گردید و مشخص شد که آیفون 5 از نظر سخت افزاری در کل تا دو برابر قوی‌تر از آیفون 4S عمل می‌نماید و بدین ترتیب مجددا گوشی تولیدی کمپانی اپل در صدر قدرتمندترین گوشی‌های بازار از نظر عملکرد سخت افزار می‌ایستد.,1,Positive
4540 با توجه به سوييچ کردن گرافيک فشار زيادي به گرافيک قدرتمند AMD نمياره .,1,Positive
اما يک واقعيت، بدون بزرگنمايي بگم که يک ايرادش اينه که نميشه  ازش  ايراد گرفت و يک گوشي به تمام معناست.,1,Positive
دسته هاي با کيفيت داره و خيلي راحت باهاش جور ميشين.,2,Positive
دوربيني مناسب کار هاي معمولي است,1,Positive
همچنين شارژ بسيار سريع باطري هم جايي براي گفته شدن داره.,1,Positive
همانطور که گفتیم،  دیگر پیشرفت این دوربین نسبت به مدل پیشین،  به بهره‌گیری از پورت PictBridge مربوط می‌شود.,1,Positive
"اگر نداشته باشيد تلوزيون اصلا کاربرد نداره

2.اين تلویزيون بسيار خوبي است ولي تو ايران زياد کارآمد نيست زيرا بيشتر برنامه هاي کاربرديش مثل برنامه اصلي ورزش تلوزيون فيلتر است و نمي تونيد از برنامه هاي کاربردي ان استفاده کنيد (البته ايران خودش چند تا برنامه و بازي عالي در سامسونگ اپس گذاشته است)

در پايان بايد به مرورگر خود تلوزيون بپردازم که واقعاً عاليه و من از اون راضي بودم ولي اگر کاربران بتوانند براي راحتي خودشون يک کيبرد و موس بي سيم هم بگيرند راحت‌تر مي توانند از مرورگر استفاده کنند و

کيفيت تلوزيون که براي شبکه هاي ايران کيفيت خوبي ندارد ولي براي فيلم هاي فول اچ دي عاليه 



اميدوارم تونسته باشم راهنماييتون کرده باشم",1,Positive
"اين گوشي رو از همين سايت به عنوان هديه خريدم

گوشي خوش ظاهر و خوش دستي هستش

پاسخ دهي تاچش خوبه

اندازه خيلي مناسبي داره و واقعا کاربرديه

قيمتشم خيلي خوبه",2,Positive
دوما :نورگيري ان بسيار کم است و در شرايط نور کم تصوير بسيار بي کيفيت ميشود.,-2,Negative
ولی ما با تست هایی که به عمل آوردیم اسکن هایی بسیار شفاف و با دقت بالا حتی در متون ریز را شاهد بودیم.,2,Positive
صفحه نمايش خوب با دقت پيکسلي فوق العاده بالايي دارد (حدودا300پيکسل در هر اينچ)!,2,Positive
بسيار زيبا و کارامد,2,Positive
اوليش اينه که از بازيهاي سه بعدي مثل آسفالت پشتيباني نمي‌کنه.,-1,Negative
"لپ تاپ خوبيه, از همه مهم تر سبک بودنش هست.",1,Positive
خيلي کارش درسته من که تا حالا باهاش مشکلي نداشتم.,2,Positive
نکات ضعف :-          زاويه ي ديد از طرفين صفحه نمايش مي توانست بهتر باشد-          عدم پشتيباني از شماره گيري هوشمند -          عملکرد صداي بلندگوي گوشي زير حد ميانگين مي باشد-          عدم پشتيباني از DivX/XviD-          عدم قابليت تعويض سريع مموري کارت -          عدم تعبيه ي پورت HDMI.,-1,Negative
تنها ايرادي که ميشه به طور کلي به محصول گرفت اينه که تو کشور ما بعد از ورود گوشيهاي لمسي اين محافظ صفحه که يک لايه نازک و شفاف هم هست مد شد که گويي اين دو لازم ملزوم يک ديگرند ولي افسوس که چيزي جز پايين اوردن کيفيت محصول ندارد ,-1,Negative
"لرزشگير اپتيکالش براي من زياد تاثير ندارد و برخلاف گفته آرمين چهارلنگ که گفتن در حين حرکت هم عکس بدون تاري ميده براي من اينطور نيست و تار است 

ولي عکاسي ماکرو (نماي نزديک) با کيفيتي ميده

در کل براي من به غير اون لرزشگير باقي مواردش عاليه",1,Positive
در کل باید گفت که HP LaserJet P1102 به عنوان یک پرینتر لیزری تک رنگ سطح مبتدی عملکرد و ویژگی های خیلی خوبی را ارایه می‌دهد.,2,Positive
دوستان من يک ماه قبل اين دوربين را خريدم و بعد از دو روز ان را با ضرر فروختم .,-1,Negative
گوشي فوق العاده خوب با سرعت پردازش بسيار بالا مخصوصا براي کساني مثل من که هميشه با اينترنت و ايميل سروکار دارند.,2,Positive
تنها يک مشکل دارد که آنهم مايکروسافت گفته با آپديت سيستم در ماه آتي اين مشکل را نيز مرتفع مي نمايد و آن مشکل عدم امکان استفاده از VPN است.,-1,Negative
طراحي ۳۶۰ زيباست.,1,Positive
من اين دوربين رو خريدم کيفيت فيلم برداريش عاليه عکاسي باهاش واقعا لذت بخشه به نسبت قيمتش فوق العادست,2,Positive
در نهایت دیجی کالا GOPro HD Hero را بهترین دوربین ورزشی تجاری ارزیابی میکند و آن را به کلیه علاقه مندان و ورزشکاران پیشنهاد می کند.,1,Positive
وگرنه همه چيش خوبه.,1,Positive
اين دوربين نسبت به HX-100 هيچ چي کم نداره که از اون خيلي هم جمع و جورتره.,1,Positive
اما حيف که اينم باطريش داخليه و خريدش جرات ميخواد چون براي تعويض باطري در صورت لزوم بايد پشتشو باز کني و براي فروش دست دوم افت خيلي زيادي داره.,-1,Negative
جديد هم هست,1,Positive
همه امکانات را مخصوصآ در اينترنت برايتان به آساني فراهم ميکند.,1,Positive
تصاویر گرفته شده با دوربین 8 مگا پیکسلی این گوشی (که به سنسور Exmore R نیز مجهز است) از کیفیت نسبتا خوبی برخوردارند.,1,Positive
این دوربین مجهز به یک فلاش Pgr-up قدرتمند با برد موثر 3.7 متر نیز هست.,1,Positive
اين قضيه کابل هم که دورش جم ميشه خيلي عاليه و خيلي کاربردي توي حمل و نقل هارد.,2,Positive
فوکوس اتوماتيک بسيار عالي عمل ميکنيد.,2,Positive
کيفتش super amoled plus نيست.,-1,Negative
حتي نسبت به کنون S5 که 8مگاپيکسله کيفيتش کمتره!,-1,Negative
این باندها را می‌توان در خروجی پرینترهای لیزری ارزان قیمت تر مشاهده کرد.,-1,Negative
واقعا حرف نداره من که خيلي قبولش دارم از نظر طراحي زيباست جنس بدنش که فوق العاده محکم و شيک و خوش دست ساخته شده و صفحه نمايش بزرگ و زيباش با تراکم پيکسلي 337ppi فوق العادست و چشمارو خيره ميکنه و به هيچ وجه هنگ نميکنه اندرويد پيش فرضشم 4 هست .,2,Positive
به جز این مورد،  کیفیت صدا بسیار خوب،  واضح و شفاف است.,2,Positive
سونی تعداد زیادی سرویس و برنامه بطور پیش فرض بر روی این تبلت قرار داده است که برای مثال میتوان به Video Unlimited و Music Unlimited اشاره کرد.,1,Positive
مرورگر قرار گرفته بر روی این تبلت به صورت پیش فرض Google Chrome است که مخصوص اندروید 4.1 طراحی گردیده است و دارای مزایای بسیاری است.,1,Positive
مشخصه‌های بسیار کارآمد و امکان ضبط بر روی هارد 30 گیگابایتی یا کارت‌های حافظه SD از دیگر ویژگی‌های این دوربین به شمار می‌روند.,2,Positive
کيفيت ساختش تکه.,1,Positive
دليلي که اين تبلت رو عوض کردم نداشتن قابليت پشتيباني از سيم کارت بود.,-1,Negative
چون فلاش خودش بسيار قدرتمند مي باشد و ديگر نياز نيست يه فلاش هميشه تو کيفتون باشه.,2,Positive
عمق رنگ مشکلی تولید شده توسط این صفحه نمایش به حدی زیاد است که اگر از عکس پس زمینه مشکی استفاده کنید،  تشخیص دادن لبه صفحه نمایش،  از قاب دور آن کمی سخت است.,-1,Negative
بنابراین از نظر پورت‌ها و کنترل های فیزیکی خیلی خلوت است و حتی دکمه‌ی شاتر دوربین هم وجود ندارد.,-1,Negative
در ضمن، برای حمل و نقل این گوشی هم نمی‌توان بر روی جیب‌های شلوار جین حساب کرد.,-1,Negative
ایسوس هم در زمینه طراحی و ساخت Nexus 7 بسیار خوب و راضی کننده عمل نموده است.,1,Positive
گاهی اوقات نیز می‌بینیم که برای فوکوس خودکار بر روی سوژه های مختلف این دوربین،  از فلاش برای پیدا کردن سوژه و کمک به فوکوس بهتر بهره می‌برد.,1,Positive
الان ۱ هفته شده که استفاده ميکنم ،  همه چيزش خوبه بجز ۲ مورد که يکم آدمو ناراحت ميکنه: باتريش که نهايت ۲۰ ساعت کار ميده با استفاده نرمال و کليدهاي سخت افزاريش که بعضي مواقع بايد بيشتر از ۲_۳ بار فشار داد.,-1,Negative
جمع بندی در کل،  با یک گوشی جالب، منحصر به فرد از نظر ابعاد و البته قدرتمند از کمپانی LG آشنا شدیم.,2,Positive
با تشکر از سايت خوب ديجي کالا به نظر من رزولوشن 1024*768 براي صفحه نمايش 5 اينچ کمه و اگه رم گوشي 2 گيگ بود خيلي بهتر مي شد ولي در کل گوشي خوبيه,1,Positive
"اين دوربين رو من از هين سايت خريدم و ميخوام بگم فوق العاده است

تنها فرق اين گوشي با مدل hx20v زومشون هست و همينطور hx30v نسبت به 2 مدل قبلي خودش فقط امکان wifi بهش اضافه شده وگرنه اين 3 مدل هيچ فرقي با هم ندارن و فقط بحث سر زومشون هست.",2,Positive
اين گوشي خيلي فوق العاده است من منتظرم تا مدله one x plus  بياد تا اونو بخرم ,2,Positive
اگر چه که سايت ديجي کالا اين نقاط ضعف رو ذکر کرده اما با يک نگاه هم متوجه ضعيف بودن کيفيت نمايش اون خواهيد شد .,-1,Negative
"کيفيت مکالمه و صفحه نمايش بسيار بالا - سرعت عالي 

باتري نسبتاً قوي - آنتن‌دهي قوي - عکس‌هاي قوي و بدون نويـز - تاچ خيلي خوب - کيفيت عالي صدا - وزن سبک  - زيبا

GPS  و Navigator  کاملا رايگان و کاربردي با نقشه ي داخل شهر هاي مهم ايران (با دانلود رايگان از  اينترنت طريق گوشي) اصفهان - تهران - کرج - قشم - مشهد - يزد - شيراز - کرمانشاه - تبريـز - قم با سخنگوي فارسي

اما معايب :

براي بازي و نرم افزار و وبگردي پيشنهاد نميشود.",2,Positive
بدین ترتیب فوکوس خودکار می تواند خیلی دقیق صورت گیرد.,2,Positive
در کل به نظر من گزينه مناسبي براي دو سيم کارت هست مخصوصا  اينکه از رقيبايي مثل سامسونگ اس دو اس برتري قطعات و برندي خوبي داره .,1,Positive
زومش هم که حرف نداره با آخرين درجه زوم کيفيتش يه ذره هم فرق نميکنه!,2,Positive
سخت افزار هواوی برای تبلت خود،  سخت افزاری قدرتمند را در نظر گرفته است.,1,Positive
بسيار عالي است تا قبل از اين آيپاد يک آيفون بدون سيم کارت نبود اما الان تبديل شده به يک آيفون 5 بدون سيم کارت پس با قيمت دلاري صد در صد ارزش خريدن را دارد .,2,Positive
من شخصا آيپاد تاچ نسل چهار دارم که دستگاهي واقعا شگفت انگيزه..,2,Positive
حتما اين گوشي رو به دوستان معرفي خواهم کرد.,1,Positive
به طور کلي دوربيني کاملاً موفق با تکنولوژي باور نکردني و در حال حاضر بي‌رقيب.,2,Positive
این در حالی است که درون آن یک حافظه‌ی 2 گیگابایتی وجود دارد و از کارت حافظه‌ی Micro SD تا سقف 32 گیگابایت نیز پشتیبانی می‌کند.,1,Positive
چند روز پيش کمپاني سامسونگ تبليغ جالبي عليه جدي ترين رقيبش آي فون 5 منتشر کرد تو اين تبليغ تعدادي از امکانات سخت افزاري و نرم افزاري sIII  رو با I Phone مقايسه ميکنه و تيتر اين تبليغ خيله جالبه که نوشته (    It   Doesen`t  Take Genius   ) که ميگه نيازي نيست باهوش باشيد تا بتوانيد تشخيص دهيد يا براي تشخيص هوش زيادي لازم نيست حالا قضاوت با شما                                                                                                               ,1,Positive
ال سي دي اين گوشي در مقايسه با نوت2 و اس3 بسيـار روشن تر و واضح تر هست به طوري که اصلاً باور نميکنيد تا نبينيد .,2,Positive
) و به نظر من بهترين گوشيه دو هسته‌اي موجود در بازاره .,2,Positive
سخت افزار گلکسی اس 3 از چیپ (Exynos 4 (4412،  پردازنده چهار هسته‌ای قدرتمند Cortex A9 با فرکانس 1.4 گیگاهرتز و پردازشگر گرافیکی Mali-400MP به همراه دو گیگابایت حافظه رم بهره می‌برد که تفاوت سخت‌افزاری آن نسبت به برادر خود یعنی Galaxy S III I9300 همین دو برابر شدن حافظه رم و مدل چیپ آن می‌باشد که این گوشی را به یکی از سریع‌ترین گوشی‌های موجود در بازار تبدیل کرده است.,2,Positive
مخصوصا با توجه به ظرافت،  خوش دستي و شکيل بودنش که از همون ويترين منو جذب کرده و هنوز هم بابت انتخاب کردنش راضي ام..,1,Positive
از تنظیمات دستی این دوربین نیز می‌توان به فوکوس،  تنظیمات نوردهی،  سرعت شاتر،  تراز سفیدی و امکان دسترسی سریع و مستقیم به بعضی قابلیت‌ها اشاره کرد.,1,Positive
در مدت زمانی که این دستگاه را تست کردیم،  متوجه شدیم که بدنه به خوبی ساخته شده و طی فشارهای روزمره،  دچار خمش نمی‌شود.,1,Positive
من هم اين هارد رو از ديجي کالا خريدم ،  و از اين خريد واقعاً راضي هستم .,2,Positive
من الان 2 است کا دارمش و ميشه با اون با کيفيت بسيار عالي 1250 برگ پرينت گرفت قاط قوت:سريع و دقيق زيبا و شيک کيفيت عالي تعداد 1250برگ پرينتو همچنين ساخت کشور اصلي يعني ويتنام است.,2,Positive
مثلا پورت USB روي هارد يه جوريه.,-1,Negative
 واقعا‎ ‎عاليه،  سيستم‎ ‎عالي .,2,Positive
گذشته از ظاهر شيک و سنگينش کيفيت بدنه موقعي که اون رو در دست داريد احساس ميشه.,1,Positive
مزايا: خوش دست بودن گوشي به علت انحناي پشت آن و بدنه مجهز بودن به موتور براويا که باعث شفاف تر شدن صفحه مي‌شود دوربين 12 مگاپيکسلي معايب:دکمه‌هاي پايين گوشي پاسخگويي خوبي ندارند بدنه و صفحه نمايش به شدت اثر انگشت را نشان مي‌دهند گوشي در اجراي همزمان چند برنامه با هم قدرت زيادي ندارد:يکي از معايب مهم اين گوشي در اجرا کردن همزمان چند برنامه است،  مثلا  اگر شما در حال اجراي يک بازي باشيد و همزمان موزيک پلير شما نيز فعال باشد اکنون اگر بخواهيد بازي در پس زمينه باز بماند و يک برنامه ديگر را نيز اجرا کنيد گوشي توانايي اين کار را ندارد و به شما پيغام مي‌دهد که بايد برنامه‌ ي اضافي را ببنديد.,-1,Negative
يکي از جديدترين تبلت هاي سامسونگ مدل P3100 هست که با توجه به مشخصات و برند و شکل ظاهري،  يکي از بهترينها حساب ميشه.,2,Positive
امروز اين گوشي رو که تو پيشنهاد ويژه از ديجي کالا خريده بودم به دستم رسيد ،  جداي تعريف سرويس دهي و سرعتشون براي مني که تو تهران زندگي ميکنم عالي بود ؛ تو پک گوشي فقط شارژر و کابل اتصال به کامپيوتر بود و يه برگه گارانتي شرکت همراه سرويس خاورميانه که اطلاعات گارانتي رو وارد کردم تا برج 2 سال 93 اعتبار داشت ،  گوشي روون کار ميکنه ،  همه چيزش خوب بود نسبت به پولي که ميخواي بدي (البته xperia e dual گوشي بدي نيست ) اگه نمي خوايد پول زيادي بابت گوشي بديد اين يکي از بهترين انتخاب ها تو دو سيم ها است ( دو سيم بودن براي من خيلي مهم بود ) دوربين تعريف چنداني نداره ولي قدرت سيگنال wifi و gps خوب بود.,1,Positive
اگر قصد خريد يک گوشي تلفن همراه لمسي تو رنج قيمت چهارصد تا پونصد دارين،  شک نکنين که اين گوشي بهترين انتخاب هست .,1,Positive
در کل باید گفت که P7700 جهش خیلی خوبی نسبت به P7100 بوده است.,1,Positive
کيفيت صدا و پخش اون خوبه.,1,Positive
اما کمینه‌ی نسبت کانونی آن در حالت واید و زوم،  f/3.5-5.6 می‌باشد که عالی نیست ولی خوب است تا در عکاسی شرایط نوری ضعیف هم مشکل زیادی نداشته باشید.,1,Positive
بايد به اين نکته توجه داشت که درسته مشخصات اين گوشي روي کاغذ از ديگر گوشي ها ضعيف تره ولي بیشترين بازدهي رو داره.,1,Positive
بلندی صدا نیز بسیار مناسب است ولی با این وجود،  علاقه‌مندان به موسیقی و تماشای ویدئو بهتر است که از بلندگوهای خارجی و یا هدفون استفاده کنند.,1,Positive
کيفيت چاپ اوليه که حرف نداره.,2,Positive
من اين گوشي رو خريدم و واقعاً ازش راضي ام با اينکه باتريش يک کم ضعيف هست ولي نسبت به قيمتش مي ارزه .,1,Positive
البته درب پشت گوشي که محل قرارگيري باتري و سيم کارت است از جنس آلومينيوم مقاوم است که خود اون هم احساس خوبي هنگام در دست گرفتن گوشي دارد.,1,Positive
لولاها و چارچوب لپ‌تاپ بسیار مقاوم ساخته شده و به راحتی می‌توانند ضربات کوچک ایجاد شده،  مصارف روزمره را تحمل کرده و دچار خمش یا پیچش نخواهند شد.,2,Positive
وزن Xbox 360 Slim نیز مقداری از Xbox 360 کمتر شده است.,1,Positive
از لحاظ ارگونومي اين گوشي با اين که هم وزن نسبتا زيادي داره و هم صفحه نمايش بزرگي داره ولي به لطف قوسي که گوشي داره و جنس فلزي پشت گوشي داره ولي توي دست فوق العاده حس خوبي ميده و خيلي خوش دست مي باشد.,1,Positive
پس اگر به دنبال داشتن یک گوشی دو سیم کارته بزرگ هستید بدون شک Galaxy Grand Duos انتخاب شماست،  نهایتا مدل تک سیم کارته آن هم برای طرفداران گوشی‌های بزرگ ولی با قیمت ارزان تر تولید شده است.,1,Positive
وزنش 220g رابط اتصالش USB 3.0 که سرعتش عاليه.,2,Positive
در قسمت بالای این دوربین نیز فلش بالا جهنده ای قرار گرفته است که خیلی قدرتمند است و بردی در حد 10 متر دارد.,2,Positive
پردازنده دو هسته اي، چيپ گرافيک عالي، خوش دست بودن،  قابليت مکالمه تلفني و ..,2,Positive
براحتي در دست جا ميشه و درصد افتادنش نسبت به تبلت هاي ديگه خيلي کم هستش .,1,Positive
با بازي هاي بسيار متنوع و همچنين بازي هاي اختصاصي زياد و قابليت هايي همچون بازي آفلاين تا چهار نفر .,1,Positive
HP LaserJet P1102 مدل جدید پرینتر تک رنگ لیزری این شرکت از سری سطح مبتدی است که توانایی ارایه‌ی کیفیت خیلی خوب به همراه سرعت بالا دارد.,1,Positive
با اینکه این میزان از آی پد نسل سوم کمتر است،  ولی شارژ دهی خیلی خوبیست و از متوسط تبلت های بازار،  بالاتر است.,1,Positive
سپس برای فیلم برداری کافیست که دکمه‌ی Rec را بفشارید و آن را به سوی سوژه نشانه بروید تا بهترین و با کیفیت ترین فیلم‌ها گرفته شوند.,2,Positive
همچنين براي دانشجوياني که مقاله و جزوه مينويسند بهترين گزينه هستش.,1,Positive
"one x plus تنها گوشي بود که منو مجذوب خودش کرد:و اما دليلش:

1.",1,Positive
در کل به قيمتش مي ارزه,1,Positive
بدنه این گوشی در چهار رنگ آبی،  قرمز،  زرد و البته مشکی طراحی و ساخته شده که انتخاب رنگ‌ها نیز به بهترین و جذاب‌ترین شکل صورت پذیرفته است.,2,Positive
این قلم علاوه بر کارایی اصلی خود در حین کار با تبلت،  یک کارایی شگفت انگیز دیگر نیز دارد.,1,Positive
دوربين بسيار شيک و جمع و جور و سبکي هست..,2,Positive
"تو اين رنج  عاليه رم بالا سي پي يو خوب از مهمتر اندرويد 4.1 حتما ميخرمش

",2,Positive
البته تنها کیفیت بالای تاچ پد،  دلیل این امر نیست و یکپارچه بودن سیستم عامل OS X نیز با فرمان‌های لمسی ،  در این امر بسیار موثر است.,1,Positive
اگرچه جنس بدنه Google Nexus 7 از پلاستیک ساخته شده است اما بسیار مقاوم و با کیفیت به نظر می‌رسد و به دلیل شکل کاملا مستطیلی آن،  به راحتی می‌توان با یک دست با آن کار کرد.,1,Positive
يه کم اين کنسول جديداش نسبت به قبلياش لنزشون ضعيفتره که مشکلي نيست البته.,1,Positive
پدفون 2 دوربين خوبي داره ,1,Positive
کاربرانی که به مصرف انرژی اهمیت می‌دهند حتما خوشحال می‌شوند که این پرینتر دارای ویژگی به نام Auto on/Auto off است که باعث می‌شود وقتی پرینتر احساس می‌کند که مورد استفاده قرار نمی‌گیرد به صورت خودکار به مود Sleep برود.,1,Positive
مورد دیگری که در طراحی iPhone 5 شما را شگفت زده خواهد کرد وزن آن است.,1,Positive
براي اونايي که گوشي هاي بزرگ رو دوست دارن،  بهترين گوشيه!,2,Positive
)تا بتونه استفاده کننگان از محصولاتش رو بيشتر نسبت به ضعف هاي محصولاتش گمراه کنه.,-1,Negative
اما اگر وزن سنگین داک برای شما یک عیب محسوب نمی‌گردد،  می‌توان گفت که این Station برای شما کارایی‌های بسیاری خواهد داشت.,1,Positive
اما HX10v توانایی ضبط ویدیویی 1920X1080p Full HD با سرعت 60 فریم بر ثانیه و صدای استریو را نیز دارد.,1,Positive
دستگاه های چند کاره در بین  این گروه از ماشین‌ها،  بسیار پرطرفدارتر می‌باشد.,1,Positive
"توضيح در مورد اين گوشي 

مزايا 

سي پي يو قوي 

اسکرين با رزولوشن بالا 

اندرويد 4.1

جي پي اس سريع (واقعا تعجب کردم وقتي ديدم با چه سرعتي مکانو نشون داد !",2,Positive
ولي خوب اينفينتي هنگامي که به داک کيبوردش وصله مدت زمان بيشتري باطري نگه ميداره.,1,Positive
طبق ادعای پاناسونیک،  این چشمی تا سه بار پاسخگویی بالاتری نسبت به چشمی دوربین G5 دارد.,1,Positive
البته در مقایسه با iPad 3 چندان شانسی برای برتری دوربین Note 8 وجود ندارد اما در کل عملکرد دوربین بسیار خوب توصیف می‌شود.,1,Positive
با توجه به قیمت این تبلت،  می‌توان آن‌را یک دستگاه مقرون به صرفه دانست.,1,Positive
خوب بله واضحه ميليون ها دلاري که اپل بابت تبليغ اين گوشي خرج کرده بايد از يه جايي در بياد در کل به نسبت قيمت کارايي در حد انتظار نداره (در مقايسه با گوشي هاي هم رده),-1,Negative
فيلمش قابله قبوله.,1,Positive
با استفاده از این مود عکاسی می‌توانید به آسانی هرچه تمام تر عکس‌های بسیار عریض پانوراما تهیه کنید.,1,Positive
از خريدم راضيم.,1,Positive
اين هارد از همه نظر عاليه فقط يه موردي داره اونم اينه که قسمت اتصال کابل به هارد سريع لق ميشه و کابل خوب جا نمي خوره بعد موقع کار قطع و وصل ميشه .,1,Positive
خطای بشکه نیز در کمینه‌ی فاصله‌ی کانونی 25 سانتی متر خیلی خوب کنترل می‌شود و فلاش داخلی نیز با نور مناسب و عدم ایجاد اثر سرخی چشم عملکرد خیلی خوبی دارد.,2,Positive
از قابلیت‌های این دوربین می‌توان به فوکوس خودکار و ثبت موقعیت مکانی و زمانی اشاره نمود.,1,Positive
در کنار چنان سخت‌افزار قدرتمندی، سیستم‌عامل کاملاً حرفه‌ای و جذاب Android 2.3 با واسط کاربری TouchWiz 3.0 قرار دارد.,2,Positive
"سرعتش عاليه و از لحاظ شيک بودن با اين لوگو سوني عالي





",2,Positive
در واقع زمان خیلی کمی برای گرفتن یک عکس و سپس عکس بعدی،  ورود و خروج به برنامه‌ی دوربین و سویچ بین مود دوربین عکاسی و دوربین فیلم برداری لازم است.,1,Positive
لذت ببريد .,1,Positive
کيفيت و سرعت و کارايي قابل تحسيني داره ولي کاش يک مقدار قالب و قيافه بروز تري را براش در نظر مي گرفتن.,1,Positive
گوشي خوبيه.,1,Positive
با در نظر گرفتن تجهیزات سخت‌افزاری قدرتمندی که درون بدنه جای گرفته، بدنه‌ی باریک Galaxy S II در نوع خود یک شاهکار مهندسی محسوب می‌شود.,2,Positive
روي 4.1.2 همه بازي ها اجرا ميشن رمش هم روي اندرويد 4.1 راحت دويست مگابايت خالي ميشه.,1,Positive
خيال آدم راحته که حداقل با يکم آب ريختن روش و چندتا ضربه،  به اين زوديها خراب بشو نيست.,1,Positive
اپل رو واقعا دوست دارم.,1,Positive
من در آخر اينو بهتون بگم که قبل از اينکه ray بخرم خيلي تحقيق کردم و به اين نتيجه رسيدم که تو اين رنج قيمت بهترين انتخاب xperia ray هست و حتي از سامسونگ گالاکسي ace هم از همه لحاظ بالاتره.,1,Positive
"به نظر من خريدن HTC ONE X PLUS  ارزشش بيشتره چون سخت افزاره قوي‌تري داره

",1,Positive
تجربه من بعد از داشته يک هفته اي اين گوشي وقتي که براي بار اول گوشي در دست ميگيريد کاملا متوجه کيفيت ساخت عالي و خوش دست بودن اون ميشيد.,2,Positive
به نظر می‌رسد که این باتری برای یک گوشی در این سطح مقداری ضعیف باشد.,-1,Negative
این لنز مجهز به لرزش گیر اپتیکال تصویر Steady Shot نیز هست که باعث می‌شود لرزش دست شما در عکسی که می‌گیرید تاثیر نداشته باشد تا عکس تار نشود.,1,Positive
از ديجي کالا هم تشکر مي کنم که مشتري مداري را محور فعاليت خودش قرار داده و يقين دارم هروز بهتر از ديروز خواهد بود,1,Positive
در جلوی Xperia ray صفحه نمایش 3.3 اینچی لمسی خازنی با رزلوشن 480x854 قرار دارد که تراکم پیکسلی بسیار بالای 297ppi را ارائه می‌دهد.,1,Positive
تلويزيون بي‌نظيريه ولي داغ ميکنه,1,Positive
فوق العاده سريعه.,2,Positive
،  با احترام به نظر دوستمون بايد بگم شما اگه فقط يه هفته با اين سيستم عامل کار کنيد واقعا عاشق کار با اين سيستم عامل مي شويد.,1,Positive
دوربينشم متوسطه ولي بدم نيست.,1,Positive
از مزایای اصلی این تبلت می توان به بهره گیری از جدیدترین نسخه سیستم عامل اندروید،  باتری بسیار قدرتمند و سنسور مادون قرمز اشاره کرد.,2,Positive
صفحه نمایش 4.7 اینچی با کیفیت فوق‌العاده،  پردازنده چهار هسته ای قدرتمند و ویدئو پلیر قوی با پشتیبانی از اکثر فرمت های تصویری،  بهترین تجربه تماشای ویدئو بر روی گوشی را برای شما به ارمغان می‌آورد.,2,Positive
ايفون 5 عالي هست ولي کامل نيست.,1,Positive
سبک و زيبا و پر قدرت!,1,Positive
من اين دوربين رو خريدم ،  نسبت به قيمتش خيلي عاليه فقط بايد نسبت به شب بودن يا روز بودن تنظيم بشه:عکسهاي خوبي داره.,2,Positive
سنسور CIS موجود؛ آن را بسیار سبک وزن می سازد به طوری که به راحتی می توان آن را در یک کوله پشتی ساده جای سازی کرد.,2,Positive
در اين مدت شکر خدا هنگ نکرده با اينکه هر روز 6 ساعت پشت سر هم باهاش کار مي کنم ـ باتري هم که حرف نداره.,2,Positive
ولي مطمئن شدم که ion بهتر از acro s هست.,1,Positive
نظر من اينه که در بين گوشي هاي هم قيمت خودش نمونه است.,1,Positive
از لحاظ نرم افزاری هم این گوشی به آخرین نسخه سیستم عامل اندروید یعنی اندروید 4.1.1 به همراه رابط کاربری TouchWiz مجهز است که تغییرات بسیار زیاد و عالی نسبت به نسخه استاندارد اندروید 4.0.4 دارد.,2,Positive
وجود قلم در کنار این تبلت به شما این امکان را می‌دهد که استفاده از قلم و کاغذ را کنار گذاشته و تمامی نیاز های خود به نوت برداری را،  با همین تبلت بر طرف سازید.,1,Positive
يعني واقعآ اگه نخريد ضرر ميکنيد به اين ميگن گوشي صفحه با‌کيفيت .,1,Positive
همچنین عملکرد آن در زوایای دید مختلف نیز قابل تعریف و تمجید نیست.,-1,Negative
ایزو 1600 مقدار بیشتری نویز و کاسته شدن از غلظت رنگ‌ها را نشان می‌دهد ولی عکس‌ها همچنان کاملا قابل استفاده هستند.,1,Positive
شايد کار ساده اي به نظر بياد اما فوق‌العاده من و دوستمو خوشحال کرد .,2,Positive
به هر صورت همانطور که گفتیم،  سنسور تصویر 16 مگاپیکسلی Super HAD CCD توانایی گرفتن عکس هایی بسیار با کیفیت را در شرایط نوری خوب دارد.,1,Positive
کمي هم تيونر داخليش کنده و کانال ها رو دير عوض ميکنه.,-1,Negative
"دوست عزيز اسلوموشن بودن تصوير دلايل زيادي داره

1-سرعت کم پردازش کارت گرافيک

2-مقدار بازدهي فرکانس مانيتور

3-نرم افزار پخش کننده فيلم",-1,Negative
به نظر من اين همان ايفون 5 ميباشد به شکلي خيلي زيباتر،  شکيل تر و باريکتر و تمام امکاناتي رو که ايفون 5 داره اينم داره تنها از سيم کارت پشتيباني نميکنه البته ميشه با يه دستگاه جي ميت مکالمه اونم فعال کرد  و يک گزينه خيلي خوبي هست براي کساني که هزينه خريد ايفون 5 رو ندارن البته هنوز معلوم نيست قيمت اون چقدره.,2,Positive
متاسفانه من معتقدم که آينده گوشي ها مالandroid هست و شرکت Apple همان اشتباه شرکت BlackBerry رو تکرار مي کنه و به همان سرنوشت دچار مي شود .,-1,Negative
به نظر من نداشتن کفشک فلاش نقص براي کاربران معمولي و کاربران نيمه حرفه اي نيست.,1,Positive
"من چند روزيه اين گوشي رو خريدم و به نظر من که در ماه شايد 2-3 تا گوشي عوض ميکنم با اين قيمت ميشه گفت فوق‌العادست

براي خريدش شک نکنيد",2,Positive
من يکي دارم و خيلي هم شيک و بادوام هستش و يه راهنمايي:حتما از برنامه iTunes استفاده کنيد و آهنگ هاتون رو همينجوري داخل خود آي پاد شافل کپي نکنيد که کار نميکنه.,2,Positive
براي کاهش نويز هم ميشه سرعت شاتر رو با زاويه نور تنظيم کرد.,1,Positive
از طرفی فیلم‌های گرفته شده با دوربین این گوشی در کیفیت HD 720p با سرعت 30 فریم بر ثانیه بسیار روان هستند و کیفیت قابل قبولی دارد.,1,Positive
احتمالا این مود عکاسی است که بیشتر علاقه دارید دوربین را بر روی آن بگذارید و عکاسی کنید.,1,Positive
چند نکته بسیار مهم وجود دارد که در رابطه با Retina MacBook Pro باید بدانید: اول اینکه پردازنده و حافظه RAM کاملا به برد دستگاه لحیم شده‌اند و امکان ارتقای آن‌ها وجود ندارد.,-1,Negative
سرعت و عملکرد خوبي دارد.,1,Positive
بعلاوه اینکه این دوربین توانایی ضبط ویدیویی با سرعت خیلی زیاد بعلاوه اینکه این دوربین توانایی ضبط ویدیویی با سرعت خیلی زیاد 320 فریم بر ثانیه را نیز دارد تا بعدا وقتی آن را با سرعت 30 فریم بر ثانیه مشاهده می‌کنید یک فیلم اسلوموشن را شاهد باشید.,1,Positive
اما یکی از بهترین بهبودها در این دوربین نسبت به مدل پیشین در نمایشگر بوده است.,2,Positive
در تستی که با باتری همراه این دوربین انجام دادیم،  این دوربین توانست تا مقداری کمتر از 2 ساعت فیلم برداری را در کیفیت کاملا انجام دهد که نسبتاً خوب است.,1,Positive
آخرين مدل آن شامل خروجي HDMI و همچنين آپديت نرم افزاري جديد نيز ميشود که در مدل هاي اوليه وجود نداشت.,1,Positive
طراحی و ساخت گوشی Desire SV از جنس پلاستیک ساخته شده است و طراحی جمع و جور،  گوشه های انحنا دار و ابعاد مناسب این گوشی موجب می‌شود که استفاده از آن تنها با یک دست نیز امکان پذیر باشد.,1,Positive
در کل در خريد اين دوربين شک نکنيد.,1,Positive
من زوم دوربين canon sx30 و canon sx40 رو ديدم ، خداييش يه سر و گردن  با پردازشي  که حين زوم داره بالاتر از اين دوتاست.,1,Positive
به عنوان يک مصرف کننده پيشنهاد حتما استفاده کنيد.,1,Positive
باتريش هم خوبه.,1,Positive
تنها اشکالي که فعلا وجود داره اسپيکرهاي ضعيف اين گوشي هست که چنگي به دل نميزنه.,-1,Negative
"سلام

تلويزيون هاي پلاسما عمر کمتري نسبت به led دارن و همين طور مقاومتشون در برابر ضربه کمتره در ضمن مصرف و گرما بيشتري هم دارن ولي اگه دنبال سايز بالا با قيمت پايين مي گردين مورده نسبتاً خوبيه ولي توصيه ميکنم بودجتون رو بالا ببرين و led بخرين يا اگه پلاسما خريدين حتما خيلي مراقب ضربه خوردن و ريختن آب و..",-1,Negative
دوربينش واقعا عاليه.,2,Positive
اين گوشي واقعا عاليه .,2,Positive
من دو هفته ست 32 گيگشو گرفتم فقط چند تا عيب تا الان داشته.,-1,Negative
"البته باز مشکل ريجن فري نبودن باقي است

از مزيت هاي اين روش نسبت به مود چيپ اين است که بر خلاف مود چيپ هيچ گونه قطعه اضافي اي برروي سخت افزار کنسول نصب نخواهد شد و در آينده نيز به راحتي مي توان با جايگزين کردن ميان‌افزار اصلي،  کنسول را به حالت اوليه باز گرداند.",1,Positive
برنامه play memories home & online بسيار پر کاربرده که به شما اجازه ميده هرجايي که هستين از طريق گوشي هاي آندرويد يا آپل خودتون عکس ها و فيلم برداري هايي که با دوربين انجام دادينو به راحتي آپلود کنيد و ببينيد !,1,Positive
به کمک این کارت گرافیکی، نوت‌بوک شما به راحتی می‌تواند نوت‌بوکی مناسب برای انجام بازی‌ها‌ی رایانه‌ای و اجرای برنامه‌ها‌ی سنگین گرافیکی باشد.,1,Positive
"من که خريدم ازش راضي ام

",1,Positive
با سلام به همه دوستان چند روز پيش يکي از محصولات فوجي رو از سايت ديجي کالا خريد کردم و مفيد ديدم که تجربيات خودمو در اختيار بقيه خوانندگان هم قرار بدم در مورد دوربين هاي سري s و hs فوجي بايد بگم دوربين هاي بسيار خوبي هستند بخاطر اينکه حداکثر امکانات را با حداقل قيمت در اختيار شما مي گذارهلنز هاي وايد 24 ميليمتري به ثبت فضاي زياد در عکس ها کمک بسيار بالايي ميکنه و اين قابليت در فضاهاي کوچک بسيار چشمگير تر ميشهزوم هاي بالاي اين سري از دوربين ها علاوه بر اينکه شمارو از خريد لنز هاي گران قيمت بي نياز ميکنه اين قابليت رو هم داره که بتونيد همه جا از زوم بالاي اپتيک بهره ببريديک توصيه خاص هم به کسايي دارم که ميخوان هيچوقت مشکل باتري نداشته باشن و اونم اينه که اگر ميتونيد انواع داراي باتري قلمي شارژي رو تهيه کنيد چون با خريد چند باتري اضافي با هزينه اي ناچيز تقريبا هيچوقت نگران تمام شدن باتري دوربين نخواهيد بود و  هميشه ميتونيد با خيالي راحت عکاسي کنيداندازه کوچک و جمع و جور دوربين يک مزيت براي حمل و نقل آسان به شمار ميرهدرسته که ممکنه دوربين شما در برابر مارک ها و مدل هاي معروف کمي ناشناخته به نظر بياد ولي مطمئن باشيد در کارايي هاي عادي نه تنها عقب تر نيستند بلکه در خيلي از موارد جلوتر هم هستند و تنها مورد تفاوت ممکنه در حالت هاي خيلي خاص عکاسي به چشم بخوره که امکان استفادش در حالت هاي روزمره خيلي کمه اگر مهارت هاي کافي عکاسي در عکاسي داشته باشيد مطمئن باشيد ميتونيد عکسهاي خارق العاده اي با اين دوربين ها بگيريدانواع داراي نمايشگر متحرک و لنز با زوم دستي ويژگيهاي منحصر به فردي دارن که در جاي خودش خيلي به کمک شما خواهند اومدکيفيت عکس ها و فيلمهاي اين دوربين ها هم در حد قابل قبوليهاين تجربيات من در استفاده از دوربين هاي فوجي به عنوان يک عکاس نيمه حرفه ايه (8 سال) براي همه علاقه مندان به عکاسياميدوارم با خريد اين دوربين ها ازشون لذت ببريد,2,Positive
در مورد نمایشگر هم بگوییم که دقیقا همان نمایشگری است که بر روی FT1 هم دیده بودیم و نه سایز و نه کیفیت آن ارتقائی نداشته.,-1,Negative
قسمتي از مشکل اين است که کمکي براي فوکوس دستي وجود ندارد يعني به عنوان مثال اشيا براي کنترل بهتر فوکوس بزرگ نمي شوند.,-1,Negative
واقعاً عاليه.,2,Positive
محصولات اپل براي کسايي هست که ديگه به iOS عادت کردند ولي بايد گفت اين گوشي تقريبا در هيچ موردي بهترين گوشي دنيا نيست.,-1,Negative
آيپاد يک ايده آل براي عاشقان سرگرمي و موسيقي آيپد يک سوپر هيرو.,1,Positive
من که دارم همه چيزش عاليه فقط باتريش خيلي قوي نيست معموليه,1,Positive
به طور کلی صفحه نمایش Google Nexus 7 کیفیت بسیار خوبی دارد و مشاهده ویدیوها،  عکس‌ها و سایر موارد بر روی آن بسیار لذت بخش خواهد بود.,2,Positive
و در آخر اينکه از انتخابتون لذت خواهيد برد و مطمئنا ناراضي نخواهيد بود چون مي دونم کارخانه ها هيچ چيزيو کامل توليد نمي کنن اما به راحتي مي گم کساني که از B7722 لذت بردند و يادشونه که چه گوشيه کاملي بود از اين گوشي هم به همون اندازه لذت خواهند برد .,1,Positive
فقط يکمي نسبت به ساير برند ها گرونتره، ولي در عوض کارايي و امکانات بيشتري داره,1,Positive
انصافآ تبلت خوبيه.,1,Positive
حدودا يک ماهه که اين دوربينو خريدم بايد بگم باتوجه به قيمت خريدم ازش راضيم و تجربه اين يه ماهه رو ميگم ابتدا چند نکته منفي : 1- نشانگر شارژ باتري نداره (البته به مرور زمان ميزان کارايي باتريها دستتون مياد ولي خوب اعتباري بهش نيست و اين مشکلو ميشه با باتري زاپاس حل کرد که خوب اينم هزينه برداره)2- رو باتريهايي که با دوربين هست نميشه حساب کرد (يا شايد براي من اينجوري بود چون بعد از يه بار استفاده ديگه شارژ نميشه البته من اينو بايه نفر ديگه هم که فوجي داشت چک کردم اونم همينو گفت)3- براي عکسهاي خوب انداختن بايد زياد باهاش کار کنيد و تنظيمش کنيد که نياز به اطلاعات عکاسي داره و براي افرادي که حوصله تنظيم ندارن خوب نيست.4- فوکوسش يک مقدار کنده و مخصوصا در فيلم برداري اين موضوع خيلي حس ميشه5- بنظرم فرمت ويدئو هاش حجم خيلي بالايي داره و خيلي زود مموري رو پر ميکنه6-  صداي موتورش موقع زوم کردن هنگام فيلمبرداري خيلي زياده (کلا زياد بدرد فيلمبرداري نميخوره ولي براي فيلم گرفتن ساده بدک نيست)و نکات مثبت:1- زوم و رزولوشن بالاش بهمراه ظاهر شکيل و حرفه ايش با توجه به قيمت پايينش شما رو از خريدتون راضي نگه ميداره2- تنظيمات نسبتا خوبي داره از حالتهاي مختلف عکاسي تا تنظيمات محدود شاتر و ديافراگم و ..,-1,Negative
۵٫ امکان پردازش ۵۰۰ ميليون مثلث در ثانيه،  که اجراي سريع تصاوير سه‌بعدي پيچيده را ميسر مي‌سازد.,1,Positive
در کل يه محصول ايده آل و خاص براي افراد خاص مي باشد که تا مدت ها شما رو از داشتن يه گوشي هوشمند و پر قدرت بي نياز مي کنه.,1,Positive
از ديجي کالا هم نهايت تشکر رو دارم که بهترين قيمت ها رو داره.,1,Positive
بدین ترتیب که هیچ گاه و حتی در زمان استفاده زیاد و استرس شدید بر روی لپ‌تاپ،  دمای قسمت استراحت مچ و صفحه کلید بالا نمی‌رود و همواره کاملا خنک است.,1,Positive
اين گوشي رو يکي از دوستام داره واقعاً صفحه بزرگه و کار کردن باهاش راحته (البته بستگي به اندازه دستاتون داره) کيفيت فيلم برداريشم خوبه بنظرم نسبت به قيمتش مي ارزه,1,Positive
به نظر من مهمترين عيب آن قطر زياد و کيفيت صفحه ي پايين است.,-1,Negative
اين اهميت به شخصيت کاربران براي من خيلي اهميت داره که ميشود از مواد به کار گرفته شده در ساخت محصولاتش،  به جمع مهندساني که روي اين محصولات کار مي کنند،  به سيستم عامل واقعا حيرت انگيزش و.,1,Positive
تاچ پد طراحی فوق‌العاده خوبی دارد.,2,Positive
روشنایی نمایشگر به وسیله‌ی سنسور سنجش نور محیطی می‌تواند به صورت خودکار تنظیم شود و این کار تا جایی که ما دیدیم کاملا درست انجام می‌گیرد.,1,Positive
درست است که بدنه دستگاه فلزی ساخته نشده است ولی به محض اینکه با لپ‌تاپ کار کنید،  متوجه کیفیت ساخت و استحکام بالای دستگاه خواهید شد.,1,Positive
از رزولوشن پایین صفحه نمایش که بگذریم،  بقیه مشخصات این گوشی همگی رضایت بخش هستند.,1,Positive
"من 6 ماه بود که گوشي SII داشتم                                                                                                                                                                                                                                                                                         معايب IONکمي طول ميکشه که به اندازش عادت کنيد خوش دست اما بدون کاور چون خيلي بزرگ و بد دست مي شه دکمه هاي پائين گوشي کمي ضعيف و زمان بر براي راحت تر شدن باهاش نبود دکمه منو جاي بد دکمه پاور رنگ ضعيف منو در مقايسه با S IIمحاسنوزن و جنس خوب بدنه نسبت به SII دوربين با کيفيت براي ثبت عکسها با رنگهاي طبيعي شفافيت بالاتر نمايش عکس و فيلم نسبت به SII در کل من SII يکي از بهترين تجربه هاي گوشيم بود و در حال حاضر چون چند روز که ION خريدم هنوز ارتباط لازم رو باهاش بر قرار نکردم ولي به مرور از خريدم راضي تر مي شم و فقط کمي اندازش بزرگ که نسبت به گوشي هاي  4.7""چيزي نيست .",-1,Negative
Canon LiDE 100 اسکنری سبک وزن و نسبتا جمع و جور می باشد که از یک کابل USB برای تغذیه و نیز انتقال داده ها استفاده می کند.,1,Positive
اما کمپانی اپل ادعا کرده که کارکرد آن نسبت به 4S بسیار بهتر شده است و احتمالا در حالت استفاده عادی حدود 1 روز می‌توانید از آن استفاده نمایید.,1,Positive
کاملا ضد خش .,1,Positive
رينگ قرار گرفته روي لنز دوربين خيلي کاربرديست و خيلي راحت ميشه دوربين رو کنترل کرد.,2,Positive
صفحه نمایش در جلوی این گوشی،  صفحه نمایش بسیار بزرگ 4.7 اینچی Super LCD2 با رزولوشن 720x1280 و روکش ضد خش Gorilla Glass قرار دارد که کیفیت بی‌نظیری را ارائه می‌دهد.,1,Positive
"ps3 هم بازي خود را ساخت 

و در آخر بازي Gears of ware پرفروشترين و محبوب ترين بازي در دنيا شد.",2,Positive
پشت اين محصول زيبا از جنس آلومينيوم هاي رنگي بسيار با کيفيته.,2,Positive
سهامش تو اين 2 هفته مداوم داره بالا و بالاتر ميره و با عرضه اسمارت فون هاي ميان قيمت ويندوزفون بسيار سريعتر رشد ميکنه,1,Positive
يه فرق ديگه با hx30 و hx20 داره که لرزش گير دستش دو جهتست ولي براي اونا سه جهتست ولي واقعا دوربين بسيار خوبيه.,2,Positive
جعبه گوشي فوق‌العاده جذاب و باز هم ميگم در حد گوشي هاي کولکسيوني  هست و بعد از باز کردن گوشي اولين چيزي که منو جذب خودش کرد گوشي 5 اينچي 4:3 ال جي فبلت بود که با صفحه نمايش متفاوتش حس خوبي به بيننده انتقال ميده.,2,Positive
این دوربین به خوبی از پس خطای رنگی بر می‌آید.,1,Positive
به نظر من  اين فبلت بعد از ال جي نکسوس بهترين گوشي سال ال جي خواهد بود,1,Positive
گلسي اس 2 پلاس راهي هموارتر و راحت تر از نسخه ي قبلي خود جهت آپديت هاي نرم افزاري در پيش خواهد داشت.,1,Positive
حتی عکس‌ها در ایزو 3200 هم خیلی اوضاع بدی ندارند.,1,Positive
همانند F770،  این دوربین هم طراحی بسیار شکیل و زیبایی دارد که هم از نظر زیبایی شناختی و هم ارگونومی از مدل‌های پیشین بهتر است.,2,Positive
مسلما خیلی بعید به نظر می‌رسد.,-1,Negative
برای مثال می‌توان به ضخامت بیشتر و دوربین ضعیف‌تر آن اشاره کرد.,-1,Negative
"2-امکانات کلي XBOX 360

• هاردديسک پرتابل ـ اين دستگاه به يک هاردديسک بيست گيگابايتي SATA مجهز مي‌باشد که امکان ذخيره‌ي بازي،  موسيقي و دموهاي مختلف را به کاربر مي ‌دهد.",1,Positive
هواوي يک برند شناخته شده و معتبره.,1,Positive
با FT3 دیگر در کوهستان،  جنگل و یا کنار دریا،  نگران خیس شدن،  زمین خوردن و یا یخ‌زدگی دوربین خود نخواهید بود.,1,Positive
واقعا عاليه من که خيلي باهاش حال ميکنم,2,Positive
نميدونم چطوره که حرفه اي هاي عکاسي در سايت درباره اين شاهکار فوجي چيزي نگفتند اما کافيه عکس هاي اين دوربين رو در همه ايزوهاي بالا  با دوربيني مثل کنون 5 دي مقايسه کنيد تا فقط از قدرت اين دوربين متعجب بشيد.,1,Positive
ولي بازم تا حد يک گوشي ۵ مگاپيکسلي نيست.,-1,Negative
اين پرينتر فوق العاده است.,2,Positive
در تست‌های انجام شده،  این گوشی بدون هیچ مشکلی بازی‌های HD را نیز اجرا کرد و تقریبا می‌توان گفت که در اجرای تمامی برنامه‌ها،  بسیار روان عمل نمود.,2,Positive
"من بعد از مدتها تحقيق و مقايسه بين nikon,canon,fujifilm و sony اين دوربينو انتخاب کردم و ميتونم به جرات بگم نسبت به قيمتش محشره.",1,Positive
کاش يکم کوچيکتر بود مثلا 4.3 اينچ يا 4 خواستن شبيه اس3 باشه ولي به صرفه نيست!,-1,Negative
از هر لحاظ،  شارژدهي، انتن دهي، طراحي و ظرافت، سرعت و کيفيت، قبلش هم گلکسي نکسوس داشتم اونهم فوق العادست ولي خيلي مونده به اپل برسه,1,Positive
و مهمترين دليلي که من اينفينيتي رو عوض کردم نداشتن قابليت استفاده از سيم کارت بود.,-1,Negative
باطريش خيلي ضعيفه,-2,Negative
مايکروسافت مشکل سه چراغ شدن دستگاه را که به دليل داغ شدن بيش از بورد آن و جدا شدن پايه هاي gpu و cpu رخ مي داد با تغيير خط توليد خود و بکارگيري بورد فالکون و سپس جاسپر با توان مصرفي پايين تر پس از بورد اوليه بنام زفير تا حدودي حل کرد.,1,Positive
طراحي اين گوشي بسيار زيبا و دوست داشتنيست.,2,Positive
يه ساله خريدم خيلي ضعيف است بازي هم که چي بگم هيچ کدوم رو باز نميکنه ,-2,Negative
"کشيده شدن آيفون5 يکم تو ذوق ميزنه ولي بايد ديد که آيا در عمل در يک صفحه ""4 باز هم ميشه با يکدست کار کرد يا خير.",-1,Negative
دور تا دور این دستگاه را یک لایه آلومینیومی قرمز رنگ فرا گرفته که بسیار زیبا و شکیل است.,2,Positive
من خودم one x دارم ولي تو گوشي هاي سامسونگ اينو حتي ازs3 بيشتر ميپسندم!,1,Positive
کيفيت صفحه نمايش هم با رزولوشن HD 720p و صفحه 4.3 اينچي تراکم پيکسلي فوق العاده بالاي 342ppi را شامل ميشه.,2,Positive
این تاچ پد که از نوع مالتی تاچ می‌باشد،  کاملا حساس و پاسخگو است و عملکردی عالی را از خود به نمایش می‌گذارد.,2,Positive
در تست‌های سخت افزاری،  عملکرد این گوشی در حد برترین گوشی‌های اندرویدی یعنی Galaxy S III و HTC One X قرار داشت که ما را متعجب نمود.,1,Positive
"من خودم حدودا شش ماهه اين دوربين رو دارم حرف نداره 

فيلم‌برداريش از دوربيناي بزرگ خيلي بهتره 

اگه ميخواين دوربيني در اين حد بخرين بهترين گزينه ست بدون شک",2,Positive
اين دوربين به هر حال يک هندي کم است و قيمت دو ميليون تومان براي آن کمي زياد است.,-1,Negative
بدين معني که حداقل براي ما سه بعدي اين دستگاه غير قابل استفاده است.,-1,Negative
این حافظه‌ی RAM، بیشترین مقداری است که تا کنون بر روی یک گوشی هوشمند قرار گرفته و پردازشگر گرافیکی هم توان تولید قدرت فراوانی دارد.,1,Positive
همچنین یک پردازشگر گرافیکی Adreno 225 نیز برای اجرای بی نقص پردازش‌های گرافیکی بر روی این گوشی قرار دارد.,1,Positive
گوشي عالي و خوش دستيه,2,Positive
اپل نتونست گوشي رو دست تراکم پيکسلي گوشي Sony s که 364ppi هست رو بياره حتي LG optimus g هم با تراکم 320 نتونست.,-1,Negative
کلا ازش خيلي راضيم.,2,Positive
ولي در کل تغييرات در جهت بهتر شدن و بهبود عملکرد بوده و اين همان چيزيست که همه انتظار داشتند.,1,Positive
یکی از راه های به همراه داشتن این دوربین،  بستن آن به قسمت سر،  به وسیله ی سربندی است که درست شبیه به سر بند هدلایت ولی کاملا با کیفیت و قدرتمندتر می باشد.,2,Positive
دیافراگم f/2.0 دوربین این گوشی به این معنی است که نور بیشتری به سنسور دوربین برخورد کرده در نتیجه نه تنها سرعت عکاسی گوشی بسیار بیشتر می‌شود بلکه عکس‌ها در فضاهای کم نور از کیفیت بسیار بالاتری برخوردار خواهند بود.,2,Positive
باشيد اگر اتفاقي دستتون به اين دکمه ها بخوره از برنامه خارج ميشيد ولي در xperia ion حساسيت دکمه ها نقطه اي شده يعني وقتي شما تا روي نقطه ي اصلي ضربه نزنيد هيچ اتفاقي نميفته پس اين خوبه,1,Positive
ساپورت مستقيم گوگل بر روي تبلت 5.,1,Positive
وزن این دستگاه تقریبا 2.5 کیلوگرم بوده و برای یک لپ‌تاپ 15.6 اینچی بسیار مناسب است.,2,Positive
کيفيت دوربين اچ تي سي معمولا متوسط است و قدرت رقبا را ندارد .,-1,Negative
من نزديک 1 ساله اين گوشي رو دارم و واقعاً محشره (البته اگه اندرويد 4 رو روش نصب کنيد که ديگه فوق‌العاده ميشه !,2,Positive
محیط کار با دوربین در این گوشی کاملا مبتدیانه و با حداقل امکانات می‌باشد.,-1,Negative
بقيه مشخصات گوشي هم عالي هست و تمام بازي هاي HD که داشتم رو به راحتي اجرا کرد .,2,Positive
در سالهای اخیر اپل بارها از شرکت سامسونگ با ادعای کپی برداری پتنت های اپل و «ظاهر و حس»‌ای پد و تلفن همراه هوشمند آیفون شکایت کرده است و خواهان پرداخت خسارات مادی و معنوی این تخلف شده است.,-1,Negative
نه تنها دوربین این تبلت از فوکوس ثابت استفاده می‌کند،  بلکه به فلاش نیز مجهز نیست به همین دلیل کیفیت عکس‌های گرفته شده به خصوص در فضاهای کم نور،  پایین‌تر از حد متوسط بوده و نویز زیادی هم دارند.,-1,Negative
من الان خيلي وقته دارم يک رم 8گيگ ريختم 5 گيگو سيستم عامل گرفت و تازه من وقتي هر چي برنامه داشتم رو ديليت کردم تازه 287مگابايت مي تونم استفاده کنم صفحه اش خوبه.,1,Positive
رنگ‌های تولید شده بسیار زنده و طبیعی بوده،  متون بسیار شارپ و دقیق نمایش داده می‌شوند و زاویه دید آن نیز عالیست.,2,Positive
اميدوارم لحظه هاي خوبتون رو با اين دوربين ثبت کنيد.,1,Positive
حتی در مصارف سنگین‌تر،  GALAXY Tab 2 می‌تواند حداقل یک روز کامل را شارژ دهی کند.,1,Positive
کافيه از جدول مقايسه همين سايت استفاده کنين تا متوجه برتري هاي اين تبلت بشيد.,1,Positive
رنگ‌های تولید شده بسیار زنده و طبیعی بوده و روشنایی صفحه نمایش بسیار خوب است.,2,Positive
همچنین وجود یک گیگابایت حافظه رم در کنار ین پردازنده،  باعث عملکرد روان‌تر گوشی خواهد شد.,1,Positive
با اینکه صفحه نمایش این گوشی لمسی نیست،  ولی کیبورد Qwerty این گوشی می‌تواند تا حدودی باعث شود که لمسی نبودن صفحه کلید چندان شما را نا امید نکند.,1,Positive
کار کردن با کیبورد Xperia ray بسیار خوب است.,1,Positive
برای مثال مدل 15.6 اینچی که از پردازنده Core i3 و کارت گرافیک مجزای GeForce GT 520MX استفاده می‌کند،  در تست مرورگری اینترنت از طریق Wi-Fi و روشنایی صفحه متوسط،  توانست بیش از 6 ساعت شارژ دهی کند که میزان بسیار خوبیست.,2,Positive
بهترين تبلت دنيا در همه زمينه ها.,1,Positive
این یک رکورد شگفت انگیز است.,1,Positive
در پایین کیبورد، تاچ پد بزرگ دستگاه قرار دارد که از کیفیت و حساسیت بسیار بالایی برخوردار است.,2,Positive
از صداش هم خوشم نيومد .,-1,Negative
در کل کار باش لذت بخشه شايد يکي دو تا ايراد مثل نداشتن صفحه super amoled full hd کاربر رو مأيوس کنه ولي نسبت به قيمتش انتخابه خوبيه / باتشکر,1,Positive
"عکس هاي فوق العاده

فلش عالي

عکس 3 بعدي

و فيلم برداري معرکه اي داره",2,Positive
اگر به دنبال فیلم برداری با سرعت بالاتری هستید می توانید رزولوشن 720p HD را هم انتخاب کنید که بدین ترتیب عمل ضبط ویدیویی با سرعت 60 فریم بر ثانیه انجام می شود تا جزئیات در حرکت های سریع؛ خیلی دقیق تر ثبت بشوند.,1,Positive
عکس های گرفته شده در فضاهای خارجی از کیفیت بسیار خوبی برخوردار هستند ولی در فضاهای بسته،  به خصوص در شرایط نوری ضعیف،  به دلیل عدم وجود فلش،  عکس ها دارای نویز بوده و از کیفیت خیلی بالایی برخوردار نیستند.,-1,Negative
در نهایت اگر جزو کسانی هستید که به دنبال یک لپ‌تاپ خوب و مناسب برای انجام کلیه کارهای روزانه هستید و تمایل ندارید که هزینه زیادی پرداخت کنید،  Acer Aspire E1-531 یک انتخاب بسیار خوب محسوب می‌شود.,2,Positive
دسترسی بیسیم و پخش محتواهای مختلف با قابلیت اشتراک گذاری بیسیم می توانید بیشترین بهره را از محتواها و تجهیزات خود ببرید.,1,Positive
گارانتي آونگ هم که عاليه واقعا اگر دنبال هارد پرتابل ميگرديد بهترين گزينه همينه شک نکنيد!,2,Positive
این دوربین از سنسور تصویر 16 مگا پیکسلی BSI-CMOS و پردازشگر تصویر DIGIC 5 بهره می‌برد.,1,Positive
تنها مشکل از نظر من سوکتشه که تا حالا مشکلي باهاش نداشتم و فکر نکنم اينقدرهام بد باشه .,1,Positive
هرچند که رزولوشن آن پایین‌تر از نمایشگر Retinaی iPhone 4 است ولی با وجود بزرگ‌تر بودن،  کیفیتی تقریبا برابر را ارایه می‌دهد.,1,Positive
کیفیت پرینت در هر دو رزولوشنی که گفتیم،  خیلی خوب است و رنگ مشکی کاملا مشخص و غلیظ می‌باشد.,2,Positive
این دوربین از حساسیت خوبی بهره می‌برد که در مواردی از مدل‌های مشابه خود بهتر شده است.,1,Positive
به هر صورت از این نظر P7700 کاملا عالی و طبق انتظاری است که داشتیم.,2,Positive
کيفيت TF700T خيلي خوبه ولي مال new ipad يک چيز ديگه است و براي تماشاي فيلم عاليه.,-1,Negative
اما اگه چند سال آينده رو در نظر داشته باشيم به اين نتيجه ميرسيم که بازي ها روز به روز بر حجم و گرافيکشون افزوده ميشه و اونوقت PS3 با داشتن ديسک بلوري مشکلي پيدا نميکنه اما xbox ديگه نميتونه بازي هاي خوبي بسازه و(ميشه مثل PS2) که الان بازي هاي با گرافيک بالا نداره .,-1,Negative
وب کم این نوت‌بوک‌ها رزولوشن VGA را ارایه می‌دهد که رزولوشن چندان بالایی نیست ولی به هر صورت برای مکالمه‌های ویدیویی مناسب است.,1,Positive
گوشي خوبي است طبق گفته دوستان دکمه هاي پايين گوشي را نبايد فشار داد بلکه  بايد به سمت بالا کشيد طبق گفته خود سايت سوني اينهم براي اين است که  موقع بازي يا کارهاي ديگه دست شما به اين کليدها خورد عمل نکند و به نظر من هم خوبه,1,Positive
همچنین این دستگاه مجهز به 5 پورت USB (Universal Serial Bus)،  یک پورت مخصوص Kinect،  خروجی های HDMI وAV،  خروجی TOSLINK و همچنین شبکه بی سیم Wi-Fi بوده که نه تنها نیاز کاربر برای گیم و بازی کردن را برطرف می کند بلکه مانند دیگر رقبای خود (از جمله Sony PS3) امکان دسترسی به اینترنت،  ذخیره و پخش فایل های چند رسانه ای (مالتی مدیا) را نیز برای کاربر فراهم می کند.,1,Positive
با این حال این حسگر حساسیت فوق العاده بالایی نسبت به نور دارد تا در شرایط نوری ضعیف تر هم دوربین بتواند تصاویر با کیفیت بالایی را ضبط کند.,2,Positive
همه چي خوب,1,Positive
گاهی اوقات نیز می‌بینیم که برای فوکوس خودکار بر روی سوژه های مختلف این دوربین،  از فلاش برای پیدا کردن سوژه و کمک به فوکوس بهتر بهره می‌برد.,1,Positive
در این حالت،  چهار هسته دیگر غیر فعال می‌شوند و این کار باعث افزایش شارژ دهی باتری می‌شود.,1,Positive
چيزي وجود نداره که بخواهيد و در اين دستگاه نباشه.,1,Positive
واقعیتی که باعث می‌گردد iPhone 5 به یکی از باریک‌ترین و سبک‌ترین گوشی‌های هوشمند موجود در بازار هم تبدیل گردد.,1,Positive
نوع سيم‌دار اين دسته نيز داراي سيمي به طول ۲٫۴۷ متر است تا کاربر بتواند با فاصله‌ي مناسبي از تلويزيون قرار گيرد و به راحتي به بازي دلخواه خود بپردازد.,1,Positive
این یک امکان فوق‌العاده است که ال جی به کاربران Optimus VU هدیه داده است.,2,Positive
اما در بالای صفحه نمایش،  دوربین دوم دستگاه با کیفیت 1.2 مگاپیکسل قرار دارد که نسبت به دوربین دوم مدل قبلی که کیفیت VGA را ارائه می‌کرد،  یک بهبود چشمگیر محسوب می‌شود.,2,Positive
ضمنا جاي بسيار کمي ميگيره.,2,Positive
در ضمن، یک دوربین 2 مگاپیکسلی نیز برای انجام مکالمات تصویری وجود دارد که برای این منظور بسیار مناسب و با کیفیت است.,2,Positive
شايد در ظاهر فرکانس سي پي يو تگرا 3 اينفينيتي بالاتر باشه ولي همانند اچ تي سي وان ايکس در عمل از اکسينوس  4 ضعيف تر عمل ميکنه.,-1,Negative
اما در کل کنسول Microsoft Xbox 360 Slim 250GB Console with Kinect بخاطر چند ويژگي ديگرش بازي با آن لذت بخش خواهد بود.,1,Positive
اگر بزرگ بودن گوشی برای شما یک اولویت محسوب می‌گردد،  Optimus VU بی شک یکی از برترین گزینه های موجود است.,1,Positive
اما يادتون باشه که هميشه يه بهتريني بهتر از بهترين هست اما تو اين رنج قيمت ايني که روبروتونه بهترينه !,2,Positive
و وجود سخت افزار مناسب و سیستم عامل اندروید،  حداکثر سرعت مرورگری را با این تبلت تجربه خواهید نمود.,1,Positive
4- اندازه صفحه نمايش 4.7 براي مرور صفحات اينترنتي و کتاب کار را مشکل و خسته کننده مي کند .,-1,Negative
در تست‌های سخت افزاری،  این تبلت بسیار قدرتمند تر از Samsung Galaxy Tab 10.1 و Asus TF300 نشان داد که این خبر بسیار خوبی است.,2,Positive
من با آيفون 5 کار کردم واقعا عاليه،  وقتي کار ميکني انگار شيشه اي بين دست و آيفون وجود ندارد.,2,Positive
در قلب این دوربین یک سنسور تصویر 16 مگاپیکسلی CCD قرار گرفته که رزولوشن خیلی بالایی را ارائه می دهد و در شرایط نوری مناسب می توانید عکس های با کیفیتی را با آن تهیه کنید.,2,Positive
لپ تاپ خوبيه ولي نسبت به مشخصاتش به صرفه نيست,-1,Negative
همچنین مجهز به سنسورهای شتاب سنج برای چرخش خودکار تصویر،  قطب نمای دیجیتالی،  سنسور پروکسیمیتی و سنسور سنجش نور محیطی هم می‌باشد.,1,Positive
يه سر و گردن از htc sensation بالاتره و اصلا قابل مقايسه نيستن.,1,Positive
"سلام

به نظره من اپل با ساخت اين گوشي پيشرفت چنداني نکرده که بگيم ارزشش رو داره بگيريم البته بيشتر کسايي که ميرن سراغ اپل بخاطر ظاهر خاص و تکش هست ولي با اين حال iphone 5 گوشي خوب و کارامدي هست.",1,Positive
رزولوشن 1280×720 پیکسلی این صفحه نمایش باعث می‌گردد که متن‌ها در آن بسیار واضح و خوانا به نمایش درآیند.,2,Positive
در مجموع تبلت Sony S یک تبلت بسیار عالی با قیمتی مناسب است که با طراحی چشم نواز و منحصر به فردی که دارد،  خود از سایر رقبای هم رده خود متمایز میکند.,2,Positive
بالاخره پس از سال‌ها اپل درگاه انحصاری خود را کنار گذاشت و یک درگاه جدید کوچک‌تر و البته سریع‌تر برای تبادل اطلاعات با نام درگاه رعد رونمایی نمود.,1,Positive
کیفیت بلندگوها بسیار شفاف است و حتی صدای بیس تولید شده نیز کاملا رضایت بخش است و به راحتی می‌توانند جوابگوی نیاز اکثر کاربران باشد.,2,Positive
CPU ساخت سامسونگ و LCD ساخت LG و Sharp و IOS طراحي CISCO واقعآ براي اين گوشي اعتبار آورده وگرنه يک Map خود Apple  ساخت براش مشکل به بار آورد و حذفش کردن،  حالا بعد از اين همه مدت راضي شد از گوگل مپ استفاده کنه که ظرف دو روز 10 ميليون بار دانلود شد که نشون ميده قدرت واقعي رو کدوم کمپاني ها دارن.,-1,Negative
پيشنهاد من به شما اينه که حتماً همين مدل را خريداري کنيد که علاوه بر قيمت پايين کيفيت و دوام خيلي خوبي داره.,2,Positive
"من اين گوشي رو دو هفته هست که دارم گوشي خيلي خوبي هست فقط چند تا عيب کوچيک داره

1- کليد هاي لمسي پايين صفحه نياز به فشار بيشتري دارند

2-دوربينش توي نور روز خيلي عالي هست ولي وقتي نور کم باشه کيفيتش خيلي مياد پايين

3-باتريش در استفاده معمول که شامل اينترنت و بازي ميشه بيشتر از 24 ساعت دوام نداره

ولي در کل نسبت به قيمتش خيلي خوبه",1,Positive
بدون شک يکي از کوچيک ترين هارد هاي اکسترناليه که تا حالا داشتم.,1,Positive
برخلاف مدل P510 که نمایشگر چرخنده ی آن فقط توانایی گردش به سمت های بالا و پایین را داشت،  نمایشگر چرخنده ی P520 دارای یک لولا در قسمت سمت چپ است و می‌تواند به سمت های مختلف گردش کند.,1,Positive
باتری 7000 میلی آمپری این تبلت می‌تواند با مصارف روزمره تا دو روز کامل شارژ دهی کند که برای یک تبلت 10.1 اینچی با پردازنده ای دو هسته ای،  میزان بسیار خوبیست.,2,Positive
افزایش فرکانس سرعت پردازنده نیز عملکرد بی عیب و نقص تبلت را در این دقت بالاتر،  تضمین می‌کند.,1,Positive
برنامه های دیگر آیفون نیز هر کدام به نحوی دست‌خوش تغییرات گشته‌اند و به نوعی بهتر شده‌اند.,1,Positive
داغ نميکنه.,1,Positive
با قطر کمي که اين داره براي هرکسي جابه‌جاييش راحته!,1,Positive
ولي يه مشکلي داشت که در بلند مدت ممکنه خيلي اذيت کنه،  اونم اينه که پشت گوشي خيلي سريع خط ميفته که فکر کنم تو سفيدش کمتر پيدا باشه,-2,Negative
تماشاي فيلم در صفحه نمايش بسيار با‌کيفيت اون بسيار لذت‌بخشه و تصاوير بسيار زنده و زيبا به نمايش در مياد.,2,Positive
آداپتور برق بزرگ .,-1,Negative
با توجه به قيمتش پرينتر خوبيه.,1,Positive
به لطف صفحه نمایش بزرگ 4.8 اینچی این گوشی،  تایپ کردن با کیبورد آن به خصوص در حالت افقی، بسیار راحت است.,2,Positive
قبل از همه چيز بايد بگم از خريد راحت و بسته بندي شکيل دي جي کالا بيشتر از خود دوربين خوشم اومد البته اينو بايد بگم که دليلش اينه که من قبل از خريد اين دوربين نيکون دي 7000 و کانن1100 و چند مدل ديگه رو تست کرده بودم و يه ذهنيت و انتظار بالايي داشتم اما از حق نگذريم به غير از باتريهاي قلمي و درپوش باتري و رم که کمي آزار دهنده است همه چيزش قابل قبوله (با توجه به قيمت),1,Positive
با اینکه این صفحه نمایش بهترین صفحه نمایش موجود بر روی تبلت ها نیست،  اما در میان تبلت های هم رده خودش و با این قیمت،  بدون شک بهترین است.,1,Positive
گوشي خوبي هست اما هم به قيمتش نميرزه هم که زياد هست  و اگه بخواي زياد پول  بدي  بهتره galaxy note2رو بخري ,-1,Negative
براستي که ارزش خريد را دارد چون کاربري ان با تمام برندها متفاوت بوده  و چيزي کم ندارد.,1,Positive
این دوربین به تکنولوژی‌های پیش‌رفته‌ای مجهز شده و می‌توان آن را از جدیدترین‌ها به شمار آورد.,2,Positive
"این دوربین از کارت های حافظه ی Memory Stick Pro Duo, Pro-HG Duo،  SD/SDHC و SDXC پشتیبانی می‌کند.",1,Positive
اين گوشي سخت افزارش با XPERIA Arc يکي هست با اين تفاوت که نمايشگر arc کمي بزرگتره و اين خصوصيت هم هميشه نميتونه خوب باشه .,-1,Negative
به صورت پیشفرض هم برنامه‌های نسبتاً زیادی بر روی آن نصب شده‌اند که Nokia Maps هم شامل آن‌ها می‌شود.,1,Positive
"امنيت گوشي بسيار جالبه 

با تشکر از ديجيکالا",2,Positive
حتی عکس‌های پانوراما نیز بسیار شارپ بوده و جزئیات خیلی دقیقی دارند.,2,Positive
خيلي خوش دسته.,2,Positive
همانند عکس‌های گرفته شده،  کیفیت فیلمبرداری این گوشی نیز بسیار خوب و رضایت بخش است.,2,Positive
صفحه نمایش این لپ‌تاپ واقعا یک نوآوری و یک جهش بزرگ در صفحات نمایش لپ‌تاپ‌ها محسوب می‌شود و به هیچ وجه قابل مقایسه با صفحات نمایش لپ‌تاپ‌های دیگر موجود در بازار مثل لپ‌تاپ‌های ASUS،  Acer،  HP و یا Dell نیست.,1,Positive
در ظاهر همه فکر مي کنند که ال سي دي گوشي ممکنه کيفيت نداشته باشه اما در مقايسه با sIII اين گوشي کيفيت خيلي خوبي داره .,2,Positive
با اینکه سامسونگ با تولید گوشی‌های سری Note قصد داشت یک دستگاه مابین گوشی و تبلت ها را تولید نماید،  اما در واقع این LG است که با تولید Optimus VU به این هدف نائل گشته است.,1,Positive
این نسخه که به دلیل وجود پروژه کره نسخه بسیار روان تری نسبت به نسخه 4 محسوب می‌گردد،  بر روی کمتر گوشی هوشمندی در حال حاضر موجود است.,1,Positive
دوستمون در نقد بالايي نوشته سقوط نوکيا،  اما تعداد زيادي از سايت ها اين گوشي رو نجات دهنده ويندوز فون و نوکيا مي دونن با اين قيمت پايينش.,1,Positive
با وجود این سخت افزار شاهد عملکرد بسیار خوب و روان دستگاه و واکنش سریع آن به دستورات خواهید بود.,2,Positive
با گذاشتن دوربین بر روی این مود،  کافیست که برای گرفتن عکس آن را به سوی سوژه نشانه بروید و دکمه‌ی شاتر را بفشارید تا دوربین خود نوع صحنه،  شرایط نوری و دیگر موارد را بسنجد و تنظیمات را بر روی بهترین حالت قرار دهد تا با کیفیت‌ترین عکس بدست آید.,1,Positive
اميدوارم اين بلا سر هيچ کسي نياد.,-1,Negative
از قابلیت‌های جدیدی که HTC به دوربین One X اضافه کرده است این است که شما می‌توانید در حین فیلم‌برداری عکس‌برداری کرده و یا حتی از فیلم‌های گرفته شده عکس‌برداری کنید.,1,Positive
ولی این بزرگ‌تر بودن باعث نشده که در دست گیری آن سخت شود.,1,Positive
در نهایت،  همان‌طور که در توضیحات داک گفتیم،  دوربین 1.3 مگاپیکسلی موجود بر روی داک به کاربر در ایجاد مکالمات تصویری کمک می‌نماید.,1,Positive
و در اخر بگم تا تاريخ ثبت اين نظر هيچ تبلتي از مدياپد ارزش خريد بيشتري نداره.,1,Positive
"واقعاً محشره

",2,Positive
این طراحی دو ایراد را برای دوربین به وجود می‌آورد.,-1,Negative
ولي در شرايط نور فلاشر قابل قبول هست اما اگر در يک فضاي نوراني البته نور طبيعي اين دوربين رو امتحان کنيد واقعا شگفت‌زده خواهيد شد.,1,Positive
به نظر من يه پردازنده ي دو هسته اي با دوربين 12 و يک صفحه ي مناسب 4.55  اينچي خيلي خيلي با اين قيمتي که الان تو بازار داريم مناسبه !,1,Positive
طراحی و ساخت گوشی‌های کمپانی تایوانی HTC همیشه به کیفیت ساخت بالا معروف بوده‌اند و گوشی One X Plus نیز از این قاعده مستثنی نیست.,1,Positive
این پردازنده‌ها نه تنها فوق‌العاده قدرتمندتر از مدل‌های پیشین هستند،  بلکه مصرف انرژی کمتری نیز دارند.,2,Positive
اما وقتي خيلي زياد ازش کار بکشي يه کم داغ ميشه cpu مثل i7 نميشه اما خيلي کارش درسته سرعتش واقعا قابل قبوله.,2,Positive
همانند عکس‌های گرفته شده،  کیفیت فیلم‌برداری این تبلت نیز بسیار خوب و رضایت بخش است.,2,Positive
"من ديشب همين هاردو از بازار رضا گرفتم و کاملا"" توي پک و بسته بندي بود و بعد توي خانه باز کردم ديدم پشتش خش و خط کوچکي داره و توي کارت گارانتي سازگارا نوشته به هر دليلي روي ان خط و خش بي افته از گارانتي خارجه!",-1,Negative
بجز اين هيچ mp3 player اي نخرين چون اپل بهترينه.,2,Positive
از خوبی‌های گوشی‌های ساخت ال جی می‌توان به وجود ویجت‌های متنوع و کاربردی موجود در گوشی‌های ساخت این کمپانی اشاره نمود.,1,Positive
در مجموع ارزش پولي که بابتش ميديد رو داره.,1,Positive
راه حل  ديگه اي هم براي کساني که مصرف بالايي دارن موجوده : ميتوني يه کيت شارژ HTC با ظرفيت 5000 ميلي آمپر تهيه کني و زماني که دسترسي به AC نداري ازش استفاده کني.,1,Positive
نسل جدید iPod Touch تنها 88 گرم وزن دارد که این میزان،  13 گرم سبک‌تر از مدل سال گذشته است.,1,Positive
دوستان کار کردن با تب2 خيلي راحته نسبت به تب 6200 کمي راحت تره تو دست کار باش دلنشينه و نکته مهم تو تکنولوژي جديدشه سخت افزارش خيلي بهتر شده و نسبت به پي1000 ميشه گفت محشره نکته آزار دهندش هنگ کردنشه که به طور مداومه مثل تبه پلاس کمي گرما تو قسمت راستش زياده تو اينترنت و سرعتش واقعاً تکه بسيار سريع و بي نقص نسبت به دو مدل قبلي بدنه محکمي داره جالب اينه که نه تو پکش خبري از نرم افزار هست نه هند فري کيفيت صفحش خوبه و زاويه ديده بالايي داره کيفيتش با تب پلاس تقريبا يکيه شايد يکم رنگهاش زنده تر باشن از نظره برنامه کلا سامسونگ ضعيف کار کرده تو مدل اول پي 1000 بهتر بود در کل بايد بگم نسبت به قيمتش خدماته خوبي داده کلا کيفيت اين دستگاه بالاتره تا هر دو تب 7 اينچ قبل نداشتن فلش و دوربين ضعيف دلتونو نزنه چون يکم با تبلت کار کنيد ميبينيد دوربينه خيلي با کيفيت و داشتن فلاش واجب نيست و در کل نيازي بش احساس نميشه اين تب با انرويد 4 واقعاً با ارزشه همه برنامه ها باش به راحتي انجام ميشه نداشتن قدرت بيشتر مثل تب پي6200 پلاس نگرانتون نکنه چون اصلا هيچ تاثيره منفي تو کاراش نداره دوربين جلوييش هم تا دو مدل قبلي ضعيف تر شده ولي مطمعن باشيد هيچ کاري بي حکمت نيست و واقعا نيازي نداره که سامسونگ براش تعبيه نديده.,1,Positive
این کیفیت برای استفاده هایی که p1102 بدان منظور ساخته شده کاملا کافی می‌باشد.,2,Positive
بنابراین شما با پرداخت مبلغ خیلی کمی می توانید یک دوربین عکاسی و یک دوربین فیلم برداری را به صورت توامان داشته باشید.,1,Positive
( دوربين بسيار عالي در شرايط نور طبيعي ) کيفيت فيلم‌برداري هم در حد مطلوبي هست ولي احساس ميکنم Galaxy S III کمي بهتر جلوه ميکرد.,1,Positive
تصاویر گرفته شده با دوربین این گوشی از کیفیت بسیار بالایی برخوردارند، جزئیات بسیار دقیق بوده، نویز تصاویر کم بوده و رنگ‌های تولید شده بسیار طبیعی هستند.,2,Positive
تبلت بسيار خوبيه .,2,Positive
همین کافیست تا برای بسیاری این پلیر مورد توجه قرار بگیرد.,1,Positive
در عوض رزولوشن بالاي تصوير دقت تصاوير رو خيلي بالا برده و در آخر با پردازنده ي دو هسته اي اين اسمارت فون شما قادر به انجام هر گونه بازي و مرور در صفحات وب به آسوني  هستيد ,1,Positive
من که ازش خيلي راضيم و بازي هايhd را به راحتي اجرا ميکنه,1,Positive
باريک .,1,Positive
همچنین تغییر جهت نمایشگر به حالت عمودی و افقی در یک چشم به هم زدن انجام می‌گیرد.,1,Positive
5- سخت‌افزارش فوق‌العاده قدرتمنده، و اين فبلت رو به يکي از بهترين فبلت‌هاي در اين اندازه تبديل کرده.,2,Positive
خيلي راحت فوکوس خودکار عمل ميکنه.,2,Positive
و به نظر من بدترين ضعف گوشي شکاف hdmi و usb  گوشيه که اگه زياد مجبور به شارژ و استفاده از پورت هاش باشيد مطمئنا خسته تون مي کنه,-1,Negative
ولي يه ايراد بسيار بزرگ که باهاش مواجه شدم و کمي نا اميدم کرد اين بود که قلم خازني موقعي که ميخواين از کليد هاي زير Screen  استفاده کنيد و به عنوان مثال به عقب برگرديد ديگه کاري ازشون ساخته نيست و شما مجبوريد قلم رو کنار گذاشته و با استفاده از انگشت دستور العمل بازگشت به صفحه عقب و يا Home رو بدين.,-1,Negative
خريده خيلي خوبيه.,2,Positive
گرونتر هم باشه ارزش خريد داره.,1,Positive
کيفيت دوربينش نسبت به لپ تاپ هاي ديگه خيلي بهتره .,2,Positive
عدم وجود فيلتر هوا و کنترل مناسب براي ميکروفون .,-1,Negative
ولي ظاهر گوشي هاي سامسونگ خيلي شبيه هم شده و من ازشون خوشم نمياد.,-1,Negative
قابليت ها و افکتهاي زيادي براي عکس برداري داره که کاملا کاربردي و بعضا جالب هستند.,1,Positive
کيفيت تصوير براي اين کلاس خوب است و در محيط هاي کم نور دوربين خوب عمل مي کند.,1,Positive
همچنین تنوع مود بسیار خوبی برای انتخاب مود های مختلف عکاسی وجود دارد تا با آن‌ها بتوان عکس‌هایی با افکت‌های مختلف را ثبت نمود.,2,Positive
باید اذعان داشت که با توجه به قیمت این مدل،  سخت افزار بسیار خوبی در Asha 302 قرار داده شده است.,1,Positive
دوربينش 15 فريم بر ثانيه فيلم برداري ميکنه و بدنه ش ضد خش نيست و فلاش نداره.,-1,Negative
باتری با وجود تمام سخت افزارهای فوق‌العاده به کار رفته شده در Retina MacBook Pro،  انتظار می‌رفت که باتری آن نتواند شارژ دهی خیلی بالایی داشته باشد ولی در عمل خلاف این امر ثابت شد.,1,Positive
اول اینکه با قرار دادن گوشی بر روی سطوح مختلف،  احتمال خط افتادن بر روی شیشه روی لنز بسیار زیاد است.,-1,Negative
بنابراین از کیفیت عکس‌های FT3 بسیار راضی هستیم.,2,Positive
حتی می‌توانید مقصد را هم مشخص کنید و از برنامه بخواهید که مسیر را به شما نشان دهد!,1,Positive
"من حدود يک هفته است اين دوربين رو از ديجي کالا خريدم و ضمن رضايت کامل از سايت ديجي کالا و نحوه ي دريافت کالا،  راجب اين دوربين بگم که:

اول از همه سبکي و کوچکي دوربين يکم تو ذوقم زد،  چون حدود سه سال پيش يه دوربين canon sx200 IS براي خانواده ام خريده بودم و يه جورايي با اون مقايسه اش کردم.",-1,Negative
توانایی زوم آن کاملا معمولی است و حال واید 28 میلی متر هم نه خیلی خوب است و نه خیلی بد.,-1,Negative
فيلم برداريش حرف نداره ( ميشه باهاش موزيک ويديو ساخت ) اما متأسفانه دو هفته پيش گمش کردم .,2,Positive
پهنای این گوشی کاملاً در تضاد با اعتقاد اپل مبنی بر سایز 3.5 الی 4 اینچ استاندارد صفحه نمایش برای کار با یک دست است .,-1,Negative
متون بسیار دقیق و شارپ بوده و مرورگری اینترنت بسیار لذت بخش است.,2,Positive
از برتري هاي اصلي اين تبلت حساب ميشه.,1,Positive
بنابراین نوکیا 500 با وجود قیمت ارزانی که دارد، حتی از Nokia N8 معروف هم سریع‌تر است.,1,Positive
وزن این تبلت نیز،  بسیار کم است.,1,Positive
عملکرد در زوایای مختلف نیز بسیار خوب است و در زیر نور مستقیم آفتاب نیز کاملا رضایت بخش ارزیابی می‌گردد.,2,Positive
ولي وقتي که iPhone 5 رو خريدم اصلا نميتونم با گوشيهاي اندرويدي کار کنم واقعاً که حرف نداره .,2,Positive
من 2روزه خريدمش واقعا حرف نداره,1,Positive
نسخه 4.1 به لطف بهره گیری از پروژه کره،  افزایش سرعت چشم گیری نسبت به نسخه های قبلی اندروید داشته است.,2,Positive
محیط نرم افزاری به لطف پردازنده بسیار قدرتمند دو هسته ای و حافظه RAM بالا، بسیار روان است و می‌توانیم بگوییم که به جز حالتی که از تصویر پس زمینه متحرک استفاده کردیم،  تقریبا هیچ‌گونه کاهش سرعتی هنگام کار کردن با این تبلت مشاهده نکردیم.,2,Positive
اما ویژگی خاص دیگر این دوربین،  دارا بودن رادیو Wi-Fi داخلی است.,1,Positive
در تست های انجام شده این سیستم به خوبی می تواند تا 85 درصد لرزش دست شما را جبران کند و در سطح بهترین دوربین ها چون Panasonic X900M قرار گیرد.,2,Positive
تو گرافيک از ps3 کم نمياره و حتي در بعضي جاها بهتر عمل مي کنه (البته با توجه به تجربه ي شخصي خودم).,1,Positive
از اول هم اشتباه کردم ايسوس رو به سامسونگ ترجيح دادم.,-1,Negative
خلاصه دوربين جالبيه,1,Positive
به نظرم بهترين دو سيم کارته بازاره !,2,Positive
"من بين Nikon Coolpix L870 و اين گير افتادم اما دارم پولامو جمع و جور ميکنم که اين رو بخرم فکر ميکنم گزينه بهتريه 

",1,Positive
همچنین برای مکالمه تصویری،  یک دوربین 1.3 مگاپیکسلی در جلوی این گوشی قرار داده شده که جهت انجام مکالمات تصویری بسیار کاربردی و با کیفیت می‌باشد.,2,Positive
از خريدش واقعاً راضي ام!,2,Positive
بدون دردسر تو جيبم جا ميشه,1,Positive
اگر هم فکر ميکنين صبر کنين گوشي هاي Full HD بيان اشتباه ميکنيد!,-1,Negative
فوق العاده است .,2,Positive
گوشي فوق العاده ايه با توجه به قيمت جهاني.,2,Positive
مزیت این نوع پردازنده‌ها بیشتر در مصرف انرژی بسیار پایین‌تر و ارائه‌ی قابلیت‌های عالی در مالتی تسکینگ یا انجام چند وظیفه به صورت همزمان است.,2,Positive
به نظر من باز هم اپل گل کاشت.,1,Positive
کیفیت ساخت بالای همیشگی HTC،  آمیخته شده با سخت افزار فوق پیشرفته و نرم افزار بهبود یافته که نتیجه حاصله یک گوشی تقریبا بی نقص است.,2,Positive
البته جديدا آپديت 4.0.4 اين گوشي اومده که با آپديت کردن گوشي کاملا اين مشکل رفع ميشود .,1,Positive
ولي داغ کردن لب تاب خيلي عاديه و هيچ  مشکلي به وجود نمياره خيالتون راحت باشه  .,1,Positive
قيمتش هم به نسبت بقيه رقبا بالاتره.,-1,Negative
در قلب Galaxy S II پردازنده‌ی بسیار قدرتمند ARM Cortex A9 با سرعت 1.2 گیگاهرتز قرار گرفته که در نوع خود فوق‌العاده است.,2,Positive
البته مايکروسافت با بکارگيري پردازنده‌ي با فن‌آوري ۶۵ نانومتري براي کنسول XBOX 360  باعث کاهش گرماي توليدي اين پردازنده و افزايش کارايي آن شد.,1,Positive
"من هم تهيه اش کردم از سايت 

نسبت به قيمتش بدک نيست 

سي پي يو مقداري پايينه 

باتري هم 3.5 نگه مي داره ",-1,Negative
این صفحه نمایش تمامی جزئیات را با دقت فوق العاده بالایی نشان می دهد،  رنگ ها بسیار غنی و زنده و روشنایی و زاویه دید این صفحه نمایش بسیار عالی هستند.,2,Positive
بر خلاف مدل 10.1 اینچی پیشین که قابلیت پخش ویدئوهای Full HD 1080p را نداشت،  GALAXY Tab 2 10.1 به لطف پردازنده قوی‌تر می‌تواند این ویدئوها را به راحتی و بدون هیچ‌گونه کاهش سرعتی پخش کند.,1,Positive
بدین ترتیب به راحتی به کمک قلم آن که دارای یک میکروفون و بلندگو است،   به تماس خود پاسخ داده و در پایان به کارتان ادامه می‌دهید.,1,Positive
درسته که با اين قيمت ميتونيد يه LG 4X HD با پردازنده تگرا 3 بخريد ولي رابط کاربري LG به پاي SAMSUNG نخواهد رسيد و اين گوشي يقينا از 4X HD هوشمند‌تره ( با توجه به امکاناتي مثل : smart stay و تمام قابليت هاي  Galaxy SIII  به جز S Voice که وقتي به جيلي بين آپديت کنيد به Galaxy S II هم اضافه ميشه),1,Positive
من لب تاب رو خريدم و بسيار راضيم.,2,Positive
نرم افزار سیستم عامل به کار رفته بر روی این تبلت نسخه 4.0 از سیستم عامل قدرتمند اندروید می‌باشد.,1,Positive
• کارت شبکه بي سيم ـ وجود کارت شبکه بي‌سيم با قابليت پشتيباني از انواع فرمت‌هاي انتقال داده در شبکه،  امکان ارتباط کنسول XBOX 360 را با انواع شبکه‌هاي بي‌سيم مهيا مي ‌کند.,1,Positive
و از نظر دوربين و فيلمبرداري هيچ تغييري نسبت به مدل قبلي نداشته است.,-1,Negative
بدليل وجود کارت گرافيک عالي تصاوير را به خوبي پردازش ميکند .,2,Positive
اما شارژ دهی این تبلت نیز بسیار خوب است.,2,Positive
اگر شما مراحل ساخت اين گوشي رو ببينيد از کيفيت ساخت فوق العاده بالاي ان حيرت زده ميشويد.,2,Positive
من اين گوشي رو خريدم و ازشم نسبت به پولي که دادم خيلي راضي هستم.,2,Positive
با این دوربین امکان عکاسی در حالت‌های مختلف و عکاسی در شرایط نوری ضعیف را خواهید داشت.,1,Positive
محیط سیستم عامل کاملا روان است و کاربران کوچک‌ترین کاهش سرعتی هنگام کار کردن و سوئیچ کردن بین برنامه های مختلف مشاهده نخواهند کرد.,1,Positive
از ديگر محاسنشم ميشه گفت داشتن گيرنده ديجيتاله داخليه که خيالتون راحت ميشه از بابت خريدن گيرنده ديجيتال.,1,Positive
همش خيلي عاليه,2,Positive
قدرت پردازندش عاليه .,2,Positive
به لطف سخت افزار مناسب و قابلیت‌های ارتباطی مختلف این گوشی مانند Wi-Fi،  GPRS،  HSDPA و..,1,Positive
از سنسور تصویر که شروع کنیم،  باید گفت که تقریبا بهترین و با کیفیت ترین سنسور تصویری که بر روی دوربین‌های کامپکت استفاده شده بر روی این دوربین دیده می‌شود.,2,Positive
ولي در کل نسبت به قيمتش يک تبلت فوق العاده اي هست،  که تو 2012 از سامسونگ معرفي شده.,2,Positive
منم خيلي خيلي ازش راضي هستم و واقعا پولي که براي خريدش ميديم ارزش داره,2,Positive
اما بعد از اینکه مدتی با آن کار می‌کنید،  می‌بینید که آن طور هم که قبلا به نظر می‌آمد نیست و حس خوبی با آن خواهید داشت.,1,Positive
به دلیل فضای زیادی که وجود داشته، در سمت راست صفحه کلید نیز یک صفحه کلید عددی خیلی خوب قرار گرفته تا کار وارد کردن اعداد خیلی آسان‌تر صورت گیرد.,2,Positive
اگرچه به اندازه ي دوربين هاي Canon و Panasonic سريع نيست ولي دقت بيشتري دارد.,1,Positive
تا حالا مشکلي نداشته و خيلي خوب کار کرده.,2,Positive
به خصوص به بکارگیری تکنولوژی دو هسته ای،  سرعت در عملکردهای چند وظیفه‌ای را به‌شدت ارتقاء بخشیده.,1,Positive
و البته يه عيب کوچولو هم داره که اونم کاهش جزئي فريم هنگام باز کردن بازي هايي مثل most wantedو.,-1,Negative
و اگه داشته باشين به نسبت به قيمتش عاليه.,2,Positive
اکسپريا ري امکاناتش با گوشي هاي که دو برابرش قيمت دارند برابري ميکنه و  قابل مقايسه و رقابت هست و به راحتي ميتونه در حد بالا قرار بگيره يک گوشي خوش دست که به راحتي تو جيب جا مي شه صفحه نمايش براويا سوني کيفت hd نرم افزار اندرويد 4 دوربين 8 فيلمبرداري hd  سرعت بالا و گرافيک عالي باطريش بين اندرويدها جز باطري هاي عالي هستش هر روز که ميگذره بيشتر ازش خوشم مياد.,2,Positive
ولي کنترل فوکوس دستي با آن کمي سخت است.,-1,Negative
و برنامه و بازي خوري مناسب .,1,Positive
به طور کلی زمان پاسخ دهی صفحه نمایش این گوشی مناسب است و زوایای دید بسیار خوبی نیز دارد.,2,Positive
در کل،  از نظر طراحی و کیفیت ساخت این تبلت می‌توان گفت که بسیار مناسب و رضایت بخش بود و ما را راضی نمود.,2,Positive
اما کاربرد دیگر آن می‌تواند در نمایش تصاویر جذاب و جلب توجه کننده برای کودکان باشد تا به بهانه‌ی آن تصویر به دوربین نگاه کنند و بتوانید عکسی تمام رخ از کودک بگیرید.,1,Positive
"البته cd  راهنما زبان انگليسي هم داره

کيفيت عکس ها و فيلمها در تمامي شرايط نوري بسيار عالي و قابل قبوله

لرزشگير دوربين عملکرد بسيار خوبي داره و بخصوص در هنگام فيلم برداري کاملا محسوس و رضايت بخشه

در کل اين دوربين با توجه به قيمت و مدل هاي مشابه بهترين انتخاب ميتونه باشه

",2,Positive
در مجموع این دستگاه برای مصارف خانگی و تا حدودی اداری بسیار مناسب است و می‌تواند تمامی نیازهای شما را به دستگاه های پرینتر،  کپی،  اسکن و فکس برطرف سازد.,1,Positive
2.صفحه نمايش رتينا LED-backlit :واقعا شگفت انگيز است.,2,Positive
این پردازنده های به لطف بهره گیری از تکنولوژی Hyper-Threading قابلیت ایجاد دو هسته ای مجازی دیگر را داشته و می‌توانند به صورت چهار هسته ای کار کنند.,1,Positive
اما صفحه‌کلید لمسی یا همان صفحه کلید مجازی روی نمایشگر Galaxy S II فوق‌العاده است.,2,Positive
واقعا از اين گوشي راضي هستم و هر کسي در خريدش شک داره اصلا شک نکنه بره بخره,1,Positive
نوکیا 500 هم در عین سادگی گوشی بسیار پر امکاناتی می‌باشد به طوری که نمایشگر 3.2 اینچی لمسی خازنی آن رزولوشن خیلی خوب 360 × 640 پیکسل را ارایه می‌دهد و کیفیت 16 میلیون رنگ را دارد.,2,Positive
همانطور که گفتیم دوربین NEX-VG10 مجهز به سنسور 23.4 x 15.6 میلی متری 14.2 مگاپیکسلی موثر Exmor APS HD CMOS می باشد که با کیفیت‌ترین سنسور تصویر سونی است.,2,Positive
حتي شرکت بزرگ مايکروسافت هم در صفحه آغازين سايت ويندوز فون خود اين سايت رو با تصاويري از سري لومياي نوکيا زيباتر کرده و قابل توجه کساني که اعلام مي کنند براي اين سيستم عامل نرم افزار نيست بايد گفت که فقط 126000 نرم افزار در سايت ويندوزفون وجود داره و اين گوشي هم از هر لحاظ کامل و بدون نقصه چرا که سيستم عامل ويندوز فون بر عکس اندرويد و آي اٌ اِس نيازي به رم خيلي بالا نداره و کاملاً روان و راحت کار مي کنه.,1,Positive
به روز رسانی: باتری لیتیوم یونی قابل شارژ این دوربین در هر بار شارژ کامل توانایی شارژدهی برای 400 تا 490 عکس را دارد که مقدار نسبتاً خوبی است.,1,Positive
حتی در فیلم برداری 1080p Full HD نیز فیلم‌برداری روان و بدون هرگونه مشکل انجام می‌شود.,1,Positive
کار با این پویشگرها بسیار ساده است.,2,Positive
بازخورد کلیدها بسیار خوب بوده و تایپ کردن با آن بسیار لذت بخش است.,2,Positive
"من اين نوت بوک رو خريدم از ديجي کالا 

واقعا نوت بوک عالي اي هست از هر نظر که فکرشو بکنيد!",2,Positive
• سخت افزار از نظر سخت افزاری این تبلت بی نقص به نظر می‌رسد.,1,Positive
قابليت جيوتگ براي ويديو .,1,Positive
بنابراین اگر به دنبال یک نوت‌بوک مالتی مدیا 14 اینچی خیلی خوب هستید،  N43SM گزینه‌ی خیلی خوبی است.,2,Positive
يکي از زيباترين و حرفه‌اي ترين  و از همه مهمتر خوشگلترين دوربينهايي است که تابحال ديدم.,2,Positive
اين دوربين رو 8 ماهه که دارم و ازش خيلي راضيم .,2,Positive
اين محصول کيفيت خوبي در ساخت دارد ولي ظاهري تکراري و ارزش خريد ندارد.,-1,Negative
در حقیقت کمتر لپ‌تاپی در این بازه قیمتی وجود دارد که چنین کیفیتی را ارائه می‌دهد.,1,Positive
• جمع بندی لنوو سعی کرده است با معرفی سری G580،  نوت‌بوک هایی مالتی مدیا با قیمت مناسب را به بازار عرضه کند.,1,Positive
حذف این لایه نه تنها باعث افزایش چشمگیر کیفیت تصویر می‌شود،  بلکه از براق بودن آن نیز می‌کاهد و این امر به شما کمک می‌کند که راحت‌تر بتوانید با لپ‌تاپ خود در محیط‌های خارجی و یا در زیر تابش نور آفتاب کار کنید.,1,Positive
در ضمن به نظر من بهترين مدل اين کنسول هم Elite هستش چون با داشتن يک هارد قوي مي تونيد بازي ها رو ،  روي اون نصب کنيد تا در حين بازي هم سرعت لود بالا بره و هم دستگاه اذيت نشه همچنين اين دستگاه لوازم جانبي بسيار خوبي هم داره که احتياجات کاربران را حل ميکنه .,2,Positive
به هر حال اگر به بدنه iPhone 4S که تقریبا ضد خش بود عادت کرده باشید،  ممکن است مدل جدید کمپانی اپل برایتان چندان رضایت بخش نباشد.,-1,Negative
با سلام، من حدود 3ماهه اين دوربينو خريدم و در اين مدت به نقاط قوتي همچون لنز فوق‌العاده کارل زايس، زوم بالا، نويز کم حتي در ايزو3200، صفحه نمايش با کيفيت و از همه مهمتر فيلم‌برداري فوق‌العاده اون پي بردم و خريدش رو به همه ي عکاسان حرفه اي و آماتور پيشنهاد ميکنم.,2,Positive
با توجه به پنل IPS موجود،  عملکرد صفحه نمایش در زوایای مختلف بسیار مناسب است.,2,Positive
""" و هنگامی که با این لپ‌تاپ کار می‌کنید،  به راحتی این موضوع را متوجه خواهید شد.",1,Positive
بهترين پشتيباني در تبلت هاي آندرويدي2.,2,Positive
خوشگل‌ترين فبلت جهان .,2,Positive
موفق باشين,1,Positive
"صفحه نمايشش بي نظيره  همين طور گرافيکش اگه پولش را دارين  حتما بگيرينش

تا 5سال تو دنيا به نظر من بهترينه",2,Positive
خيلي عالي من که خوشم اومد هميشه کار سامسونگ عالي,2,Positive
• گوشي ـ وجود گوشي به کاربر امکان مي‌دهد هنگامي که با مشخصه‌ي XBOX Live با ديگر دوستان خود در حال بازي است،  بتواند به طور همزمان با آن‌ها صحبت کند.,1,Positive
سلام من اين گوشي رو دارم اما هر جا ميبرمش فارسي نميشه نميدونم مشکل چيه اما دوربينش حرف نداره ,1,Positive
این را وقتی تا کیفیت 1080p/60p Full HD همراه می کنیم واقعا نتیجه کم نظیر می شود.,1,Positive
ظاهرا امکانات جديد و ويژه ايي هم داره که فعلا امتحانش نکردم.,1,Positive
البته مدل Benq و Samsung از نظر اجراي ديسک‌هاي کپي کيفيت بهتري دارند و درايو LG هنگام خواندن ديسک‌ها صداي بيشتري دارد،  در صورتي که آن دو ديسک ها را تا اندازه‌اي نرمتر و آرامتر مي‌خوانند.,1,Positive
تلویزیونی را کشف کنید که در آن طراحی حیرت‌انگیز و امکانات برتر مشاهده با هم ادغام شده‌اند.,2,Positive
قاب پشتی مقداری بافت دارد که با وجود عمق کم بافت‌ها،  تاثیر خوبی بر امنیت گوشی در دست می‌گذارد و تا حدود زیادی مانع لیز خوردن گوشی می‌شود.,1,Positive
از ظرفیت هارد دیسکی 4GB گرفته تا ظرفیت بسیار مناسب 320GB.,1,Positive
در کل گوشي که نسبت به قيمتش می ارزه,1,Positive
به نظر من هيچ فرقي با نوت2 نداره.,-1,Negative
اگه مرددين که چي بخرين که بعدا پشميون نشين اين خيلي بعيده که پشميون بشين از خريدنش حتما از استفاده ازش لذت ميبرين هميشه بهترينو بگيرين تفاوت قيمتش با مارکاي معروف ديگه خيلي کمه قول ميدم پشيمون نميشيد از خريدنش.,1,Positive
اما ویژگی مشترک بین همه‌ی کانفیگ‌ها‌ی این نوت‌بوک، بهره‌گیری از کارت گرافیکی مستقل با ظرفیت حافظه‌ی 2 گیگابایت است.,1,Positive
ولي پس از تجربه استفاده کاملا از حالت اتوماتش راضيم.,2,Positive
ویژگی بسیار عالی دیگر این دوربین،  لنز 25-125 میلی متر آن می‌باشد.,2,Positive
اما در آيفون جديد از نو آوري خبري نبود.,-1,Negative
تنها چيزي که مي تونم بگم اينکه اين کنسول فوق العاده است .,2,Positive
فقط و فقط قاب گوشي کيفيت ساختش کمه از کنار دوربين هميشه يه ترک جزئي بر ميداره!,-1,Negative
• طراحی،  ساخت و صفحه‌ی نمایش طراحی گوشی پدفون در یک کلمه زیباست.,1,Positive
از نگاه نخست، معلوم است که N43SM نوت‌بوکی زیباست که ایسوز به طراحی آن اهمیت زیادی داده است.,1,Positive
• سخت افزار از نظر سخت افزاری این دستگاه استثنایی است.,1,Positive
بدنه ي دوربين محکم است .,1,Positive
برای نمونه پردازنده این تبلت نسبت به مدل سال گذشته بسیار قوی‌تر شده و هم اکنون می‌تواند ویدئوهای Full HD 1080p را به راحتی اجرا نماید.,2,Positive
ولي از لحاظ کيفيت عکس مثل هم هستند و شکل ظاهري دوربين سوني خيلي زيباتر از اين دوربين کنونه و اين که اين دوربين به سيستم GPS مجهزه که ميتونه موقعيت مکاني عکس ها رو هم حين عکس برداري ثبت کنه.,2,Positive
ابعاد آن 415 x 265 x 250 میلی متر می‌باشد و وزن آن نیز به حدود 7 کیلوگرم می‌رسد که وزنی نسبتا کم محسوب می‌گردد.,1,Positive
تا الان بيش از 5000 هزار عکس باهاش گرفتم واقعا خيلي ازش راضيم و خيلي دوستش دارم اگه قرار باشه عوضش کنم با a77 عوضش مي کنم با تشکر از ديجي کالا که تو انتخاب خيلي کمک ميکنه ,2,Positive
بازي آنلاين عالي با XboxLive .,2,Positive
در کل دوربین این گوشی بیشتر جهت استفاده برای ارسال پیامک چند رسانه ای(MMS) مناسب می‌باشد و عکس‌های ثبت شده توسط آن قابلت آرشیو شدن را برای شما نخواهند داشت.,-1,Negative
همچنین تنها با یک دکمه  که در کنار آیپاد شافل طراحی شده به راحتی می توانید پخش موسیقی را به حالت تصادفی (Shuffle)،  تکرار(Repeat) ،  و حالت پخش عادی تغییر دهید.,1,Positive
به نظر من ايفون5 يک شاهکار از سوي شرکت اپل بود دوربين 8مگاپيکسلي ios6 صفحه ي 4 اينچي نسل پيشرفته LTE من به شخصه معتقدم سامسونگ هيچ وقت رقيب اپل نميشه,1,Positive
همچنین بهره گیری از نسخه 4.0  فناوری بلوتوث به اشتراک گذاری فایل بین دستگاه های مختلف را با سرعت بالا ممکن می‌سازد.,1,Positive
گوشي خوبيه,1,Positive
• صفحه کلید و تاچ پد صفحه کلید 4540s از نوع Chiclet یا جزیره‌ای می‌باشد که هر کلید به صورت مجزا بر روی شاسی قرار گرفته تا کار تایپ کردن با آن آسان‌تر شود.,1,Positive
آيفون در زمان معرفي خودش يک نوآوري بود هم از لحاظ ارگونومي و هم از لحاظ سيستم عامل متفاوتش.,1,Positive
سیستم خنک کنندگی G580 یکی از نقاط قوت اصلی آن است.,1,Positive
همچنین به کمک فناوری‌های بلوتوث،  NFC و درگاه USB نیز می‌توان به راحتی با دیگر دستگاه‌ها تبادل اطلاعات نمود.,1,Positive
من الان ۱ ساله که دارمش و واقعاً مشکلي‌ ازش نديدم.,1,Positive
مرورگری اینترنت نیز در این گوشی با سرعت بالا انجام خواهد پذیرفت.,1,Positive
در ضمن این دوربین یک فلاش Pgr-up بسیار قدرتمند نیز دارد که برد موثر آن به 12.4 متر می‌رسد.,2,Positive
در هنگام اسکرول و کار کردن با گوشی،  واقعا گویی در بین منوها،  صفحات خانگی و برنامه‌ها پرواز می‌کنید!,1,Positive
من هدفون Beats دارم که وقتي به اين ipod وصل کردم فقط ميتونم بگم عالي !,2,Positive
تبلته فوق العاده خوبيه از همه لحاظ منو ساپورت کرده ولي حيف که تبديل usb نداره.,1,Positive
داراي کرنل قدرتمند  Doom lord که امکانات بسيار زيادي به گوشي اضافه ميکنه وخيلي چيزهاي ديگه.,1,Positive
هر کي نخره ضرر کرده بازي هاي hd رو بدون کوچکترين مشکلي اجرا ميکنه.,1,Positive
سخت افزار گوشی True HD یکی از برترین سخت افزار های در بین گوشی‌های 2 هسته ای به شمار می‌رود.,2,Positive
• سخت افزار داخلی و باتری همان‌طور که گفتیم این لپ‌تاپ‌‌ها در کانفیگ‌های بسیار متنوعی ساخته شده‌اند.,1,Positive
در مورد اين گوشي بايد بگم که حرف نداره .,1,Positive
""" ( برخلاف آيپاد 4،  اين مدل پشتش کاملا ضد خشه و اين يعني برطرف کردن يکي از مهم ترين ايرادات !",1,Positive
اما در نهایت با همه این اوصاف باید بگوییم که صفحه نمایش این تبلت برای کارایی‌های آن مناسب و کافیست.,1,Positive
کیفیت تصاویر تولید شده شفاف و رنگ‌ها نیز کاملا طبیعی و زنده هستند.,2,Positive
بطور قطع هر روز نياز به شارژ مجدد داريد حتي اگر از گوشي استفاده زيادي نکنين متاسفانه اگه بخواين از اينترنت ( ديتا يا واي فاي ) استفاده کنين روزي 3 دفعه بايد گوشي شارژر کامل بشه .,-1,Negative
از اين يکه تازي مدتيست که خبري نيست.,-1,Negative
این اسپیکرها به راحتی می‌توانند صدایی با کیفیت تر و بلندتر از متوسط نوت‌بوک‌ها‌ی همرده تولید کنند.,2,Positive
نسبت به پولي که دارين ميدين يه چيز رويايي ميده .,1,Positive
پردازشگر گرافیکی این تبلت نیز ULP GeForce است که به همراه بقیه مشخصات فوق،  سخت افزار قدرتمندی را برای این تبلت تشکیل خواهند داد.,1,Positive
به نظر من ايکس باکس با کينکت يعني ورزش کامل,1,Positive
و در نهایت در قسمت پشتی گوشی نیز دوربین 8 مگاپیکسلی به همراه فلاش LED و یک لوگوی اپل قرار گرفته‌اند که با توجه به آلومینیومی شدن قسمت پشتی گوشی،  بر زیبایی آن به طور محسوسی افزوده است.,1,Positive
یکی دیگر از آن‌ها Tilt Zoom به معنی کج کردن برای بزرگنمایی است که در مرورگر اینترنت و گالری عکس کاربرد دارد.,1,Positive
ميشه گفت ديگه هيچ نقصي براي اين گوشي وجود نداره.,1,Positive
من از کار کردن باهاش بسيار لذت بردم و اميدوارم شما هم لذت ببريد !,2,Positive
در کل با توجه به سنسور 16 مگاپيکسلي و صفحه نمايش 3 اينچي لمسي و لرزشگير اپتيکال و فيلمبرداري HD در رده ي دوربين هاي ارزان قيمت گزينه ايده آليست و با توجه به ابعاد کوچکش ميتونيد هميشه يه همراه خوب و با ارزش براي ثبت زيباترين لحظات زندگيتون داشته باشيد.,1,Positive
با استفاده از PictBridge می‌توانید دوربین را به رایانه متصل کنید و با سرعت بسیار زیادی به انتقال عکس‌ها و فیلم هایی که گرفته اید بپردازید.,2,Positive
این گوشی از دوربین 5 مگاپیکسلی در قسمت پشتی بهره می‌برد.,1,Positive
اگر از آن خسته شديد ميتوانيد عوضش کنيد و يک گوشي با قطعات بهتر بخريد.,1,Positive
"اين لپ تاپ حرف نداره

",2,Positive
اگر پرفرمنس قطعه براتون اهميت داره آينده نگري ميکنين سيگت انتخاب بهتر و بروز تريه!,1,Positive
این دوربین ابعاد 95X57X18 میلی متر را ارائه می‌دهد که علاوه بر فوق‌العاده کوچک بودن،  با قطر تنها 18 میلی متر یکی از باریک‌ترین دوربین‌های ساخته شده تا به این تاریخ نیز هست.,1,Positive
در مورد پخش فيلم نيز خوب عمل مي کنه.,1,Positive
در قسمت پشت دوربین هم جایی برای قرار گرفتن انگشت شست قرار دارد و چینش دکمه‌ها و کنترل‌ها نیز عالیست.,2,Positive
"کیفیت و بزرگی نمایشگر خیلی خوب است و خیلی بهتر از نمایشگر های 230,000 پیکسلی می‌باشد.",2,Positive
اين  دوربين تقريباً تکميل شده ي سري A مي باشد که مي توان بهترين مزيت آنرا استفاده همزمان از صفحه ي لمسي و صفحه کليد دانست.,1,Positive
در ضمن فلش ال اي دي آيون تو تاريکي ميتونم بگم اصلا کاربردي نداره!,-1,Negative
اما برگ برنده ی بزرگ P7700 لنز آن است.,2,Positive
سلام به کاربران و طرفداران آندرويد اول از همه بايد يک نکته کلي رو اشاره کنم که قياس تبلتهاي آندرويدي با آيپد اپل ، قياسي بيهوده است.,-1,Negative
حتي از زيبايي هم حرف نداره.,2,Positive
HP ادعا می‌کند که این پرینتر توانایی چاپ 18 صفحه در دقیقه را دارد که برای پرینتر لیزری تک رنگ در این رده خیلی خوب است هرچند که به پای سرعت 30 صفحه در دقیقه P2035 نمی رسد.,-1,Negative
حالا می توانید در حالی که راحت در منزل خود نشسته اید از پخش محتواهای گوناگون در تلویزیون خود لذت ببرید.,1,Positive
حتی چاپ عکس نیز با این پرینتر با کیفیت خوبی صورت می‌گیرد.,1,Positive
متاسفانه از نظر اپل انتقال و رد و بدل کردن اطلاعات و همچنين نصب برنامه با قيمت پايين همواره ممنوع است.,-1,Negative
باریکی این تبلت در حالیست که فوجیتسو موفق شده برای این دستگاه استاندارد نظامی STD-810G را نیز کسب نماید.,1,Positive
فلاش در محیط‌های داخلی عملکرد خوبی دارد و می‌تواند روشنایی کافی را بدون ایجاد اثر سرخی چشم ایجاد نماید.,1,Positive
صفحه نمایش 4 اینچی با کیفیت فوق‌العاده در کنار پردازنده قدرتمند به شما این امکان را می‌دهد تا از بهترین تجربه کاری با تمامی برنامه‌ها و بازی‌های سیستم عامل iOS بهره‌مند شوید.,2,Positive
"در اجراي انواع بازي عملکرد رضايت‌بخشي داره نکته اينجاست که مثه آرک اس داغ نمي کنه و اما به نظر من يکي از مهم ترين خصوصيات يک اسمارت فون مصرف باتري اون هست که در مدت 6 ساعتي که باهاش بازي کردم فيلم با نور و صداي بلند گوش کردم با واي فاي از بازار دانلود کردم تا باتري اوليش خالي بشه کلا رضايت‌بخش مي شه اگه بهتون بگم که وقتي واسه اولين بار روشن کردم گوشي رو 46% بود باتري اين يعني عملکرد باتري اميد‌بخشي در آينده مي شه ازش انتظار داشت 

خوش‌دسته ولي از فيلم برداري اين گوشي نميشه انتظار زيادي داشت

با اين قيمت فقط ميشه گفت کامل",1,Positive
سلام من يک هفته هست که اين لپ تاب رو خريدم همه چيزش عاليه و بهترين نکته آن صفحه نمايش ضد انعکاس نور هست که واقعا عاليه,2,Positive
به علاوه،  این ویدئو پلیر تقریبا از تمام فرمت‌های ویدئویی موجود پشتیبانی می‌کند.,1,Positive
به نظر من که گوشي خوب و تقريباً عالي هستش.,2,Positive
تا به حال چنین رزولوشن بالایی را بر روی هیچ دوربین کامپکتی ندیده بودیم.,1,Positive
ايني که کارت حافظه بهش اضافه نميشه، بنظر بعضي ها يه نکته منفيه که موقع خريد بايد بهش توجه کنيد.,-1,Negative
باتری لیتیومی این دوربین در یک بار شارژ کامل می‌تواند برای گرفتن تا 450 عکس را پشتیبانی کند و این در حالیست که باتری HX100v تنها توانایی گرفتن تا 300 عکس را داشت.,1,Positive
تقريبا همه موبايل هاي هوشمند از HotSpot پشتيباني مي کنن پس جاي هيچ نگراني نيست.,1,Positive
اما عکسهايي که ميگيره اصلا اون کيفيتي که بايد داشته باشه رو نداره.,-2,Negative
این امکان باعث می شود که این دوربین ها کاملا مناسب کاربران مبتدی قرار گیرند.,2,Positive
اما از سرعت چاپ خوبي برخوردار است و تيراژ خوبي را چاپ مي نمايد.,1,Positive
در ضمن،  قاب پشتی گوشی به راحتی توسط کاربر قابل باز شدن است و قابل تعویض نیز می‌باشد.,1,Positive
از نظر پورت ها و اتصالات،  این دوربین کاملاً غنی است.,2,Positive
راجع به سخت افزارش بگم گرافيکش عاليه حتي واسه کاراي سنگين.,2,Positive
یکی از راه های به همراه داشتن این دوربین،  بستن آن به قسمت سر،  به وسیله ی سربندی است که درست شبیه به سر بند هدلایت ولی کاملا با کیفیت و قدرتمندتر می باشد.,1,Positive
البته يه مشکل کوچک داره اونم وقتي به شارژ وصله يه کم احساس شوک ايجاد ميکنه.,-1,Negative
نسبت به قيمت و کارايي بسيار عاليه من پسر عموم خريده خيلي راضيه ازش.,2,Positive
حالت Burst shot به شما کمک می‌کند که تنها در چند ثانیه،  20 عکس با سرعت بسیار بالا به صورت پیاپی گرفته و سپس از میان این 20 عکس، بهترین تصویر را انتخاب کنید.,2,Positive
سايت اکسپرت ريويوز به اين گوشي ۵ ستاره داده و اون رو بهترين گوشي با توجه به قيمت معرفي کرده.,1,Positive
با قابلیت پشتیبانی این گوشی از 3G،  GPRS،  Edge و Wi-Fi،  دسترسی به اینترنت از روش‌های گوناگون امکان‌پذیر خواهد بود.,1,Positive
قیمت این کارتریج‌ها به نسبت زیاد است و این مورد شاید کمی ناراحت کننده باشد.,-1,Negative
به هر صورت همانطور که گفتیم،  دوربین ورزشی GoPro HD Hero یک وسیله ی ایده آل برای ثبت لحظات پر هیجان و خاطره انگیز ورزشکاران است.,2,Positive
دقت صفحه نمایش با توجه به مدل مربوطه متفاوت است ولی همه مدل‌ها از رزولوشن استاندارد و بالایی استفاده می‌کنند.,1,Positive
بنابراین علاوه بر ویژگی بسیار واید بودن،  به ویژگی بسیار سریع بودن هم مجهز می‌باشد.,2,Positive
"با سلام

به غير از اندرويد جديدش و رم دو گيگي چيز قابل توجهي نداره مدل 7.7 اينچي که مال دوسال پيشه از اين خيلي سرتره سامسونگ داره پس رفت ميکنه",-1,Negative
اما در مورد اکثر برنامه های دیگر و همچنین بازی‌ها،  سوئیچ پویا صورت نمی‌پذیرد بلکه باید بعد از قرار دادن گوشی بر روی تبلت،  مجددا آن برنامه را اجرا نمایید.,-1,Negative
مواردي مانند اينکه درايو LG / Hitachi ديسک‌هاي کپي را اجرا نمي‌کند يا مشکل دارند کاملا غلط بوده و فقط افرادي به منظور سودجويي اين مطالب را مطرح مي‌سازند.,-1,Negative
زيباترين و خوش‌دست ترين و چابک‌ترين و جذاب ترين و ..,2,Positive
